Store Name,Product Name,UPI,Product Category,Product Main Image URL,Primary Licensor
Hannah's Closet - The Official Boutique for Delta Gamma,True Royal Marble Heart Delta Gam Crew,UPI26061877071,Shirts > Short sleeve t-shirts,https://cdn.shopify.com/s/files/1/0016/2745/5563/files/1.2_8227f50d-b3b1-4607-8c07-5f2e273ac870.jpg?v=1735852686,DELTA GAMMA
Hannah's Closet - The Official Boutique for Delta Gamma,Blue kyanite pendant with Do Good charm. Goldtone paperclip chain.B ,UPI26061817141,Jewelry > Necklaces,https://cdn.shopify.com/s/files/1/0016/2745/5563/files/1.jpg?v=1735852516,DELTA GAMMA
Hannah's Closet - The Official Boutique for Delta Gamma,"Cherry agate bracelet, silver tone anchor",UPI2606188418,Jewelry > Bracelets,https://cdn.shopify.com/s/files/1/0016/2745/5563/files/12.jpg?v=1735852512,DELTA GAMMA
Hannah's Closet - The Official Boutique for Delta Gamma,"Mustard green agate bracelet, crystal anchorB ",UPI26061892342,Jewelry > Bracelets,https://cdn.shopify.com/s/files/1/0016/2745/5563/files/13.jpg?v=1735852511,DELTA GAMMA
Hannah's Closet - The Official Boutique for Delta Gamma,White Delta Gamma Est Cup,UPI26061817941,Drinkware > Stadium cups,https://cdn.shopify.com/s/files/1/0016/2745/5563/files/15-22-1.jpg?v=1735852526,DELTA GAMMA
Hannah's Closet - The Official Boutique for Delta Gamma,6 Sticker Sheet,UPI2606184178,Promotional > Stickers,https://cdn.shopify.com/s/files/1/0016/2745/5563/files/17804.jpg?v=1735852524,DELTA GAMMA
Hannah's Closet - The Official Boutique for Delta Gamma,"Rust agate heart, Do Good charm, stainless steel paperclip chain.",UPI26061826901,Jewelry > Necklaces,https://cdn.shopify.com/s/files/1/0016/2745/5563/files/2.jpg?v=1735852515,DELTA GAMMA
Hannah's Closet - The Official Boutique for Delta Gamma,Lewis Pennant Tee,UPI26061895541,Shirts > Short sleeve t-shirts,https://cdn.shopify.com/s/files/1/0016/2745/5563/files/2514133-1717-WASHEDDENIM-BACK.jpg?v=1749056693,DELTA GAMMA
Hannah's Closet - The Official Boutique for Delta Gamma,"quartz, mustard jade and brass Hope pendant, black suede",UPI26061836502,Jewelry > Necklaces,https://cdn.shopify.com/s/files/1/0016/2745/5563/files/4.jpg?v=1735852514,DELTA GAMMA
Hannah's Closet - The Official Boutique for Delta Gamma,"Grey pearl, tiger eye, caramel suede, Do Good charm",UPI2606182498,Jewelry > Necklaces,https://cdn.shopify.com/s/files/1/0016/2745/5563/files/9.jpg?v=1735852512,DELTA GAMMA
Hannah's Closet - The Official Boutique for Delta Gamma,Convention 2026 Crewneck Sweatshirt,UPI26061888661,Sweatshirts > Crewneck sweatshirts,https://cdn.shopify.com/s/files/1/0016/2745/5563/files/COWGIRLS2601908-1.jpg?v=1770058020,DELTA GAMMA
Hannah's Closet - The Official Boutique for Delta Gamma,Convention 2026 Short Sleeve Tee,UPI26061801141,Shirts > Short sleeve t-shirts,https://cdn.shopify.com/s/files/1/0016/2745/5563/files/COWGIRLS2601908-2.jpg?v=1770057799,DELTA GAMMA
Hannah's Closet - The Official Boutique for Delta Gamma,Clear tote bag,UPI26061832341,Bags > Tote bags,https://cdn.shopify.com/s/files/1/0016/2745/5563/files/DGBAG.jpg?v=1770836273,DELTA GAMMA
Hannah's Closet - The Official Boutique for Delta Gamma,Beach Towel,UPI2606181234,Towels > Beach towels,https://cdn.shopify.com/s/files/1/0016/2745/5563/files/DGBEACHTOWEL2.jpg?v=1771346152,DELTA GAMMA
Hannah's Closet - The Official Boutique for Delta Gamma,Flip-Flops,UPI26061843861,Footwear > Flip flops,https://cdn.shopify.com/s/files/1/0016/2745/5563/files/DGFF1.jpg?v=1770836213,DELTA GAMMA
Hannah's Closet - The Official Boutique for Delta Gamma,Navy with Pink Shadow Script Crew,UPI2606184738,Sweatshirts > Crewneck sweatshirts,https://cdn.shopify.com/s/files/1/0016/2745/5563/files/download_1.jpg?v=1748972382,DELTA GAMMA
Hannah's Closet - The Official Boutique for Delta Gamma,Tie Dye EST.1873 Script Crew,UPI2606183058,Shirts > Short sleeve t-shirts,https://cdn.shopify.com/s/files/1/0016/2745/5563/files/download_2.jpg?v=1748975370,DELTA GAMMA
Hannah's Closet - The Official Boutique for Delta Gamma,Outline Crewneck,UPI2606181634,Sweatshirts > Crewneck sweatshirts,https://cdn.shopify.com/s/files/1/0016/2745/5563/files/download_3.jpg?v=1748973687,DELTA GAMMA
Hannah's Closet - The Official Boutique for Delta Gamma,Outline Crewneck,UPI26061885303,Sweatshirts > Crewneck sweatshirts,https://cdn.shopify.com/s/files/1/0016/2745/5563/files/download_4.jpg?v=1748973865,DELTA GAMMA
Hannah's Closet - The Official Boutique for Delta Gamma,White and Pink delta gamma tote,UPI2606184242,Bags > Tote bags,https://cdn.shopify.com/s/files/1/0016/2745/5563/files/download_5.jpg?v=1757787676,DELTA GAMMA
Hannah's Closet - The Official Boutique for Delta Gamma,Anchor Game Hat,UPI2606188546,Headwear > Billed hats,https://cdn.shopify.com/s/files/1/0016/2745/5563/files/download_6.jpg?v=1757787776,DELTA GAMMA
Hannah's Closet - The Official Boutique for Delta Gamma,Delta Gamma Van Sticker,UPI2606187330,Promotional > Stickers,https://cdn.shopify.com/s/files/1/0016/2745/5563/files/download_7.jpg?v=1748975454,DELTA GAMMA
Hannah's Closet - The Official Boutique for Delta Gamma,IPAY - Kent State Grad Stoles,UPI26061868182,Apparel > Stoles,https://cdn.shopify.com/s/files/1/0016/2745/5563/files/FF2EA766-C7D9-4FCB-9A6C-2FB66FC816CF.png?v=1726253569,DELTA GAMMA
Hannah's Closet - The Official Boutique for Delta Gamma,Lacy Bow Knitted Sweater,UPI2606180818,Apparel > Sweaters,https://cdn.shopify.com/s/files/1/0016/2745/5563/files/FRONT.jpg?v=1759425892,DELTA GAMMA
Hannah's Closet - The Official Boutique for Delta Gamma,Lacy Bow Knitted Sweater,UPI26061892341,Apparel > Sweaters,https://cdn.shopify.com/s/files/1/0016/2745/5563/files/Front_74ae7001-ce97-4b14-b2d8-262d2da50692.jpg?v=1761761271,DELTA GAMMA
Hannah's Closet - The Official Boutique for Delta Gamma,Ugly Knitted Sweater,UPI2606188578,Apparel > Sweaters,https://cdn.shopify.com/s/files/1/0016/2745/5563/files/Front_8aa4f6a6-e14d-4658-a71a-069221213c89.jpg?v=1763057236,DELTA GAMMA
Hannah's Closet - The Official Boutique for Delta Gamma,IPAY- Wittenberg Mombs Day,UPI26061817621,Professional services > Pledge fulfillment,https://cdn.shopify.com/s/files/1/0016/2745/5563/files/FullSizeRender.jpg?v=1710519624,DELTA GAMMA
Hannah's Closet - The Official Boutique for Delta Gamma,"IPAY - Cal State, Sacramento",UPI26061878741,Professional services > Pledge fulfillment,https://cdn.shopify.com/s/files/1/0016/2745/5563/files/FullSizeRender_2721518b-1340-4a7f-bfa0-6d99c80848b9.jpg?v=1728657456,DELTA GAMMA
Hannah's Closet - The Official Boutique for Delta Gamma,IPAY- Denison Sweatpants,UPI2606184258,Pants > Sweatpants,https://cdn.shopify.com/s/files/1/0016/2745/5563/files/FullSizeRender_40b88abc-a16c-4cd4-8d3a-fe6824cd7f57.jpg?v=1712330948,DELTA GAMMA
Hannah's Closet - The Official Boutique for Delta Gamma,Bid Day Pack,UPI260618321410,Bundles > Apparel bundles,https://cdn.shopify.com/s/files/1/0016/2745/5563/files/HCB_BDPSITEIMAGE.jpg?v=1735852502,DELTA GAMMA
Hannah's Closet - The Official Boutique for Delta Gamma,Bid Day Pack,UPI2606184434,Bundles > Gift sets,https://cdn.shopify.com/s/files/1/0016/2745/5563/files/HCB_BDPSITEIMAGE.jpg?v=1735852502,DELTA GAMMA
Hannah's Closet - The Official Boutique for Delta Gamma,Hannah's Closet Gift Card,UPI2606187995,Paper/print goods > Certificates,https://cdn.shopify.com/s/files/1/0016/2745/5563/files/HCB_e469ef46-6130-4a9f-b733-aa9b89ddf29d.png?v=1735852702,DELTA GAMMA
Hannah's Closet - The Official Boutique for Delta Gamma,Delta Gamma - Bead Bracelet - Heart Tag,UPI2606181746,Jewelry > Bracelets,https://cdn.shopify.com/s/files/1/0016/2745/5563/files/hcb1_be400747-fa60-42a9-a341-f2254cfc5aa9.jpg?v=1742408488,DELTA GAMMA
Hannah's Closet - The Official Boutique for Delta Gamma,Delta Gamma - Heart Tag Necklace,UPI26061888022,Jewelry > Necklaces,https://cdn.shopify.com/s/files/1/0016/2745/5563/files/hcb2.jpg?v=1742408622,DELTA GAMMA
Hannah's Closet - The Official Boutique for Delta Gamma,OTS Sticker Sheet,UPI26061820111,Promotional > Stickers,https://cdn.shopify.com/s/files/1/0016/2745/5563/files/HCB210206-Stickers.jpg?v=1735852656,DELTA GAMMA
Hannah's Closet - The Official Boutique for Delta Gamma,Kahiki Patch Hat,UPI2606183938,Headwear > Billed Hats,https://cdn.shopify.com/s/files/1/0016/2745/5563/files/HCB2203106-KHAKI-VC300A-EMB.jpg?v=1735852520,DELTA GAMMA
Hannah's Closet - The Official Boutique for Delta Gamma,Kahiki Patch Beanie,UPI2606189570,Headwear > Beanies,https://cdn.shopify.com/s/files/1/0016/2745/5563/files/HCB2203111-HTHRBROWN-SP15-EMB.jpg?v=1735852518,DELTA GAMMA
Hannah's Closet - The Official Boutique for Delta Gamma,Kahiki Patch Rain Jacket,UPI2606186370,Outerwear > Jackets,https://cdn.shopify.com/s/files/1/0016/2745/5563/files/HCB2203125-NAVY-5099-EMB.jpg?v=1687270436,DELTA GAMMA
Hannah's Closet - The Official Boutique for Delta Gamma,Kahiki Patch Book Bag,UPI26061879061,Bags > Backpacks,https://cdn.shopify.com/s/files/1/0016/2745/5563/files/HCB2203127-BLACK-BE0303-EMB.jpg?v=1735852517,DELTA GAMMA
Hannah's Closet - The Official Boutique for Delta Gamma,Classic Tote,UPI2606189618,Bags > Tote bags,https://cdn.shopify.com/s/files/1/0016/2745/5563/files/HCB2203152-WHITE-Q800.jpg?v=1735852522,DELTA GAMMA
Hannah's Closet - The Official Boutique for Delta Gamma,Text Me Tote,UPI2606181858,Bags > Tote bags,https://cdn.shopify.com/s/files/1/0016/2745/5563/files/HCB2203154-LIGHTPINK-Q800.jpg?v=1687269837,DELTA GAMMA
Hannah's Closet - The Official Boutique for Delta Gamma,Grinning Tote,UPI26061847221,Bags > Tote bags,https://cdn.shopify.com/s/files/1/0016/2745/5563/files/HCB2203155-BLACK-Q800.jpg?v=1687269909,DELTA GAMMA
Hannah's Closet - The Official Boutique for Delta Gamma,Retro Tote,UPI2606188658,Bags > Tote bags,https://cdn.shopify.com/s/files/1/0016/2745/5563/files/HCB2203156-GREY-Q800.jpg?v=1735852521,DELTA GAMMA
Hannah's Closet - The Official Boutique for Delta Gamma,Oxford Long Sleeve,UPI26061868502,Shirts > Long sleeve t-shirts,https://cdn.shopify.com/s/files/1/0016/2745/5563/files/HCB220396-BACK.jpg?v=1735852568,DELTA GAMMA
Hannah's Closet - The Official Boutique for Delta Gamma,Glam Baby Tee,UPI26061806422,Shirts > Short sleeve t-shirts,https://cdn.shopify.com/s/files/1/0016/2745/5563/files/HCB23GL0201_1010_BLACK.jpg?v=1735852507,DELTA GAMMA
Hannah's Closet - The Official Boutique for Delta Gamma,Glam Hoodie,UPI26061805461,Sweatshirts > Hooded sweatshirts,https://cdn.shopify.com/s/files/1/0016/2745/5563/files/HCB23GL0201_18500_BLACKai.jpg?v=1735852506,DELTA GAMMA
Hannah's Closet - The Official Boutique for Delta Gamma,Luxe Lounge Set,UPI2606188002,Loungewear > Sweatsuit sets,https://cdn.shopify.com/s/files/1/0016/2745/5563/files/HCB23GL0202_TD055-NUDE_TD085-NUDE-EMB.jpg?v=1700697524,DELTA GAMMA
Hannah's Closet - The Official Boutique for Delta Gamma,Love You Crew,UPI2606181714,Sweatshirts > Crewneck sweatshirts,https://cdn.shopify.com/s/files/1/0016/2745/5563/files/HCB23GL0205_1566_WHITE-BACK.jpg?v=1735852505,DELTA GAMMA
Hannah's Closet - The Official Boutique for Delta Gamma,Leadership Microfleece 1/2 Zip Pullover,UPI2606189890,Outerwear > Jackets,https://cdn.shopify.com/s/files/1/0016/2745/5563/files/HCB240105-TRUENAVY-L224.jpg?v=1744844870,DELTA GAMMA
Hannah's Closet - The Official Boutique for Delta Gamma,Varsity Blossom Tee,UPI2606187346,Shirts > Short sleeve t-shirts,https://cdn.shopify.com/s/files/1/0016/2745/5563/files/HCB24GL1021717BLOSSOM.jpg?v=1735852498,DELTA GAMMA
Hannah's Closet - The Official Boutique for Delta Gamma,Does Good Ivory Tee,UPI2606185298,Shirts > Short sleeve t-shirts,https://cdn.shopify.com/s/files/1/0016/2745/5563/files/HCB24GL1031717IVORY.jpg?v=1735852497,DELTA GAMMA
Hannah's Closet - The Official Boutique for Delta Gamma,73 Do Good Crewneck,UPI26061838741,Sweatshirts > Crewneck sweatshirts,https://cdn.shopify.com/s/files/1/0016/2745/5563/files/HCB24GL104SS3000SANDSTONE.jpg?v=1735852496,DELTA GAMMA
Hannah's Closet - The Official Boutique for Delta Gamma,Do Good Sweatpants,UPI2606181202,Pants > Sweatpants,https://cdn.shopify.com/s/files/1/0016/2745/5563/files/HCB24GL105IND20PNTSANDSTONE.jpg?v=1735852494,DELTA GAMMA
Hannah's Closet - The Official Boutique for Delta Gamma,Anchor Est 1873 Tee,UPI26061842421,Shirts > Short sleeve t-shirts,https://cdn.shopify.com/s/files/1/0016/2745/5563/files/HCB24GL1061717WHITE.jpg?v=1735852493,DELTA GAMMA
Hannah's Closet - The Official Boutique for Delta Gamma,Bella Crewneck,UPI2606188178,Sweatshirts > Crewneck sweatshirts,https://cdn.shopify.com/s/files/1/0016/2745/5563/files/HCB24GL107BELLA3945NAVY.jpg?v=1735852492,DELTA GAMMA
Hannah's Closet - The Official Boutique for Delta Gamma,Bella Shorts,UPI26061894925,Apparel > Shorts,https://cdn.shopify.com/s/files/1/0016/2745/5563/files/HCB24GL108BELLA3787NAVY.jpg?v=1720323319,DELTA GAMMA
Hannah's Closet - The Official Boutique for Delta Gamma,Bella Shorts,UPI2606186130,Apparel > Shorts,https://cdn.shopify.com/s/files/1/0016/2745/5563/files/HCB24GL108BELLA3787NAVY.jpg?v=1720323319,DELTA GAMMA
Hannah's Closet - The Official Boutique for Delta Gamma,Bella Shorts,UPI260618795011,Apparel > Shorts,https://cdn.shopify.com/s/files/1/0016/2745/5563/files/HCB24GL108BELLA3787NAVY.jpg?v=1720323319,DELTA GAMMA
Hannah's Closet - The Official Boutique for Delta Gamma,Bonnie Crewneck,UPI2606184706,Sweatshirts > Crewneck sweatshirts,https://cdn.shopify.com/s/files/1/0016/2745/5563/files/HCB24GL109SS3000BONE.jpg?v=1735852491,DELTA GAMMA
Hannah's Closet - The Official Boutique for Delta Gamma,Retro Repeat Crewneck,UPI2606188450,Sweatshirts > Crewneck sweatshirts,https://cdn.shopify.com/s/files/1/0016/2745/5563/files/HCB24GL110SS3000CHARCOALHEATHER.jpg?v=1735852489,DELTA GAMMA
Hannah's Closet - The Official Boutique for Delta Gamma,DG Do Good Tee,UPI26061898901,Shirts > Short sleeve t-shirts,https://cdn.shopify.com/s/files/1/0016/2745/5563/files/HCB24GL1111717WHITEBACK.jpg?v=1735852488,DELTA GAMMA
Hannah's Closet - The Official Boutique for Delta Gamma,Indigo Crest Hoodie,UPI26061819542,Sweatshirts > Hooded sweatshirts,https://cdn.shopify.com/s/files/1/0016/2745/5563/files/HCB24GL113SS4500STORMBLUEFRONT.jpg?v=1735852487,DELTA GAMMA
Hannah's Closet - The Official Boutique for Delta Gamma,Since 1873 Hoodie,UPI2606188034,Sweatshirts > Hooded sweatshirts,https://cdn.shopify.com/s/files/1/0016/2745/5563/files/HCB24GL114SMOKEBACK.jpg?v=1735852485,DELTA GAMMA
Hannah's Closet - The Official Boutique for Delta Gamma,Noticable Tee,UPI26061832181,Shirts > Short sleeve t-shirts,https://cdn.shopify.com/s/files/1/0016/2745/5563/files/HCB24GL1151717BLACK.jpg?v=1735852484,DELTA GAMMA
Hannah's Closet - The Official Boutique for Delta Gamma,Birch Cardigan,UPI26061848341,Apparel > Sweaters,https://cdn.shopify.com/s/files/1/0016/2745/5563/files/HCB24GL116MM3023BERCH.jpg?v=1720399143,DELTA GAMMA
Hannah's Closet - The Official Boutique for Delta Gamma,Anchor Game Hat,UPI26061849303,Headwear > Billed hats,https://cdn.shopify.com/s/files/1/0016/2745/5563/files/HCB24GL117GB465ROYAL.jpg?v=1735852483,DELTA GAMMA
Hannah's Closet - The Official Boutique for Delta Gamma,Khaki Game Hat,UPI2606183954,Headwear > Billed hats,https://cdn.shopify.com/s/files/1/0016/2745/5563/files/HCB24GL118GB465KHAKI.jpg?v=1735852482,DELTA GAMMA
Hannah's Closet - The Official Boutique for Delta Gamma,Color Block Hoodie,UPI26061852981,Sweatshirts > Hooded sweatshirts,https://cdn.shopify.com/s/files/1/0016/2745/5563/files/HCB24GL119W23716HEATHER.jpg?v=1735852481,DELTA GAMMA
Hannah's Closet - The Official Boutique for Delta Gamma,Vertical Tote,UPI2606186018,Bags > Tote bags,https://cdn.shopify.com/s/files/1/0016/2745/5563/files/HCB24GL120Q800NATURAL.jpg?v=1735852480,DELTA GAMMA
Hannah's Closet - The Official Boutique for Delta Gamma,Vertical Tote,UPI260618193417,Bags > Tote bags,https://cdn.shopify.com/s/files/1/0016/2745/5563/files/HCB24GL120Q800NATURAL.jpg?v=1735852480,DELTA GAMMA
Hannah's Closet - The Official Boutique for Delta Gamma,Bow Crop Tank,UPI2606180226,Shirts > Tank tops,https://cdn.shopify.com/s/files/1/0016/2745/5563/files/HCB24GL1211013WHITE.jpg?v=1735852478,DELTA GAMMA
Hannah's Closet - The Official Boutique for Delta Gamma,Athletic Crop Tank,UPI26061824661,Shirts > Tank tops,https://cdn.shopify.com/s/files/1/0016/2745/5563/files/HCB24GL1221013ATHL.HEATHER.jpg?v=1735852477,DELTA GAMMA
Hannah's Closet - The Official Boutique for Delta Gamma,Natural Est Crop Top,UPI2606189794,Shirts > Short sleeve t-shirts,https://cdn.shopify.com/s/files/1/0016/2745/5563/files/HCB24GL1231010NATURAL.jpg?v=1735852476,DELTA GAMMA
Hannah's Closet - The Official Boutique for Delta Gamma,3-Peat Crop Tee,UPI26061817622,Shirts > Short sleeve t-shirts,https://cdn.shopify.com/s/files/1/0016/2745/5563/files/HCB24GL1241010BLACK.jpg?v=1735852475,DELTA GAMMA
Hannah's Closet - The Official Boutique for Delta Gamma,Athletic Go Good Crop Tee,UPI26061831062,Shirts > Short sleeve t-shirts,https://cdn.shopify.com/s/files/1/0016/2745/5563/files/HCB24GL1251010ATL.HEATHER.jpg?v=1735852473,DELTA GAMMA
Hannah's Closet - The Official Boutique for Delta Gamma,Established Notecard,UPI26061859701,Stationery > Note cards,https://cdn.shopify.com/s/files/1/0016/2745/5563/files/HCB24GL126POSTCARDFRONT.jpg?v=1735852472,DELTA GAMMA
Hannah's Closet - The Official Boutique for Delta Gamma,Floral Do Good Notecard,UPI2606188386,Stationery > Note cards,https://cdn.shopify.com/s/files/1/0016/2745/5563/files/HCB24GL127FOLDOVERNOTECARD.jpg?v=1720400720,DELTA GAMMA
Hannah's Closet - The Official Boutique for Delta Gamma,Checkered Button,UPI2606184194,Apparel > Buttons,https://cdn.shopify.com/s/files/1/0016/2745/5563/files/HCB24GL128BUTTON.jpg?v=1735852471,DELTA GAMMA
Hannah's Closet - The Official Boutique for Delta Gamma,Hand Sign Button,UPI2606189378,Apparel > Buttons,https://cdn.shopify.com/s/files/1/0016/2745/5563/files/HCB24GL129BUTTON.jpg?v=1735852470,DELTA GAMMA
Hannah's Closet - The Official Boutique for Delta Gamma,1873 Sticker,UPI26061830421,Promotional > Stickers,https://cdn.shopify.com/s/files/1/0016/2745/5563/files/HCB24GL130STICKER.jpg?v=1735852469,DELTA GAMMA
Hannah's Closet - The Official Boutique for Delta Gamma,Pink Bow Sticker,UPI2606181618,Promotional > Stickers,https://cdn.shopify.com/s/files/1/0016/2745/5563/files/HCB24GL131STICKER.jpg?v=1735852468,DELTA GAMMA
Hannah's Closet - The Official Boutique for Delta Gamma,X O Tee,UPI26061895861,Shirts > Short sleeve t-shirts,https://cdn.shopify.com/s/files/1/0016/2745/5563/files/HCB24GL2011717BLACK.jpg?v=1735852467,DELTA GAMMA
Hannah's Closet - The Official Boutique for Delta Gamma,Cherry Heart Crewneck,UPI2606186914,Sweatshirts > Crewneck sweatshirts,https://cdn.shopify.com/s/files/1/0016/2745/5563/files/HCB24GL20218000LIGHTPINK.jpg?v=1735852465,DELTA GAMMA
Hannah's Closet - The Official Boutique for Delta Gamma,Reindeer Games Tee,UPI2606181394,Shirts > Short sleeve t-shirts,https://cdn.shopify.com/s/files/1/0016/2745/5563/files/HCB24GL2031717BLUEJEAN_1.jpg?v=1735852464,DELTA GAMMA
Hannah's Closet - The Official Boutique for Delta Gamma,Let It Snow Crewneck,UPI2606185778,Sweatshirts > Crewneck sweatshirts,https://cdn.shopify.com/s/files/1/0016/2745/5563/files/HCB24GL20418000SPORTSGRAY.jpg?v=1735852462,DELTA GAMMA
Hannah's Closet - The Official Boutique for Delta Gamma,Ghosted Crewneck,UPI26061849781,Sweatshirts > Crewneck sweatshirts,https://cdn.shopify.com/s/files/1/0016/2745/5563/files/HCB24GL20518000BLACK.jpg?v=1735852461,DELTA GAMMA
Hannah's Closet - The Official Boutique for Delta Gamma,Ginger Crewneck,UPI26061875701,Sweatshirts > Crewneck sweatshirts,https://cdn.shopify.com/s/files/1/0016/2745/5563/files/HCB24GL20618000SAND.jpg?v=1735852459,DELTA GAMMA
Hannah's Closet - The Official Boutique for Delta Gamma,Pumpkin Bow Tee,UPI26061840021,Shirts > Short sleeve t-shirts,https://cdn.shopify.com/s/files/1/0016/2745/5563/files/HCB24GL2071717YAM.jpg?v=1735852458,DELTA GAMMA
Hannah's Closet - The Official Boutique for Delta Gamma,Holiday Bow Crewneck,UPI26061848981,Sweatshirts > Crewneck sweatshirts,https://cdn.shopify.com/s/files/1/0016/2745/5563/files/HCB24GL20818000MAROON.jpg?v=1735852456,DELTA GAMMA
Hannah's Closet - The Official Boutique for Delta Gamma,Holiday Bow Crewneck,UPI26061816981,Sweatshirts > Crewneck sweatshirts,https://cdn.shopify.com/s/files/1/0016/2745/5563/files/HCB24GL20818000SAND.jpg?v=1735852455,DELTA GAMMA
Hannah's Closet - The Official Boutique for Delta Gamma,Dashing Crewneck,UPI26061816182,Sweatshirts > Crewneck sweatshirts,https://cdn.shopify.com/s/files/1/0016/2745/5563/files/HCB24GL20918000FOREST.jpg?v=1735852454,DELTA GAMMA
Hannah's Closet - The Official Boutique for Delta Gamma,DeeGee Script Beanie,UPI26061889461,Headwear > Beanies,https://cdn.shopify.com/s/files/1/0016/2745/5563/files/HCB24GL210SP15HEATHERCHARCOAL.jpg?v=1735852452,DELTA GAMMA
Hannah's Closet - The Official Boutique for Delta Gamma,Laurel Do Good Crewneck,UPI2606180594,Sweatshirts > Crewneck sweatshirts,https://cdn.shopify.com/s/files/1/0016/2745/5563/files/HCB25000118000SAND.jpg?v=1743628248,DELTA GAMMA
Hannah's Closet - The Official Boutique for Delta Gamma,Matchbox Hoodie,UPI2606186050,Sweatshirts > Hooded sweatshirts,https://cdn.shopify.com/s/files/1/0016/2745/5563/files/HCB25000218500LIGHTPINKback.jpg?v=1743628448,DELTA GAMMA
Hannah's Closet - The Official Boutique for Delta Gamma,Billie Do Good Tee,UPI2606185346,Shirts > Short sleeve t-shirts,https://cdn.shopify.com/s/files/1/0016/2745/5563/files/HCB2500031717HYDRANGEA.jpg?v=1743628685,DELTA GAMMA
Hannah's Closet - The Official Boutique for Delta Gamma,Chappelle Racer Tank,UPI2606188946,Shirts > Tank tops,https://cdn.shopify.com/s/files/1/0016/2745/5563/files/HCB2500041019PINK_2.jpg?v=1743628878,DELTA GAMMA
Hannah's Closet - The Official Boutique for Delta Gamma,Cheetah Star Hoodie,UPI26061868181,Sweatshirts > Hooded sweatshirts,https://cdn.shopify.com/s/files/1/0016/2745/5563/files/HCB25000518500SPORTSGREYback.jpg?v=1743629027,DELTA GAMMA
Hannah's Closet - The Official Boutique for Delta Gamma,Cheetah Star Sweatpants,UPI26061821781,Pants > Sweatpants,https://cdn.shopify.com/s/files/1/0016/2745/5563/files/HCB25000618400SPORTSGREY.jpg?v=1743629179,DELTA GAMMA
Hannah's Closet - The Official Boutique for Delta Gamma,Playful Print Crewneck,UPI26061825461,Sweatshirts > Crewneck sweatshirts,https://cdn.shopify.com/s/files/1/0016/2745/5563/files/HCB2500073945BLACK.jpg?v=1743629307,DELTA GAMMA
Hannah's Closet - The Official Boutique for Delta Gamma,Playful Print Shots,UPI26061891542,Pants > Sweatpants,https://cdn.shopify.com/s/files/1/0016/2745/5563/files/HCB2500083787BLACK.jpg?v=1743629411,DELTA GAMMA
Hannah's Closet - The Official Boutique for Delta Gamma,Anchor Leadership Crewneck,UPI26061863221,Sweatshirts > Crewneck sweatshirts,https://cdn.shopify.com/s/files/1/0016/2745/5563/files/HCB250101-LIGHTPINK-18000.jpg?v=1744845031,DELTA GAMMA
Hannah's Closet - The Official Boutique for Delta Gamma,Leadership Tote,UPI2606188914,Bags > Tote bags,https://cdn.shopify.com/s/files/1/0016/2745/5563/files/HCB250102-Q800-NATURAL.jpg?v=1744845213,DELTA GAMMA
Hannah's Closet - The Official Boutique for Delta Gamma,Love Leadership Hoodie,UPI26061836501,Sweatshirts > Hooded sweatshirts,https://cdn.shopify.com/s/files/1/0016/2745/5563/files/HCB250103-18500-NAVY-BACK.jpg?v=1744845379,DELTA GAMMA
Hannah's Closet - The Official Boutique for Delta Gamma,Chambray Leadership Tee,UPI2606189906,Shirts > Short sleeve t-shirts,https://cdn.shopify.com/s/files/1/0016/2745/5563/files/HCB250104-Chambray-1717.jpg?v=1744845590,DELTA GAMMA
Hannah's Closet - The Official Boutique for Delta Gamma,Dawson Institute Denim Tee,UPI26061801621,Shirts > Short sleeve t-shirts,https://cdn.shopify.com/s/files/1/0016/2745/5563/files/HCB2513228-Denim-1350_b937f12e-3f33-4218-81df-3e83775f93c5.jpg?v=1761243243,DELTA GAMMA
Hannah's Closet - The Official Boutique for Delta Gamma,Cooler Bag,UPI2606186562,Drinkware > Tumblers,https://cdn.shopify.com/s/files/1/0016/2745/5563/files/HCB2516406.jpg?v=1750269748,DELTA GAMMA
Hannah's Closet - The Official Boutique for Delta Gamma,Little Hoodie,UPI2606185858,Sweatshirts > Hooded sweatshirts,https://cdn.shopify.com/s/files/1/0016/2745/5563/files/HCB25GL101front.jpg?v=1756234034,DELTA GAMMA
Hannah's Closet - The Official Boutique for Delta Gamma,Big/ Little Shorts,UPI2606182738,Pants > Sweatpants,https://cdn.shopify.com/s/files/1/0016/2745/5563/files/HCB25GL101shortsfront.jpg?v=1756234311,DELTA GAMMA
Hannah's Closet - The Official Boutique for Delta Gamma,BIg Hoodie,UPI26061869303,Sweatshirts > Hooded sweatshirts,https://cdn.shopify.com/s/files/1/0016/2745/5563/files/HCB25GL102front.jpg?v=1756234190,DELTA GAMMA
Hannah's Closet - The Official Boutique for Delta Gamma,Big or Little Tee,UPI2606180066,Shirts > Short sleeve t-shirts,https://cdn.shopify.com/s/files/1/0016/2745/5563/files/HCB25GL1031717blossom.jpg?v=1756234611,DELTA GAMMA
Hannah's Closet - The Official Boutique for Delta Gamma,BIg or Little Hat,UPI2606184210,Headwear > Billed hats,https://cdn.shopify.com/s/files/1/0016/2745/5563/files/HCB25GL105navylp101.jpg?v=1756234967,DELTA GAMMA
Hannah's Closet - The Official Boutique for Delta Gamma,Big Little Cherry Sticker,UPI2606187074,Promotional > Stickers,https://cdn.shopify.com/s/files/1/0016/2745/5563/files/HCB25GL107sticker.jpg?v=1756235234,DELTA GAMMA
Hannah's Closet - The Official Boutique for Delta Gamma,Dazzling Sticker,UPI2606189842,Promotional > Stickers,https://cdn.shopify.com/s/files/1/0016/2745/5563/files/HCB25GL108sticker_34f21c3a-b315-4ced-a765-713bd125b6b9.jpg?v=1756312891,DELTA GAMMA
Hannah's Closet - The Official Boutique for Delta Gamma,Obsidian Hoodie,UPI2606186306,Sweatshirts > Hooded sweatshirts,https://cdn.shopify.com/s/files/1/0016/2745/5563/files/HCB25GL201996MRBLACK_17b9de62-d278-423a-b329-d25e73f57df3.jpg?v=1757785288,DELTA GAMMA
Hannah's Closet - The Official Boutique for Delta Gamma,Obsidian Sweatpants,UPI2606181778,Pants > Sweatpants,https://cdn.shopify.com/s/files/1/0016/2745/5563/files/HCB25GL202974MPRBLACK.jpg?v=1757785479,DELTA GAMMA
Hannah's Closet - The Official Boutique for Delta Gamma,Billiard Hoodie,UPI2606182450,Sweatshirts > Hooded sweatshirts,https://cdn.shopify.com/s/files/1/0016/2745/5563/files/HCB25GL203996MRASH.jpg?v=1757786392,DELTA GAMMA
Hannah's Closet - The Official Boutique for Delta Gamma,Billard Sweatpants,UPI2606183298,Pants > Sweatpants,https://cdn.shopify.com/s/files/1/0016/2745/5563/files/HCB25GL204974MPRASH.jpg?v=1757786054,DELTA GAMMA
Hannah's Closet - The Official Boutique for Delta Gamma,ETA Crewneck,UPI2606182434,Sweatshirts > Crewneck sweatshirts,https://cdn.shopify.com/s/files/1/0016/2745/5563/files/HCB25GL20518000LTPINK.jpg?v=1757786249,DELTA GAMMA
Hannah's Closet - The Official Boutique for Delta Gamma,Lily Tee,UPI2606186242,Shirts > Short sleeve t-shirts,https://cdn.shopify.com/s/files/1/0016/2745/5563/files/HCB25GL2061717NAVY.jpg?v=1757786640,DELTA GAMMA
Hannah's Closet - The Official Boutique for Delta Gamma,- LIMITED EDITION SUMMER PRODUCT DROP -,UPI2606184834,Bundles > Gift sets,https://cdn.shopify.com/s/files/1/0016/2745/5563/files/HCB25JUNE.jpg?v=1748569077,DELTA GAMMA
Hannah's Closet - The Official Boutique for Delta Gamma,Ash Mock Neck- Limited Edition,UPI2606181794,Apparel > Sweaters,https://cdn.shopify.com/s/files/1/0016/2745/5563/files/HCB25NOV1ASHMOCKNECK.jpg?v=1762450883,DELTA GAMMA
Hannah's Closet - The Official Boutique for Delta Gamma,Greetings From Texas Tee,UPI2606181522,Shirts > Short sleeve t-shirts,https://cdn.shopify.com/s/files/1/0016/2745/5563/files/HCB2600016030WASHEDDENIMBACK.jpg?v=1781059269,DELTA GAMMA
Hannah's Closet - The Official Boutique for Delta Gamma,Saddle Up Ivory Tee,UPI26061867061,Shirts > Short sleeve t-shirts,https://cdn.shopify.com/s/files/1/0016/2745/5563/files/HCB2600021717IVORY.jpg?v=1781059512,DELTA GAMMA
Hannah's Closet - The Official Boutique for Delta Gamma,Do Good Horseshoe Tee,UPI2606189218,Shirts > Short sleeve t-shirts,https://cdn.shopify.com/s/files/1/0016/2745/5563/files/HCB2600031717CHAMBRAYBACK.jpg?v=1781059672,DELTA GAMMA
Hannah's Closet - The Official Boutique for Delta Gamma,Dee Gee Cowgirl Tee,UPI2606184770,Shirts > Short sleeve t-shirts,https://cdn.shopify.com/s/files/1/0016/2745/5563/files/HCB2600046030DENIMBACK.jpg?v=1781059817,DELTA GAMMA
Hannah's Closet - The Official Boutique for Delta Gamma,Mystic Rodeo Tee,UPI2606182114,Shirts > Short sleeve t-shirts,https://cdn.shopify.com/s/files/1/0016/2745/5563/files/HCB2600051717MYSTICBLUE.jpg?v=1781059948,DELTA GAMMA
Hannah's Closet - The Official Boutique for Delta Gamma,Greetings from Texas Sticker,UPI2606189026,Promotional > Stickers,https://cdn.shopify.com/s/files/1/0016/2745/5563/files/HCB260010STICKER.jpg?v=1781060134,DELTA GAMMA
Hannah's Closet - The Official Boutique for Delta Gamma,Heather Charcoal Cardigan,UPI26061894901,Outerwear > Jackets,https://cdn.shopify.com/s/files/1/0016/2745/5563/files/HCB260012LSW2870CHARHTR.jpg?v=1781060302,DELTA GAMMA
Hannah's Closet - The Official Boutique for Delta Gamma,Warm Taupe 1/4 Zip,UPI2606188786,Shirts > Short sleeve t-shirts,https://cdn.shopify.com/s/files/1/0016/2745/5563/files/HCB260013MM3041WARMTAUPE.jpg?v=1781060492,DELTA GAMMA
Hannah's Closet - The Official Boutique for Delta Gamma,Blazer,UPI26061866581,Outerwear > Jackets,https://cdn.shopify.com/s/files/1/0016/2745/5563/files/HCB260014LM2000BLACK.jpg?v=1781060727,DELTA GAMMA
Hannah's Closet - The Official Boutique for Delta Gamma,Dawson Institute Denim Tee- 2026,UPI2606185906,Shirts > Short sleeve t-shirts,https://cdn.shopify.com/s/files/1/0016/2745/5563/files/HCB26DAWSON.png?v=1772653825,DELTA GAMMA
Hannah's Closet - The Official Boutique for Delta Gamma,Gusty Grey Cardigan,UPI2606184226,Apparel > Sweaters,https://cdn.shopify.com/s/files/1/0016/2745/5563/files/HCB26GL101MM3023GUSTYGREYEMB.jpg?v=1769712276,DELTA GAMMA
Hannah's Closet - The Official Boutique for Delta Gamma,Pink Beanie,UPI26061857941,Headwear > Beanies,https://cdn.shopify.com/s/files/1/0016/2745/5563/files/HCB26GL1021501KCpinkemb.jpg?v=1767977088,DELTA GAMMA
Hannah's Closet - The Official Boutique for Delta Gamma,Crewneck & Beanie Bundle,UPI26061818581,Sweatshirts > Crewneck sweatshirts,https://cdn.shopify.com/s/files/1/0016/2745/5563/files/HCB26GL102CrewneckandBeanie.jpg?v=1767976876,DELTA GAMMA
Hannah's Closet - The Official Boutique for Delta Gamma,Concept Cardigan,UPI2606183426,Apparel > Sweaters,https://cdn.shopify.com/s/files/1/0016/2745/5563/files/HCB26GL102L545BLACKEMB.jpg?v=1769712534,DELTA GAMMA
Hannah's Closet - The Official Boutique for Delta Gamma,Oxford Shirt,UPI2606183874,Shirts > Button-up shirts,https://cdn.shopify.com/s/files/1/0016/2745/5563/files/HCB26GL103L658OXBLUEEMB.jpg?v=1769712681,DELTA GAMMA
Hannah's Closet - The Official Boutique for Delta Gamma,Oxford Shirt,UPI260618707013,,https://cdn.shopify.com/s/files/1/0016/2745/5563/files/HCB26GL103L658OXBLUEEMB.jpg?v=1769712681,DELTA GAMMA
Hannah's Closet - The Official Boutique for Delta Gamma,Relaxed Knit Blazer,UPI2606182626,Outerwear > Blazers,https://cdn.shopify.com/s/files/1/0016/2745/5563/files/HCB26GL104LM2000NAVYEMB.jpg?v=1769712803,DELTA GAMMA
Hannah's Closet - The Official Boutique for Delta Gamma,Simple Bow Crewneck,UPI2606181762,Sweatshirts > Crewneck sweatshirts,https://cdn.shopify.com/s/files/1/0016/2745/5563/files/HCB26GL30118000RED.jpg?v=1769624365,DELTA GAMMA
Hannah's Closet - The Official Boutique for Delta Gamma,Patched Bow Hoodie,UPI26061866741,Sweatshirts > Hooded sweatshirts,https://cdn.shopify.com/s/files/1/0016/2745/5563/files/HCB26GL30218500ASHBACK.jpg?v=1769624496,DELTA GAMMA
Hannah's Closet - The Official Boutique for Delta Gamma,Graphic Galentine Tee,UPI26061875702,Shirts > Short sleeve t-shirts,https://cdn.shopify.com/s/files/1/0016/2745/5563/files/HCB26GL3031717BLOSSOM_7b2fa60f-53e5-4278-85d7-24139d736450.jpg?v=1769800819,DELTA GAMMA
Hannah's Closet - The Official Boutique for Delta Gamma,Graphic Galentine Tee,UPI260618372611,Shirts > Short sleeve t-shirts,https://cdn.shopify.com/s/files/1/0016/2745/5563/files/HCB26GL3031717BLOSSOM_7b2fa60f-53e5-4278-85d7-24139d736450.jpg?v=1769800819,DELTA GAMMA
Hannah's Closet - The Official Boutique for Delta Gamma,Paradise Tee,UPI2606187570,Shirts > Short sleeve t-shirts,https://cdn.shopify.com/s/files/1/0016/2745/5563/files/HCB26GL4011717IVORYback.jpg?v=1771264418,DELTA GAMMA
Hannah's Closet - The Official Boutique for Delta Gamma,Beach Mode Trucker Hat,UPI26061853461,Headwear > Billed hats,https://cdn.shopify.com/s/files/1/0016/2745/5563/files/HCB26GL402VC700PINK_WHITE.jpg?v=1771264522,DELTA GAMMA
Hannah's Closet - The Official Boutique for Delta Gamma,Tidal Wave Crewneck,UPI26061856181,Sweatshirts > Crewneck sweatshirts,https://cdn.shopify.com/s/files/1/0016/2745/5563/files/HCB26GL4031545CITRINE.jpg?v=1771264683,DELTA GAMMA
Hannah's Closet - The Official Boutique for Delta Gamma,Beach Vibes Tee,UPI26061877621,Shirts > Short sleeve t-shirts,https://cdn.shopify.com/s/files/1/0016/2745/5563/files/HCB26GL4081717CHAMBRAYback.jpg?v=1771264843,DELTA GAMMA
Hannah's Closet - The Official Boutique for Delta Gamma,Volunteer DeeGee Tee,UPI2606185138,Shirts > Short sleeve t-shirts,https://cdn.shopify.com/s/files/1/0016/2745/5563/files/HCB26GL6011717WHITE.jpg?v=1774535344,DELTA GAMMA
Hannah's Closet - The Official Boutique for Delta Gamma,Volunteer Star Hoodie,UPI26061898742,Sweatshirts > Hooded sweatshirts,https://cdn.shopify.com/s/files/1/0016/2745/5563/files/HCB26GL60218500PINKBACK.jpg?v=1774535458,DELTA GAMMA
Hannah's Closet - The Official Boutique for Delta Gamma,Volunteer Jacket,UPI26061869301,Outerwear > Jackets,https://cdn.shopify.com/s/files/1/0016/2745/5563/files/HCB26GL603F217NAVY.jpg?v=1774535562,DELTA GAMMA
Hannah's Closet - The Official Boutique for Delta Gamma,Volunteer Quarter Zip,UPI2606181218,Sweatshirts > 1/4 zip sweatshirts,https://cdn.shopify.com/s/files/1/0016/2745/5563/files/HCB26GL604ST253ATHHTR.jpg?v=1774535763,DELTA GAMMA
Hannah's Closet - The Official Boutique for Delta Gamma,Lewis Stamps Tee,UPI2606184946,Shirts > Short sleeve t-shirts,https://cdn.shopify.com/s/files/1/0016/2745/5563/files/HCB26LEWIS-1717-washeddenim-back.jpg?v=1778680903,DELTA GAMMA
Hannah's Closet - The Official Boutique for Delta Gamma,Delta Gamma Bead Bracelet - Anchor,UPI26061830901,Jewelry > Bracelets,https://cdn.shopify.com/s/files/1/0016/2745/5563/files/hcb3.jpg?v=1742408776,DELTA GAMMA
Hannah's Closet - The Official Boutique for Delta Gamma,MINIATURE FLAG,UPI2606182802,Household items > Flags,https://cdn.shopify.com/s/files/1/0016/2745/5563/files/HCB-BDP-FLAG.jpg?v=1735852500,DELTA GAMMA
Hannah's Closet - The Official Boutique for Delta Gamma,Locker Key Chain,UPI26061836021,Promotional > Key chains,https://cdn.shopify.com/s/files/1/0016/2745/5563/files/HCB-BDP-KEYCHAIN.jpg?v=1735852499,DELTA GAMMA
Hannah's Closet - The Official Boutique for Delta Gamma,Shadow Script Sticker,UPI26061810581,Promotional > Stickers,https://cdn.shopify.com/s/files/1/0016/2745/5563/files/HCB-BDP-STICKER.jpg?v=1735852501,DELTA GAMMA
Hannah's Closet - The Official Boutique for Delta Gamma,Celebrating 150 Years of Delta Gamma: The Book (IN-PERSON PICKUP ONLY),UPI2606186002,Paper/print goods > Books,https://cdn.shopify.com/s/files/1/0016/2745/5563/files/HCB-Book.jpg?v=1682368647,DELTA GAMMA
Hannah's Closet - The Official Boutique for Delta Gamma,Anchored & Cozy Alumnae Box,UPI26061846421,Bundles > Gift sets,https://cdn.shopify.com/s/files/1/0016/2745/5563/files/HCB-GROUP.jpg?v=1731605386,DELTA GAMMA
Hannah's Closet - The Official Boutique for Delta Gamma,White Delta Gamma Pen,UPI2606185890,Office products > Pens,https://cdn.shopify.com/s/files/1/0016/2745/5563/files/IMG_2749001.jpg?v=1690850719,DELTA GAMMA
Hannah's Closet - The Official Boutique for Delta Gamma,Deegee Bucket Hat,UPI2606182962,Headwear > Bucket hats,https://cdn.shopify.com/s/files/1/0016/2745/5563/files/IMG_2862.jpg?v=1693518764,DELTA GAMMA
Hannah's Closet - The Official Boutique for Delta Gamma,Do Good Repeat Cup,UPI2606189202,Drinkware > Stadium cups,https://cdn.shopify.com/s/files/1/0016/2745/5563/files/IMG_2864.jpg?v=1735852509,DELTA GAMMA
Hannah's Closet - The Official Boutique for Delta Gamma,White Dee Gee Water Bottle,UPI26061857141,Food/drink > Water bottles with custom label,https://cdn.shopify.com/s/files/1/0016/2745/5563/files/IMG_2865.jpg?v=1693518371,DELTA GAMMA
Hannah's Closet - The Official Boutique for Delta Gamma,Rose Notepad,UPI26061851701,Stationery > Note pads,https://cdn.shopify.com/s/files/1/0016/2745/5563/files/IMG_2868.jpg?v=1764095595,DELTA GAMMA
Hannah's Closet - The Official Boutique for Delta Gamma,Clear Dee Gee Water Bottle,UPI2606181890,Water bottles > Plastic water bottles,https://cdn.shopify.com/s/files/1/0016/2745/5563/files/IMG_2869.jpg?v=1735852525,DELTA GAMMA
Hannah's Closet - The Official Boutique for Delta Gamma,White Do Good Anchor Ceramic Tumbler,UPI26061847222,Drinkware > Tumblers,https://cdn.shopify.com/s/files/1/0016/2745/5563/files/IMG_3621.jpg?v=1748975384,DELTA GAMMA
Hannah's Closet - The Official Boutique for Delta Gamma,"18"" Short Necklace with a Labradorite Pendant, Do Good Charm, Gold Tone Paperclip Chain",UPI26061834261,Jewelry > Necklaces,https://cdn.shopify.com/s/files/1/0016/2745/5563/files/IMG_7465.jpg?v=1735852503,DELTA GAMMA
Hannah's Closet - The Official Boutique for Delta Gamma,IPAY- Group Graduation Stoles,UPI2606189650,Apparel > Stoles,https://cdn.shopify.com/s/files/1/0016/2745/5563/files/IMG-0054.png?v=1710444548,DELTA GAMMA
Hannah's Closet - The Official Boutique for Delta Gamma,IPAY - Denison Hoodie,UPI26061866421,Sweatshirts > Hooded sweatshirts,https://cdn.shopify.com/s/files/1/0016/2745/5563/files/IMG-0377.png?v=1712325927,DELTA GAMMA
Hannah's Closet - The Official Boutique for Delta Gamma,IPAY - U of Chicago 2024 Stoles,UPI2606189010,Apparel > Stoles,https://cdn.shopify.com/s/files/1/0016/2745/5563/files/IMG-0442.png?v=1712606564,DELTA GAMMA
Hannah's Closet - The Official Boutique for Delta Gamma,IPAY - University of Tulsa Tee,UPI2606183138,Shirts > Short sleeve t-shirts,https://cdn.shopify.com/s/files/1/0016/2745/5563/files/IMG-0668.png?v=1713881853,DELTA GAMMA
Hannah's Closet - The Official Boutique for Delta Gamma,IPAY - TULSA BABY TANKS,UPI2606189874,Baby > Baby shirts,https://cdn.shopify.com/s/files/1/0016/2745/5563/files/IMG-1982.png?v=1719451170,DELTA GAMMA
Hannah's Closet - The Official Boutique for Delta Gamma,IPAY - UNISEX TEE,UPI26061877781,Shirts > Short sleeve t-shirts,https://cdn.shopify.com/s/files/1/0016/2745/5563/files/IMG-1982_2c935b47-579e-4e92-8506-d08921cc3f89.png?v=1719451986,DELTA GAMMA
Hannah's Closet - The Official Boutique for Delta Gamma,IPAY- EXCLUSIVE CREWNECK p)7p,UPI26061833621,Sweatshirts > Crewneck sweatshirts,https://cdn.shopify.com/s/files/1/0016/2745/5563/files/IMG-3302.png?v=1724338720,DELTA GAMMA
Hannah's Closet - The Official Boutique for Delta Gamma,IPAY - Iowa State University 24-25 Grads,UPI2606184146,Professional services > Pledge fulfillment,https://cdn.shopify.com/s/files/1/0016/2745/5563/files/IMG-3832.png?v=1727274646,DELTA GAMMA
Hannah's Closet - The Official Boutique for Delta Gamma,IPAY - Bucknell Date Party,UPI2606186274,Professional services > Pledge fulfillment,https://cdn.shopify.com/s/files/1/0016/2745/5563/files/IMG-3943.png?v=1728052357,DELTA GAMMA
Hannah's Closet - The Official Boutique for Delta Gamma,IPAY - Bucknell Anchor Splash,UPI2606183970,Professional services > Pledge fulfillment,https://cdn.shopify.com/s/files/1/0016/2745/5563/files/IMG-3946.png?v=1728057808,DELTA GAMMA
Hannah's Closet - The Official Boutique for Delta Gamma,IPAY - Duke University Grads,UPI2606181266,Professional services > Pledge fulfillment,https://cdn.shopify.com/s/files/1/0016/2745/5563/files/IMG-4391.png?v=1735852451,DELTA GAMMA
Hannah's Closet - The Official Boutique for Delta Gamma,IPAY - Illinois 2024 Stoles,UPI2606182482,Apparel > Stoles,https://cdn.shopify.com/s/files/1/0016/2745/5563/files/IMG-9727.png?v=1709148228,DELTA GAMMA
Hannah's Closet - The Official Boutique for Delta Gamma,IPAY - Purdue University Stole Order,UPI2606182850,Apparel > Stoles,https://cdn.shopify.com/s/files/1/0016/2745/5563/files/Screenshot2024-02-05124144.png?v=1707244747,DELTA GAMMA
Hannah's Closet - The Official Boutique for Delta Gamma,"IPAY - TEXAS, TYLER FALL PHILO",UPI2606189586,Professional services > Pledge fulfillment,https://cdn.shopify.com/s/files/1/0016/2745/5563/files/Screenshot2024-09-09101754.png?v=1725895252,DELTA GAMMA
Hannah's Closet - The Official Boutique for Delta Gamma,IPAY - Group Graduation 24-25,UPI26061821941,Professional services > Pledge fulfillment,https://cdn.shopify.com/s/files/1/0016/2745/5563/files/Screenshot2024-10-21091415.png?v=1729520104,DELTA GAMMA
Hannah's Closet - The Official Boutique for Delta Gamma,Porcelain Tumbler with Lid,UPI2606188107,Drinkware > Tumblers,https://cdn.shopify.com/s/files/1/0016/2745/5563/products/100.jpg?v=1735852610,DELTA GAMMA
Hannah's Closet - The Official Boutique for Delta Gamma,Hello from Delta Gamma Notecards (no border),UPI2606189051,Stationery > Note cards,https://cdn.shopify.com/s/files/1/0016/2745/5563/products/112_9ceaab21-9605-4066-815f-00d92817b9fe.jpg?v=1744908718,DELTA GAMMA
Hannah's Closet - The Official Boutique for Delta Gamma,Pink DG Established Anchor Crew,UPI26061826671,Sweatshirts > Crewneck sweatshirts,https://cdn.shopify.com/s/files/1/0016/2745/5563/products/113_f64c8dea-acff-43be-b7af-6cf5a81cbaa6.jpg?v=1655917780,DELTA GAMMA
Hannah's Closet - The Official Boutique for Delta Gamma,Anchor Rose Sticker,UPI26061825071,Promotional > Stickers,https://cdn.shopify.com/s/files/1/0016/2745/5563/products/15BDP2021-1.jpg?v=1771604295,DELTA GAMMA
Hannah's Closet - The Official Boutique for Delta Gamma,Knit Pom Pom Beanie,UPI2606188299,Headwear > Beanies,https://cdn.shopify.com/s/files/1/0016/2745/5563/products/210606.BEANIE.jpg?v=1735852612,DELTA GAMMA
Hannah's Closet - The Official Boutique for Delta Gamma,Wave Button,UPI2606188731,Promotional > Pin-back buttons,https://cdn.shopify.com/s/files/1/0016/2745/5563/products/3eb48f57-a73e-42bc-83f2-3aeae1c06776.jpg?v=1735852638,DELTA GAMMA
Hannah's Closet - The Official Boutique for Delta Gamma,Sand Crew,UPI2606188203,Sweatshirts > Crewneck sweatshirts,https://cdn.shopify.com/s/files/1/0016/2745/5563/products/3v3NS8_w.jpg?v=1735852654,DELTA GAMMA
Hannah's Closet - The Official Boutique for Delta Gamma,Happy to be Deegee Tee,UPI2606181691,Shirts > Short sleeve t-shirts,https://cdn.shopify.com/s/files/1/0016/2745/5563/products/B-2dzCRg.jpg?v=1735852652,DELTA GAMMA
Hannah's Closet - The Official Boutique for Delta Gamma,Deegee Bucket Hat,UPI2606184011,Headwear > Bucket hats,https://cdn.shopify.com/s/files/1/0016/2745/5563/products/BocWX-Eg.jpg?v=1622211030,DELTA GAMMA
Hannah's Closet - The Official Boutique for Delta Gamma,Butterfly Script,UPI2606180811,Shirts > Short sleeve t-shirts,https://cdn.shopify.com/s/files/1/0016/2745/5563/products/cfBYuNrQ.jpg?v=1735852650,DELTA GAMMA
Hannah's Closet - The Official Boutique for Delta Gamma,Heart Letters Necklace,UPI2606187883,Jewelry > Necklaces,https://cdn.shopify.com/s/files/1/0016/2745/5563/products/CID620013SC.png?v=1735852720,DELTA GAMMA
Hannah's Closet - The Official Boutique for Delta Gamma,Letters Circle Drop Necklace,UPI2606188779,Jewelry > Necklaces,https://cdn.shopify.com/s/files/1/0016/2745/5563/products/CID621013SC.png?v=1735852720,DELTA GAMMA
Hannah's Closet - The Official Boutique for Delta Gamma,Monogram Link Bracelet,UPI2606180011,Jewelry > Bracelets,https://cdn.shopify.com/s/files/1/0016/2745/5563/products/CID621LNK013.png?v=1735852722,DELTA GAMMA
Hannah's Closet - The Official Boutique for Delta Gamma,Greek Letters Link Bracelet,UPI2606181979,Jewelry > Bracelets,https://cdn.shopify.com/s/files/1/0016/2745/5563/products/CID635LNK013.png?v=1735852721,DELTA GAMMA
Hannah's Closet - The Official Boutique for Delta Gamma,Tear Drop Charm Necklace,UPI2606189755,Jewelry > Necklaces,https://cdn.shopify.com/s/files/1/0016/2745/5563/products/CID655P013SC.png?v=1735852721,DELTA GAMMA
Hannah's Closet - The Official Boutique for Delta Gamma,Anchor Choker Necklace,UPI2606181195,Jewelry > Necklaces,https://cdn.shopify.com/s/files/1/0016/2745/5563/products/CID656013.png?v=1735852719,DELTA GAMMA
Hannah's Closet - The Official Boutique for Delta Gamma,Vertical Bar Letters Necklace,UPI2606181563,Jewelry > Necklaces,https://cdn.shopify.com/s/files/1/0016/2745/5563/products/CID670013SC.png?v=1735852719,DELTA GAMMA
Hannah's Closet - The Official Boutique for Delta Gamma,Infinity Charm Necklace,UPI2606181659,Jewelry > Necklaces,https://cdn.shopify.com/s/files/1/0016/2745/5563/products/CID675013SC.png?v=1735852718,DELTA GAMMA
Hannah's Closet - The Official Boutique for Delta Gamma,Horizontal Greek Letters Necklace,UPI2606185515,Jewelry > Necklaces,https://cdn.shopify.com/s/files/1/0016/2745/5563/products/CID680013.png?v=1735852717,DELTA GAMMA
Hannah's Closet - The Official Boutique for Delta Gamma,Bar Letters Necklace,UPI2606185163,Jewelry > Necklaces,https://cdn.shopify.com/s/files/1/0016/2745/5563/products/CID681013.png?v=1735852717,DELTA GAMMA
Hannah's Closet - The Official Boutique for Delta Gamma,Cut Out Letters Pearl Bracelet,UPI2606186507,Jewelry > Bracelets,https://cdn.shopify.com/s/files/1/0016/2745/5563/products/CID689013.png?v=1735852716,DELTA GAMMA
Hannah's Closet - The Official Boutique for Delta Gamma,Whimsey Letters Pearl Bracelet,UPI2606181867,Jewelry > Bracelets,https://cdn.shopify.com/s/files/1/0016/2745/5563/products/CID690013.png?v=1735852716,DELTA GAMMA
Hannah's Closet - The Official Boutique for Delta Gamma,Engraved Letters Bangle,UPI2606183835,Jewelry > Bracelets,https://cdn.shopify.com/s/files/1/0016/2745/5563/products/CID700013.png?v=1735852715,DELTA GAMMA
Hannah's Closet - The Official Boutique for Delta Gamma,Phoebe Necklace,UPI2606182242,Jewelry > Necklaces,https://cdn.shopify.com/s/files/1/0016/2745/5563/products/dg10__65084.jpg?v=1735852532,DELTA GAMMA
Hannah's Closet - The Official Boutique for Delta Gamma,Oval Necklace,UPI26061820661,Jewelry > Necklaces,https://cdn.shopify.com/s/files/1/0016/2745/5563/products/dg-6n-g.jpg?v=1735852529,DELTA GAMMA
Hannah's Closet - The Official Boutique for Delta Gamma,Bid Day Cards- RESTOCKING SOON,UPI2606188763,Paper/print goods > Bid cards,https://cdn.shopify.com/s/files/1/0016/2745/5563/products/dg-bidcards.jpg?v=1735852687,DELTA GAMMA
Hannah's Closet - The Official Boutique for Delta Gamma,Foxy Crew,UPI2606185755,Sweatshirts > Crewneck sweatshirts,https://cdn.shopify.com/s/files/1/0016/2745/5563/products/DG-Foxy-Crew-2.jpg?v=1654185048,DELTA GAMMA
Hannah's Closet - The Official Boutique for Delta Gamma,Member Crew,UPI2606188283,Sweatshirts > Crewneck sweatshirts,https://cdn.shopify.com/s/files/1/0016/2745/5563/products/DG-MemberCrew-4.jpg?v=1735852713,DELTA GAMMA
Hannah's Closet - The Official Boutique for Delta Gamma,Expandable Ring,UPI2606186178,Jewelry > Rings,https://cdn.shopify.com/s/files/1/0016/2745/5563/products/dg-r.jpg?v=1735852528,DELTA GAMMA
Hannah's Closet - The Official Boutique for Delta Gamma,Wild Cherry Tee,UPI2606187307,Shirts > Short sleeve t-shirts,https://cdn.shopify.com/s/files/1/0016/2745/5563/products/DG-WildCherry2.jpg?v=1735852712,DELTA GAMMA
Hannah's Closet - The Official Boutique for Delta Gamma,Do Good Week Navy V-Neck,UPI2606189163,Shirts > Short sleeve t-shirts,https://cdn.shopify.com/s/files/1/0016/2745/5563/products/DoGood_NavyVneck_2_530d6f3a-f2ca-4f13-8a40-997e2adb9130.gif?v=1571827817,DELTA GAMMA
Hannah's Closet - The Official Boutique for Delta Gamma,Do Good Week White V-Neck,UPI2606182667,Shirts > Short sleeve t-shirts,https://cdn.shopify.com/s/files/1/0016/2745/5563/products/DoGood_WhiteVneck_2.gif?v=1571827817,DELTA GAMMA
Hannah's Closet - The Official Boutique for Delta Gamma,Do Good Week Sticker,UPI2606185259,Promotional > Stickers,https://cdn.shopify.com/s/files/1/0016/2745/5563/products/DoGoodWeekDecal.jpg?v=1735852709,DELTA GAMMA
Hannah's Closet - The Official Boutique for Delta Gamma,Banana Cream Tee,UPI2606186443,Shirts > Short sleeve t-shirts,https://cdn.shopify.com/s/files/1/0016/2745/5563/products/dqR665LQ.jpg?v=1735852645,DELTA GAMMA
Hannah's Closet - The Official Boutique for Delta Gamma,Gift Card,UPI2606184651,Paper/print goods > Certificates,https://cdn.shopify.com/s/files/1/0016/2745/5563/products/e38bd83af578077b65a31424bd24d085.png?v=1735852703,DELTA GAMMA
Hannah's Closet - The Official Boutique for Delta Gamma,Pastel Delta Gamma Tee,UPI2606186235,Shirts > Short sleeve t-shirts,https://cdn.shopify.com/s/files/1/0016/2745/5563/products/emGoEyqs.jpg?v=1735852655,DELTA GAMMA
Hannah's Closet - The Official Boutique for Delta Gamma,Longhorn Tank,UPI2606185995,Shirts > Tank tops,https://cdn.shopify.com/s/files/1/0016/2745/5563/products/FG4ObuLQ.jpg?v=1622211980,DELTA GAMMA
Hannah's Closet - The Official Boutique for Delta Gamma,Butterfly Deegee Tank,UPI2606181067,Shirts > Tank tops,https://cdn.shopify.com/s/files/1/0016/2745/5563/products/FL-EJ3Pw.jpg?v=1735852652,DELTA GAMMA
Hannah's Closet - The Official Boutique for Delta Gamma,Sunglasses Tee (day1),UPI2606188459,Shirts > Short sleeve t-shirts,https://cdn.shopify.com/s/files/1/0016/2745/5563/products/HCB_12DOS_-_DAY_1.jpg?v=1579814493,DELTA GAMMA
Hannah's Closet - The Official Boutique for Delta Gamma,Mint Script Tee (day10),UPI26061882031,Shirts > Short sleeve t-shirts,https://cdn.shopify.com/s/files/1/0016/2745/5563/products/HCB_12DOS_-_DAY_10.jpg?v=1579814493,DELTA GAMMA
Hannah's Closet - The Official Boutique for Delta Gamma,Stone Blue Retro Tee,UPI2606181099,Shirts > Short sleeve t-shirts,https://cdn.shopify.com/s/files/1/0016/2745/5563/products/HCB_12DOS_-_DAY_11.jpg?v=1579814494,DELTA GAMMA
Hannah's Closet - The Official Boutique for Delta Gamma,Anchored DG DG Tee (day12),UPI2606189323,Shirts > Short sleeve t-shirts,https://cdn.shopify.com/s/files/1/0016/2745/5563/products/HCB_12DOS_-_DAY_12.jpg?v=1579814495,DELTA GAMMA
Hannah's Closet - The Official Boutique for Delta Gamma,Delta Gamma Autograph Tee (day2),UPI2606184107,Shirts > Short sleeve t-shirts,https://cdn.shopify.com/s/files/1/0016/2745/5563/products/HCB_12DOS_-_DAY_2.jpg?v=1579814496,DELTA GAMMA
Hannah's Closet - The Official Boutique for Delta Gamma,1873 Retro Tee,UPI2606180331,Shirts > Short sleeve t-shirts,https://cdn.shopify.com/s/files/1/0016/2745/5563/products/HCB_12DOS_-_DAY_3.jpg?v=1579814496,DELTA GAMMA
Hannah's Closet - The Official Boutique for Delta Gamma,Road Trip (day4),UPI2606187387,Shirts > Short sleeve t-shirts,https://cdn.shopify.com/s/files/1/0016/2745/5563/products/HCB_12DOS_-_DAY_4.jpg?v=1579814497,DELTA GAMMA
Hannah's Closet - The Official Boutique for Delta Gamma,Ride the DeeGee Wave (day5),UPI2606184811,Shirts > Short sleeve t-shirts,https://cdn.shopify.com/s/files/1/0016/2745/5563/products/HCB_12DOS_-_DAY_5_1.jpg?v=1579814497,DELTA GAMMA
Hannah's Closet - The Official Boutique for Delta Gamma,Delta Gamma Arch,UPI2606182411,Shirts > Short sleeve t-shirts,https://cdn.shopify.com/s/files/1/0016/2745/5563/products/HCB_12DOS_-_DAY_6_1.jpg?v=1579814498,DELTA GAMMA
Hannah's Closet - The Official Boutique for Delta Gamma,Delta Gamma Glow (day7),UPI2606181611,Shirts > Short sleeve t-shirts,https://cdn.shopify.com/s/files/1/0016/2745/5563/products/HCB_12DOS_-_DAY_7_1.jpg?v=1579814499,DELTA GAMMA
Hannah's Closet - The Official Boutique for Delta Gamma,Cast the Anchor (day8),UPI2606189963,Shirts > Short sleeve t-shirts,https://cdn.shopify.com/s/files/1/0016/2745/5563/products/HCB_12DOS_-_DAY_8.jpg?v=1579814499,DELTA GAMMA
Hannah's Closet - The Official Boutique for Delta Gamma,Delta Gamma Rose (day9),UPI2606184059,Shirts > Short sleeve t-shirts,https://cdn.shopify.com/s/files/1/0016/2745/5563/products/HCB_12DOS_-_DAY_9.jpg?v=1579814500,DELTA GAMMA
Hannah's Closet - The Official Boutique for Delta Gamma,Established Patch Hat,UPI2606188267,Headwear > Billed hats,https://cdn.shopify.com/s/files/1/0016/2745/5563/products/HCB_17603.jpg?v=1571827671,DELTA GAMMA
Hannah's Closet - The Official Boutique for Delta Gamma,Team DG,UPI2606182059,Shirts > Short sleeve t-shirts,https://cdn.shopify.com/s/files/1/0016/2745/5563/products/HCB_18105.jpg?v=1735852727,DELTA GAMMA
Hannah's Closet - The Official Boutique for Delta Gamma,Hit the Deck Block Letter Tank,UPI2606180795,Shirts > Tank tops,https://cdn.shopify.com/s/files/1/0016/2745/5563/products/HCB_18107.jpg?v=1735852726,DELTA GAMMA
Hannah's Closet - The Official Boutique for Delta Gamma,White Marble Do Good Flowy Tank,UPI2606185803,Shirts > Tank tops,https://cdn.shopify.com/s/files/1/0016/2745/5563/products/HCB_18109.jpg?v=1735852725,DELTA GAMMA
Hannah's Closet - The Official Boutique for Delta Gamma,Step and Repeat Tee,UPI2606186171,Shirts > Short sleeve t-shirts,https://cdn.shopify.com/s/files/1/0016/2745/5563/products/HCB_18201-2.jpg?v=1653752554,DELTA GAMMA
Hannah's Closet - The Official Boutique for Delta Gamma,Navy with Pink Trim Graduation Stole,UPI26061891631,Apparel > Stoles,https://cdn.shopify.com/s/files/1/0016/2745/5563/products/HCB_18901.jpg?v=1735852722,DELTA GAMMA
Hannah's Closet - The Official Boutique for Delta Gamma,Conveniently Deegee Tee,UPI2606183707,Shirts > Short sleeve t-shirts,https://cdn.shopify.com/s/files/1/0016/2745/5563/products/HCB_19104-2.jpg?v=1571827816,DELTA GAMMA
Hannah's Closet - The Official Boutique for Delta Gamma,Colorful Palm Tee,UPI2606180379,Shirts > Short sleeve t-shirts,https://cdn.shopify.com/s/files/1/0016/2745/5563/products/HCB_19108-2.jpg?v=1653394874,DELTA GAMMA
Hannah's Closet - The Official Boutique for Delta Gamma,Lightening Bolt Tee,UPI2606189787,Shirts > Short sleeve t-shirts,https://cdn.shopify.com/s/files/1/0016/2745/5563/products/HCB_19110.jpg?v=1571827816,DELTA GAMMA
Hannah's Closet - The Official Boutique for Delta Gamma,Pink and Blue Graduation Cords,UPI2606181963,Apparel > Graduation cords,https://cdn.shopify.com/s/files/1/0016/2745/5563/products/HCB_cord.jpg?v=1735852710,DELTA GAMMA
Hannah's Closet - The Official Boutique for Delta Gamma,1873 Holiday Beanie,UPI26061882671,Headwear > Beanies,https://cdn.shopify.com/s/files/1/0016/2745/5563/products/HCB_HOLIDAYBEANIE.jpg?v=1735852708,DELTA GAMMA
Hannah's Closet - The Official Boutique for Delta Gamma,Holiday Ornament (19),UPI26061873071,Promotional > Ornaments,https://cdn.shopify.com/s/files/1/0016/2745/5563/products/HCB_HOLIDAYORNAMENT.jpg?v=1735852708,DELTA GAMMA
Hannah's Closet - The Official Boutique for Delta Gamma,Holiday Scarf,UPI2606182011,Apparel > Scarves,https://cdn.shopify.com/s/files/1/0016/2745/5563/products/HCB_HOLIDAYSCARF.jpg?v=1579814505,DELTA GAMMA
Hannah's Closet - The Official Boutique for Delta Gamma,Holiday Sweater,UPI2606187291,Apparel > Sweaters,https://cdn.shopify.com/s/files/1/0016/2745/5563/products/HCB_HOLIDAYSWEATER.jpg?v=1579814506,DELTA GAMMA
Hannah's Closet - The Official Boutique for Delta Gamma,Pink with Navy Trim Stole,UPI26061863631,Apparel > Stoles,https://cdn.shopify.com/s/files/1/0016/2745/5563/products/HCB_PINK_WITH_NAYVY.jpg?v=1735852707,DELTA GAMMA
Hannah's Closet - The Official Boutique for Delta Gamma,$15 Classic Bid Day Pack,UPI26061803311,Bundles > Gift sets,https://cdn.shopify.com/s/files/1/0016/2745/5563/products/HCB-15CLASSICPACK.jpg?v=1622755369,DELTA GAMMA
Hannah's Closet - The Official Boutique for Delta Gamma,DG in a Box Tee,UPI2606183195,Shirts > Short sleeve t-shirts,https://cdn.shopify.com/s/files/1/0016/2745/5563/products/HCB200101-White-3001.jpg?v=1735852706,DELTA GAMMA
Hannah's Closet - The Official Boutique for Delta Gamma,Marble Decal,UPI2606182603,Promotional > Decals,https://cdn.shopify.com/s/files/1/0016/2745/5563/products/HCB200102-Sticker.jpg?v=1582838586,DELTA GAMMA
Hannah's Closet - The Official Boutique for Delta Gamma,Electrifying Tee,UPI26061861711,Shirts > Short sleeve t-shirts,https://cdn.shopify.com/s/files/1/0016/2745/5563/products/HCB200201-Butter-1717.jpg?v=1735852706,DELTA GAMMA
Hannah's Closet - The Official Boutique for Delta Gamma,Small Letters Hat,UPI2606186971,Headwear > Billed hats,https://cdn.shopify.com/s/files/1/0016/2745/5563/products/HCB200202-Black-VC300A.jpg?v=1735852705,DELTA GAMMA
Hannah's Closet - The Official Boutique for Delta Gamma,Proud Member Tee,UPI26061834831,Shirts > Short sleeve t-shirts,https://cdn.shopify.com/s/files/1/0016/2745/5563/products/HCB200301-White-3001_f450f0d5-30b6-460d-ab4d-e95febee8c15.jpg?v=1735852700,DELTA GAMMA
Hannah's Closet - The Official Boutique for Delta Gamma,Simply DG Tee,UPI2606189915,Shirts > Short sleeve t-shirts,https://cdn.shopify.com/s/files/1/0016/2745/5563/products/HCB200302-Mauve-3001.jpg?v=1735852699,DELTA GAMMA
Hannah's Closet - The Official Boutique for Delta Gamma,Anchored in DG Hat,UPI2606181771,Headwear > Billed hats,https://cdn.shopify.com/s/files/1/0016/2745/5563/products/HCB200302-Navy-18-711.jpg?v=1735852705,DELTA GAMMA
Hannah's Closet - The Official Boutique for Delta Gamma,Classic Decal,UPI2606184315,Promotional > Stickers,https://cdn.shopify.com/s/files/1/0016/2745/5563/products/HCB200303-CarDecal.jpg?v=1735852704,DELTA GAMMA
Hannah's Closet - The Official Boutique for Delta Gamma,Forrest Logo Crewneck,UPI2606185819,Sweatshirts > Crewneck sweatshirts,https://cdn.shopify.com/s/files/1/0016/2745/5563/products/HCB200303-HSportDkGreen-18000.jpg?v=1735852699,DELTA GAMMA
Hannah's Closet - The Official Boutique for Delta Gamma,Navy Alumna Logo Vneck,UPI2606188171,Shirts > Short sleeve t-shirts,https://cdn.shopify.com/s/files/1/0016/2745/5563/products/HCB200304-Navy-6405_eb124d36-24af-4bee-a922-0413ef061ecb.jpg?v=1735852698,DELTA GAMMA
Hannah's Closet - The Official Boutique for Delta Gamma,Delta Gamma Does Good Crewneck,UPI26061813071,Sweatshirts > Crewneck sweatshirts,https://cdn.shopify.com/s/files/1/0016/2745/5563/products/HCB200305-Navy-18000.jpg?v=1735852698,DELTA GAMMA
Hannah's Closet - The Official Boutique for Delta Gamma,Flowy DG New Brand Tee,UPI2606184635,Shirts > Short sleeve t-shirts,https://cdn.shopify.com/s/files/1/0016/2745/5563/products/HCB200306-White-8816.jpg?v=1590700953,DELTA GAMMA
Hannah's Closet - The Official Boutique for Delta Gamma,The Do Good Sisterhood Tank,UPI2606185003,Shirts > Tank tops,https://cdn.shopify.com/s/files/1/0016/2745/5563/products/HCB200307-Mauve-8838.jpg?v=1735852697,DELTA GAMMA
Hannah's Closet - The Official Boutique for Delta Gamma,Brand Classic Crewneck,UPI2606183003,Sweatshirts > Crewneck sweatshirts,https://cdn.shopify.com/s/files/1/0016/2745/5563/products/HCB200308-White-18000.jpg?v=1735852696,DELTA GAMMA
Hannah's Closet - The Official Boutique for Delta Gamma,Classic Brand Hat,UPI2606186955,Headwear > Billed hats,https://cdn.shopify.com/s/files/1/0016/2745/5563/products/HCB200310-Grey-18722.jpg?v=1735852696,DELTA GAMMA
Hannah's Closet - The Official Boutique for Delta Gamma,Floral Brand Hat,UPI2606189723,Headwear > Billed hats,https://cdn.shopify.com/s/files/1/0016/2745/5563/products/HCB200311-White-18722.jpg?v=1735852695,DELTA GAMMA
Hannah's Closet - The Official Boutique for Delta Gamma,Do Good Sisterhood Hat,UPI2606187227,Headwear > Billed hats,https://cdn.shopify.com/s/files/1/0016/2745/5563/products/HCB200312-Maroon-18722_1000ad51-aabf-487b-ae66-c1335c77966a.jpg?v=1735852694,DELTA GAMMA
Hannah's Closet - The Official Boutique for Delta Gamma,New Brand Logo Zip-Up Jacket,UPI2606180843,Outerwear > Jackets,https://cdn.shopify.com/s/files/1/0016/2745/5563/products/HCB200313-HCharcoal-5901.jpg?v=1591305757,DELTA GAMMA
Hannah's Closet - The Official Boutique for Delta Gamma,Simply DG Hoodie,UPI2606185947,Sweatshirts > Hooded sweatshirts,https://cdn.shopify.com/s/files/1/0016/2745/5563/products/HCB200314-OldGold-18500.jpg?v=1735852694,DELTA GAMMA
Hannah's Closet - The Official Boutique for Delta Gamma,Classic Logo Cardigan,UPI2606189739,Apparel > Sweaters,https://cdn.shopify.com/s/files/1/0016/2745/5563/products/HCB200315-Ink-W173780.jpg?v=1591305753,DELTA GAMMA
Hannah's Closet - The Official Boutique for Delta Gamma,Proud Member LS Tee,UPI26061830511,Shirts > Long sleeve t-shirts,https://cdn.shopify.com/s/files/1/0016/2745/5563/products/HCB200316-Natural-3501.jpg?v=1735852693,DELTA GAMMA
Hannah's Closet - The Official Boutique for Delta Gamma,Brand Logo 1/4 Zip Pullover,UPI2606185115,Sweatshirts > 1/4 zip sweatshirts,https://cdn.shopify.com/s/files/1/0016/2745/5563/products/HCB200317-Navy-18800.jpg?v=1735852692,DELTA GAMMA
Hannah's Closet - The Official Boutique for Delta Gamma,Proud Member Pink Tee,UPI2606188427,Shirts > Short sleeve t-shirts,https://cdn.shopify.com/s/files/1/0016/2745/5563/products/HCB200318-Blossom-1717.jpg?v=1735852692,DELTA GAMMA
Hannah's Closet - The Official Boutique for Delta Gamma,New Brand Logo Denim Jacket,UPI2606182187,Outerwear > Jackets,https://cdn.shopify.com/s/files/1/0016/2745/5563/products/HCB200319-LightDenim-370J.jpg?v=1591305756,DELTA GAMMA
Hannah's Closet - The Official Boutique for Delta Gamma,Do Good Tote bag,UPI2606183483,Bags > Market tote bags,https://cdn.shopify.com/s/files/1/0016/2745/5563/products/HCB200320-LightPink-Q800.jpg?v=1591305755,DELTA GAMMA
Hannah's Closet - The Official Boutique for Delta Gamma,Alumna Logo Decal,UPI2606181707,Promotional > Stickers,https://cdn.shopify.com/s/files/1/0016/2745/5563/products/HCB200322-Decal.jpg?v=1591305752,DELTA GAMMA
Hannah's Closet - The Official Boutique for Delta Gamma,Stand With Us Notecards,UPI2606185195,Stationery > Note cards,https://cdn.shopify.com/s/files/1/0016/2745/5563/products/HCB200323-Notecards.jpg?v=1735852691,DELTA GAMMA
Hannah's Closet - The Official Boutique for Delta Gamma,New Brand Decal,UPI2606185707,Promotional > Stickers,https://cdn.shopify.com/s/files/1/0016/2745/5563/products/HCB200325-Sticker.jpg?v=1590782515,DELTA GAMMA
Hannah's Closet - The Official Boutique for Delta Gamma,Crest Decal- Coat of Arms Sticker,UPI2606185899,Promotional > Stickers,https://cdn.shopify.com/s/files/1/0016/2745/5563/products/HCB200326-Sticker.jpg?v=1735852690,DELTA GAMMA
Hannah's Closet - The Official Boutique for Delta Gamma,Do Good Sisterhood Decal,UPI2606185099,Promotional > Stickers,https://cdn.shopify.com/s/files/1/0016/2745/5563/products/HCB200327-Sticker.jpg?v=1735852690,DELTA GAMMA
Hannah's Closet - The Official Boutique for Delta Gamma,The Do Good Sisterhood Tee,UPI2606182155,Shirts > Short sleeve t-shirts,https://cdn.shopify.com/s/files/1/0016/2745/5563/products/HCB200328-Aqua-3001.jpg?v=1735852689,DELTA GAMMA
Hannah's Closet - The Official Boutique for Delta Gamma,The New DG Tee,UPI2606180475,Shirts > Short sleeve t-shirts,https://cdn.shopify.com/s/files/1/0016/2745/5563/products/HCB200329-Chambray-6030-Back.jpg?v=1735852688,DELTA GAMMA
Hannah's Closet - The Official Boutique for Delta Gamma,Roses and DG Crewneck,UPI2606185931,Sweatshirts > Crewneck sweatshirts,https://cdn.shopify.com/s/files/1/0016/2745/5563/products/HCB200330-CarolinaBlue-18000.jpg?v=1735852688,DELTA GAMMA
Hannah's Closet - The Official Boutique for Delta Gamma,Strength In Sisterhood Tee,UPI26061857551,Shirts > Short sleeve t-shirts,https://cdn.shopify.com/s/files/1/0016/2745/5563/products/HCB200601-Chambray-1717-B.jpg?v=1588281769,DELTA GAMMA
Hannah's Closet - The Official Boutique for Delta Gamma,Starry Sky Crewneck,UPI2606188155,Sweatshirts > Crewneck sweatshirts,https://cdn.shopify.com/s/files/1/0016/2745/5563/products/HCB200602.jpg?v=1735852701,DELTA GAMMA
Hannah's Closet - The Official Boutique for Delta Gamma,Delta Gamma Mom Tee,UPI2606180667,Shirts > Short sleeve t-shirts,https://cdn.shopify.com/s/files/1/0016/2745/5563/products/HCB200701-3001-Navy.jpg?v=1735852613,DELTA GAMMA
Hannah's Closet - The Official Boutique for Delta Gamma,DG Mom Flowy Tee,UPI2606189899,Shirts > Short sleeve t-shirts,https://cdn.shopify.com/s/files/1/0016/2745/5563/products/HCB200701-Midnight-8816.jpg?v=1619042351,DELTA GAMMA
Hannah's Closet - The Official Boutique for Delta Gamma,DG Mom Hat,UPI2606187579,Headwear > Billed hats,https://cdn.shopify.com/s/files/1/0016/2745/5563/products/HCB200702-18202-PINK-EMB.jpg?v=1735852659,DELTA GAMMA
Hannah's Closet - The Official Boutique for Delta Gamma,DG Mom Tote,UPI26061869551,Bags > Market tote bags,https://cdn.shopify.com/s/files/1/0016/2745/5563/products/HCB200703-White-Q800.jpg?v=1735852658,DELTA GAMMA
Hannah's Closet - The Official Boutique for Delta Gamma,DG Dad Tee,UPI26061826672,Shirts > Short sleeve t-shirts,https://cdn.shopify.com/s/files/1/0016/2745/5563/products/HCB200704-5000-Navy.jpg?v=1735852660,DELTA GAMMA
Hannah's Closet - The Official Boutique for Delta Gamma,DG Dad Hat,UPI26061848111,Headwear > Billed hats,https://cdn.shopify.com/s/files/1/0016/2745/5563/products/HCB200705-18202-White-EMB.jpg?v=1735852660,DELTA GAMMA
Hannah's Closet - The Official Boutique for Delta Gamma,Delta Gamma Alumna Tee,UPI2606183627,Shirts > Short sleeve t-shirts,https://cdn.shopify.com/s/files/1/0016/2745/5563/products/HCB201001-White-3001.jpg?v=1735852677,DELTA GAMMA
Hannah's Closet - The Official Boutique for Delta Gamma,Alumna Hooded Sweatshirt,UPI2606189275,Sweatshirts > Hooded sweatshirts,https://cdn.shopify.com/s/files/1/0016/2745/5563/products/HCB201002-Mauve-3719_8574001f-4f35-4b19-9252-2a67acc67b0e.jpg?v=1735852676,DELTA GAMMA
Hannah's Closet - The Official Boutique for Delta Gamma,Deep Teal Alumna Tee,UPI26061807951,Shirts > Short sleeve t-shirts,https://cdn.shopify.com/s/files/1/0016/2745/5563/products/HCB201003-DeepTeal-3001_e873ae9b-2d76-4b3d-b026-62d01082a7e5.jpg?v=1735852675,DELTA GAMMA
Hannah's Closet - The Official Boutique for Delta Gamma,Alumna New Logo Slouchy Tee,UPI26061801711,Shirts > Short sleeve t-shirts,https://cdn.shopify.com/s/files/1/0016/2745/5563/products/HCB201004-Midnight-8816_48841619-b2ee-4d6b-8205-eae43674e839.jpg?v=1602518989,DELTA GAMMA
Hannah's Closet - The Official Boutique for Delta Gamma,Do Good Alumna Sweatshirt,UPI2606180363,Sweatshirts > Crewneck sweatshirts,https://cdn.shopify.com/s/files/1/0016/2745/5563/products/HCB201005-18000-Navy.jpg?v=1735852675,DELTA GAMMA
Hannah's Closet - The Official Boutique for Delta Gamma,Alumna Anchor Pocket Tee,UPI2606182507,Shirts > Short sleeve t-shirts,https://cdn.shopify.com/s/files/1/0016/2745/5563/products/HCB201006-White-6030.jpg?v=1602519031,DELTA GAMMA
Hannah's Closet - The Official Boutique for Delta Gamma,Classic Alumna Sweatshirt,UPI2606184843,Sweatshirts > Crewneck sweatshirts,https://cdn.shopify.com/s/files/1/0016/2745/5563/products/HCB201007-CarolinaBlue-18000.jpg?v=1735852674,DELTA GAMMA
Hannah's Closet - The Official Boutique for Delta Gamma,Golden Anchor Alumna Sweatshirt,UPI2606181723,Sweatshirts > Crewneck sweatshirts,https://cdn.shopify.com/s/files/1/0016/2745/5563/products/HCB201008-White-18000.jpg?v=1735852673,DELTA GAMMA
Hannah's Closet - The Official Boutique for Delta Gamma,Blue Alumna Polo,UPI2606181307,Shirts > Short sleeve polo shirts,https://cdn.shopify.com/s/files/1/0016/2745/5563/products/HCB201009-LightBlue-437WR.jpg?v=1598882231,DELTA GAMMA
Hannah's Closet - The Official Boutique for Delta Gamma,Gold Letter Alumna Polo,UPI2606182843,Shirts > Short sleeve polo shirts,https://cdn.shopify.com/s/files/1/0016/2745/5563/products/HCB201010-White-437WR.jpg?v=1598882328,DELTA GAMMA
Hannah's Closet - The Official Boutique for Delta Gamma,Delta Gamma Cardigan,UPI2606185467,Apparel > Sweaters,https://cdn.shopify.com/s/files/1/0016/2745/5563/products/HCB201013-Grey-13VS007.jpg?v=1598882559,DELTA GAMMA
Hannah's Closet - The Official Boutique for Delta Gamma,Timeless Tee,UPI2606181467,Shirts > Short sleeve t-shirts,https://cdn.shopify.com/s/files/1/0016/2745/5563/products/HCB201015-HeatherMaroon-3001CVC.jpg?v=1735852673,DELTA GAMMA
Hannah's Closet - The Official Boutique for Delta Gamma,Logo Hooded Sweatshirt,UPI2606181483,Sweatshirts > Hooded sweatshirts,https://cdn.shopify.com/s/files/1/0016/2745/5563/products/HCB201017-HeatherForest-3719.jpg?v=1735852672,DELTA GAMMA
Hannah's Closet - The Official Boutique for Delta Gamma,Pursuit of Doing Good Sweatshirt,UPI2606189387,Sweatshirts > Crewneck sweatshirts,https://cdn.shopify.com/s/files/1/0016/2745/5563/products/HCB201018-HeatherSportDarkMaroon-18000.jpg?v=1735852671,DELTA GAMMA
Hannah's Closet - The Official Boutique for Delta Gamma,DG Alumna Ladies Tee,UPI26061802031,Shirts > Short sleeve t-shirts,https://cdn.shopify.com/s/files/1/0016/2745/5563/products/HCB201019-Chambray-3333.jpg?v=1735852671,DELTA GAMMA
Hannah's Closet - The Official Boutique for Delta Gamma,Alumna Logo Ladies Tee,UPI2606181211,Shirts > Short sleeve t-shirts,https://cdn.shopify.com/s/files/1/0016/2745/5563/products/HCB201020-White-3333_fb07a22a-5f2b-449a-961a-70e7f59fc5f6.jpg?v=1602519049,DELTA GAMMA
Hannah's Closet - The Official Boutique for Delta Gamma,Blue Alumna Tote,UPI2606185867,Bags > Market tote bags,https://cdn.shopify.com/s/files/1/0016/2745/5563/products/HCB201021-CarolinaBlue-Q800.jpg?v=1735852670,DELTA GAMMA
Hannah's Closet - The Official Boutique for Delta Gamma,Lifetime Member Tote,UPI26061860591,Bags > Market tote bags,https://cdn.shopify.com/s/files/1/0016/2745/5563/products/HCB201022-Natural-Q800.jpg?v=1735852670,DELTA GAMMA
Hannah's Closet - The Official Boutique for Delta Gamma,Maroon Alumna Logo Tote,UPI2606188395,Bags > Market tote bags,https://cdn.shopify.com/s/files/1/0016/2745/5563/products/HCB201023-Maroon-Q800.jpg?v=1735852669,DELTA GAMMA
Hannah's Closet - The Official Boutique for Delta Gamma,Timeless Tote,UPI2606184027,Bags > Market tote bags,https://cdn.shopify.com/s/files/1/0016/2745/5563/products/HCB201024-White-Q800.jpg?v=1735852669,DELTA GAMMA
Hannah's Closet - The Official Boutique for Delta Gamma,White Alumna Logo Hat,UPI2606187963,Headwear > Billed hats,https://cdn.shopify.com/s/files/1/0016/2745/5563/products/HCB201026-White-VC300A.jpg?v=1735852668,DELTA GAMMA
Hannah's Closet - The Official Boutique for Delta Gamma,Green & Gold Alumna Hat,UPI2606180203,Headwear > Billed hats,https://cdn.shopify.com/s/files/1/0016/2745/5563/products/HCB201027-DarkGreen-7601.jpg?v=1598883862,DELTA GAMMA
Hannah's Closet - The Official Boutique for Delta Gamma,Roses Hat,UPI2606182091,Headwear > Billed hats,https://cdn.shopify.com/s/files/1/0016/2745/5563/products/HCB201028-Wine-7601.jpg?v=1735852668,DELTA GAMMA
Hannah's Closet - The Official Boutique for Delta Gamma,Delta Gamma Sticker Sheet,UPI2606181259,Promotional > Stickers,https://cdn.shopify.com/s/files/1/0016/2745/5563/products/HCB201033-StickerSheet.jpg?v=1735852667,DELTA GAMMA
Hannah's Closet - The Official Boutique for Delta Gamma,"Do Good Week Navy ""Be Kind"" Pocket Tee",UPI2606187867,Shirts > Short sleeve t-shirts,https://cdn.shopify.com/s/files/1/0016/2745/5563/products/HCB201101-Back-Navy-6030.jpg?v=1735852681,DELTA GAMMA
Hannah's Closet - The Official Boutique for Delta Gamma,Do Good Week Chambray World Tee,UPI2606180827,Shirts > Short sleeve t-shirts,https://cdn.shopify.com/s/files/1/0016/2745/5563/products/HCB201102-Back-Chambray-1717.jpg?v=1597778432,DELTA GAMMA
Hannah's Closet - The Official Boutique for Delta Gamma,Do Good In The World Tee,UPI2606182523,Shirts > Short sleeve t-shirts,https://cdn.shopify.com/s/files/1/0016/2745/5563/products/HCB201103-White-3001_1.jpg?v=1735852681,DELTA GAMMA
Hannah's Closet - The Official Boutique for Delta Gamma,Spread Good Tee,UPI2606187243,Shirts > Short sleeve t-shirts,https://cdn.shopify.com/s/files/1/0016/2745/5563/products/HCB201104-SoftPink-3001_1.jpg?v=1735852680,DELTA GAMMA
Hannah's Closet - The Official Boutique for Delta Gamma,Do Good Week Sticker,UPI2606186907,Promotional > Stickers,https://cdn.shopify.com/s/files/1/0016/2745/5563/products/HCB201105-Decal_1.jpg?v=1735852680,DELTA GAMMA
Hannah's Closet - The Official Boutique for Delta Gamma,Do Good Week Hat,UPI2606183931,Headwear > Billed hats,https://cdn.shopify.com/s/files/1/0016/2745/5563/products/HCB201105-White-18772.jpg?v=1735852679,DELTA GAMMA
Hannah's Closet - The Official Boutique for Delta Gamma,Be Kind Do Good Crewneck,UPI2606188331,Sweatshirts > Crewneck sweatshirts,https://cdn.shopify.com/s/files/1/0016/2745/5563/products/HCB201107-Sand-18000.jpg?v=1735852679,DELTA GAMMA
Hannah's Closet - The Official Boutique for Delta Gamma,Do Good In The World Crewneck,UPI26061811951,Sweatshirts > Crewneck sweatshirts,https://cdn.shopify.com/s/files/1/0016/2745/5563/products/HCB201108-HeatherSportDarkGreen-18000.jpg?v=1735852678,DELTA GAMMA
Hannah's Closet - The Official Boutique for Delta Gamma,Be Kind Do Good Slouchy Tank,UPI26061845071,Shirts > Tank tops,https://cdn.shopify.com/s/files/1/0016/2745/5563/products/HCB201109-White-8838.jpg?v=1735852677,DELTA GAMMA
Hannah's Closet - The Official Boutique for Delta Gamma,Do Good Wherever Tote,UPI2606182459,Bags > Market tote bags,https://cdn.shopify.com/s/files/1/0016/2745/5563/products/HCB201110-Navy-Q600.jpg?v=1597783535,DELTA GAMMA
Hannah's Closet - The Official Boutique for Delta Gamma,Do Good World Tote,UPI2606188715,Bags > Market tote bags,https://cdn.shopify.com/s/files/1/0016/2745/5563/products/HCB201111-LightPink-Q600.jpg?v=1597783631,DELTA GAMMA
Hannah's Closet - The Official Boutique for Delta Gamma,Embroidered Twill Beanie,UPI2606181579,Headwear > Beanies,https://cdn.shopify.com/s/files/1/0016/2745/5563/products/HCB201301-White-TW5003-EMB.jpg?v=1735852667,DELTA GAMMA
Hannah's Closet - The Official Boutique for Delta Gamma,Sandwash Crew,UPI2606187563,Sweatshirts > Crewneck sweatshirts,https://cdn.shopify.com/s/files/1/0016/2745/5563/products/HCB201303-Maroon-7760.jpg?v=1735852666,DELTA GAMMA
Hannah's Closet - The Official Boutique for Delta Gamma,Snowflake Tee,UPI2606181595,Shirts > Short sleeve t-shirts,https://cdn.shopify.com/s/files/1/0016/2745/5563/products/HCB201304-White-3001.jpg?v=1735852665,DELTA GAMMA
Hannah's Closet - The Official Boutique for Delta Gamma,Outside The Lines Sticker,UPI2606182043,Promotional > Stickers,https://cdn.shopify.com/s/files/1/0016/2745/5563/products/HCB201305-Decal.jpg?v=1735852665,DELTA GAMMA
Hannah's Closet - The Official Boutique for Delta Gamma,Reindeer Games Crew,UPI2606186427,Sweatshirts > Crewneck sweatshirts,https://cdn.shopify.com/s/files/1/0016/2745/5563/products/HCB201308-Forest-18000.jpg?v=1735852664,DELTA GAMMA
Hannah's Closet - The Official Boutique for Delta Gamma,Stitch It Crew,UPI26061819631,Sweatshirts > Crewneck sweatshirts,https://cdn.shopify.com/s/files/1/0016/2745/5563/products/HCB201309-Ash-18000.jpg?v=1735852663,DELTA GAMMA
Hannah's Closet - The Official Boutique for Delta Gamma,Script Hoodie,UPI2606187947,Sweatshirts > Hooded sweatshirts,https://cdn.shopify.com/s/files/1/0016/2745/5563/products/HCB201310-HSPDKGREEN-18500.jpg?v=1735852663,DELTA GAMMA
Hannah's Closet - The Official Boutique for Delta Gamma,Outside The Lines Hoodie,UPI2606186699,Sweatshirts > Hooded sweatshirts,https://cdn.shopify.com/s/files/1/0016/2745/5563/products/HCB201311-LightBlue-18500.jpg?v=1735852662,DELTA GAMMA
Hannah's Closet - The Official Boutique for Delta Gamma,Trees on Tees,UPI2606189291,Shirts > Short sleeve t-shirts,https://cdn.shopify.com/s/files/1/0016/2745/5563/products/HCB201312-HCardinal-3001CVC.jpg?v=1735852661,DELTA GAMMA
Hannah's Closet - The Official Boutique for Delta Gamma,Leadership Tote,UPI2606182891,Bags > Market tote bags,https://cdn.shopify.com/s/files/1/0016/2745/5563/products/HCB210201-Navy-Q600.jpg?v=1735852657,DELTA GAMMA
Hannah's Closet - The Official Boutique for Delta Gamma,OTS Volunteer Water Bottle,UPI2606181835,Water bottles > Plastic water bottles,https://cdn.shopify.com/s/files/1/0016/2745/5563/products/HCB210203-22681.jpg?v=1735852655,DELTA GAMMA
Hannah's Closet - The Official Boutique for Delta Gamma,OTS 1/4 Zip Pullover,UPI2606189147,Sweatshirts > 1/4 zip sweatshirts,https://cdn.shopify.com/s/files/1/0016/2745/5563/products/HCB210204-Navy-995M-EMB.jpg?v=1620848434,DELTA GAMMA
Hannah's Closet - The Official Boutique for Delta Gamma,OTS Volunteer Hat,UPI2606184331,Headwear > Billed hats,https://cdn.shopify.com/s/files/1/0016/2745/5563/products/HCB210205-VC300A-LightPink-EMB.jpg?v=1735852657,DELTA GAMMA
Hannah's Closet - The Official Boutique for Delta Gamma,Sisterhood Tote - Tier 1,UPI2606182907,Bags > Market tote bags,https://cdn.shopify.com/s/files/1/0016/2745/5563/products/HCB210301-Navy-Q600.jpg?v=1624545624,DELTA GAMMA
Hannah's Closet - The Official Boutique for Delta Gamma,Sisterhood Tote - Tier 2,UPI2606183979,Bags > Market tote bags,https://cdn.shopify.com/s/files/1/0016/2745/5563/products/HCB210301-Navy-Q600_cdb0a1e1-e167-475d-8d59-53e283d3835b.jpg?v=1624545659,DELTA GAMMA
Hannah's Closet - The Official Boutique for Delta Gamma,Anchored Tote - Tier 2,UPI2606185291,Bags > Market tote bags,https://cdn.shopify.com/s/files/1/0016/2745/5563/products/HCB210302-White-Q600_1.jpg?v=1735852636,DELTA GAMMA
Hannah's Closet - The Official Boutique for Delta Gamma,Anchored Tote - Tier 1,UPI2606181899,Bags > Market tote bags,https://cdn.shopify.com/s/files/1/0016/2745/5563/products/HCB210302-White-Q600_1_4c2ecd5a-cc00-4489-a659-936d6617bf1d.jpg?v=1735852635,DELTA GAMMA
Hannah's Closet - The Official Boutique for Delta Gamma,Faithful & True Note Cards - Tier 1,UPI2606187083,Stationery > Note cards,https://cdn.shopify.com/s/files/1/0016/2745/5563/products/HCB210303-Notecard1_1.jpg?v=1735852635,DELTA GAMMA
Hannah's Closet - The Official Boutique for Delta Gamma,Faithful & True Note Cards - Tier 2,UPI26061878671,Stationery > Note cards,https://cdn.shopify.com/s/files/1/0016/2745/5563/products/HCB210303-Notecard1_1_4ab8d905-df84-43f3-a165-9183fb518256.jpg?v=1735852634,DELTA GAMMA
Hannah's Closet - The Official Boutique for Delta Gamma,Anchored In Sisterhood Note Cards - Tier 2,UPI26061827791,Stationery > Note cards,https://cdn.shopify.com/s/files/1/0016/2745/5563/products/HCB210303-Notecard2.jpg?v=1735852634,DELTA GAMMA
Hannah's Closet - The Official Boutique for Delta Gamma,Anchored In Sisterhood Note Cards - Tier 1,UPI2606188315,Stationery > Note cards,https://cdn.shopify.com/s/files/1/0016/2745/5563/products/HCB210303-Notecard2_cdb5c57f-9ab9-47ff-8c62-4e3d4f23cbaa.jpg?v=1735852633,DELTA GAMMA
Hannah's Closet - The Official Boutique for Delta Gamma,Loyally Anchored Hat - Tier 2,UPI2606183051,Headwear > Billed hats,https://cdn.shopify.com/s/files/1/0016/2745/5563/products/HCB210304-Navy-VC300A.jpg?v=1735852632,DELTA GAMMA
Hannah's Closet - The Official Boutique for Delta Gamma,Loyally Anchored Hat - Tier 1,UPI2606186891,Headwear > Billed hats,https://cdn.shopify.com/s/files/1/0016/2745/5563/products/HCB210304-Navy-VC300A_7ce7397b-a023-46e1-8e77-bd40fd44cd9e.jpg?v=1735852631,DELTA GAMMA
Hannah's Closet - The Official Boutique for Delta Gamma,Loyally Anchored Cardigan - Tier 1,UPI2606186267,Apparel > Sweaters,https://cdn.shopify.com/s/files/1/0016/2745/5563/products/HCB210305-Navy-L515.jpg?v=1735852630,DELTA GAMMA
Hannah's Closet - The Official Boutique for Delta Gamma,Loyally Anchored Cardigan - Tier 2,UPI2606185211,Apparel > Sweaters,https://cdn.shopify.com/s/files/1/0016/2745/5563/products/HCB210305-Navy-L515_d99342ae-4b60-4bba-b41f-30d96e4c3ff9.jpg?v=1735852630,DELTA GAMMA
Hannah's Closet - The Official Boutique for Delta Gamma,Do Good Sisterhood Flowy Tee - Tier 2,UPI2606188251,Shirts > Short sleeve t-shirts,https://cdn.shopify.com/s/files/1/0016/2745/5563/products/HCB210306-White-8816.jpg?v=1735852629,DELTA GAMMA
Hannah's Closet - The Official Boutique for Delta Gamma,Do Good Sisterhood Flowy Tee - Tier 1,UPI2606184507,Shirts > Short sleeve t-shirts,https://cdn.shopify.com/s/files/1/0016/2745/5563/products/HCB210306-White-8816_3957d758-1498-45ef-9856-16a46376e93f.jpg?v=1735852629,DELTA GAMMA
Hannah's Closet - The Official Boutique for Delta Gamma,Loyally Anchored Flowy Tee - Tier 2,UPI2606188619,Shirts > Short sleeve t-shirts,https://cdn.shopify.com/s/files/1/0016/2745/5563/products/HCB210307-White-8816.jpg?v=1735852627,DELTA GAMMA
Hannah's Closet - The Official Boutique for Delta Gamma,Loyally Anchored Flowy Tee - Tier 1,UPI26061829071,Shirts > Short sleeve t-shirts,https://cdn.shopify.com/s/files/1/0016/2745/5563/products/HCB210307-White-8816_1ad3824f-5cde-482f-8a1e-62c667aa6b82.jpg?v=1735852627,DELTA GAMMA
Hannah's Closet - The Official Boutique for Delta Gamma,Loyally Anchored Sticker- Tier 1,UPI2606186619,Promotional > Stickers,https://cdn.shopify.com/s/files/1/0016/2745/5563/products/HCB210308-Sticker.jpg?v=1735852633,DELTA GAMMA
Hannah's Closet - The Official Boutique for Delta Gamma,Loyally Anchored Decal - Tier 2,UPI26061887631,Promotional > Stickers,https://cdn.shopify.com/s/files/1/0016/2745/5563/products/HCB210308-Sticker_81a1a5b9-2e63-4dc8-a2ed-3767144389d6.jpg?v=1735852632,DELTA GAMMA
Hannah's Closet - The Official Boutique for Delta Gamma,Citrus Tank,UPI2606186363,Shirts > Tank tops,https://cdn.shopify.com/s/files/1/0016/2745/5563/products/HCB210501-Yellow-4000.jpg?v=1624393980,DELTA GAMMA
Hannah's Closet - The Official Boutique for Delta Gamma,A Little Smiley Tank,UPI2606185739,Shirts > Tank tops,https://cdn.shopify.com/s/files/1/0016/2745/5563/products/HCB210502-Lime-1080.jpg?v=1624394061,DELTA GAMMA
Hannah's Closet - The Official Boutique for Delta Gamma,Fire Tank,UPI2606186187,Shirts > Tank tops,https://cdn.shopify.com/s/files/1/0016/2745/5563/products/HCB210503-Black-1080.jpg?v=1735852637,DELTA GAMMA
Hannah's Closet - The Official Boutique for Delta Gamma,Flower Petals Tank,UPI2606188955,Shirts > Tank tops,https://cdn.shopify.com/s/files/1/0016/2745/5563/products/HCB210504-Turq-4070.jpg?v=1624394135,DELTA GAMMA
Hannah's Closet - The Official Boutique for Delta Gamma,Marquee Tank,UPI2606184491,Shirts > Tank tops,https://cdn.shopify.com/s/files/1/0016/2745/5563/products/HCB210505-Berry-1080.jpg?v=1624394185,DELTA GAMMA
Hannah's Closet - The Official Boutique for Delta Gamma,Classic Cherry Tank,UPI2606187259,Shirts > Tank tops,https://cdn.shopify.com/s/files/1/0016/2745/5563/products/HCB210506-White-1080.jpg?v=1735852636,DELTA GAMMA
Hannah's Closet - The Official Boutique for Delta Gamma,Real Thing Tank,UPI2606189403,Shirts > Tank tops,https://cdn.shopify.com/s/files/1/0016/2745/5563/products/HCB210507-Red-4070.jpg?v=1624394317,DELTA GAMMA
Hannah's Closet - The Official Boutique for Delta Gamma,Miami Tank,UPI2606187707,Shirts > Tank tops,https://cdn.shopify.com/s/files/1/0016/2745/5563/products/HCB210508-Pink-1080.jpg?v=1624394388,DELTA GAMMA
Hannah's Closet - The Official Boutique for Delta Gamma,Crest Crew,UPI2606185323,Sweatshirts > Crewneck sweatshirts,https://cdn.shopify.com/s/files/1/0016/2745/5563/products/HCB210601-PRM3500-PigmentBlack.jpg?v=1735852622,DELTA GAMMA
Hannah's Closet - The Official Boutique for Delta Gamma,Alumna Crest Crew,UPI2606182139,Sweatshirts > Crewneck sweatshirts,https://cdn.shopify.com/s/files/1/0016/2745/5563/products/HCB210602-PRM3500-Sandstone.jpg?v=1735852621,DELTA GAMMA
Hannah's Closet - The Official Boutique for Delta Gamma,Crest Hoodie,UPI2606180187,Sweatshirts > Hooded sweatshirts,https://cdn.shopify.com/s/files/1/0016/2745/5563/products/HCB210603-18500-White-Back.jpg?v=1735852620,DELTA GAMMA
Hannah's Closet - The Official Boutique for Delta Gamma,Lettered Hats,UPI2606184603,Headwear > Billed hats,https://cdn.shopify.com/s/files/1/0016/2745/5563/products/HCB210606-BA703-Burgundy-EMB.jpg?v=1735852623,DELTA GAMMA
Hannah's Closet - The Official Boutique for Delta Gamma,Alumna Script Hats,UPI26061855151,Headwear > Billed hats,https://cdn.shopify.com/s/files/1/0016/2745/5563/products/HCB210607-BA703-Burgundy-EMB.jpg?v=1735852619,DELTA GAMMA
Hannah's Closet - The Official Boutique for Delta Gamma,Established Beanie,UPI2606182859,Headwear > Beanies,https://cdn.shopify.com/s/files/1/0016/2745/5563/products/HCB210608-SP15-Black-EMB.jpg?v=1735852618,DELTA GAMMA
Hannah's Closet - The Official Boutique for Delta Gamma,Alumna Hooded Cardigan,UPI2606188491,Apparel > Sweaters,https://cdn.shopify.com/s/files/1/0016/2745/5563/products/HCB210609-DT156-BlackFrost-EMB.jpg?v=1735852618,DELTA GAMMA
Hannah's Closet - The Official Boutique for Delta Gamma,Hooded Cardigan,UPI2606184747,Apparel > Sweaters,https://cdn.shopify.com/s/files/1/0016/2745/5563/products/HCB210610-DT156-BlackFrost-EMB.jpg?v=1735852617,DELTA GAMMA
Hannah's Closet - The Official Boutique for Delta Gamma,Large Letter Sweatshirt,UPI2606181003,Sweatshirts > Crewneck sweatshirts,https://cdn.shopify.com/s/files/1/0016/2745/5563/products/HCB210611-18000-Maroon.jpg?v=1735852616,DELTA GAMMA
Hannah's Closet - The Official Boutique for Delta Gamma,Alumna Large Letter Sweatshirt,UPI2606182795,Sweatshirts > Crewneck sweatshirts,https://cdn.shopify.com/s/files/1/0016/2745/5563/products/HCB210612-18000-MilitaryGreen.jpg?v=1735852615,DELTA GAMMA
Hannah's Closet - The Official Boutique for Delta Gamma,Crest Button,UPI2606188971,Promotional > Pin-back buttons,https://cdn.shopify.com/s/files/1/0016/2745/5563/products/HCB210613-Button.jpg?v=1735852615,DELTA GAMMA
Hannah's Closet - The Official Boutique for Delta Gamma,Established Square Decal,UPI26061837071,Promotional > Decals,https://cdn.shopify.com/s/files/1/0016/2745/5563/products/HCB210614-Sticker.jpg?v=1735852614,DELTA GAMMA
Hannah's Closet - The Official Boutique for Delta Gamma,Shadow Boxed Sweatshirt,UPI2606186123,Sweatshirts > Crewneck sweatshirts,https://cdn.shopify.com/s/files/1/0016/2745/5563/products/HCB220001-LTPINK-18000.jpg?v=1735852610,DELTA GAMMA
Hannah's Closet - The Official Boutique for Delta Gamma,Zapped Delta Gamma Tee,UPI2606182731,Shirts > Short sleeve t-shirts,https://cdn.shopify.com/s/files/1/0016/2745/5563/products/HCB220002-NAVY-5000.jpg?v=1735852609,DELTA GAMMA
Hannah's Closet - The Official Boutique for Delta Gamma,Floral Trio,UPI2606187643,Shirts > Short sleeve t-shirts,https://cdn.shopify.com/s/files/1/0016/2745/5563/products/HCB220003-LTBLUE-5000.jpg?v=1735852609,DELTA GAMMA
Hannah's Closet - The Official Boutique for Delta Gamma,I am Enough Tote,UPI26061887151,Bags > Market tote bags,https://cdn.shopify.com/s/files/1/0016/2745/5563/products/HCB220004-white-Q800_1.jpg?v=1735852608,DELTA GAMMA
Hannah's Closet - The Official Boutique for Delta Gamma,Two Tone Hat,UPI26061853231,Headwear > Billed hats,https://cdn.shopify.com/s/files/1/0016/2745/5563/products/HCB220005-WHITE-VC300A-EMB.jpg?v=1735852608,DELTA GAMMA
Hannah's Closet - The Official Boutique for Delta Gamma,Trucker Hat,UPI2606184699,Headwear > Billed hats,https://cdn.shopify.com/s/files/1/0016/2745/5563/products/HCB220008-NAVY-6006W-EMB.jpg?v=1674149469,DELTA GAMMA
Hannah's Closet - The Official Boutique for Delta Gamma,Butterfly Ring Tank,UPI2606186667,Shirts > Tank tops,https://cdn.shopify.com/s/files/1/0016/2745/5563/products/HCB220009-WHITE-8809.jpg?v=1735852607,DELTA GAMMA
Hannah's Closet - The Official Boutique for Delta Gamma,Offline Tee,UPI2606186491,Shirts > Short sleeve t-shirts,https://cdn.shopify.com/s/files/1/0016/2745/5563/products/HCB220010-CHARCOAL-6413.jpg?v=1735852606,DELTA GAMMA
Hannah's Closet - The Official Boutique for Delta Gamma,Always Crop Tank,UPI2606184171,Shirts > Tank tops,https://cdn.shopify.com/s/files/1/0016/2745/5563/products/HCB220011-MAUVE-6682.jpg?v=1735852606,DELTA GAMMA
Hannah's Closet - The Official Boutique for Delta Gamma,Four Star Flowy Tee,UPI26061856911,Shirts > Short sleeve t-shirts,https://cdn.shopify.com/s/files/1/0016/2745/5563/products/HCB220012-BLACK-8816.jpg?v=1659024349,DELTA GAMMA
Hannah's Closet - The Official Boutique for Delta Gamma,Unicorn Hoodie,UPI2606184443,Sweatshirts > Hooded sweatshirts,https://cdn.shopify.com/s/files/1/0016/2745/5563/products/HCB220013-Unicorn-CD8600_2d31d01a-7964-444d-a8d8-a55617839c30.jpg?v=1735852605,DELTA GAMMA
Hannah's Closet - The Official Boutique for Delta Gamma,150th Logo Cropped 1/4 Zip,UPI26061892911,Sweatshirts > 1/4 zip sweatshirts,https://cdn.shopify.com/s/files/1/0016/2745/5563/products/HCB220101-GARDENIA-DT611-EMB.jpg?v=1655825373,DELTA GAMMA
Hannah's Closet - The Official Boutique for Delta Gamma,150th Logo Pullover,UPI2606180747,Shirts > 1/4 zip performance shirts,https://cdn.shopify.com/s/files/1/0016/2745/5563/products/HCB220102-TRUENAVY-LST357-EMB.jpg?v=1655825670,DELTA GAMMA
Hannah's Closet - The Official Boutique for Delta Gamma,150th Logo Denim Wash Tee,UPI2606185435,Shirts > Short sleeve t-shirts,https://cdn.shopify.com/s/files/1/0016/2745/5563/products/HCB220103-WASHEDDENIM-6030-2.jpg?v=1655826521,DELTA GAMMA
Hannah's Closet - The Official Boutique for Delta Gamma,150th Logo Flowy Tee,UPI2606188667,Shirts > Short sleeve t-shirts,https://cdn.shopify.com/s/files/1/0016/2745/5563/products/HCB220104-TRUENAVY-8816.jpg?v=1655828481,DELTA GAMMA
Hannah's Closet - The Official Boutique for Delta Gamma,150th Logo Pink Tee,UPI2606180107,Shirts > Short sleeve t-shirts,https://cdn.shopify.com/s/files/1/0016/2745/5563/products/HCB220105-LIGHTPINK-3001.jpg?v=1655664304,DELTA GAMMA
Hannah's Closet - The Official Boutique for Delta Gamma,150TH Logo Hat,UPI26061831471,Headwear > Billed hats,https://cdn.shopify.com/s/files/1/0016/2745/5563/products/HCB220105-WHITE-VC300A-EMB.jpg?v=1655664943,DELTA GAMMA
Hannah's Closet - The Official Boutique for Delta Gamma,150th Logo White Quarter Zip,UPI26061852911,Sweatshirts > 1/4 zip sweatshirts,https://cdn.shopify.com/s/files/1/0016/2745/5563/products/HCB220107-WHITE-995MR-EMB.jpg?v=1656458888,DELTA GAMMA
Hannah's Closet - The Official Boutique for Delta Gamma,Indigo Blue Logo Crewneck,UPI2606187362,Sweatshirts > Crewneck sweatshirts,https://cdn.shopify.com/s/files/1/0016/2745/5563/products/HCB220302-LEGIONBLUE-18000.jpg?v=1735852564,DELTA GAMMA
Hannah's Closet - The Official Boutique for Delta Gamma,Anchor Polo,UPI26061816661,Shirts > Short sleeve polo shirts,https://cdn.shopify.com/s/files/1/0016/2745/5563/products/HCB220303-NAVY-DG20W-EMB.jpg?v=1735852563,DELTA GAMMA
Hannah's Closet - The Official Boutique for Delta Gamma,DG Rose Polo,UPI26061805301,Shirts > Short sleeve polo shirts,https://cdn.shopify.com/s/files/1/0016/2745/5563/products/HCB220304-BURGUNDY-DG20W-EMB.jpg?v=1735852563,DELTA GAMMA
Hannah's Closet - The Official Boutique for Delta Gamma,Anchor Rain Jacket,UPI26061869781,Outerwear > Jackets,https://cdn.shopify.com/s/files/1/0016/2745/5563/products/HCB220305-PINK-5099-EMB.jpg?v=1735852562,DELTA GAMMA
Hannah's Closet - The Official Boutique for Delta Gamma,Official Delta Gamma T-Shirt,UPI2606187266,Shirts > Short sleeve t-shirts,https://cdn.shopify.com/s/files/1/0016/2745/5563/products/HCB220306-WHITE-3001.jpg?v=1735852561,DELTA GAMMA
Hannah's Closet - The Official Boutique for Delta Gamma,Repeat Hoodie,UPI26061870422,Sweatshirts > Hooded sweatshirts,https://cdn.shopify.com/s/files/1/0016/2745/5563/products/HCB220307-WHITE-18500-BACK.jpg?v=1735852560,DELTA GAMMA
Hannah's Closet - The Official Boutique for Delta Gamma,Heather Forest Rose DG Tee,UPI26061873301,Shirts > Short sleeve t-shirts,https://cdn.shopify.com/s/files/1/0016/2745/5563/products/HCB220308-HTHRFOREST-3001CVC.jpg?v=1735852560,DELTA GAMMA
Hannah's Closet - The Official Boutique for Delta Gamma,Boxed Out Crewneck,UPI2606187442,Sweatshirts > Crewneck sweatshirts,https://cdn.shopify.com/s/files/1/0016/2745/5563/products/HCB220309-WHITE-18000.jpg?v=1735852559,DELTA GAMMA
Hannah's Closet - The Official Boutique for Delta Gamma,3 Women in Mississippi Tee,UPI2606187698,Shirts > Short sleeve t-shirts,https://cdn.shopify.com/s/files/1/0016/2745/5563/products/HCB2203100-KHAKI-1717_1.jpg?v=1735852566,DELTA GAMMA
Hannah's Closet - The Official Boutique for Delta Gamma,DG Rose Nylon Pullover,UPI2606187730,Outerwear > Jackets,https://cdn.shopify.com/s/files/1/0016/2745/5563/products/HCB220310-NAVY-9905-EMB.jpg?v=1735852559,DELTA GAMMA
Hannah's Closet - The Official Boutique for Delta Gamma,Pink Lady V-Neck,UPI2606183282,Shirts > Short sleeve t-shirts,https://cdn.shopify.com/s/files/1/0016/2745/5563/products/HCB220311-PINK-6405.jpg?v=1735852558,DELTA GAMMA
Hannah's Closet - The Official Boutique for Delta Gamma,Official Delta Gamma V-Neck,UPI26061811541,Shirts > Short sleeve t-shirts,https://cdn.shopify.com/s/files/1/0016/2745/5563/products/HCB220312-WHITE-6405.jpg?v=1735852557,DELTA GAMMA
Hannah's Closet - The Official Boutique for Delta Gamma,Delta Gamma Pride Tee,UPI2606187202,Shirts > Short sleeve t-shirts,https://cdn.shopify.com/s/files/1/0016/2745/5563/products/HCB2203130-WHITE-3001.jpg?v=1735852556,DELTA GAMMA
Hannah's Closet - The Official Boutique for Delta Gamma,Colorful DeeGee Tee,UPI2606187474,Shirts > Short sleeve t-shirts,https://cdn.shopify.com/s/files/1/0016/2745/5563/products/HCB2203131-WHITE-3001.jpg?v=1735852556,DELTA GAMMA
Hannah's Closet - The Official Boutique for Delta Gamma,Love Peace Tee,UPI2606180770,Shirts > Short sleeve t-shirts,https://cdn.shopify.com/s/files/1/0016/2745/5563/products/HCB2203132-CHAMBRAY-1717.jpg?v=1735852583,DELTA GAMMA
Hannah's Closet - The Official Boutique for Delta Gamma,Happy Hanukkah Tee,UPI26061848821,Shirts > Short sleeve t-shirts,https://cdn.shopify.com/s/files/1/0016/2745/5563/products/HCB2203133-WHITE-1717.jpg?v=1735852583,DELTA GAMMA
Hannah's Closet - The Official Boutique for Delta Gamma,Sweet Heart Tee,UPI26061800661,Shirts > Short sleeve t-shirts,https://cdn.shopify.com/s/files/1/0016/2745/5563/products/HCB2203134-WHITE-1717.jpg?v=1735852555,DELTA GAMMA
Hannah's Closet - The Official Boutique for Delta Gamma,Merry and Bright Tee,UPI2606183906,Shirts > Short sleeve t-shirts,https://cdn.shopify.com/s/files/1/0016/2745/5563/products/HCB2203135-CRIMSON-1717.jpg?v=1735852582,DELTA GAMMA
Hannah's Closet - The Official Boutique for Delta Gamma,American Tee,UPI2606185426,Shirts > Short sleeve t-shirts,https://cdn.shopify.com/s/files/1/0016/2745/5563/products/HCB2203136-FLOBLUE-1717.jpg?v=1735852555,DELTA GAMMA
Hannah's Closet - The Official Boutique for Delta Gamma,What's in your Heart Tee,UPI26061889141,Shirts > Short sleeve t-shirts,https://cdn.shopify.com/s/files/1/0016/2745/5563/products/HCB2203137-BLOSSOM-1717.jpg?v=1735852554,DELTA GAMMA
Hannah's Closet - The Official Boutique for Delta Gamma,Delta Gamma Stitch It Tee,UPI26061807861,Shirts > Short sleeve t-shirts,https://cdn.shopify.com/s/files/1/0016/2745/5563/products/HCB2203138-EMERALD-1717.jpg?v=1735852581,DELTA GAMMA
Hannah's Closet - The Official Boutique for Delta Gamma,Be Bold,UPI2606184866,Shirts > Short sleeve t-shirts,https://cdn.shopify.com/s/files/1/0016/2745/5563/products/HCB220313-YELLOWHAZE-5000_1.jpg?v=1735852605,DELTA GAMMA
Hannah's Closet - The Official Boutique for Delta Gamma,Colorful DeeGee Crewneck,UPI26061842741,Sweatshirts > Crewneck sweatshirts,https://cdn.shopify.com/s/files/1/0016/2745/5563/products/HCB2203140-WHITE-18000.jpg?v=1735852553,DELTA GAMMA
Hannah's Closet - The Official Boutique for Delta Gamma,American Crewneck,UPI26061845461,Sweatshirts > Crewneck sweatshirts,https://cdn.shopify.com/s/files/1/0016/2745/5563/products/HCB2203141-NAVY-18000.jpg?v=1735852553,DELTA GAMMA
Hannah's Closet - The Official Boutique for Delta Gamma,Reindeer Games Crew,UPI26061823061,Sweatshirts > Crewneck sweatshirts,https://cdn.shopify.com/s/files/1/0016/2745/5563/products/HCB2203142-RED-18000.jpg?v=1735852581,DELTA GAMMA
Hannah's Closet - The Official Boutique for Delta Gamma,Delta Gamma Angel,UPI2606189186,Sweatshirts > Crewneck sweatshirts,https://cdn.shopify.com/s/files/1/0016/2745/5563/products/HCB2203143-RED-18000.jpg?v=1735852580,DELTA GAMMA
Hannah's Closet - The Official Boutique for Delta Gamma,Merry and Bright Crewneck,UPI26061832981,Sweatshirts > Crewneck sweatshirts,https://cdn.shopify.com/s/files/1/0016/2745/5563/products/HCB2203144-FOREST-18000.jpg?v=1735852579,DELTA GAMMA
Hannah's Closet - The Official Boutique for Delta Gamma,It's a Good Day Crewneck,UPI2606187138,Sweatshirts > Crewneck sweatshirts,https://cdn.shopify.com/s/files/1/0016/2745/5563/products/HCB2203149-BUTTER-1566.jpg?v=1735852552,DELTA GAMMA
Hannah's Closet - The Official Boutique for Delta Gamma,1873 Crest Crewneck,UPI2606182018,Sweatshirts > Crewneck sweatshirts,https://cdn.shopify.com/s/files/1/0016/2745/5563/products/HCB220314-ATHLHTHR-3901.jpg?v=1735852604,DELTA GAMMA
Hannah's Closet - The Official Boutique for Delta Gamma,Many Faces Crewneck,UPI2606180354,Sweatshirts > Crewneck sweatshirts,https://cdn.shopify.com/s/files/1/0016/2745/5563/products/HCB2203150-WHITE-1566.jpg?v=1735852552,DELTA GAMMA
Hannah's Closet - The Official Boutique for Delta Gamma,Barcode Hoodie,UPI2606186338,Sweatshirts > Hooded sweatshirts,https://cdn.shopify.com/s/files/1/0016/2745/5563/products/HCB2203151-BLACK-18500-BACK.jpg?v=1735852577,DELTA GAMMA
Hannah's Closet - The Official Boutique for Delta Gamma,Delta Gamma Roses Tote,UPI2606186866,Bags > Market tote bags,https://cdn.shopify.com/s/files/1/0016/2745/5563/products/HCB2203153-NAVY-Q800_1.jpg?v=1681590323,DELTA GAMMA
Hannah's Closet - The Official Boutique for Delta Gamma,Diamond in the Rough Crewneck,UPI2606185874,Sweatshirts > Crewneck sweatshirts,https://cdn.shopify.com/s/files/1/0016/2745/5563/products/HCB220315-CHARCOAL-18000.jpg?v=1735852604,DELTA GAMMA
Hannah's Closet - The Official Boutique for Delta Gamma,DG Pennant Tee,UPI2606183650,Shirts > Short sleeve t-shirts,https://cdn.shopify.com/s/files/1/0016/2745/5563/products/HCB220316-NAVY-1717.jpg?v=1735852603,DELTA GAMMA
Hannah's Closet - The Official Boutique for Delta Gamma,Ivory Seal Long Sleeve,UPI2606189554,Shirts > Long sleeve t-shirts,https://cdn.shopify.com/s/files/1/0016/2745/5563/products/HCB220317-IVORY-6014.jpg?v=1735852602,DELTA GAMMA
Hannah's Closet - The Official Boutique for Delta Gamma,Be Bold Crewneck,UPI26061839381,Sweatshirts > Crewneck sweatshirts,https://cdn.shopify.com/s/files/1/0016/2745/5563/products/HCB220318-ASH-18000_5b58a6c3-0850-4a3e-a523-b72b73c192c5.jpg?v=1735852602,DELTA GAMMA
Hannah's Closet - The Official Boutique for Delta Gamma,Bottle Cap Crewneck,UPI2606186354,Sweatshirts > Crewneck sweatshirts,https://cdn.shopify.com/s/files/1/0016/2745/5563/products/HCB220319-BLACK-3901.jpg?v=1735852601,DELTA GAMMA
Hannah's Closet - The Official Boutique for Delta Gamma,Print to Script Crop Tee,UPI2606181010,Shirts > Crop tops,https://cdn.shopify.com/s/files/1/0016/2745/5563/products/HCB220320-HEATHER-6681.jpg?v=1667836277,DELTA GAMMA
Hannah's Closet - The Official Boutique for Delta Gamma,Bottle Cap Tee,UPI26061821942,Shirts > Short sleeve t-shirts,https://cdn.shopify.com/s/files/1/0016/2745/5563/products/HCB220321-ATHHTHR-3001CVC.jpg?v=1735852600,DELTA GAMMA
Hannah's Closet - The Official Boutique for Delta Gamma,Print to Script Hoodie,UPI26061891861,Sweatshirts > Hooded sweatshirts,https://cdn.shopify.com/s/files/1/0016/2745/5563/products/HCB220322-HTRGREY-JHA001.jpg?v=1735852600,DELTA GAMMA
Hannah's Closet - The Official Boutique for Delta Gamma,Go for the Gold Hoodie,UPI2606185570,Sweatshirts > Hooded sweatshirts,https://cdn.shopify.com/s/files/1/0016/2745/5563/products/HCB220323-HTHRSPDKGREEN-18500.jpg?v=1735852599,DELTA GAMMA
Hannah's Closet - The Official Boutique for Delta Gamma,Print to Script Tee,UPI2606188994,Shirts > Short sleeve t-shirts,https://cdn.shopify.com/s/files/1/0016/2745/5563/products/HCB220324-BLOSSOM-1717.jpg?v=1735852599,DELTA GAMMA
Hannah's Closet - The Official Boutique for Delta Gamma,Powder Blue Crewneck,UPI2606186162,Sweatshirts > Crewneck sweatshirts,https://cdn.shopify.com/s/files/1/0016/2745/5563/products/HCB220325-LIGHTBLUE-18000.jpg?v=1735852598,DELTA GAMMA
Hannah's Closet - The Official Boutique for Delta Gamma,Go for the Gold Long Sleeve,UPI26061803861,Sweatshirts > Crewneck sweatshirts,https://cdn.shopify.com/s/files/1/0016/2745/5563/products/HCB220326-NAVY-6014.jpg?v=1735852598,DELTA GAMMA
Hannah's Closet - The Official Boutique for Delta Gamma,Forest Emblem Tee,UPI2606182466,Shirts > Short sleeve t-shirts,https://cdn.shopify.com/s/files/1/0016/2745/5563/products/HCB220327-HTHR-FOREST-3001CVC.jpg?v=1735852597,DELTA GAMMA
Hannah's Closet - The Official Boutique for Delta Gamma,Local Team Tank,UPI2606180802,Shirts > Tank tops,https://cdn.shopify.com/s/files/1/0016/2745/5563/products/HCB220328-DENIM-5033.jpg?v=1735852596,DELTA GAMMA
Hannah's Closet - The Official Boutique for Delta Gamma,Monogram Tee,UPI26061864661,Shirts > Short sleeve t-shirts,https://cdn.shopify.com/s/files/1/0016/2745/5563/products/HCB220329-Hydrangea-1717.jpg?v=1735852596,DELTA GAMMA
Hannah's Closet - The Official Boutique for Delta Gamma,Officially Delta Gamma Tee,UPI2606185074,Shirts > Short sleeve t-shirts,https://cdn.shopify.com/s/files/1/0016/2745/5563/products/HCB220330-WHITE-1717-BACK.jpg?v=1735852595,DELTA GAMMA
Hannah's Closet - The Official Boutique for Delta Gamma,Local Team Tee,UPI26061816181,Shirts > Short sleeve t-shirts,https://cdn.shopify.com/s/files/1/0016/2745/5563/products/HCB220331-TRUENAVY-1717-BACK.jpg?v=1735852595,DELTA GAMMA
Hannah's Closet - The Official Boutique for Delta Gamma,Ivory Seal Tee,UPI26061888181,Shirts > Short sleeve t-shirts,https://cdn.shopify.com/s/files/1/0016/2745/5563/products/HCB220332-IVORY-1717-BACK.jpg?v=1735852594,DELTA GAMMA
Hannah's Closet - The Official Boutique for Delta Gamma,Outline Crewneck,UPI2606180898,Sweatshirts > Crewneck sweatshirts,https://cdn.shopify.com/s/files/1/0016/2745/5563/products/HCB220333-WHITE-18000.jpg?v=1735852593,DELTA GAMMA
Hannah's Closet - The Official Boutique for Delta Gamma,Classic Athletics Tee,UPI2606183234,Shirts > Short sleeve t-shirts,https://cdn.shopify.com/s/files/1/0016/2745/5563/products/HCB220334-WHITE-3001.jpg?v=1735852593,DELTA GAMMA
Hannah's Closet - The Official Boutique for Delta Gamma,Do Good Shield Tee,UPI2606188162,Shirts > Short sleeve t-shirts,https://cdn.shopify.com/s/files/1/0016/2745/5563/products/HCB220335-SOFTCREAM-3001_1.jpg?v=1735852592,DELTA GAMMA
Hannah's Closet - The Official Boutique for Delta Gamma,Silver World Tee,UPI2606181650,Shirts > Short sleeve t-shirts,https://cdn.shopify.com/s/files/1/0016/2745/5563/products/HCB220336-SILVER-3001.jpg?v=1735852592,DELTA GAMMA
Hannah's Closet - The Official Boutique for Delta Gamma,Convex Tee,UPI2606188082,Shirts > Short sleeve t-shirts,https://cdn.shopify.com/s/files/1/0016/2745/5563/products/HCB220337-IVORY-1717.jpg?v=1735852591,DELTA GAMMA
Hannah's Closet - The Official Boutique for Delta Gamma,Dee Gee Athletic Script Tee,UPI26061883541,Shirts > Short sleeve t-shirts,https://cdn.shopify.com/s/files/1/0016/2745/5563/products/HCB220338-IVORY-1717.jpg?v=1735852590,DELTA GAMMA
Hannah's Closet - The Official Boutique for Delta Gamma,Established Script Crewneck,UPI26061898741,Sweatshirts > Crewneck sweatshirts,https://cdn.shopify.com/s/files/1/0016/2745/5563/products/HCB220340-WHITE-18000.jpg?v=1735852590,DELTA GAMMA
Hannah's Closet - The Official Boutique for Delta Gamma,Pink Panther Crewneck,UPI26061841621,Sweatshirts > Crewneck sweatshirts,https://cdn.shopify.com/s/files/1/0016/2745/5563/products/HCB220341-BLACK-18000.jpg?v=1735852589,DELTA GAMMA
Hannah's Closet - The Official Boutique for Delta Gamma,Classic Greek Crewneck,UPI26061873782,Sweatshirts > Crewneck sweatshirts,https://cdn.shopify.com/s/files/1/0016/2745/5563/products/HCB220342-DARKHTHR-18000.jpg?v=1735852589,DELTA GAMMA
Hannah's Closet - The Official Boutique for Delta Gamma,It's a Fine Line Crewneck,UPI2606182290,Sweatshirts > Crewneck sweatshirts,https://cdn.shopify.com/s/files/1/0016/2745/5563/products/HCB220343-HTHRSPDKGREEN-18000.jpg?v=1667839165,DELTA GAMMA
Hannah's Closet - The Official Boutique for Delta Gamma,On line Crewneck,UPI26061874741,Sweatshirts > Crewneck sweatshirts,https://cdn.shopify.com/s/files/1/0016/2745/5563/products/HCB220344-LTASH-3901.jpg?v=1735852588,DELTA GAMMA
Hannah's Closet - The Official Boutique for Delta Gamma,Dee Gee Athletic Script Crewneck,UPI2606184530,Sweatshirts > Crewneck sweatshirts,https://cdn.shopify.com/s/files/1/0016/2745/5563/products/HCB220345-HTHRDUST-3901.jpg?v=1735852587,DELTA GAMMA
Hannah's Closet - The Official Boutique for Delta Gamma,Classic Greek Hoodie,UPI26061896501,Sweatshirts > Hooded sweatshirts,https://cdn.shopify.com/s/files/1/0016/2745/5563/products/HCB220346-DESERTSAND-JHA001.jpg?v=1735852587,DELTA GAMMA
Hannah's Closet - The Official Boutique for Delta Gamma,Classic Est. Hoodie,UPI2606182338,Sweatshirts > Hooded sweatshirts,https://cdn.shopify.com/s/files/1/0016/2745/5563/products/HCB220347-JHA001.jpg?v=1735852586,DELTA GAMMA
Hannah's Closet - The Official Boutique for Delta Gamma,Dee Gee Do Good Hoodie,UPI2606185378,Sweatshirts > Hooded sweatshirts,https://cdn.shopify.com/s/files/1/0016/2745/5563/products/HCB220349-HTHRSPMAROON-18500.jpg?v=1735852586,DELTA GAMMA
Hannah's Closet - The Official Boutique for Delta Gamma,It's Your World Long Sleeve,UPI2606182258,Shirts > Long sleeve t-shirts,https://cdn.shopify.com/s/files/1/0016/2745/5563/products/HCB220350-WHITE-6014.jpg?v=1735852585,DELTA GAMMA
Hannah's Closet - The Official Boutique for Delta Gamma,Chambray Long Sleeve,UPI2606180210,Shirts > Long sleeve t-shirts,https://cdn.shopify.com/s/files/1/0016/2745/5563/products/HCB220351-CHAMBRAY-6014.jpg?v=1735852585,DELTA GAMMA
Hannah's Closet - The Official Boutique for Delta Gamma,Signature Delta Gam Alum Tee,UPI26061887061,Shirts > Short sleeve t-shirts,https://cdn.shopify.com/s/files/1/0016/2745/5563/products/HCB220355-HTHRFOREST-3001CVC.jpg?v=1735852551,DELTA GAMMA
Hannah's Closet - The Official Boutique for Delta Gamma,Lined Alumna Tee,UPI26061869302,Shirts > Short sleeve t-shirts,https://cdn.shopify.com/s/files/1/0016/2745/5563/products/HCB220356-WASHEDDENIM-1717.jpg?v=1735852550,DELTA GAMMA
Hannah's Closet - The Official Boutique for Delta Gamma,Asphalt Alumna Tee,UPI2606187746,Shirts > Short sleeve t-shirts,https://cdn.shopify.com/s/files/1/0016/2745/5563/products/HCB220357-ASPHALT-3001.jpg?v=1735852550,DELTA GAMMA
Hannah's Closet - The Official Boutique for Delta Gamma,Script Alumna Tee,UPI2606185970,Shirts > Short sleeve t-shirts,https://cdn.shopify.com/s/files/1/0016/2745/5563/products/HCB220358-WHITE-3001.jpg?v=1735852549,DELTA GAMMA
Hannah's Closet - The Official Boutique for Delta Gamma,Alumna Script Polo,UPI26061858901,Shirts > Short sleeve polo shirts,https://cdn.shopify.com/s/files/1/0016/2745/5563/products/HCB220359-WHITE-DG20W-EMB.jpg?v=1735852548,DELTA GAMMA
Hannah's Closet - The Official Boutique for Delta Gamma,Navy Alum Polo,UPI26061889301,Shirts > Short sleeve polo shirts,https://cdn.shopify.com/s/files/1/0016/2745/5563/products/HCB220360-NAVY-DG20W-EMB.jpg?v=1735852548,DELTA GAMMA
Hannah's Closet - The Official Boutique for Delta Gamma,Signature Delta Gam Cardigan,UPI26061837621,Apparel > Sweaters,https://cdn.shopify.com/s/files/1/0016/2745/5563/products/HCB220361-BLACK-M425W-EMB.jpg?v=1735852547,DELTA GAMMA
Hannah's Closet - The Official Boutique for Delta Gamma,Aluma Lined Cardigan,UPI26061806421,Apparel > Sweaters,https://cdn.shopify.com/s/files/1/0016/2745/5563/products/HCB220362-GREYHTHR-M425W-EMB.jpg?v=1735852547,DELTA GAMMA
Hannah's Closet - The Official Boutique for Delta Gamma,Alumna Crest Crewneck,UPI2606187794,Sweatshirts > Crewneck sweatshirts,https://cdn.shopify.com/s/files/1/0016/2745/5563/products/HCB220363-HTHRGREY-JHA030.jpg?v=1735852546,DELTA GAMMA
Hannah's Closet - The Official Boutique for Delta Gamma,Signature Delta Gam Alum Hoodie,UPI26061863701,Sweatshirts > Hooded sweatshirts,https://cdn.shopify.com/s/files/1/0016/2745/5563/products/HCB220364-HTHRSPMAROON-18500.jpg?v=1735852545,DELTA GAMMA
Hannah's Closet - The Official Boutique for Delta Gamma,Artic Alumna Crewneck,UPI26061891543,Sweatshirts > Crewneck sweatshirts,https://cdn.shopify.com/s/files/1/0016/2745/5563/products/HCB220365-ARCTICWHITE--JHA030.jpg?v=1735852542,DELTA GAMMA
Hannah's Closet - The Official Boutique for Delta Gamma,Signature Delta Gam Alum Jacket,UPI26061888023,Outerwear > Jackets,https://cdn.shopify.com/s/files/1/0016/2745/5563/products/HCB220366-NAVY-5250-EMB.jpg?v=1735852541,DELTA GAMMA
Hannah's Closet - The Official Boutique for Delta Gamma,Delta Gamma Dad Tee,UPI2606180162,Shirts > Short sleeve t-shirts,https://cdn.shopify.com/s/files/1/0016/2745/5563/products/HCB220368-DARKGREY-3001.jpg?v=1735852539,DELTA GAMMA
Hannah's Closet - The Official Boutique for Delta Gamma,Script Mom Tee,UPI2606184402,Shirts > Short sleeve t-shirts,https://cdn.shopify.com/s/files/1/0016/2745/5563/products/HCB220369-PINK-3001.jpg?v=1735852538,DELTA GAMMA
Hannah's Closet - The Official Boutique for Delta Gamma,Signature Mom Crewneck,UPI2606187026,Sweatshirts > Crewneck sweatshirts,https://cdn.shopify.com/s/files/1/0016/2745/5563/products/HCB220370-FRENCHNAVY-JHA030.jpg?v=1735852538,DELTA GAMMA
Hannah's Closet - The Official Boutique for Delta Gamma,Charcoal Dad Crewneck,UPI2606184978,Sweatshirts > Crewneck sweatshirts,https://cdn.shopify.com/s/files/1/0016/2745/5563/products/HCB220371-CHARCOAL-JHA030.jpg?v=1735852537,DELTA GAMMA
Hannah's Closet - The Official Boutique for Delta Gamma,Smile Onesie,UPI26061857942,Baby > Baby bodysuits,https://cdn.shopify.com/s/files/1/0016/2745/5563/products/HCB220372-AQUA-4400.jpg?v=1678471121,DELTA GAMMA
Hannah's Closet - The Official Boutique for Delta Gamma,A Dee Gee Loves Me Onesie,UPI2606182594,Baby > Baby bodysuits,https://cdn.shopify.com/s/files/1/0016/2745/5563/products/HCB220373-LAVENDAR-4400.jpg?v=1735852536,DELTA GAMMA
Hannah's Closet - The Official Boutique for Delta Gamma,Delta Gamma Onesie,UPI2606184658,Baby > Baby bodysuits,https://cdn.shopify.com/s/files/1/0016/2745/5563/products/HCB220374-WHITE-4400.jpg?v=1735852535,DELTA GAMMA
Hannah's Closet - The Official Boutique for Delta Gamma,Delta Gamma Toddler Tee,UPI2606189938,Baby > Baby shirts,https://cdn.shopify.com/s/files/1/0016/2745/5563/products/HCB220375-LIGHTBLUE-3301T.jpg?v=1735852534,DELTA GAMMA
Hannah's Closet - The Official Boutique for Delta Gamma,A Dee Gee Loves Me Toddler Tee,UPI26061804821,Baby > Baby shirts,https://cdn.shopify.com/s/files/1/0016/2745/5563/products/HCB220376-WHITE-3301T.jpg?v=1735852534,DELTA GAMMA
Hannah's Closet - The Official Boutique for Delta Gamma,Alumna Crest Tank,UPI26061808501,Shirts > Tank tops,https://cdn.shopify.com/s/files/1/0016/2745/5563/products/HCB220378-WHITE-8838.jpg?v=1735852533,DELTA GAMMA
Hannah's Closet - The Official Boutique for Delta Gamma,With Love Delta Gamma,UPI26061800181,Shirts > Short sleeve t-shirts,https://cdn.shopify.com/s/files/1/0016/2745/5563/products/HCB220379-NAVY-1390.jpg?v=1735852579,DELTA GAMMA
Hannah's Closet - The Official Boutique for Delta Gamma,I love the Lagoon Tee,UPI26061810261,Shirts > Short sleeve t-shirts,https://cdn.shopify.com/s/files/1/0016/2745/5563/products/HCB220380-LAGOON-CD100.jpg?v=1735852577,DELTA GAMMA
Hannah's Closet - The Official Boutique for Delta Gamma,DeeGee Ringer Tee,UPI26061833622,Shirts > Short sleeve t-shirts,https://cdn.shopify.com/s/files/1/0016/2745/5563/products/HCB220381-WHITE-ROYAL-710.jpg?v=1735852576,DELTA GAMMA
Hannah's Closet - The Official Boutique for Delta Gamma,Do Good Overlap tee,UPI2606186146,Shirts > Short sleeve t-shirts,https://cdn.shopify.com/s/files/1/0016/2745/5563/products/HCB220382-ROYAL-6937.jpg?v=1735852575,DELTA GAMMA
Hannah's Closet - The Official Boutique for Delta Gamma,Denim Festival Tank,UPI26061829461,Shirts > Tank tops,https://cdn.shopify.com/s/files/1/0016/2745/5563/products/HCB220383-SHIRAZ-5033.jpg?v=1735852575,DELTA GAMMA
Hannah's Closet - The Official Boutique for Delta Gamma,Smile Through the Storm Muscle Tee,UPI26061877782,Shirts > Short sleeve t-shirts,https://cdn.shopify.com/s/files/1/0016/2745/5563/products/HCB220384-STORM-8804.jpg?v=1735852574,DELTA GAMMA
Hannah's Closet - The Official Boutique for Delta Gamma,Vintage Corded Crewneck,UPI2606182610,Sweatshirts > Crewneck sweatshirts,https://cdn.shopify.com/s/files/1/0016/2745/5563/products/HCB220385-VINBLACK-9930.jpg?v=1735852574,DELTA GAMMA
Hannah's Closet - The Official Boutique for Delta Gamma,Do Good in the Word Corded Crewneck,UPI26061823541,Sweatshirts > Crewneck sweatshirts,https://cdn.shopify.com/s/files/1/0016/2745/5563/products/HCB220386-VINBLACK-9930.jpg?v=1735852573,DELTA GAMMA
Hannah's Closet - The Official Boutique for Delta Gamma,Etched in Sand Crewneck,UPI2606189746,Sweatshirts > Crewneck sweatshirts,https://cdn.shopify.com/s/files/1/0016/2745/5563/products/HCB220387-SAND-18000-BACK.jpg?v=1735852578,DELTA GAMMA
Hannah's Closet - The Official Boutique for Delta Gamma,Text Me Hoodie,UPI26061842422,Sweatshirts > Hooded sweatshirts,https://cdn.shopify.com/s/files/1/0016/2745/5563/products/HCB220388-WHITE-18500-BACK_1.jpg?v=1735852572,DELTA GAMMA
Hannah's Closet - The Official Boutique for Delta Gamma,Butterfly Crewneck,UPI26061880821,Sweatshirts > Crewneck sweatshirts,https://cdn.shopify.com/s/files/1/0016/2745/5563/products/HCB220389-WHITE-18000.jpg?v=1735852584,DELTA GAMMA
Hannah's Closet - The Official Boutique for Delta Gamma,Outline Butterfly Crewneck,UPI26061864023,Sweatshirts > Crewneck sweatshirts,https://cdn.shopify.com/s/files/1/0016/2745/5563/products/HCB220389-WHITE-18000_1.jpg?v=1674147683,DELTA GAMMA
Hannah's Closet - The Official Boutique for Delta Gamma,Silver Grin Tee,UPI26061841781,Shirts > Short sleeve t-shirts,https://cdn.shopify.com/s/files/1/0016/2745/5563/products/HCB220390-SILVER-3001.jpg?v=1735852572,DELTA GAMMA
Hannah's Closet - The Official Boutique for Delta Gamma,Retro Anchor Tee,UPI2606180882,Shirts > Short sleeve t-shirts,https://cdn.shopify.com/s/files/1/0016/2745/5563/products/HCB220391-WHITE-3001.jpg?v=1735852571,DELTA GAMMA
Hannah's Closet - The Official Boutique for Delta Gamma,DG in 1873 Tank,UPI2606189922,Shirts > Tank tops,https://cdn.shopify.com/s/files/1/0016/2745/5563/products/HCB220392-HTHRDUST-8838.jpg?v=1735852571,DELTA GAMMA
Hannah's Closet - The Official Boutique for Delta Gamma,Flip It and Reverse It Tee,UPI2606187970,Shirts > Short sleeve t-shirts,https://cdn.shopify.com/s/files/1/0016/2745/5563/products/HCB220393-BLACK-3001-FRONT.jpg?v=1771601967,DELTA GAMMA
Hannah's Closet - The Official Boutique for Delta Gamma,Do Good in the World Charcoal Crewneck,UPI2606189410,Sweatshirts > Crewneck sweatshirts,https://cdn.shopify.com/s/files/1/0016/2745/5563/products/HCB220394-CHARCOAL-18000-BACK.jpg?v=1735852569,DELTA GAMMA
Hannah's Closet - The Official Boutique for Delta Gamma,Homerun Tee,UPI2606183170,Shirts > Short sleeve t-shirts,https://cdn.shopify.com/s/files/1/0016/2745/5563/products/HCB220395-WHITE-ROYAL-5700-FRONT.jpg?v=1735852569,DELTA GAMMA
Hannah's Closet - The Official Boutique for Delta Gamma,Homerun Tee,UPI260618459021,Shirts > Short sleeve t-shirts,https://cdn.shopify.com/s/files/1/0016/2745/5563/products/HCB220395-WHITE-ROYAL-5700-FRONT.jpg?v=1735852569,DELTA GAMMA
Hannah's Closet - The Official Boutique for Delta Gamma,Portrait Crewneck,UPI26061846261,Sweatshirts > Crewneck sweatshirts,https://cdn.shopify.com/s/files/1/0016/2745/5563/products/HCB220397-WHITE-18000.jpg?v=1735852567,DELTA GAMMA
Hannah's Closet - The Official Boutique for Delta Gamma,"Anna, Eva and Mary Tee",UPI26061890101,Shirts > Short sleeve t-shirts,https://cdn.shopify.com/s/files/1/0016/2745/5563/products/HCB220398-VINTAGEWHITE-3001.jpg?v=1735852567,DELTA GAMMA
Hannah's Closet - The Official Boutique for Delta Gamma,December 25th Crewneck,UPI26061830422,Sweatshirts > Crewneck sweatshirts,https://cdn.shopify.com/s/files/1/0016/2745/5563/products/HCB220399-NAVY-1566.jpg?v=1735852566,DELTA GAMMA
Hannah's Closet - The Official Boutique for Delta Gamma,$25 Classic Bid Day Pack,UPI2606185691,Bundles > Gift sets,https://cdn.shopify.com/s/files/1/0016/2745/5563/products/HCB-25CLASSICPACK.jpg?v=1622755369,DELTA GAMMA
Hannah's Closet - The Official Boutique for Delta Gamma,Celebrating 150 Years of Delta Gamma: The Book,UPI2606188651,Paper/print goods > Books,https://cdn.shopify.com/s/files/1/0016/2745/5563/products/HCB-Book.jpg?v=1735852612,DELTA GAMMA
Hannah's Closet - The Official Boutique for Delta Gamma,Recruitment Name Badges- NOT SOLD OUT!- See product description for details,UPI2606188555,Paper/print goods > Name tags,https://cdn.shopify.com/s/files/1/0016/2745/5563/products/HCB-Custom-NameTags.jpg?v=1735852724,DELTA GAMMA
Hannah's Closet - The Official Boutique for Delta Gamma,Floral Neck Gaiter,UPI2606187131,Apparel > Neck gaiters,https://cdn.shopify.com/s/files/1/0016/2745/5563/products/HCBGaiter1.jpg?v=1735852682,DELTA GAMMA
Hannah's Closet - The Official Boutique for Delta Gamma,Brand Anchor Gaiter,UPI2606186059,Apparel > Neck gaiters,https://cdn.shopify.com/s/files/1/0016/2745/5563/products/HCBGaiter2.jpg?v=1735852683,DELTA GAMMA
Hannah's Closet - The Official Boutique for Delta Gamma,Brand Anchor Mask,UPI2606183019,Apparel > Face masks,https://cdn.shopify.com/s/files/1/0016/2745/5563/products/HCBMASK1.jpg?v=1735852685,DELTA GAMMA
Hannah's Closet - The Official Boutique for Delta Gamma,Floral Mask,UPI2606189003,Apparel > Face masks,https://cdn.shopify.com/s/files/1/0016/2745/5563/products/HCBMASK2.jpg?v=1735852684,DELTA GAMMA
Hannah's Closet - The Official Boutique for Delta Gamma,Gold Plated Script Necklace,UPI2606183147,Jewelry > Necklaces,https://cdn.shopify.com/s/files/1/0016/2745/5563/products/HCB-ScriptNecklace.jpg?v=1735852658,DELTA GAMMA
Hannah's Closet - The Official Boutique for Delta Gamma,$25 Senior Sendoff Pack,UPI2606183435,Bundles > Gift sets,https://cdn.shopify.com/s/files/1/0016/2745/5563/products/HCBSenior1.jpg?v=1588281768,DELTA GAMMA
Hannah's Closet - The Official Boutique for Delta Gamma,$50 Senior Sendoff Pack,UPI2606186203,Bundles > Gift sets,https://cdn.shopify.com/s/files/1/0016/2745/5563/products/HCBSenior2.jpg?v=1588281769,DELTA GAMMA
Hannah's Closet - The Official Boutique for Delta Gamma,Light Blue Crew,UPI2606186795,Sweatshirts > Crewneck sweatshirts,https://cdn.shopify.com/s/files/1/0016/2745/5563/products/hts1eJIg.jpg?v=1735852647,DELTA GAMMA
Hannah's Closet - The Official Boutique for Delta Gamma,Do Good Script Decal,UPI2606182171,Promotional > Stickers,https://cdn.shopify.com/s/files/1/0016/2745/5563/products/IMG_10091.jpg?v=1735852644,DELTA GAMMA
Hannah's Closet - The Official Boutique for Delta Gamma,DG Dog Shirt,UPI2606180779,Shirts > Short sleeve t-shirts,https://cdn.shopify.com/s/files/1/0016/2745/5563/products/IMG_10201.jpg?v=1735852640,DELTA GAMMA
Hannah's Closet - The Official Boutique for Delta Gamma,Denim Mineral Wash Crew,UPI2606180251,Shirts > Short sleeve t-shirts,https://cdn.shopify.com/s/files/1/0016/2745/5563/products/IMG_10241.jpg?v=1735852640,DELTA GAMMA
Hannah's Closet - The Official Boutique for Delta Gamma,White Desert Pocket Tee,UPI2606183595,Shirts > Short sleeve t-shirts,https://cdn.shopify.com/s/files/1/0016/2745/5563/products/IMG_10401.jpg?v=1735852639,DELTA GAMMA
Hannah's Closet - The Official Boutique for Delta Gamma,Round Marble Bumper Sticker,UPI2606184955,Promotional > Stickers,https://cdn.shopify.com/s/files/1/0016/2745/5563/products/IMG_10471_1.jpg?v=1735852639,DELTA GAMMA
Hannah's Closet - The Official Boutique for Delta Gamma,Silver and Blue Pen,UPI2606181019,Office products > Pens,https://cdn.shopify.com/s/files/1/0016/2745/5563/products/IMG_10521.jpg?v=1735852643,DELTA GAMMA
Hannah's Closet - The Official Boutique for Delta Gamma,Anchor Shadow Decal,UPI2606184395,Promotional > Stickers,https://cdn.shopify.com/s/files/1/0016/2745/5563/products/IMG_14001.jpg?v=1735852626,DELTA GAMMA
Hannah's Closet - The Official Boutique for Delta Gamma,Fun Delta Gamma Decal,UPI2606180923,Promotional > Stickers,https://cdn.shopify.com/s/files/1/0016/2745/5563/products/IMG_14101_1.jpg?v=1735852624,DELTA GAMMA
Hannah's Closet - The Official Boutique for Delta Gamma,DG Alumna Shirt- Royal Triblend,UPI2606182027,Shirts > Short sleeve t-shirts,https://cdn.shopify.com/s/files/1/0016/2745/5563/products/IMG_2080001.jpg?v=1655916326,DELTA GAMMA
Hannah's Closet - The Official Boutique for Delta Gamma,150th Logo White Tee,UPI2606183771,Shirts > Short sleeve t-shirts,https://cdn.shopify.com/s/files/1/0016/2745/5563/products/IMG_2115002.jpg?v=1655664739,DELTA GAMMA
Hannah's Closet - The Official Boutique for Delta Gamma,Kaleidoscope Scarf,UPI2606183323,Apparel > Scarves,https://cdn.shopify.com/s/files/1/0016/2745/5563/products/Kaleidoscope.png?v=1654711747,DELTA GAMMA
Hannah's Closet - The Official Boutique for Delta Gamma,Crystal Black Tie- Dye Tee,UPI2606182779,Shirts > Short sleeve t-shirts,https://cdn.shopify.com/s/files/1/0016/2745/5563/products/LXbrQ63Q.jpg?v=1735852646,DELTA GAMMA
Hannah's Closet - The Official Boutique for Delta Gamma,Girl Power Tee,UPI2606186331,Shirts > Short sleeve t-shirts,https://cdn.shopify.com/s/files/1/0016/2745/5563/products/mACP6tAQ.jpg?v=1735852653,DELTA GAMMA
Hannah's Closet - The Official Boutique for Delta Gamma,Delta Gamma Angel Tank,UPI2606187419,Shirts > Tank tops,https://cdn.shopify.com/s/files/1/0016/2745/5563/products/OeUwrBsw.jpg?v=1735852649,DELTA GAMMA
Hannah's Closet - The Official Boutique for Delta Gamma,Pearl Letter Bracelet,UPI2606185458,Jewelry > Bracelets,https://cdn.shopify.com/s/files/1/0016/2745/5563/products/PearlDeltaGamma480.jpg?v=1735852531,DELTA GAMMA
Hannah's Closet - The Official Boutique for Delta Gamma,"Dark grey resin, golden Do Good charm.",UPI26061893621,Jewelry > Bracelets,https://cdn.shopify.com/s/files/1/0016/2745/5563/products/PXL_20221124_190542043.jpg?v=1735852564,DELTA GAMMA
Hannah's Closet - The Official Boutique for Delta Gamma,"Crackled white agate stretchy bracelet, golden Do Good charm.",UPI2606185490,Jewelry > Bracelets,https://cdn.shopify.com/s/files/1/0016/2745/5563/products/PXL_20221124_190712419.jpg?v=1735852565,DELTA GAMMA
Hannah's Closet - The Official Boutique for Delta Gamma,"Mottled grey jade stretchy bracelet, golden Do Good charm.",UPI26061831541,Jewelry > Bracelets,https://cdn.shopify.com/s/files/1/0016/2745/5563/products/PXL_20221124_190825788.jpg?v=1735852565,DELTA GAMMA
Hannah's Closet - The Official Boutique for Delta Gamma,"Green jade stretchy bracelet, golden Do Good charm.",UPI26061858902,Jewelry > Bracelets,https://cdn.shopify.com/s/files/1/0016/2745/5563/products/Screenshot_20230126-095512.png?v=1674745961,DELTA GAMMA
Hannah's Closet - The Official Boutique for Delta Gamma,Staff Shirt,UPI26061863311,Apparel > Staff uniforms,https://cdn.shopify.com/s/files/1/0016/2745/5563/products/slide-2215101_ipay.jpg?v=1654609815,DELTA GAMMA
Hannah's Closet - The Official Boutique for Delta Gamma,Sky Blue Tie-Dye Tee,UPI2606185979,Shirts > Short sleeve t-shirts,https://cdn.shopify.com/s/files/1/0016/2745/5563/products/VEG6Qfng.jpg?v=1735852651,DELTA GAMMA
Hannah's Closet - The Official Boutique for Delta Gamma,Happy to be Deegee Hoodie,UPI26061892912,Sweatshirts > Hooded sweatshirts,https://cdn.shopify.com/s/files/1/0016/2745/5563/products/wnsYpb0Q.jpg?v=1735852650,DELTA GAMMA
ShopPhiDE,MINIATURE FLAG,UPI260618884610,Household items > Flags,https://cdn.shopify.com/s/files/1/0047/7324/9073/files/DFD-BDP-FLAG.jpg?v=1772647240,PHI DELTA EPSILON
ShopPhiDE,MINIATURE FLAG,UPI2606182577,Household items > Flags,https://cdn.shopify.com/s/files/1/0047/7324/9073/files/DFD-BDP-FLAG.jpg?v=1772647240,PHI DELTA EPSILON
ShopPhiDE,Bid Day Pack,UPI2606187201,Bundles > Gift sets,https://cdn.shopify.com/s/files/1/0047/7324/9073/files/FDE_BDPSITEIMAGE.jpg?v=1735850713,PHI DELTA EPSILON
ShopPhiDE,ShopPhiDE Gift Card,UPI26061853291,Paper/print goods > Plastic cards,https://cdn.shopify.com/s/files/1/0047/7324/9073/files/FDE_c7281f77-f5a6-49ab-b20e-2caca3552375.png?v=1735850966,PHI DELTA EPSILON
ShopPhiDE,Monogram Patch Hat,UPI2606182513,Headwear > Billed hats,https://cdn.shopify.com/s/files/1/0047/7324/9073/files/FDE2202103-LAVENDER-VC300A-EMB.jpg?v=1735850793,PHI DELTA EPSILON
ShopPhiDE,04 Patch Hat,UPI2606185281,Headwear > Billed hats,https://cdn.shopify.com/s/files/1/0047/7324/9073/files/FDE2202104-WHITE-VC300A-EMB.jpg?v=1735850792,PHI DELTA EPSILON
ShopPhiDE,Rainbow Patch Hat,UPI2606185729,Headwear > Billed hats,https://cdn.shopify.com/s/files/1/0047/7324/9073/files/FDE2202106-WHITE-VC300A-EMB.jpg?v=1735850790,PHI DELTA EPSILON
ShopPhiDE,Circle Caduceus Patch Hat,UPI2606186801,Headwear > Billed hats,https://cdn.shopify.com/s/files/1/0047/7324/9073/files/FDE2202107-PURPLE-VC300A-EMB.jpg?v=1735850789,PHI DELTA EPSILON
ShopPhiDE,PhiDE 1904 Patch Hat,UPI26061823371,Headwear > Billed hats,https://cdn.shopify.com/s/files/1/0047/7324/9073/files/FDE2202108-LAVENDER-VC300A-EMB.jpg?v=1735850788,PHI DELTA EPSILON
ShopPhiDE,Fraternity Patch Hat,UPI2606186353,Headwear > Billed hats,https://cdn.shopify.com/s/files/1/0047/7324/9073/files/FDE2202109-KHAKI-VC300A-EMB.jpg?v=1735850791,PHI DELTA EPSILON
ShopPhiDE,Rainbow Patch Beanie,UPI2606188945,Headwear > Beanies,https://cdn.shopify.com/s/files/1/0047/7324/9073/files/FDE2202111-HTHRPURP-SP15-EMB.jpg?v=1735850787,PHI DELTA EPSILON
ShopPhiDE,Monogram Patch Beanie,UPI2606187249,Headwear > Beanies,https://cdn.shopify.com/s/files/1/0047/7324/9073/files/FDE2202112-HTHRGREY-SP15-EMB.jpg?v=1735850786,PHI DELTA EPSILON
ShopPhiDE,04 Patch Beanie,UPI2606188321,Headwear > Beanies,https://cdn.shopify.com/s/files/1/0047/7324/9073/files/FDE2202113-BLACK-SP15-EMB.jpg?v=1735850785,PHI DELTA EPSILON
ShopPhiDE,Fraternity Patch Beanie,UPI2606183857,Headwear > Beanies,https://cdn.shopify.com/s/files/1/0047/7324/9073/files/FDE2202114-HTHRBROWN-SP15-EMB.jpg?v=1735850784,PHI DELTA EPSILON
ShopPhiDE,Circle Caduceus Patch Fleece Jacket,UPI2606184929,Outerwear > Jackets,https://cdn.shopify.com/s/files/1/0047/7324/9073/files/FDE2202124-BLACK-5250-EMB.jpg?v=1735850783,PHI DELTA EPSILON
ShopPhiDE,O4 Patch Nylon Jacket,UPI2606180465,Outerwear > Jackets,https://cdn.shopify.com/s/files/1/0047/7324/9073/files/FDE2202126-BLACK-9905-EMB.jpg?v=1735850778,PHI DELTA EPSILON
ShopPhiDE,Circle Caduceus Patch Anorak Jacket,UPI26061870732,Outerwear > Jackets,https://cdn.shopify.com/s/files/1/0047/7324/9073/files/FDE2202127-BLK_WHT-9908-EMB.jpg?v=1735850776,PHI DELTA EPSILON
ShopPhiDE,Rainbow Patch Pack and Go Pullover,UPI26061826091,Outerwear > Jackets,https://cdn.shopify.com/s/files/1/0047/7324/9073/files/FDE2202128-PURPLE-9904-EMB.jpg?v=1735850775,PHI DELTA EPSILON
ShopPhiDE,Nylon Pullover,UPI26061837131,Outerwear > Jackets,https://cdn.shopify.com/s/files/1/0047/7324/9073/files/FDE220212--9905-PURPLE.jpg?v=1735850833,PHI DELTA EPSILON
ShopPhiDE,Patch Book Bags,UPI2606184753,Bags > Backpacks,https://cdn.shopify.com/s/files/1/0047/7324/9073/files/FDE2202130-BLACK-BE0303-EMB.jpg?v=1735850773,PHI DELTA EPSILON
ShopPhiDE,Repeat Tote,UPI2606182865,Bags > Tote bags,https://cdn.shopify.com/s/files/1/0047/7324/9073/files/FDE2202155-WHITE-Q800.jpg?v=1735850795,PHI DELTA EPSILON
ShopPhiDE,Text Me Tote,UPI2606183937,Bags > Tote bags,https://cdn.shopify.com/s/files/1/0047/7324/9073/files/FDE2202157-PURPLE-Q800.jpg?v=1735850794,PHI DELTA EPSILON
ShopPhiDE,Grinning Tote,UPI2606185009,Bags > Tote bags,https://cdn.shopify.com/s/files/1/0047/7324/9073/files/FDE2202158-BLACK-Q800.jpg?v=1687749164,PHI DELTA EPSILON
ShopPhiDE,Make Me Smile Onesie,UPI2606189649,Apparel > Bodysuits,https://cdn.shopify.com/s/files/1/0047/7324/9073/files/FDE220274-PURPLE-4400.jpg?v=1735850797,PHI DELTA EPSILON
ShopPhiDE,A PhiDE Loves Me Onesie,UPI2606185185,Apparel > Bodysuits,https://cdn.shopify.com/s/files/1/0047/7324/9073/files/FDE220275-LAVENDER-4400.jpg?v=1735850796,PHI DELTA EPSILON
ShopPhiDE,Lettered Cozy Fleece Hoodie,UPI26061836011,Sweatshirts > Hooded sweatshirts,https://cdn.shopify.com/s/files/1/0047/7324/9073/files/FDE230001_L132_BLACK.jpg?v=1735850767,PHI DELTA EPSILON
ShopPhiDE,Phi Delta Epsilon Cozy Hoodie,UPI26061878891,Sweatshirts > Hooded sweatshirts,https://cdn.shopify.com/s/files/1/0047/7324/9073/files/FDE230002_L132_GREYHEATHERjpg.jpg?v=1735850765,PHI DELTA EPSILON
ShopPhiDE,Caduceus Microfleece Jacket,UPI26061854891,Outerwear > Jackets,https://cdn.shopify.com/s/files/1/0047/7324/9073/files/FDE230003_F223_BLACK.jpg?v=1735850764,PHI DELTA EPSILON
ShopPhiDE,Race Mesh Polo,UPI2606188801,Shirts > Short sleeve polo shirts,https://cdn.shopify.com/s/files/1/0047/7324/9073/files/FDE230005_ST640_PURPLE.jpg?v=1735850762,PHI DELTA EPSILON
ShopPhiDE,Race Mesh Polo,UPI26061854091,Shirts > Short sleeve polo shirts,https://cdn.shopify.com/s/files/1/0047/7324/9073/files/FDE230006_ST640_BLACK.jpg?v=1735850761,PHI DELTA EPSILON
ShopPhiDE,Ladies Race Mesh Polo,UPI26061810412,Shirts > Short sleeve polo shirts,https://cdn.shopify.com/s/files/1/0047/7324/9073/files/FDE230007_LST64_WHITE.jpg?v=1735850759,PHI DELTA EPSILON
ShopPhiDE,Ladies Race Mesh Polo,UPI2606188097,Shirts > Short sleeve polo shirts,https://cdn.shopify.com/s/files/1/0047/7324/9073/files/FDE230008_LST640_PURPLE.jpg?v=1735850758,PHI DELTA EPSILON
ShopPhiDE,Sewn on Letters Tee,UPI2606180241,Shirts > Short sleeve t-shirts,https://cdn.shopify.com/s/files/1/0047/7324/9073/files/FDE230009-BLACK-5000.jpg?v=1735850757,PHI DELTA EPSILON
ShopPhiDE,Letters Crewneck,UPI26061896172,Sweatshirts > Crewneck sweatshirts,https://cdn.shopify.com/s/files/1/0047/7324/9073/files/FDE230009-PURPLE-18000.jpg?v=1735850756,PHI DELTA EPSILON
ShopPhiDE,Letter Sweater Vest,UPI26061800491,Apparel > Sweaters,https://cdn.shopify.com/s/files/1/0047/7324/9073/files/FDE230011_SW286_GREY.jpg?v=1700097414,PHI DELTA EPSILON
ShopPhiDE,Letter Sweater Vest,UPI2606182817,Outerwear > Vests,https://cdn.shopify.com/s/files/1/0047/7324/9073/files/FDE230012_SW286_BLACK.jpg?v=1735850755,PHI DELTA EPSILON
ShopPhiDE,Black Sweatpants,UPI2606181121,Pants > Sweatpants,https://cdn.shopify.com/s/files/1/0047/7324/9073/files/FDE230013_973MR_BLACKpsd.jpg?v=1735850754,PHI DELTA EPSILON
ShopPhiDE,Caduceus Sweatpants,UPI2606183889,Pants > Sweatpants,https://cdn.shopify.com/s/files/1/0047/7324/9073/files/FDE230014_973MR_ASH.jpg?v=1735850753,PHI DELTA EPSILON
ShopPhiDE,Sport Wick Hooded Pullover,UPI2606189425,Outerwear > Jackets,https://cdn.shopify.com/s/files/1/0047/7324/9073/files/FDE230015_F244_BLACK.jpg?v=1735850751,PHI DELTA EPSILON
ShopPhiDE,Retro Shadow Crewneck,UPI26061849611,Sweatshirts > Crewneck sweatshirts,https://cdn.shopify.com/s/files/1/0047/7324/9073/files/FDE230016_18000_WHITE.jpg?v=1735850750,PHI DELTA EPSILON
ShopPhiDE,Over the Rainbow Crewneck,UPI26061804971,Sweatshirts > Crewneck sweatshirts,https://cdn.shopify.com/s/files/1/0047/7324/9073/files/FDE230017_18000WHITE.jpg?v=1735850749,PHI DELTA EPSILON
ShopPhiDE,Skate Boarding Skeleton Crewneck,UPI26061832651,Sweatshirts > Crewneck sweatshirts,https://cdn.shopify.com/s/files/1/0047/7324/9073/files/FDE230018_18000_PURPLE.jpg?v=1735850748,PHI DELTA EPSILON
ShopPhiDE,Violet Shadow Tee,UPI26061888011,Shirts > Short sleeve t-shirts,https://cdn.shopify.com/s/files/1/0047/7324/9073/files/FDE230019_1717_VIOLET.jpg?v=1735850746,PHI DELTA EPSILON
ShopPhiDE,Nutritional Facts Crewneck,UPI2606184337,Sweatshirts > Crewneck sweatshirts,https://cdn.shopify.com/s/files/1/0047/7324/9073/files/FDE230020_18000_BLACK.jpg?v=1735850745,PHI DELTA EPSILON
ShopPhiDE,Women in Medicine Tee,UPI2606187105,Shirts > Short sleeve t-shirts,https://cdn.shopify.com/s/files/1/0047/7324/9073/files/FDE230021_3001_DarkLavender.jpg?v=1735850744,PHI DELTA EPSILON
ShopPhiDE,Future Doctor Crewneck,UPI2606188177,Sweatshirts > Crewneck sweatshirts,https://cdn.shopify.com/s/files/1/0047/7324/9073/files/FDE230022_18000_ASH.jpg?v=1735850743,PHI DELTA EPSILON
ShopPhiDE,Keyboard Tee,UPI26061837132,Shirts > Short sleeve t-shirts,https://cdn.shopify.com/s/files/1/0047/7324/9073/files/FDE230023_1717_ORCHID_BACK.jpg?v=1735850742,PHI DELTA EPSILON
ShopPhiDE,It's Me V-Neck,UPI2606189249,Shirts > Short sleeve t-shirts,https://cdn.shopify.com/s/files/1/0047/7324/9073/files/FDE230024_6405_WHITE.jpg?v=1735850740,PHI DELTA EPSILON
ShopPhiDE,Actually V-Neck,UPI2606184785,Shirts > Short sleeve t-shirts,https://cdn.shopify.com/s/files/1/0047/7324/9073/files/FDE230025_6405_TEAMPURPLE.jpg?v=1735850739,PHI DELTA EPSILON
ShopPhiDE,Autograph Tee,UPI2606187553,Shirts > Short sleeve t-shirts,https://cdn.shopify.com/s/files/1/0047/7324/9073/files/FDE230026_1717_BLACK.jpg?v=1735850738,PHI DELTA EPSILON
ShopPhiDE,Amethyst Color Blast Crewneck,UPI26061830892,Sweatshirts > Crewneck sweatshirts,https://cdn.shopify.com/s/files/1/0047/7324/9073/files/FDE230027_1545_Amethyst.jpg?v=1735850736,PHI DELTA EPSILON
ShopPhiDE,Friends Crewneck,UPI26061886252,Sweatshirts > Crewneck sweatshirts,https://cdn.shopify.com/s/files/1/0047/7324/9073/files/FDE230028_18000_BLACK_FRONT.jpg?v=1735850735,PHI DELTA EPSILON
ShopPhiDE,Heart Beat Crewneck,UPI26061841611,Sweatshirts > Crewneck sweatshirts,https://cdn.shopify.com/s/files/1/0047/7324/9073/files/FDE230029_PRM3500_PigmentPlum.jpg?v=1735850734,PHI DELTA EPSILON
ShopPhiDE,Actually Tee,UPI2606189697,Headwear > Billed hats,https://cdn.shopify.com/s/files/1/0047/7324/9073/files/FDE230030_1717_VIOLET.jpg?v=1735850733,PHI DELTA EPSILON
ShopPhiDE,Light Weight Full Zip T-shirt Hoodie,UPI26061824652,Shirts > Performance hoodies,https://cdn.shopify.com/s/files/1/0047/7324/9073/files/FDE230031_SS150JZ_GunmetalHeather_FRONT.jpg?v=1700100732,PHI DELTA EPSILON
ShopPhiDE,Medieval Hat,UPI2606180769,Headwear > Billed hats,https://cdn.shopify.com/s/files/1/0047/7324/9073/files/FDE230033_VC300A_BLACK.jpg?v=1735850730,PHI DELTA EPSILON
ShopPhiDE,Signature Hat,UPI2606186305,Headwear > Billed hats,https://cdn.shopify.com/s/files/1/0047/7324/9073/files/FDE230035_VC300A_LAVENDER.jpg?v=1735850729,PHI DELTA EPSILON
ShopPhiDE,Smile Crewneck,UPI2606187377,Sweatshirts > Crewneck sweatshirts,https://cdn.shopify.com/s/files/1/0047/7324/9073/files/FDE230037_18000_PURPLE_BACK.jpg?v=1735850727,PHI DELTA EPSILON
ShopPhiDE,Call Me Doctor Tee,UPI2606185681,Shirts > Short sleeve t-shirts,https://cdn.shopify.com/s/files/1/0047/7324/9073/files/FDE230038_1717_BLACK.jpg?v=1735850725,PHI DELTA EPSILON
ShopPhiDE,Never Wrong Crewneck,UPI26061812171,Sweatshirts > Crewneck sweatshirts,https://cdn.shopify.com/s/files/1/0047/7324/9073/files/FDE230039_18000_ASH.jpg?v=1735850724,PHI DELTA EPSILON
ShopPhiDE,Caduceus Heart Beat Crewneck,UPI26061895211,Sweatshirts > Crewneck sweatshirts,https://cdn.shopify.com/s/files/1/0047/7324/9073/files/FDE230040_18000_PURPLE.jpg?v=1735850722,PHI DELTA EPSILON
ShopPhiDE,Smile Hat,UPI26061850571,Headwear > Billed hats,https://cdn.shopify.com/s/files/1/0047/7324/9073/files/FDE230041_VC300A_WHITE.jpg?v=1735850720,PHI DELTA EPSILON
ShopPhiDE,Sorry I Can't Tee,UPI26061888971,Shirts > Short sleeve t-shirts,https://cdn.shopify.com/s/files/1/0047/7324/9073/files/FDE230042_1717_GRANITE_BACK.jpg?v=1735850719,PHI DELTA EPSILON
ShopPhiDE,Glam Baby Tee,UPI2606181073,Shirts > Short sleeve t-shirts,https://cdn.shopify.com/s/files/1/0047/7324/9073/files/FDE23GL0201_1010_BLACK.jpg?v=1735850717,PHI DELTA EPSILON
ShopPhiDE,Glam Hoodie,UPI2606186433,Sweatshirts > Hooded sweatshirts,https://cdn.shopify.com/s/files/1/0047/7324/9073/files/FDE23GL0201_18500_BLACK.jpg?v=1735850715,PHI DELTA EPSILON
ShopPhiDE,Luxe Lounge Set,UPI2606186529,Loungewear > Sweatsuit sets,https://cdn.shopify.com/s/files/1/0047/7324/9073/files/FDE23GL0202_TD055-NUDE_TD085-NUDE-EMB.jpg?v=1700700660,PHI DELTA EPSILON
ShopPhiDE,Love You Crew,UPI2606181089,Sweatshirts > Crewneck sweatshirts,https://cdn.shopify.com/s/files/1/0047/7324/9073/files/FDE23GL0205_1566_WHITE-BACK.jpg?v=1735850714,PHI DELTA EPSILON
ShopPhiDE,Caduecus Mircro Feece Vest,UPI2606186417,Outerwear > Vests,https://cdn.shopify.com/s/files/1/0047/7324/9073/files/FDE240201F226TRUENAVYEMB_2.jpg?v=1735850707,PHI DELTA EPSILON
ShopPhiDE,Women's Puffy Vest,UPI2606188561,Outerwear > Vests,https://cdn.shopify.com/s/files/1/0047/7324/9073/files/FDE240202L709BLACK.jpg?v=1742402649,PHI DELTA EPSILON
ShopPhiDE,Orange Nike Dri-Fit Polo,UPI2606187937,Shirts > Short sleeve polo shirts,https://cdn.shopify.com/s/files/1/0047/7324/9073/files/FDE240203266998SLRORNG.jpg?v=1742402683,PHI DELTA EPSILON
ShopPhiDE,Red Nike Women's Dri-FIT Legacy Polo,UPI26061845451,Shirts > Short sleeve polo shirts,https://cdn.shopify.com/s/files/1/0047/7324/9073/files/FDE240204838957GYMRED.jpg?v=1742402667,PHI DELTA EPSILON
ShopPhiDE,Silk Touch Polo,UPI26061849931,Shirts > Short sleeve polo shirts,https://cdn.shopify.com/s/files/1/0047/7324/9073/files/FDE240207K500BARKEMB.jpg?v=1735850702,PHI DELTA EPSILON
ShopPhiDE,Women's Silk Touch Polo,UPI2606183297,Shirts > Short sleeve polo shirts,https://cdn.shopify.com/s/files/1/0047/7324/9073/files/FDE240208L540BLACKEMB.jpg?v=1735850701,PHI DELTA EPSILON
ShopPhiDE,Racer Mesh Long Sleeve Polo,UPI2606188833,Shirts > Long sleeve polo shirts,https://cdn.shopify.com/s/files/1/0047/7324/9073/files/FDE240209ST640LSBLACKEMB.jpg?v=1735850699,PHI DELTA EPSILON
ShopPhiDE,Women's Silk Touch Long Sleeve Polo,UPI26061837452,Shirts > Long sleeve polo shirts,https://cdn.shopify.com/s/files/1/0047/7324/9073/files/FDE240210L540LSBRIGHTPURPLEEMB.jpg?v=1735850698,PHI DELTA EPSILON
ShopPhiDE,Women's Hooded Raglan Jacket,UPI2606185505,Outerwear > Jackets,https://cdn.shopify.com/s/files/1/0047/7324/9073/files/FDE240212LST76BLCK_WHITEEMB.jpg?v=1735850695,PHI DELTA EPSILON
ShopPhiDE,Cargo Scrub Pants,UPI2606182657,Apparel > Scrubs,https://cdn.shopify.com/s/files/1/0047/7324/9073/files/FDE2402141WW3150BLACKEMB.jpg?v=1735850692,PHI DELTA EPSILON
ShopPhiDE,Scrub Chest Pocket V-Neck Top,UPI2606185153,Apparel > Scrubs,https://cdn.shopify.com/s/files/1/0047/7324/9073/files/FDE240215WW3160BLACKEMB.jpg?v=1735850694,PHI DELTA EPSILON
ShopPhiDE,Ladies Work Flex V-Neck Top,UPI26061807851,Apparel > Scrubs,https://cdn.shopify.com/s/files/1/0047/7324/9073/files/FDE240216WW4560BLACKEMB.jpg?v=1735850690,PHI DELTA EPSILON
ShopPhiDE,Zephyr Full-Zip Jacket,UPI26061806251,Outerwear > Jackets,https://cdn.shopify.com/s/files/1/0047/7324/9073/files/FDE24025J344black.jpg?v=1742402611,PHI DELTA EPSILON
ShopPhiDE,Ladies Cargo Scrub Pants,UPI2606187393,Apparel > Scrubs,https://cdn.shopify.com/s/files/1/0047/7324/9073/files/FDE24026WW4550BLACK.jpg?v=1742402549,PHI DELTA EPSILON
ShopPhiDE,Scrub Cap,UPI2606183105,Apparel > Scrubs,https://cdn.shopify.com/s/files/1/0047/7324/9073/files/FDE24027WW3040BLACK.jpg?v=1742402576,PHI DELTA EPSILON
ShopPhiDE,Ivory Est T-Shirt,UPI2606184945,Shirts > Short sleeve t-shirts,https://cdn.shopify.com/s/files/1/0047/7324/9073/files/FDE2500011717IVORY.jpg?v=1743990906,PHI DELTA EPSILON
ShopPhiDE,1904 Hoodie,UPI2606189233,Sweatshirts > Hooded sweatshirts,https://cdn.shopify.com/s/files/1/0047/7324/9073/files/FDE250002-18500-WHITE-back.jpg?v=1744042054,PHI DELTA EPSILON
ShopPhiDE,Paddington Crewneck,UPI26061896811,Sweatshirts > Crewneck sweatshirts,https://cdn.shopify.com/s/files/1/0047/7324/9073/files/FDE25000318000PURPLE.jpg?v=1743991156,PHI DELTA EPSILON
ShopPhiDE,Pickleball Tee,UPI26061873611,Shirts > Short sleeve t-shirts,https://cdn.shopify.com/s/files/1/0047/7324/9073/files/FDE2500041717IVORY.jpg?v=1744040492,PHI DELTA EPSILON
ShopPhiDE,Simply PhiDE,UPI2606185041,Sweatshirts > Crewneck sweatshirts,https://cdn.shopify.com/s/files/1/0047/7324/9073/files/FDE25000618000ASH.jpg?v=1743991435,PHI DELTA EPSILON
ShopPhiDE,Caduecus Black Full Zip Jacket,UPI2606184241,Outerwear > Jackets,https://cdn.shopify.com/s/files/1/0047/7324/9073/files/FDE250007J344BLACK.jpg?v=1743991667,PHI DELTA EPSILON
ShopPhiDE,Women's Caduecus Full Zip Jacket,UPI2606182193,Outerwear > Jackets,https://cdn.shopify.com/s/files/1/0047/7324/9073/files/FDE250008L344BLACK.jpg?v=1743991982,PHI DELTA EPSILON
ShopPhiDE,Coastal Tee,UPI2606189073,Shirts > Short sleeve t-shirts,https://cdn.shopify.com/s/files/1/0047/7324/9073/files/FDE2500091717WHITEback.jpg?v=1743992126,PHI DELTA EPSILON
ShopPhiDE,Women's Fit Ceil Scrub Top,UPI26061830891,Apparel > Scrubs,https://cdn.shopify.com/s/files/1/0047/7324/9073/files/FDE250101NN300ONNACEILBLUE.jpg?v=1750966065,PHI DELTA EPSILON
ShopPhiDE,Ceil Blue Scrub Joggers,UPI2606183985,Apparel > Scrubs,https://cdn.shopify.com/s/files/1/0047/7324/9073/files/FDE250102NN610ONNACIELBLUE.jpg?v=1750966381,PHI DELTA EPSILON
ShopPhiDE,Ceil Blue Restore Scrub Top,UPI2606180417,Apparel > Scrubs,https://cdn.shopify.com/s/files/1/0047/7324/9073/files/FDE250103M897HARRITONCEILBLUE.jpg?v=1750966739,PHI DELTA EPSILON
ShopPhiDE,Ceil Blue Restore Scrub Bottoms,UPI2606186225,Apparel > Scrubs,https://cdn.shopify.com/s/files/1/0047/7324/9073/files/FDE250104M898HARRITONCEILBLUE.jpg?v=1750967038,PHI DELTA EPSILON
ShopPhiDE,Limited Edition- Anatomy Tees,UPI26061828651,Shirts > Short sleeve t-shirts,https://cdn.shopify.com/s/files/1/0047/7324/9073/files/FDE25AUG1-BLACK-FRONT.jpg?v=1755629860,PHI DELTA EPSILON
ShopPhiDE,Lettered Pullover,UPI2606187809,Outerwear > Jackets,https://cdn.shopify.com/s/files/1/0047/7324/9073/files/FDE25SEP019905WHITEfront.jpg?v=1769027241,PHI DELTA EPSILON
ShopPhiDE,Lettered Hoodie,UPI2606186561,Sweatshirts > Hooded sweatshirts,https://cdn.shopify.com/s/files/1/0047/7324/9073/files/FDE25SEP0218500SPORTGREYback.jpg?v=1769027517,PHI DELTA EPSILON
ShopPhiDE,Lettered Crewneck,UPI26061831691,Sweatshirts > Crewneck sweatshirts,https://cdn.shopify.com/s/files/1/0047/7324/9073/files/FDE25SEP0318000SPORTGREYback.jpg?v=1769027677,PHI DELTA EPSILON
ShopPhiDE,Lettered Tee,UPI26061825451,Shirts > Short sleeve t-shirts,https://cdn.shopify.com/s/files/1/0047/7324/9073/files/FDE25SEP045000SPORTGREYback.jpg?v=1769027833,PHI DELTA EPSILON
ShopPhiDE,Lettered Zip Up Hoodie (Copy),UPI26061861291,Sweatshirts > Hooded sweatshirts,https://cdn.shopify.com/s/files/1/0047/7324/9073/files/FDE25SEP06-ATHLHEATHER-PC78ZH-BACK.jpg?v=1774892071,PHI DELTA EPSILON
ShopPhiDE,Jeepin Tee,UPI26061898411,Shirts > Short sleeve t-shirts,https://cdn.shopify.com/s/files/1/0047/7324/9073/files/FDE2600011717WHITEBACK.jpg?v=1770656024,PHI DELTA EPSILON
ShopPhiDE,Grape Tee,UPI26061826092,Shirts > Short sleeve t-shirts,https://cdn.shopify.com/s/files/1/0047/7324/9073/files/FDE2600021717GRAPE.jpg?v=1770656190,PHI DELTA EPSILON
ShopPhiDE,Scripted Tee,UPI26061881452,Shirts > Short sleeve t-shirts,https://cdn.shopify.com/s/files/1/0047/7324/9073/files/FDE2600031717WHITE.jpg?v=1770656319,PHI DELTA EPSILON
ShopPhiDE,Medical Fraternity Tee,UPI2606186449,Shirts > Short sleeve t-shirts,https://cdn.shopify.com/s/files/1/0047/7324/9073/files/FDE2600041717BLACK.jpg?v=1770656420,PHI DELTA EPSILON
ShopPhiDE,Be Bold Tee,UPI26061892171,Shirts > Short sleeve t-shirts,https://cdn.shopify.com/s/files/1/0047/7324/9073/files/FDE2600051717GRANITE.jpg?v=1770656502,PHI DELTA EPSILON
ShopPhiDE,Grape Caduecus Tee,UPI26061875211,Shirts > Short sleeve t-shirts,https://cdn.shopify.com/s/files/1/0047/7324/9073/files/FDE2600061717GRAPEBACK.jpg?v=1770656633,PHI DELTA EPSILON
ShopPhiDE,Red Pen Tee,UPI2606183057,Shirts > Short sleeve t-shirts,https://cdn.shopify.com/s/files/1/0047/7324/9073/files/FDE2600071717IVORY.jpg?v=1770656907,PHI DELTA EPSILON
ShopPhiDE,Warning Tee,UPI2606188593,Shirts > Short sleeve t-shirts,https://cdn.shopify.com/s/files/1/0047/7324/9073/files/FDE2600081717GRAPE.jpg?v=1770657037,PHI DELTA EPSILON
ShopPhiDE,Sleep Doesn't Exist Tee,UPI26061856491,Shirts > Short sleeve t-shirts,https://cdn.shopify.com/s/files/1/0047/7324/9073/files/FDE2600091717BLACK.jpg?v=1770657144,PHI DELTA EPSILON
ShopPhiDE,"Scrubs, Caffeine, Repeat Crewneck",UPI2606181905,Sweatshirts > Crewneck sweatshirts,https://cdn.shopify.com/s/files/1/0047/7324/9073/files/FDE26001018000PURPLE.jpg?v=1770657272,PHI DELTA EPSILON
ShopPhiDE,If Lost Crewneck,UPI26061874411,Sweatshirts > Crewneck sweatshirts,https://cdn.shopify.com/s/files/1/0047/7324/9073/files/FDE26001118000ASH.jpg?v=1770657401,PHI DELTA EPSILON
ShopPhiDE,Paging Crewneck,UPI2606182977,Sweatshirts > Crewneck sweatshirts,https://cdn.shopify.com/s/files/1/0047/7324/9073/files/FDE26001218000BLACK.jpg?v=1770657489,PHI DELTA EPSILON
ShopPhiDE,Children's Miracle Network Ivory Tee,UPI2606188513,Shirts > Short sleeve t-shirts,https://cdn.shopify.com/s/files/1/0047/7324/9073/files/FDE2600131717IVORY.jpg?v=1770657642,PHI DELTA EPSILON
ShopPhiDE,Children's Miracle Network Grape Tee,UPI26061812811,Shirts > Short sleeve t-shirts,https://cdn.shopify.com/s/files/1/0047/7324/9073/files/FDE2600141717GRAPE.jpg?v=1770657729,PHI DELTA EPSILON
ShopPhiDE,Children's Miracle Network White Tee,UPI26061823532,Shirts > Short sleeve t-shirts,https://cdn.shopify.com/s/files/1/0047/7324/9073/files/FDE2600151717WHITE.jpg?v=1770657813,PHI DELTA EPSILON
ShopPhiDE,Children's Miracle Network Purple Crewneck,UPI2606183425,Sweatshirts > Crewneck sweatshirts,https://cdn.shopify.com/s/files/1/0047/7324/9073/files/FDE26001618000PURPLE.jpg?v=1770657908,PHI DELTA EPSILON
ShopPhiDE,Children's Miracle Network Postcard Crewneck,UPI26061861931,Sweatshirts > Crewneck sweatshirts,https://cdn.shopify.com/s/files/1/0047/7324/9073/files/FDE26001718000ASH.jpg?v=1770657999,PHI DELTA EPSILON
ShopPhiDE,Children's Miracle Network Sneakers Crewneck,UPI26061817291,Sweatshirts > Crewneck sweatshirts,https://cdn.shopify.com/s/files/1/0047/7324/9073/files/FDE26001818000BLACK.jpg?v=1770658095,PHI DELTA EPSILON
ShopPhiDE,Anatomy Fashion Show Tee,UPI26061872652,Shirts > Short sleeve t-shirts,https://cdn.shopify.com/s/files/1/0047/7324/9073/files/FDE2600191717BLACK.jpg?v=1770658232,PHI DELTA EPSILON
ShopPhiDE,Strike a Pose Fashion Tee,UPI26061800331,Shirts > Short sleeve t-shirts,https://cdn.shopify.com/s/files/1/0047/7324/9073/files/FDE2600201717GRAPE.jpg?v=1770658346,PHI DELTA EPSILON
ShopPhiDE,Runway Fashion Show Tee,UPI26061883372,Shirts > Short sleeve t-shirts,https://cdn.shopify.com/s/files/1/0047/7324/9073/files/FDE2600211717WHITE.jpg?v=1770658448,PHI DELTA EPSILON
ShopPhiDE,Anatomy Fashion Show Crewneck,UPI2606186641,Sweatshirts > Crewneck sweatshirts,https://cdn.shopify.com/s/files/1/0047/7324/9073/files/FDE2600221717SPORTSGREY.jpg?v=1770658559,PHI DELTA EPSILON
ShopPhiDE,Skeleton Dance Crewneck,UPI26061849451,Sweatshirts > Crewneck sweatshirts,https://cdn.shopify.com/s/files/1/0047/7324/9073/files/FDE2600231717PURPLE.jpg?v=1770658663,PHI DELTA EPSILON
ShopPhiDE,Peek-A-Boo Crewneck,UPI26061877131,Sweatshirts > Crewneck sweatshirts,https://cdn.shopify.com/s/files/1/0047/7324/9073/files/FDE2600241717WHITE.jpg?v=1770658815,PHI DELTA EPSILON
ShopPhiDE,The North FaceB. Sweater Fleece Vest,UPI26061896331,Outerwear > Vests,https://cdn.shopify.com/s/files/1/0047/7324/9073/files/FDE260101NF0A47FABLACKemb_1.jpg?v=1779809770,PHI DELTA EPSILON
ShopPhiDE,Brooks BrothersB. Double-Knit 1/4-Zip- Black,UPI2606182401,Outerwear > Jackets,https://cdn.shopify.com/s/files/1/0047/7324/9073/files/FDE260102BB18206BLACKemb.jpg?v=1779810020,PHI DELTA EPSILON
ShopPhiDE,Brooks BrothersB. Double-Knit 1/4-Zip- Grey,UPI2606186241,Outerwear > Jackets,https://cdn.shopify.com/s/files/1/0047/7324/9073/files/FDE260103BB18206GREYemb.jpg?v=1779810124,PHI DELTA EPSILON
ShopPhiDE,Nike Dri-FIT Solid Modern Fit Polo,UPI2606181777,Outerwear > Jackets,https://cdn.shopify.com/s/files/1/0047/7324/9073/files/FDE260104746099BLACKemb.jpg?v=1779810326,PHI DELTA EPSILON
ShopPhiDE,Nike Dri-FIT Women's Polo,UPI26061894571,Outerwear > Jackets,https://cdn.shopify.com/s/files/1/0047/7324/9073/files/FDE260105746099PURPLEemb.jpg?v=1779810718,PHI DELTA EPSILON
ShopPhiDE,Phi Delta Epsilon Button,UPI26061859371,Apparel > Buttons,https://cdn.shopify.com/s/files/1/0047/7324/9073/files/FDE-BDP-BUTTON.jpg?v=1735850711,PHI DELTA EPSILON
ShopPhiDE,Locker Key Chain,UPI26061804171,Promotional > Key chains,https://cdn.shopify.com/s/files/1/0047/7324/9073/files/FDE-BDP-KEYCHAIN.jpg?v=1735850709,PHI DELTA EPSILON
ShopPhiDE,Purple and Grey Pen,UPI2606184161,Office products > Pens,https://cdn.shopify.com/s/files/1/0047/7324/9073/files/FDE-BDP-PEN.jpg?v=1735850710,PHI DELTA EPSILON
ShopPhiDE,Caduceus Sticker,UPI2606187169,Promotional > Stickers,https://cdn.shopify.com/s/files/1/0047/7324/9073/files/FDE-BDP-STICKER.jpg?v=1735850712,PHI DELTA EPSILON
ShopPhiDE,Lacy Bow Knitted Sweater,UPI2606189665,Apparel > Sweaters,https://cdn.shopify.com/s/files/1/0047/7324/9073/files/FRONT_MODEL.jpg?v=1758636100,PHI DELTA EPSILON
ShopPhiDE,Repeat Notepad,UPI26061851211,Paper/print goods > Note pads,https://cdn.shopify.com/s/files/1/0047/7324/9073/files/IMG_2785_1.jpg?v=1735850772,PHI DELTA EPSILON
ShopPhiDE,Repeat Cup,UPI26061872651,Drinkware > Stadium cups,https://cdn.shopify.com/s/files/1/0047/7324/9073/files/IMG_2789.jpg?v=1735850771,PHI DELTA EPSILON
ShopPhiDE,Phi Delta Epsilon Caduceus Sticker,UPI2606183873,Promotional > Stickers,https://cdn.shopify.com/s/files/1/0047/7324/9073/files/IMG_2790.jpg?v=1735850770,PHI DELTA EPSILON
ShopPhiDE,Medieval Water Bottle (clear),UPI26061897131,Water bottles > Plastic water bottles,https://cdn.shopify.com/s/files/1/0047/7324/9073/files/IMG_2802.jpg?v=1735850768,PHI DELTA EPSILON
ShopPhiDE,Medieval Water Bottle (white),UPI2606186945,Water bottles > Plastic water bottles,https://cdn.shopify.com/s/files/1/0047/7324/9073/files/IMG_2803.jpg?v=1735850769,PHI DELTA EPSILON
ShopPhiDE,Greek Letter Tank,UPI2606186609,Shirts > Tank tops,https://cdn.shopify.com/s/files/1/0047/7324/9073/products/17012.jpg?v=1735850927,PHI DELTA EPSILON
ShopPhiDE,Long Sleeve Sewn on Letters,UPI26061812012,Sweatshirts > Crewneck sweatshirts,https://cdn.shopify.com/s/files/1/0047/7324/9073/products/17024.jpg?v=1735850928,PHI DELTA EPSILON
ShopPhiDE,Love Your Body (Ladies fit),UPI26061814732,Shirts > Short sleeve t-shirts,https://cdn.shopify.com/s/files/1/0047/7324/9073/products/17029.jpg?v=1735850926,PHI DELTA EPSILON
ShopPhiDE,Ladies Fit Heart on Display,UPI2606180993,Shirts > Short sleeve t-shirts,https://cdn.shopify.com/s/files/1/0047/7324/9073/products/17033.jpg?v=1735850930,PHI DELTA EPSILON
ShopPhiDE,Classic Line Hat,UPI2606182609,Headwear > Billed hats,https://cdn.shopify.com/s/files/1/0047/7324/9073/products/2275532138473521256.jpg?v=1735850944,PHI DELTA EPSILON
ShopPhiDE,Sky Blue Tie-Dye Tee,UPI2606185249,Shirts > Short sleeve t-shirts,https://cdn.shopify.com/s/files/1/0047/7324/9073/products/5WgdGrlg.jpg?v=1735850936,PHI DELTA EPSILON
ShopPhiDE,IPAY-ACID,UPI26061896491,Promotional > Stickers,https://cdn.shopify.com/s/files/1/0047/7324/9073/products/acid-2014710-front.gif?v=1594244877,PHI DELTA EPSILON
ShopPhiDE,IPAY-SS TEE-AGAINST,UPI2606185713,Shirts > Short sleeve t-shirts,https://cdn.shopify.com/s/files/1/0047/7324/9073/products/against-2024426.gif?v=1648077661,PHI DELTA EPSILON
ShopPhiDE,IPAY-ANATOMICAL-1/4 ZIP,UPI26061896652,Sweatshirts > 1/4 zip sweatshirts,https://cdn.shopify.com/s/files/1/0047/7324/9073/products/anatomical-2109841.jpg?v=1618976308,PHI DELTA EPSILON
ShopPhiDE,IPAY-ANATOMICAL-1/4 ZIP-INDSHIP,UPI2606180497,Sweatshirts > 1/4 zip sweatshirts,https://cdn.shopify.com/s/files/1/0047/7324/9073/products/anatomical-2109841_91fce525-46c9-429b-89d0-d0333db51d39.jpg?v=1619039577,PHI DELTA EPSILON
ShopPhiDE,IPAY-AUTUMN-SWEATPANTS,UPI2606185937,Pants > Sweatpants,https://cdn.shopify.com/s/files/1/0047/7324/9073/products/AUTUMN-2132723.gif?v=1639453190,PHI DELTA EPSILON
ShopPhiDE,IPAY-BAND-TEE,UPI2606182065,Shirts > Short sleeve t-shirts,https://cdn.shopify.com/s/files/1/0047/7324/9073/products/band-2109840.jpg?v=1618976089,PHI DELTA EPSILON
ShopPhiDE,IPAY-BAND-TEE-INDSHIP,UPI2606180945,Shirts > Short sleeve t-shirts,https://cdn.shopify.com/s/files/1/0047/7324/9073/products/band-2109840_ca4ef1ef-4809-4c5f-bd32-86afe4d3b11e.jpg?v=1619039678,PHI DELTA EPSILON
ShopPhiDE,IPAY-BARK-CREWNECK,UPI2606187505,Sweatshirts > Crewneck sweatshirts,https://cdn.shopify.com/s/files/1/0047/7324/9073/products/bark-2134822.gif?v=1643926582,PHI DELTA EPSILON
ShopPhiDE,IPAY-BEAK-BEANIE,UPI2606181201,Headwear > Beanies,https://cdn.shopify.com/s/files/1/0047/7324/9073/products/beak-2032503.gif?v=1606930360,PHI DELTA EPSILON
ShopPhiDE,IPAY-BEFRIEND-SWEATSHIRT,UPI2606187633,Sweatshirts > Crewneck sweatshirts,https://cdn.shopify.com/s/files/1/0047/7324/9073/products/befriend-2031527.gif?v=1606934651,PHI DELTA EPSILON
ShopPhiDE,IPAY-BORROWS-TSHIRT,UPI2606189825,Shirts > Short sleeve t-shirts,https://cdn.shopify.com/s/files/1/0047/7324/9073/products/borrows-2134815.gif?v=1643926131,PHI DELTA EPSILON
ShopPhiDE,IPAY-BUCKET-HAT,UPI2606186145,Headwear > Bucket hats,https://cdn.shopify.com/s/files/1/0047/7324/9073/products/bucket-2109843.jpg?v=1618976711,PHI DELTA EPSILON
ShopPhiDE,IPAY-BUCKET-HAT-INDSHIP,UPI2606183089,Headwear > Bucket hats,https://cdn.shopify.com/s/files/1/0047/7324/9073/products/bucket-2109843_b044f45d-e467-40c4-b7a0-9f9a1c467473.jpg?v=1619039760,PHI DELTA EPSILON
ShopPhiDE,IPAY-CADUCEUS-SWEATSHIRT,UPI26061842251,Sweatshirts > Crewneck sweatshirts,https://cdn.shopify.com/s/files/1/0047/7324/9073/products/caduceus-2109838.gif?v=1619049777,PHI DELTA EPSILON
ShopPhiDE,IPAY-CADUCEUS-SWEATSHIRT-INDSHIP,UPI2606186993,Sweatshirts > Crewneck sweatshirts,https://cdn.shopify.com/s/files/1/0047/7324/9073/products/caduceus-2109838_8455460f-b3e7-4f37-b3d2-fdd629967224.gif?v=1619049795,PHI DELTA EPSILON
ShopPhiDE,MD Beta Virtual 5K Tshirt,UPI26061814731,Shirts > Short sleeve t-shirts,https://cdn.shopify.com/s/files/1/0047/7324/9073/products/camel-2005907.gif?v=1602514943,PHI DELTA EPSILON
ShopPhiDE,IPAY-CARAMEL,UPI26061882251,Shirts > Short sleeve t-shirts,https://cdn.shopify.com/s/files/1/0047/7324/9073/products/caramel-2005663-both.gif?v=1583771529,PHI DELTA EPSILON
ShopPhiDE,IPAY-CHARGING-1/4 ZIP,UPI2606189473,Sweatshirts > 1/4 zip sweatshirts,https://cdn.shopify.com/s/files/1/0047/7324/9073/products/charging-2031531.gif?v=1606931726,PHI DELTA EPSILON
ShopPhiDE,IPAY-CHIPS,UPI26061896651,Shirts > Short sleeve t-shirts,https://cdn.shopify.com/s/files/1/0047/7324/9073/products/chips-2014810-front.gif?v=1594244039,PHI DELTA EPSILON
ShopPhiDE,IPAY-COLLAGE-POCKET-TEE,UPI2606187585,Shirts > Short sleeve t-shirts,https://cdn.shopify.com/s/files/1/0047/7324/9073/products/collage-2109839.jpg?v=1618975476,PHI DELTA EPSILON
ShopPhiDE,IPAY-COLLAGE-POCKET-TEE-INDSHIP,UPI2606183121,Shirts > Short sleeve t-shirts,https://cdn.shopify.com/s/files/1/0047/7324/9073/products/collage-2109839_637ffb93-42de-43ef-ad85-85bd91f23949.jpg?v=1618975492,PHI DELTA EPSILON
ShopPhiDE,IPAY-CRADLE,UPI2606187713,Shirts > Short sleeve t-shirts,https://cdn.shopify.com/s/files/1/0047/7324/9073/products/CRADLE2003410-all.gif?v=1582233378,PHI DELTA EPSILON
ShopPhiDE,IPAY-CYCLONE-TEE,UPI2606184625,Shirts > Short sleeve t-shirts,https://cdn.shopify.com/s/files/1/0047/7324/9073/products/cyclone-2109835.gif?v=1618973821,PHI DELTA EPSILON
ShopPhiDE,IPAY-CYCLONE-TEE-INDSHIP,UPI2606188465,Shirts > Short sleeve t-shirts,https://cdn.shopify.com/s/files/1/0047/7324/9073/products/cyclone-2109835_39286047-1a2d-444f-acf0-2dc244e829e1.gif?v=1618973954,PHI DELTA EPSILON
ShopPhiDE,Banana Cream Tee,UPI2606183745,Shirts > Short sleeve t-shirts,https://cdn.shopify.com/s/files/1/0047/7324/9073/products/d69mptGQ.jpg?v=1622151328,PHI DELTA EPSILON
ShopPhiDE,IPAY-DECKS,UPI2606188625,Shirts > Short sleeve t-shirts,https://cdn.shopify.com/s/files/1/0047/7324/9073/products/decks-2001308.gif?v=1580140464,PHI DELTA EPSILON
ShopPhiDE,IPAY-DOG-TSHIRT,UPI26061889612,Shirts > Short sleeve t-shirts,https://cdn.shopify.com/s/files/1/0047/7324/9073/products/dog-2132719.gif?v=1639451422,PHI DELTA EPSILON
ShopPhiDE,IPAY-DOODLE-HOODIE,UPI2606182801,Sweatshirts > Hooded sweatshirts,https://cdn.shopify.com/s/files/1/0047/7324/9073/products/doodle-2132720.gif?v=1639451734,PHI DELTA EPSILON
ShopPhiDE,IPAY-DRIPPY-HOODIE,UPI2606184097,Sweatshirts > Hooded sweatshirts,https://cdn.shopify.com/s/files/1/0047/7324/9073/products/drippy-2109836.jpg?v=1618974550,PHI DELTA EPSILON
ShopPhiDE,IPAY-DRIPPY-HOODIE-INDSHIP,UPI2606186865,Sweatshirts > Hooded sweatshirts,https://cdn.shopify.com/s/files/1/0047/7324/9073/products/drippy-2109836_160f8294-f656-4836-b552-b0bf2eba61c3.jpg?v=1618974567,PHI DELTA EPSILON
ShopPhiDE,IPAY-DRUMMER,UPI2606189217,Shirts > Short sleeve t-shirts,https://cdn.shopify.com/s/files/1/0047/7324/9073/products/drummer-2014708-front.gif?v=1594245039,PHI DELTA EPSILON
ShopPhiDE,Butterfly Script,UPI2606187217,Shirts > Short sleeve t-shirts,https://cdn.shopify.com/s/files/1/0047/7324/9073/products/DxfT-E9Q.jpg?v=1735850935,PHI DELTA EPSILON
ShopPhiDE,IPAY EARMUFF,UPI2606183281,Headwear > Ear muffs,https://cdn.shopify.com/s/files/1/0047/7324/9073/products/earmuff-2005639_002.gif?v=1583423418,PHI DELTA EPSILON
ShopPhiDE,Butterfly Tank,UPI26061858731,Shirts > Tank tops,https://cdn.shopify.com/s/files/1/0047/7324/9073/products/eGpz2KfQ.jpg?v=1735850937,PHI DELTA EPSILON
ShopPhiDE,IPAY-ENHANCE-POCKET TSHIRT,UPI26061878571,Shirts > Short sleeve t-shirts,https://cdn.shopify.com/s/files/1/0047/7324/9073/products/enhance-2031529.gif?v=1607033399,PHI DELTA EPSILON
ShopPhiDE,IPAY-ENTITY-LONG SLEEVE TSHIRT,UPI2606182705,Shirts > Long sleeve t-shirts,https://cdn.shopify.com/s/files/1/0047/7324/9073/products/entity-2031530.gif?v=1606932115,PHI DELTA EPSILON
ShopPhiDE,IPAY-FABULOUS02-BID DAY-GROUP SHIP,UPI26061804812,Shirts > Short sleeve t-shirts,https://cdn.shopify.com/s/files/1/0047/7324/9073/products/fabulous-2123626.gif?v=1632237546,PHI DELTA EPSILON
ShopPhiDE,IPAY-FABULOUS02-BID DAY-IND SHIP,UPI2606185665,Shirts > Short sleeve t-shirts,https://cdn.shopify.com/s/files/1/0047/7324/9073/products/fabulous-2123626_949bccc5-923a-4b03-9d0d-057343bf2765.gif?v=1632237920,PHI DELTA EPSILON
ShopPhiDE,Love Your Body Tee,UPI2606189377,Shirts > Short sleeve t-shirts,https://cdn.shopify.com/s/files/1/0047/7324/9073/products/FDE_19309.jpg?v=1735850982,PHI DELTA EPSILON
ShopPhiDE,SFTK Supreme Longsleeve,UPI2606181937,Shirts > Long sleeve t-shirts,https://cdn.shopify.com/s/files/1/0047/7324/9073/products/FDE_19315.jpg?v=1735850980,PHI DELTA EPSILON
ShopPhiDE,Anatomy Fashion Show Skeleton Longsleeve,UPI2606180545,Shirts > Long sleeve t-shirts,https://cdn.shopify.com/s/files/1/0047/7324/9073/products/FDE_19318.jpg?v=1772645390,PHI DELTA EPSILON
ShopPhiDE,Thank You Tee,UPI2606180257,Shirts > Short sleeve t-shirts,https://cdn.shopify.com/s/files/1/0047/7324/9073/products/FDE_19322.jpg?v=1735850978,PHI DELTA EPSILON
ShopPhiDE,Anatomy Fashion Show Boxed Tee,UPI26061896011,Shirts > Short sleeve t-shirts,https://cdn.shopify.com/s/files/1/0047/7324/9073/products/FDE_19329-2.jpg?v=1735850976,PHI DELTA EPSILON
ShopPhiDE,SFTK Big Red Tee,UPI2606181345,Shirts > Short sleeve t-shirts,https://cdn.shopify.com/s/files/1/0047/7324/9073/products/FDE_19339.jpg?v=1735850975,PHI DELTA EPSILON
ShopPhiDE,Anatomy of a Tee,UPI2606189921,Shirts > Short sleeve t-shirts,https://cdn.shopify.com/s/files/1/0047/7324/9073/products/FDE_19340.jpg?v=1735850974,PHI DELTA EPSILON
ShopPhiDE,Human Anatomy Tee,UPI26061886251,Shirts > Short sleeve t-shirts,https://cdn.shopify.com/s/files/1/0047/7324/9073/products/FDE_19342-2.jpg?v=1735850973,PHI DELTA EPSILON
ShopPhiDE,Logo Skeleton Tee,UPI2606181969,Shirts > Short sleeve t-shirts,https://cdn.shopify.com/s/files/1/0047/7324/9073/products/FDE1.jpg?v=1627003344,PHI DELTA EPSILON
ShopPhiDE,$15 Fun Recruitment Pack,UPI2606180321,Bundles > Non-apparel bundles,https://cdn.shopify.com/s/files/1/0047/7324/9073/products/FDE-15FUNPACK.jpg?v=1621957391,PHI DELTA EPSILON
ShopPhiDE,PhiDE on the Brain,UPI2606181441,Shirts > Short sleeve t-shirts,https://cdn.shopify.com/s/files/1/0047/7324/9073/products/FDE2.jpg?v=1627003529,PHI DELTA EPSILON
ShopPhiDE,Vintage PhiDE Crew,UPI2606186177,Sweatshirts > Crewneck sweatshirts,https://cdn.shopify.com/s/files/1/0047/7324/9073/products/FDE200101-Ash-18000.jpg?v=1735850968,PHI DELTA EPSILON
ShopPhiDE,Small Letters Baseball Hat,UPI2606189937,Headwear > Billed hats,https://cdn.shopify.com/s/files/1/0047/7324/9073/products/FDE200102-White-18-772.jpg?v=1735850967,PHI DELTA EPSILON
ShopPhiDE,Hide & Seek Tee,UPI2606181841,Shirts > Short sleeve t-shirts,https://cdn.shopify.com/s/files/1/0047/7324/9073/products/FDE200202-TeamPurple-3001.jpg?v=1735850964,PHI DELTA EPSILON
ShopPhiDE,Urban Vibe Hoodie,UPI26061886091,Sweatshirts > Hooded sweatshirts,https://cdn.shopify.com/s/files/1/0047/7324/9073/products/FDE2002-Black-18500.jpg?v=1735850965,PHI DELTA EPSILON
ShopPhiDE,Retro Baseball Hat,UPI2606182673,Headwear > Billed hats,https://cdn.shopify.com/s/files/1/0047/7324/9073/products/FDE200301-Black-18-202.jpg?v=1735850972,PHI DELTA EPSILON
ShopPhiDE,Grey Stacked Baseball Hat,UPI26061803531,Headwear > Billed hats,https://cdn.shopify.com/s/files/1/0047/7324/9073/products/FDE200302-StoneGrey-18-202.jpg?v=1735850971,PHI DELTA EPSILON
ShopPhiDE,Purple Baseball Hat with Letters,UPI2606181249,Headwear > Billed hats,https://cdn.shopify.com/s/files/1/0047/7324/9073/products/FDE200303-Purple-18-202.jpg?v=1735850970,PHI DELTA EPSILON
ShopPhiDE,White Script Baseball Hat,UPI2606181633,Headwear > Billed hats,https://cdn.shopify.com/s/files/1/0047/7324/9073/products/FDE200304-White-18-202.jpg?v=1735850969,PHI DELTA EPSILON
ShopPhiDE,Sporty Season Tee,UPI2606188689,Shirts > Short sleeve t-shirts,https://cdn.shopify.com/s/files/1/0047/7324/9073/products/FDE200401-Purple-6051.jpg?v=1588196844,PHI DELTA EPSILON
ShopPhiDE,Script Style Tank,UPI2606182449,Shirts > Tank tops,https://cdn.shopify.com/s/files/1/0047/7324/9073/products/FDE200403-AthleticHeather-8838.jpg?v=1735850963,PHI DELTA EPSILON
ShopPhiDE,Mom Tee,UPI26061815691,Shirts > Short sleeve t-shirts,https://cdn.shopify.com/s/files/1/0047/7324/9073/products/FDE200601-White-3001.jpg?v=1735850916,PHI DELTA EPSILON
ShopPhiDE,Mom Cap,UPI26061805291,Headwear > Billed hats,https://cdn.shopify.com/s/files/1/0047/7324/9073/products/FDE200602-Purple-18202.jpg?v=1735850961,PHI DELTA EPSILON
ShopPhiDE,Mom's Favorite Tote,UPI2606180785,Bags > Tote bags,https://cdn.shopify.com/s/files/1/0047/7324/9073/products/FDE200603-Lavender-Q800.jpg?v=1735850962,PHI DELTA EPSILON
ShopPhiDE,PhiDE Dad Tee,UPI2606180369,Shirts > Short sleeve t-shirts,https://cdn.shopify.com/s/files/1/0047/7324/9073/products/FDE200604-SportGrey-5000.jpg?v=1735850958,PHI DELTA EPSILON
ShopPhiDE,Dad Cap,UPI2606184465,Headwear > Billed hats,https://cdn.shopify.com/s/files/1/0047/7324/9073/products/FDE200605-Black-18202.jpg?v=1735850959,PHI DELTA EPSILON
ShopPhiDE,Forest Phi Delt Tank,UPI2606184993,Shirts > Tank tops,https://cdn.shopify.com/s/files/1/0047/7324/9073/products/FDE200701-Shiraz-5033.jpg?v=1735850957,PHI DELTA EPSILON
ShopPhiDE,Thrifty Tank,UPI2606182353,Shirts > Tank tops,https://cdn.shopify.com/s/files/1/0047/7324/9073/products/FDE200702-StonewashDenim-5033.jpg?v=1735850956,PHI DELTA EPSILON
ShopPhiDE,Striped & Scripted Tank,UPI2606185329,Shirts > Tank tops,https://cdn.shopify.com/s/files/1/0047/7324/9073/products/FDE200703-White-8838.jpg?v=1735850955,PHI DELTA EPSILON
ShopPhiDE,Embroidered Twill Beanie,UPI2606182961,Headwear > Beanies,https://cdn.shopify.com/s/files/1/0047/7324/9073/products/FDE200901-Grey-TW5003-EMB.jpg?v=1735850950,PHI DELTA EPSILON
ShopPhiDE,Sandwash Crew,UPI26061881451,Sweatshirts > Crewneck sweatshirts,https://cdn.shopify.com/s/files/1/0047/7324/9073/products/FDE200902-Maroon-7760.jpg?v=1735850952,PHI DELTA EPSILON
ShopPhiDE,Reindeer Games Crew,UPI26061872491,Sweatshirts > Crewneck sweatshirts,https://cdn.shopify.com/s/files/1/0047/7324/9073/products/FDE200903-Forest-18000.jpg?v=1735850949,PHI DELTA EPSILON
ShopPhiDE,Trees on Tees,UPI26061804651,Shirts > Short sleeve t-shirts,https://cdn.shopify.com/s/files/1/0047/7324/9073/products/FDE200906-HCardinal-3001CVC.jpg?v=1735850948,PHI DELTA EPSILON
ShopPhiDE,Logo Windbreaker,UPI2606188897,Outerwear > Jackets,https://cdn.shopify.com/s/files/1/0047/7324/9073/products/FDE201001-Black-EXP54LWZ-EMB.jpg?v=1607611016,PHI DELTA EPSILON
ShopPhiDE,Collegiate Hooded Sweatshirt,UPI2606183553,Sweatshirts > Crewneck sweatshirts,https://cdn.shopify.com/s/files/1/0047/7324/9073/products/FDE201004-Purple-18500.jpg?v=1735850947,PHI DELTA EPSILON
ShopPhiDE,Outline Crew,UPI2606181857,Sweatshirts > Crewneck sweatshirts,https://cdn.shopify.com/s/files/1/0047/7324/9073/products/FDE201005-Purple-18000.jpg?v=1735850946,PHI DELTA EPSILON
ShopPhiDE,Citrus Tank,UPI2606189489,Shirts > Tank tops,https://cdn.shopify.com/s/files/1/0047/7324/9073/products/FDE210501-4000-Yellow.jpg?v=1624392721,PHI DELTA EPSILON
ShopPhiDE,A Little Smiley Tank,UPI2606182257,Shirts > Tank tops,https://cdn.shopify.com/s/files/1/0047/7324/9073/products/FDE210502-Lime-1080.jpg?v=1624392747,PHI DELTA EPSILON
ShopPhiDE,Fire Tank,UPI2606187889,Shirts > Tank tops,https://cdn.shopify.com/s/files/1/0047/7324/9073/products/FDE210503-Black-1080.jpg?v=1735850932,PHI DELTA EPSILON
ShopPhiDE,Flower Petals Tank,UPI26061889611,Shirts > Tank tops,https://cdn.shopify.com/s/files/1/0047/7324/9073/products/FDE210504-Turq-4070.jpg?v=1624392986,PHI DELTA EPSILON
ShopPhiDE,Marquee Tank,UPI2606187265,Shirts > Tank tops,https://cdn.shopify.com/s/files/1/0047/7324/9073/products/FDE210505-Berry-1080.jpg?v=1624393039,PHI DELTA EPSILON
ShopPhiDE,Classic Cherry Tank,UPI26061855691,Shirts > Tank tops,https://cdn.shopify.com/s/files/1/0047/7324/9073/products/FDE210506-White-1080.jpg?v=1735850930,PHI DELTA EPSILON
ShopPhiDE,Real Thing Tank,UPI2606188337,Shirts > Tank tops,https://cdn.shopify.com/s/files/1/0047/7324/9073/products/FDE210507-Red-4070.jpg?v=1624393143,PHI DELTA EPSILON
ShopPhiDE,Miami Tank,UPI2606181553,Shirts > Tank tops,https://cdn.shopify.com/s/files/1/0047/7324/9073/products/FDE210508-Pink-1080.jpg?v=1624393186,PHI DELTA EPSILON
ShopPhiDE,Crest Crew Sweatshirt,UPI2606180305,Sweatshirts > Crewneck sweatshirts,https://cdn.shopify.com/s/files/1/0047/7324/9073/products/FDE210601-PRM3500-PigmentBlack.jpg?v=1735850925,PHI DELTA EPSILON
ShopPhiDE,Crest Crew Sweatshirt,UPI26061873612,Sweatshirts > Crewneck sweatshirts,https://cdn.shopify.com/s/files/1/0047/7324/9073/products/FDE210602-PRM3500-Sandstone.jpg?v=1735850924,PHI DELTA EPSILON
ShopPhiDE,Caduceus Hoodie,UPI2606189953,Sweatshirts > Hooded sweatshirts,https://cdn.shopify.com/s/files/1/0047/7324/9073/products/FDE210603-18500-White-Back.jpg?v=1735850923,PHI DELTA EPSILON
ShopPhiDE,PhiDE Corduroy Hat,UPI2606181569,Headwear > Billed hats,https://cdn.shopify.com/s/files/1/0047/7324/9073/products/FDE210604-BA703-Black-EMB.jpg?v=1633967785,PHI DELTA EPSILON
ShopPhiDE,Letters Hat,UPI2606187825,Headwear > Billed hats,https://cdn.shopify.com/s/files/1/0047/7324/9073/products/FDE210605-BA703-Black-EMB.jpg?v=1735850921,PHI DELTA EPSILON
ShopPhiDE,Established Beanie,UPI2606186401,Headwear > Beanies,https://cdn.shopify.com/s/files/1/0047/7324/9073/products/FDE210606-SP15-Black-EMB.jpg?v=1735850920,PHI DELTA EPSILON
ShopPhiDE,Hooded Cardigan,UPI2606185425,Apparel > Sweaters,https://cdn.shopify.com/s/files/1/0047/7324/9073/products/FDE210607-DT156-BlackFrost-EMB_1.jpg?v=1735850919,PHI DELTA EPSILON
ShopPhiDE,Large Letter Sweatshirt,UPI2606187665,Sweatshirts > Crewneck sweatshirts,https://cdn.shopify.com/s/files/1/0047/7324/9073/products/FDE210608-18000-MilitaryGreen.jpg?v=1735850918,PHI DELTA EPSILON
ShopPhiDE,Established Square Decal,UPI2606188113,Promotional > Decals,https://cdn.shopify.com/s/files/1/0047/7324/9073/products/FDE210610-Sticker.jpg?v=1735850917,PHI DELTA EPSILON
ShopPhiDE,Boxed Shadow Crew Neck Sweatshirt,UPI26061824011,Sweatshirts > Crewneck sweatshirts,https://cdn.shopify.com/s/files/1/0047/7324/9073/products/FDE220001-PURPLE-18000.jpg?v=1735850915,PHI DELTA EPSILON
ShopPhiDE,Zapped PhiDE,UPI26061817771,Shirts > Short sleeve t-shirts,https://cdn.shopify.com/s/files/1/0047/7324/9073/products/FDE220002-YELLOWHAZE-5000.jpg?v=1735850914,PHI DELTA EPSILON
ShopPhiDE,Floral Trio Tee,UPI26061809771,Shirts > Short sleeve t-shirts,https://cdn.shopify.com/s/files/1/0047/7324/9073/products/FDE220003-VIOLET-5000.jpg?v=1735850912,PHI DELTA EPSILON
ShopPhiDE,I am Enough Tote,UPI26061820491,Bags > Tote bags,https://cdn.shopify.com/s/files/1/0047/7324/9073/products/FDE220004-WHITE-Q800.jpg?v=1735850912,PHI DELTA EPSILON
ShopPhiDE,Three Tone Hat,UPI26061831211,Headwear > Billed hats,https://cdn.shopify.com/s/files/1/0047/7324/9073/products/FDE220005-WHITE-VC300A-EMB.jpg?v=1735850911,PHI DELTA EPSILON
ShopPhiDE,Trucker Hat,UPI26061869611,Headwear > Billed hats,https://cdn.shopify.com/s/files/1/0047/7324/9073/products/FDE220007-PINK-6006W-EMB.jpg?v=1659042082,PHI DELTA EPSILON
ShopPhiDE,Script Meets Print,UPI2606188033,Shirts > Short sleeve t-shirts,https://cdn.shopify.com/s/files/1/0047/7324/9073/products/FDE220009-SFTCREAM-3001.jpg?v=1735850909,PHI DELTA EPSILON
ShopPhiDE,Offline Tee,UPI2606186337,Shirts > Short sleeve t-shirts,https://cdn.shopify.com/s/files/1/0047/7324/9073/products/FDE220010-CHARCOAL-6413.jpg?v=1735850908,PHI DELTA EPSILON
ShopPhiDE,Always Crop Top,UPI26061801771,Shirts > Short sleeve t-shirts,https://cdn.shopify.com/s/files/1/0047/7324/9073/products/FDE220011-MUAVE-6682.jpg?v=1735850907,PHI DELTA EPSILON
ShopPhiDE,Four Star Flowy Tee,UPI2606188481,Shirts > Short sleeve t-shirts,https://cdn.shopify.com/s/files/1/0047/7324/9073/products/FDE220012-BLACK-8816.jpg?v=1659042561,PHI DELTA EPSILON
ShopPhiDE,Unicorn Hoodie,UPI26061895531,Sweatshirts > Hooded sweatshirts,https://cdn.shopify.com/s/files/1/0047/7324/9073/products/FDE220013-UNICORN-CD8600_d5762fd2-43d0-4e33-a96b-dc90ecd35f64.jpg?v=1735850906,PHI DELTA EPSILON
ShopPhiDE,Butterfly Ring Tank,UPI2606189297,Shirts > Tank tops,https://cdn.shopify.com/s/files/1/0047/7324/9073/products/FDE220014-WHITE-8809.jpg?v=1735850905,PHI DELTA EPSILON
ShopPhiDE,Official Phi Delta Epsilon Tee,UPI26061802251,Shirts > Short sleeve t-shirts,https://cdn.shopify.com/s/files/1/0047/7324/9073/products/FDE220201-TEAMPURP-3001.jpg?v=1735850842,PHI DELTA EPSILON
ShopPhiDE,Official Crewneck,UPI26061857611,Sweatshirts > Crewneck sweatshirts,https://cdn.shopify.com/s/files/1/0047/7324/9073/products/FDE220202-SPRTGREY-18000.jpg?v=1735850841,PHI DELTA EPSILON
ShopPhiDE,Caduceus Polo,UPI2606184065,Shirts > Short sleeve polo shirts,https://cdn.shopify.com/s/files/1/0047/7324/9073/products/FDE220203-GRAPE-DG20W-EMB.jpg?v=1735850840,PHI DELTA EPSILON
ShopPhiDE,Crest Polo,UPI2606185137,Shirts > Short sleeve polo shirts,https://cdn.shopify.com/s/files/1/0047/7324/9073/products/FDE220204-BLACK-DG20W-EMB.jpg?v=1735850839,PHI DELTA EPSILON
ShopPhiDE,Violet Rain Jacket,UPI2606187905,Outerwear > Jackets,https://cdn.shopify.com/s/files/1/0047/7324/9073/products/FDE220205-VIOLET-5099-EMB.jpg?v=1735850838,PHI DELTA EPSILON
ShopPhiDE,Official Phi Delta Epsilon Tee,UPI2606180673,Shirts > Short sleeve t-shirts,https://cdn.shopify.com/s/files/1/0047/7324/9073/products/FDE220206-WHITE-3001.jpg?v=1735850837,PHI DELTA EPSILON
ShopPhiDE,Repeat Hoodie,UPI26061844651,Sweatshirts > Hooded sweatshirts,https://cdn.shopify.com/s/files/1/0047/7324/9073/products/FDE220207-WHITE-18500_1.jpg?v=1735850868,PHI DELTA EPSILON
ShopPhiDE,Represent T-Shirt,UPI2606180225,Shirts > Short sleeve t-shirts,https://cdn.shopify.com/s/files/1/0047/7324/9073/products/FDE220208-DRKLAVENDER-3001.jpg?v=1735850862,PHI DELTA EPSILON
ShopPhiDE,PHIDE Crewneck,UPI26061815692,Sweatshirts > Crewneck sweatshirts,https://cdn.shopify.com/s/files/1/0047/7324/9073/products/FDE220209-PURPLE-18000.jpg?v=1735850836,PHI DELTA EPSILON
ShopPhiDE,Straight Outta of NY Tee,UPI2606188977,Shirts > Short sleeve t-shirts,https://cdn.shopify.com/s/files/1/0047/7324/9073/products/FDE2202100-STORM-3001.jpg?v=1735850845,PHI DELTA EPSILON
ShopPhiDE,October 13 Crewneck,UPI26061898731,Sweatshirts > Crewneck sweatshirts,https://cdn.shopify.com/s/files/1/0047/7324/9073/products/FDE2202101-VIOLET-1566.jpg?v=1735850844,PHI DELTA EPSILON
ShopPhiDE,10.13.1904 Festival Tank,UPI26061837133,Shirts > Tank tops,https://cdn.shopify.com/s/files/1/0047/7324/9073/products/FDE2202102-WHITE-5033.jpg?v=1735850843,PHI DELTA EPSILON
ShopPhiDE,Grey Caduceus Cardigan,UPI2606189873,Apparel > Sweaters,https://cdn.shopify.com/s/files/1/0047/7324/9073/products/FDE220210-GREYHEATHER-M425W-EMB.jpg?v=1735850835,PHI DELTA EPSILON
ShopPhiDE,Phi Delta Epsilon Cardigan,UPI2606185409,Apparel > Sweaters,https://cdn.shopify.com/s/files/1/0047/7324/9073/products/FDE220211-BLACK-M425W-EMB.jpg?v=1735850834,PHI DELTA EPSILON
ShopPhiDE,Women's Pacific Heather Vest,UPI26061863211,Outerwear > Vests,https://cdn.shopify.com/s/files/1/0047/7324/9073/products/FDE2202125-OATMEALHTHR-5722-EMB.jpg?v=1735850817,PHI DELTA EPSILON
ShopPhiDE,PHIDE Pride Tee,UPI2606189441,Shirts > Short sleeve t-shirts,https://cdn.shopify.com/s/files/1/0047/7324/9073/products/FDE2202133-WHITE-3001.jpg?v=1735850829,PHI DELTA EPSILON
ShopPhiDE,Multicolored PhiDE Tee,UPI2606180513,Shirts > Short sleeve t-shirts,https://cdn.shopify.com/s/files/1/0047/7324/9073/products/FDE2202134-WHITE-3001.jpg?v=1735850828,PHI DELTA EPSILON
ShopPhiDE,Peace Love PhiDE,UPI26061805292,Shirts > Short sleeve t-shirts,https://cdn.shopify.com/s/files/1/0047/7324/9073/products/FDE2202135-CHAMBRAY-1717.jpg?v=1735850901,PHI DELTA EPSILON
ShopPhiDE,Happy Hanukkah Tee,UPI26061871371,Shirts > Short sleeve t-shirts,https://cdn.shopify.com/s/files/1/0047/7324/9073/products/FDE2202136-WHITE-1717.jpg?v=1735850900,PHI DELTA EPSILON
ShopPhiDE,Sweet Heart Tee,UPI26061860491,Shirts > Short sleeve t-shirts,https://cdn.shopify.com/s/files/1/0047/7324/9073/products/FDE2202137-WHITE-1717.jpg?v=1735850827,PHI DELTA EPSILON
ShopPhiDE,Merry and Bright Tee,UPI26061837453,Shirts > Short sleeve t-shirts,https://cdn.shopify.com/s/files/1/0047/7324/9073/products/FDE2202138-CRIMSON-1717.jpg?v=1735850899,PHI DELTA EPSILON
ShopPhiDE,American Tee,UPI2606184353,Shirts > Short sleeve t-shirts,https://cdn.shopify.com/s/files/1/0047/7324/9073/products/FDE2202139-FLOBLUE-1717.jpg?v=1735850826,PHI DELTA EPSILON
ShopPhiDE,Official V-Neck,UPI26061892491,Shirts > Short sleeve t-shirts,https://cdn.shopify.com/s/files/1/0047/7324/9073/products/FDE220213-PURPLE-6405.jpg?v=1735850832,PHI DELTA EPSILON
ShopPhiDE,What's in your Heart? Tee,UPI2606189889,Shirts > Short sleeve t-shirts,https://cdn.shopify.com/s/files/1/0047/7324/9073/products/FDE2202140-BLOSSOM-1717.jpg?v=1735850825,PHI DELTA EPSILON
ShopPhiDE,Stitch It Tee,UPI2606185889,Shirts > Short sleeve t-shirts,https://cdn.shopify.com/s/files/1/0047/7324/9073/products/FDE2202141-EMERALD-1717.jpg?v=1735850898,PHI DELTA EPSILON
ShopPhiDE,Multicolored PhiDE Crewneck,UPI2606188193,Sweatshirts > Crewneck sweatshirts,https://cdn.shopify.com/s/files/1/0047/7324/9073/products/FDE2202143-WHITE-18000.jpg?v=1735850824,PHI DELTA EPSILON
ShopPhiDE,American Crewneck,UPI26061837292,Sweatshirts > Crewneck sweatshirts,https://cdn.shopify.com/s/files/1/0047/7324/9073/products/FDE2202144-NAVY-18000.jpg?v=1735850823,PHI DELTA EPSILON
ShopPhiDE,Reindeer Games Crewneck,UPI2606186961,Sweatshirts > Crewneck sweatshirts,https://cdn.shopify.com/s/files/1/0047/7324/9073/products/FDE2202145-RED-18000.jpg?v=1667842557,PHI DELTA EPSILON
ShopPhiDE,Phi Delta Epsilon Angel,UPI2606189729,Shirts > Short sleeve t-shirts,https://cdn.shopify.com/s/files/1/0047/7324/9073/products/FDE2202146-RED-18000.jpg?v=1735850897,PHI DELTA EPSILON
ShopPhiDE,Merry and Bright Crewneck,UPI26061824972,Sweatshirts > Crewneck sweatshirts,https://cdn.shopify.com/s/files/1/0047/7324/9073/products/FDE2202147-FOREST-18000.jpg?v=1735850895,PHI DELTA EPSILON
ShopPhiDE,Candy Corn Crewneck,UPI26061892651,Sweatshirts > Crewneck sweatshirts,https://cdn.shopify.com/s/files/1/0047/7324/9073/products/FDE2202148-BLACK-18000.jpg?v=1735850822,PHI DELTA EPSILON
ShopPhiDE,Sweet Heart Crewneck,UPI2606182033,Sweatshirts > Crewneck sweatshirts,https://cdn.shopify.com/s/files/1/0047/7324/9073/products/FDE2202149-LTPINK-18000.jpg?v=1735850821,PHI DELTA EPSILON
ShopPhiDE,PHIDE V-Neck,UPI26061820171,Shirts > Short sleeve t-shirts,https://cdn.shopify.com/s/files/1/0047/7324/9073/products/FDE220214-WHITE-6405.jpg?v=1735850831,PHI DELTA EPSILON
ShopPhiDE,Take Pride in Crewneck,UPI2606181409,Sweatshirts > Crewneck sweatshirts,https://cdn.shopify.com/s/files/1/0047/7324/9073/products/FDE2202150-WHITE-18000.jpg?v=1735850820,PHI DELTA EPSILON
ShopPhiDE,It's a Good Day Crewneck,UPI26061852491,Sweatshirts > Crewneck sweatshirts,https://cdn.shopify.com/s/files/1/0047/7324/9073/products/FDE2202152-BUTTER-1566.jpg?v=1735850819,PHI DELTA EPSILON
ShopPhiDE,Many Faces Crewneck,UPI26061873931,Sweatshirts > Crewneck sweatshirts,https://cdn.shopify.com/s/files/1/0047/7324/9073/products/FDE2202153-WHITE-1566.jpg?v=1735850818,PHI DELTA EPSILON
ShopPhiDE,Barcode Hoodie,UPI2606183409,Sweatshirts > Hooded sweatshirts,https://cdn.shopify.com/s/files/1/0047/7324/9073/products/FDE2202154-BLACK-18500-BACK.jpg?v=1735850865,PHI DELTA EPSILON
ShopPhiDE,Lavendar Tote,UPI26061855531,Bags > Tote bags,https://cdn.shopify.com/s/files/1/0047/7324/9073/products/FDE2202156-LAVENDAR-Q800.jpg?v=1672425918,PHI DELTA EPSILON
ShopPhiDE,Be Bold Tee,UPI2606185073,Shirts > Short sleeve t-shirts,https://cdn.shopify.com/s/files/1/0047/7324/9073/products/FDE220215-LILAC-3001.jpg?v=1735850894,PHI DELTA EPSILON
ShopPhiDE,1904 Emblem Crewneck,UPI26061872171,Sweatshirts > Crewneck sweatshirts,https://cdn.shopify.com/s/files/1/0047/7324/9073/products/FDE220216-ATHLHTHR-3901.jpg?v=1735850893,PHI DELTA EPSILON
ShopPhiDE,Diamond in the Rough Crewneck,UPI2606181057,Sweatshirts > Crewneck sweatshirts,https://cdn.shopify.com/s/files/1/0047/7324/9073/products/FDE220217-CHARCOAL-18000.jpg?v=1735850892,PHI DELTA EPSILON
ShopPhiDE,PhiDE Pennant Tee,UPI2606189361,Shirts > Short sleeve t-shirts,https://cdn.shopify.com/s/files/1/0047/7324/9073/products/FDE220218-NAVY-1717.jpg?v=1735850891,PHI DELTA EPSILON
ShopPhiDE,Ivory Seal Long Sleeve,UPI26061887371,Shirts > Long sleeve t-shirts,https://cdn.shopify.com/s/files/1/0047/7324/9073/products/FDE220219-IVORY-6014.jpg?v=1735850890,PHI DELTA EPSILON
ShopPhiDE,Medical Crewneck,UPI26061881131,Sweatshirts > Crewneck sweatshirts,https://cdn.shopify.com/s/files/1/0047/7324/9073/products/FDE220220-ASH-18000.jpg?v=1735850888,PHI DELTA EPSILON
ShopPhiDE,Emblem Crewneck,UPI26061864171,Sweatshirts > Crewneck sweatshirts,https://cdn.shopify.com/s/files/1/0047/7324/9073/products/FDE220221-BLACK-3901.jpg?v=1735850887,PHI DELTA EPSILON
ShopPhiDE,Print to Script High Neck Tank,UPI26061802572,Shirts > Tank tops,https://cdn.shopify.com/s/files/1/0047/7324/9073/products/FDE220222-DKGREYHTR-8809.jpg?v=1735850886,PHI DELTA EPSILON
ShopPhiDE,Classic Phi Delta Epsilon Tee,UPI26061820492,Shirts > Short sleeve t-shirts,https://cdn.shopify.com/s/files/1/0047/7324/9073/products/FDE220223-ATHHTHR-3001CVC.jpg?v=1735850885,PHI DELTA EPSILON
ShopPhiDE,Print to Script Hoodie,UPI2606181425,Sweatshirts > Hooded sweatshirts,https://cdn.shopify.com/s/files/1/0047/7324/9073/products/FDE220224-HTRGREY-JHA001.jpg?v=1735850884,PHI DELTA EPSILON
ShopPhiDE,Be Bold Hoodie,UPI26061884811,Sweatshirts > Hooded sweatshirts,https://cdn.shopify.com/s/files/1/0047/7324/9073/products/FDE220225-PURPLE-JHA001.jpg?v=1735850882,PHI DELTA EPSILON
ShopPhiDE,Signature T-Shirt,UPI2606186161,Shirts > Short sleeve t-shirts,https://cdn.shopify.com/s/files/1/0047/7324/9073/products/FDE220226-ORCHID-1717.jpg?v=1735850881,PHI DELTA EPSILON
ShopPhiDE,Be Bold Crewneck,UPI2606187233,Sweatshirts > Crewneck sweatshirts,https://cdn.shopify.com/s/files/1/0047/7324/9073/products/FDE220227-PURPLE-18000.jpg?v=1735850880,PHI DELTA EPSILON
ShopPhiDE,Navy PhiDE Long Sleeve,UPI2606183217,Shirts > Long sleeve t-shirts,https://cdn.shopify.com/s/files/1/0047/7324/9073/products/FDE220228-NAVY-6014.jpg?v=1735850879,PHI DELTA EPSILON
ShopPhiDE,Orchid Emblem Tee,UPI2606187777,Shirts > Short sleeve t-shirts,https://cdn.shopify.com/s/files/1/0047/7324/9073/products/FDE220229-HTRORCHID-3001CVC.jpg?v=1735850878,PHI DELTA EPSILON
ShopPhiDE,Local Team Tank,UPI2606183585,Shirts > Tank tops,https://cdn.shopify.com/s/files/1/0047/7324/9073/products/FDE220230-SHIRAZ-5033.jpg?v=1735850876,PHI DELTA EPSILON
ShopPhiDE,Grape Monogram Tee,UPI26061812651,Shirts > Short sleeve t-shirts,https://cdn.shopify.com/s/files/1/0047/7324/9073/products/FDE220231-GRAPE-1717.jpg?v=1735850875,PHI DELTA EPSILON
ShopPhiDE,Officially PhiDE Tee,UPI26061855533,Shirts > Short sleeve t-shirts,https://cdn.shopify.com/s/files/1/0047/7324/9073/products/FDE220232-WHITE-1717-BACK.jpg?v=1735850874,PHI DELTA EPSILON
ShopPhiDE,Local Team Tee,UPI26061881453,Shirts > Short sleeve t-shirts,https://cdn.shopify.com/s/files/1/0047/7324/9073/products/FDE220233-VIOLET-1717-BACK.jpg?v=1735850872,PHI DELTA EPSILON
ShopPhiDE,Ivory Caduceus tee,UPI26061818091,Shirts > Short sleeve t-shirts,https://cdn.shopify.com/s/files/1/0047/7324/9073/products/FDE220234-IVORY-1717-BACK.jpg?v=1735850871,PHI DELTA EPSILON
ShopPhiDE,Outline Crewneck,UPI26061884171,Sweatshirts > Crewneck sweatshirts,https://cdn.shopify.com/s/files/1/0047/7324/9073/products/FDE220235-WHITE-18000.jpg?v=1735850870,PHI DELTA EPSILON
ShopPhiDE,Classic Greek Crewneck,UPI26061887531,Sweatshirts > Crewneck sweatshirts,https://cdn.shopify.com/s/files/1/0047/7324/9073/products/FDE220244-DARKHTHR-18000.jpg?v=1735850866,PHI DELTA EPSILON
ShopPhiDE,Honor Long Sleeve,UPI2606181921,Shirts > Long sleeve t-shirts,https://cdn.shopify.com/s/files/1/0047/7324/9073/products/FDE220252-WHITE-6014.jpg?v=1735850864,PHI DELTA EPSILON
ShopPhiDE,L.E.D Violet Tee,UPI2606183841,Shirts > Short sleeve t-shirts,https://cdn.shopify.com/s/files/1/0047/7324/9073/products/FDE220256-VIOLET-1717-BACK.jpg?v=1735850867,PHI DELTA EPSILON
ShopPhiDE,Signature Graduate Tee,UPI26061886891,Shirts > Short sleeve t-shirts,https://cdn.shopify.com/s/files/1/0047/7324/9073/products/FDE220257-VIOLET-1717.jpg?v=1735850816,PHI DELTA EPSILON
ShopPhiDE,Lined Graduate Tee,UPI26061825291,Shirts > Short sleeve t-shirts,https://cdn.shopify.com/s/files/1/0047/7324/9073/products/FDE220258-ORCHID-1717.jpg?v=1735850815,PHI DELTA EPSILON
ShopPhiDE,Asphalt Graduate Tee,UPI2606188065,Shirts > Short sleeve t-shirts,https://cdn.shopify.com/s/files/1/0047/7324/9073/products/FDE220259-ASPHALT-3001.jpg?v=1735850814,PHI DELTA EPSILON
ShopPhiDE,Script Graduate Tee,UPI2606186369,Shirts > Short sleeve t-shirts,https://cdn.shopify.com/s/files/1/0047/7324/9073/products/FDE220260-WHITE-3001.jpg?v=1735850812,PHI DELTA EPSILON
ShopPhiDE,Lined Graduate Polo,UPI2606184673,Shirts > Short sleeve polo shirts,https://cdn.shopify.com/s/files/1/0047/7324/9073/products/FDE220261-GRAPE-DG20W-EMB.jpg?v=1735850811,PHI DELTA EPSILON
ShopPhiDE,Script Graduate Polo,UPI2606187441,Shirts > Short sleeve polo shirts,https://cdn.shopify.com/s/files/1/0047/7324/9073/products/FDE220261-WHITE-DG20W-EMB.jpg?v=1735850810,PHI DELTA EPSILON
ShopPhiDE,Signature Graduate Cardigan,UPI2606180209,Apparel > Sweaters,https://cdn.shopify.com/s/files/1/0047/7324/9073/products/FDE220263-BLACK-M425W-EMB.jpg?v=1735850809,PHI DELTA EPSILON
ShopPhiDE,Lined Graduate Cardigan,UPI2606181281,Apparel > Sweaters,https://cdn.shopify.com/s/files/1/0047/7324/9073/products/FDE220264-GREY-M425W-EMB.jpg?v=1735850808,PHI DELTA EPSILON
ShopPhiDE,Be Bold Graduate Crewneck,UPI2606189585,Sweatshirts > Crewneck sweatshirts,https://cdn.shopify.com/s/files/1/0047/7324/9073/products/FDE220265-HTHRGREY-JHA30.jpg?v=1735850807,PHI DELTA EPSILON
ShopPhiDE,Signature Graduate Crewneck,UPI26061823533,Sweatshirts > Crewneck sweatshirts,https://cdn.shopify.com/s/files/1/0047/7324/9073/products/FDE220266-PURPLE-JHA030.jpg?v=1735850806,PHI DELTA EPSILON
ShopPhiDE,Artic Graduate Crewneck,UPI26061804813,Sweatshirts > Crewneck sweatshirts,https://cdn.shopify.com/s/files/1/0047/7324/9073/products/FDE220267-WHITE-JHA030.jpg?v=1735850805,PHI DELTA EPSILON
ShopPhiDE,Signature Graduate Fleece Jacket,UPI2606189057,Outerwear > Jackets,https://cdn.shopify.com/s/files/1/0047/7324/9073/products/FDE220268-FUSHIA-5250-EMB.jpg?v=1679619679,PHI DELTA EPSILON
ShopPhiDE,Lined Graduate Fleece Jacket,UPI2606184593,Outerwear > Jackets,https://cdn.shopify.com/s/files/1/0047/7324/9073/products/FDE220269-LTGREYHTHR-5250-EMB.jpg?v=1735850804,PHI DELTA EPSILON
ShopPhiDE,PhiDE Dad Tee,UPI2606187361,Shirts > Short sleeve t-shirts,https://cdn.shopify.com/s/files/1/0047/7324/9073/products/FDE220270-DKGREY-3001.jpg?v=1735850802,PHI DELTA EPSILON
ShopPhiDE,Mom's Tee,UPI2606182897,Shirts > Short sleeve t-shirts,https://cdn.shopify.com/s/files/1/0047/7324/9073/products/FDE220271-LILAC-3001.jpg?v=1735850801,PHI DELTA EPSILON
ShopPhiDE,Mom's Signature Crewneck,UPI26061856651,Sweatshirts > Crewneck sweatshirts,https://cdn.shopify.com/s/files/1/0047/7324/9073/products/FDE220272-PURPLE-JHA030.jpg?v=1735850800,PHI DELTA EPSILON
ShopPhiDE,Dad's Crewneck,UPI2606188433,Sweatshirts > Crewneck sweatshirts,https://cdn.shopify.com/s/files/1/0047/7324/9073/products/FDE220273-CHARCOAL-JHA030.jpg?v=1735850799,PHI DELTA EPSILON
ShopPhiDE,Be Bold Graduate Tank,UPI26061812011,Shirts > Tank tops,https://cdn.shopify.com/s/files/1/0047/7324/9073/products/FDE220280-WHITE-8838.jpg?v=1735850798,PHI DELTA EPSILON
ShopPhiDE,With Love PhiDE Tee,UPI26061829611,Shirts > Short sleeve t-shirts,https://cdn.shopify.com/s/files/1/0047/7324/9073/products/FDE220281-PURPLE-1390_1.jpg?v=1674242603,PHI DELTA EPSILON
ShopPhiDE,I Love Cotton Candy,UPI2606188497,Shirts > Short sleeve t-shirts,https://cdn.shopify.com/s/files/1/0047/7324/9073/products/FDE220282-COTTONCANDY-CD100.jpg?v=1735850861,PHI DELTA EPSILON
ShopPhiDE,Touchdown Tee,UPI2606181265,Shirts > Short sleeve t-shirts,https://cdn.shopify.com/s/files/1/0047/7324/9073/products/FDE220284-PURPLE-6937.jpg?v=1674242827,PHI DELTA EPSILON
ShopPhiDE,Shiraz Festival Tank,UPI26061868011,Shirts > Tank tops,https://cdn.shopify.com/s/files/1/0047/7324/9073/products/FDE220285-SHIRAZ-5033.jpg?v=1735850860,PHI DELTA EPSILON
ShopPhiDE,Smile Through the Storm Muscle Tee,UPI26061851051,Shirts > Short sleeve t-shirts,https://cdn.shopify.com/s/files/1/0047/7324/9073/products/FDE220286-STORM-8804.jpg?v=1735850859,PHI DELTA EPSILON
ShopPhiDE,Vintage Corded Crewneck,UPI26061889451,Sweatshirts > Crewneck sweatshirts,https://cdn.shopify.com/s/files/1/0047/7324/9073/products/FDE220287-VINBLACK-9930.jpg?v=1735850858,PHI DELTA EPSILON
ShopPhiDE,Corded Crop,UPI26061855532,Shirts > Crop tops,https://cdn.shopify.com/s/files/1/0047/7324/9073/products/FDE220288-STORM-9031.jpg?v=1674243420,PHI DELTA EPSILON
ShopPhiDE,Etched in Sand Crewneck,UPI26061838571,Sweatshirts > Crewneck sweatshirts,https://cdn.shopify.com/s/files/1/0047/7324/9073/products/FDE220289-SAND-18000-BACK.jpg?v=1735850856,PHI DELTA EPSILON
ShopPhiDE,Text Me Hoodie,UPI26061849291,Sweatshirts > Hooded sweatshirts,https://cdn.shopify.com/s/files/1/0047/7324/9073/products/FDE220290-WHITE-18500-BACK.jpg?v=1735850855,PHI DELTA EPSILON
ShopPhiDE,Time Nine Hoodie,UPI2606185217,Sweatshirts > Hooded sweatshirts,https://cdn.shopify.com/s/files/1/0047/7324/9073/products/FDE220291-ORCHID-18500-BACK.jpg?v=1735850854,PHI DELTA EPSILON
ShopPhiDE,Butterfly Outline Crewneck,UPI26061835211,Sweatshirts > Crewneck sweatshirts,https://cdn.shopify.com/s/files/1/0047/7324/9073/products/FDE220292-WHITE-18000.jpg?v=1735850853,PHI DELTA EPSILON
ShopPhiDE,Silver Grin Tee,UPI26061890571,Shirts > Short sleeve t-shirts,https://cdn.shopify.com/s/files/1/0047/7324/9073/products/FDE220293-SILVER-3001.jpg?v=1735850852,PHI DELTA EPSILON
ShopPhiDE,Retro Caduceus Tee,UPI26061845931,Shirts > Short sleeve t-shirts,https://cdn.shopify.com/s/files/1/0047/7324/9073/products/FDE220294-WHITE-3001.jpg?v=1735850850,PHI DELTA EPSILON
ShopPhiDE,PhiDE In 1904 Tank,UPI2606183617,Shirts > Tank tops,https://cdn.shopify.com/s/files/1/0047/7324/9073/products/FDE220295-HTHRDUST-8838.jpg?v=1735850849,PHI DELTA EPSILON
ShopPhiDE,Flip It and Reverse It Tee,UPI2606189153,Shirts > Short sleeve t-shirts,https://cdn.shopify.com/s/files/1/0047/7324/9073/products/FDE220296-BLACK-3001-BACK.jpg?v=1735850848,PHI DELTA EPSILON
ShopPhiDE,Charcoal Grin Crewneck,UPI2606187457,Sweatshirts > Crewneck sweatshirts,https://cdn.shopify.com/s/files/1/0047/7324/9073/products/FDE220297-CHARCOAL-18000-FRONT.jpg?v=1735850847,PHI DELTA EPSILON
ShopPhiDE,Homerun Tee,UPI2606188529,Shirts > Short sleeve t-shirts,https://cdn.shopify.com/s/files/1/0047/7324/9073/products/FDE220298-WHITEPURPLE-5700-FRONT.jpg?v=1674253083,PHI DELTA EPSILON
ShopPhiDE,Ithaca NY Long Sleeve,UPI26061823692,Shirts > Long sleeve t-shirts,https://cdn.shopify.com/s/files/1/0047/7324/9073/products/FDE220299-GRAPE-6014-BACK.jpg?v=1735850846,PHI DELTA EPSILON
ShopPhiDE,$25 Classic Recruitment Pack,UPI2606188273,Bundles > Non-apparel bundles,https://cdn.shopify.com/s/files/1/0047/7324/9073/products/FDE-25CLASSICPACK.jpg?v=1621957402,PHI DELTA EPSILON
ShopPhiDE,$25 Fun Recruitment Pack,UPI2606181665,Bundles > Non-apparel bundles,https://cdn.shopify.com/s/files/1/0047/7324/9073/products/FDE-25FUNPACK.jpg?v=1621957412,PHI DELTA EPSILON
ShopPhiDE,PhiDE on my Mind,UPI2606189121,Shirts > Short sleeve t-shirts,https://cdn.shopify.com/s/files/1/0047/7324/9073/products/FDE3.jpg?v=1627003692,PHI DELTA EPSILON
ShopPhiDE,PhiDE to the Bone,UPI26061836811,Shirts > Short sleeve t-shirts,https://cdn.shopify.com/s/files/1/0047/7324/9073/products/FDE4.jpg?v=1627004166,PHI DELTA EPSILON
ShopPhiDE,Greetings from PhiDE,UPI2606187521,Shirts > Short sleeve t-shirts,https://cdn.shopify.com/s/files/1/0047/7324/9073/products/FDE5.jpg?v=1627004265,PHI DELTA EPSILON
ShopPhiDE,Phi Delta Epsilon Recruitment Tee,UPI2606185569,Shirts > Short sleeve t-shirts,https://cdn.shopify.com/s/files/1/0047/7324/9073/products/FDE6.jpg?v=1627004603,PHI DELTA EPSILON
ShopPhiDE,PhiDE Letter Recruitment Tee,UPI26061853932,Shirts > Short sleeve t-shirts,https://cdn.shopify.com/s/files/1/0047/7324/9073/products/FDE7.jpg?v=1627004959,PHI DELTA EPSILON
ShopPhiDE,Phi Delta Epsilon Cotton Masks,UPI2606185649,Apparel > Face Masks,https://cdn.shopify.com/s/files/1/0047/7324/9073/products/FDE-CottonMask3_1.jpg?v=1735850953,PHI DELTA EPSILON
ShopPhiDE,Phi Delta Epsilon Neck Gaiter,UPI26061814411,Apparel > Face masks,https://cdn.shopify.com/s/files/1/0047/7324/9073/products/FDE-Gaiter1.jpg?v=1735850953,PHI DELTA EPSILON
ShopPhiDE,$25 Senior Sendoff Pack,UPI2606187025,Bundles > Gift sets,https://cdn.shopify.com/s/files/1/0047/7324/9073/products/FDESenior1.jpg?v=1588019654,PHI DELTA EPSILON
ShopPhiDE,$50 Senior Sendoff Pack,UPI2606185601,Bundles > Gift sets,https://cdn.shopify.com/s/files/1/0047/7324/9073/products/FDESenior2.jpg?v=1588019680,PHI DELTA EPSILON
ShopPhiDE,IPAY-USF Spring 2020 Sweatshirt,UPI26061867851,Sweatshirts > Crewneck sweatshirts,https://cdn.shopify.com/s/files/1/0047/7324/9073/products/finisher-2008901_002.gif?v=1586210068,PHI DELTA EPSILON
ShopPhiDE,IPAY-GLITCH-TIEDYE,UPI26061821133,Shirts > Short sleeve t-shirts,https://cdn.shopify.com/s/files/1/0047/7324/9073/products/glitch-2109842.gif?v=1618976501,PHI DELTA EPSILON
ShopPhiDE,IPAY-GLITCH-TIEDYE-INDSHIP,UPI26061869291,Shirts > Short sleeve t-shirts,https://cdn.shopify.com/s/files/1/0047/7324/9073/products/glitch-2109842_9676a361-366b-4290-9922-c00b2f8119ae.gif?v=1619039821,PHI DELTA EPSILON
ShopPhiDE,IPAY-HEADBAND,UPI2606187057,Hair accessories > Headbands,https://cdn.shopify.com/s/files/1/0047/7324/9073/products/headband-2005634_002.gif?v=1583434602,PHI DELTA EPSILON
ShopPhiDE,PhiDE Bucket Hat,UPI2606181137,Headwear > Billed hats,https://cdn.shopify.com/s/files/1/0047/7324/9073/products/hKdCziMQ.jpg?v=1735850938,PHI DELTA EPSILON
ShopPhiDE,IPAY-HOORAY-LONG SLEEVE TSHIRT,UPI2606188961,Shirts > Long sleeve t-shirts,https://cdn.shopify.com/s/files/1/0047/7324/9073/products/hooray-2032502.gif?v=1606930144,PHI DELTA EPSILON
ShopPhiDE,Light Blue Crew,UPI26061859692,Sweatshirts > Crewneck sweatshirts,https://cdn.shopify.com/s/files/1/0047/7324/9073/products/i2c09uew.jpg?v=1735850933,PHI DELTA EPSILON
ShopPhiDE,Anatomy Fashion Show Long Sleeve,UPI2606181217,Shirts > Long sleeve t-shirts,https://cdn.shopify.com/s/files/1/0047/7324/9073/products/IMG_2337002.jpg?v=1735850981,PHI DELTA EPSILON
ShopPhiDE,Purple Sewn on Letter T-Shirt,UPI2606184769,Shirts > Short sleeve t-shirts,https://cdn.shopify.com/s/files/1/0047/7324/9073/products/IMG_2356.jpg?v=1735850943,PHI DELTA EPSILON
ShopPhiDE,Black Caduceus Tee,UPI26061844971,Shirts > Short sleeve t-shirts,https://cdn.shopify.com/s/files/1/0047/7324/9073/products/IMG_2367.jpg?v=1735850903,PHI DELTA EPSILON
ShopPhiDE,Dark Grey Caduceus Tee,UPI2606188417,Shirts > Short sleeve t-shirts,https://cdn.shopify.com/s/files/1/0047/7324/9073/products/IMG_2368.jpg?v=1735850904,PHI DELTA EPSILON
ShopPhiDE,Purple Caduceus Tee,UPI26061886253,Shirts > Short sleeve t-shirts,https://cdn.shopify.com/s/files/1/0047/7324/9073/products/IMG_2375.jpg?v=1735850902,PHI DELTA EPSILON
ShopPhiDE,PhiDE Angel Tank,UPI2606186593,Shirts > Tank tops,https://cdn.shopify.com/s/files/1/0047/7324/9073/products/k-aluWgg.jpg?v=1735850934,PHI DELTA EPSILON
ShopPhiDE,IPAY-LABS,UPI26061867371,Promotional > Stickers,https://cdn.shopify.com/s/files/1/0047/7324/9073/products/labs-2014712-front.gif?v=1594245272,PHI DELTA EPSILON
ShopPhiDE,IPAY-LAVA-DECAL,UPI2606180657,Promotional > Decals,https://cdn.shopify.com/s/files/1/0047/7324/9073/products/lava-2109837.jpg?v=1619019652,PHI DELTA EPSILON
ShopPhiDE,IPAY-LAVA-DECAL-INDSHIP,UPI26061824651,Promotional > Decals,https://cdn.shopify.com/s/files/1/0047/7324/9073/products/lava-2109837_cdb4e06c-c517-4264-b5da-72c9fbe2a305.jpg?v=1619039890,PHI DELTA EPSILON
ShopPhiDE,IPAY-MEOW,UPI2606180177,Shirts > Short sleeve t-shirts,https://cdn.shopify.com/s/files/1/0047/7324/9073/products/meow-2000610-both.gif?v=1580157801,PHI DELTA EPSILON
ShopPhiDE,IPAY-MONEY-FLANNEL PANT,UPI2606186913,Pajamas > Pajama bottom pants,https://cdn.shopify.com/s/files/1/0047/7324/9073/products/money-2132725.gif?v=1639452806,PHI DELTA EPSILON
ShopPhiDE,IPAY-MONEY-SS TEE,UPI2606186065,Shirts > Short sleeve t-shirts,https://cdn.shopify.com/s/files/1/0047/7324/9073/products/money-2132725-1.gif?v=1644964330,PHI DELTA EPSILON
ShopPhiDE,IPAY-OLDEST-TSHIRT,UPI2606189089,Shirts > Short sleeve t-shirts,https://cdn.shopify.com/s/files/1/0047/7324/9073/products/oldest-2031528.gif?v=1606931181,PHI DELTA EPSILON
ShopPhiDE,IPAY-ORDERS-HOOIDE,UPI2606180897,Sweatshirts > Hooded sweatshirts,https://cdn.shopify.com/s/files/1/0047/7324/9073/products/orders-2134821.gif?v=1643926332,PHI DELTA EPSILON
ShopPhiDE,IPAY-OVERLAY-CREWNECK,UPI2606183921,Sweatshirts > Crewneck sweatshirts,https://cdn.shopify.com/s/files/1/0047/7324/9073/products/overlay-2132724.gif?v=1651199370,PHI DELTA EPSILON
ShopPhiDE,IPAY-OVERLAY-CREWNECK SWEATSHIRT- IND SHIP,UPI26061833931,Sweatshirts > Crewneck sweatshirts,https://cdn.shopify.com/s/files/1/0047/7324/9073/products/overlay-2132724-ind.gif?v=1651200444,PHI DELTA EPSILON
ShopPhiDE,IPAY-April 2020 Phi Delta Epsilon,UPI2606185809,Awards > Recognition mementos,https://cdn.shopify.com/s/files/1/0047/7324/9073/products/patagonia-bettersweater_002.gif?v=1586795409,PHI DELTA EPSILON
ShopPhiDE,IPAY-PEOPLE-GROUP SHIP,UPI26061826731,Shirts > Short sleeve t-shirts,https://cdn.shopify.com/s/files/1/0047/7324/9073/products/people-2134120.gif?v=1639435415,PHI DELTA EPSILON
ShopPhiDE,IPAY-PEOPLE-DIRECT SHIPPING,UPI2606180977,Shirts > Short sleeve t-shirts,https://cdn.shopify.com/s/files/1/0047/7324/9073/products/people-2134120_17a3d970-f0d4-4051-be19-91dc4ebf59d2.gif?v=1639435691,PHI DELTA EPSILON
ShopPhiDE,IPAY-IN ALPHA BID DAY SHIRT SPRING 2021,UPI26061807211,Shirts > Short sleeve t-shirts,https://cdn.shopify.com/s/files/1/0047/7324/9073/products/photo-2102709-ra.gif?v=1615005875,PHI DELTA EPSILON
ShopPhiDE,IPAY-RECENT-SFTK TEE,UPI2606185473,Shirts > Short sleeve t-shirts,https://cdn.shopify.com/s/files/1/0047/7324/9073/products/recent-2125610.gif?v=1632264299,PHI DELTA EPSILON
ShopPhiDE,IPAY-RESIDENT,UPI2606184881,Shirts > Short sleeve t-shirts,https://cdn.shopify.com/s/files/1/0047/7324/9073/products/resident-2108844.gif?v=1617378013,PHI DELTA EPSILON
ShopPhiDE,IPAY-ROAM-ANORAK,UPI26061889291,Outerwear > Anoraks,https://cdn.shopify.com/s/files/1/0047/7324/9073/products/roam-2109834.jpg?v=1618962233,PHI DELTA EPSILON
ShopPhiDE,IPAY-ROAM-ANORAK-INDSHIP,UPI2606187681,Outerwear > Anoraks,https://cdn.shopify.com/s/files/1/0047/7324/9073/products/roam-2109834_da6b34ff-4827-4601-a268-5aad50d0c35a.jpg?v=1618962361,PHI DELTA EPSILON
ShopPhiDE,IPAY-ROCKETS,UPI26061825771,Shirts > Short sleeve t-shirts,https://cdn.shopify.com/s/files/1/0047/7324/9073/products/rockets-2014809-front.gif?v=1594244674,PHI DELTA EPSILON
ShopPhiDE,Pastel Phi Delta Epsilon Tee,UPI2606182017,Shirts > Short sleeve t-shirts,https://cdn.shopify.com/s/files/1/0047/7324/9073/products/RYMd1tEw_1.jpg?v=1735850942,PHI DELTA EPSILON
ShopPhiDE,Sanitize Tee,UPI26061823691,Shirts > Short sleeve t-shirts,https://cdn.shopify.com/s/files/1/0047/7324/9073/products/SANATIZE2.jpg?v=1593468867,PHI DELTA EPSILON
ShopPhiDE,IPAY-SEAL-MUG,UPI26061812492,Coffee Mugs > Ceramic coffee mugs,https://cdn.shopify.com/s/files/1/0047/7324/9073/products/seal-2201918.gif?v=1648077945,PHI DELTA EPSILON
ShopPhiDE,IPAY-SMILEY-LONG SLEEVE,UPI26061883371,Shirts > Long sleeve t-shirts,https://cdn.shopify.com/s/files/1/0047/7324/9073/products/smiley-2132721.gif?v=1639451969,PHI DELTA EPSILON
ShopPhiDE,IPAY-SPECKLE-BLANKET,UPI2606182161,Household items > Blankets,https://cdn.shopify.com/s/files/1/0047/7324/9073/products/speckle-2031532.gif?v=1606931926,PHI DELTA EPSILON
ShopPhiDE,IPAY-SWIZZLE,UPI26061845291,Shirts > Short sleeve t-shirts,https://cdn.shopify.com/s/files/1/0047/7324/9073/products/swizzle-2009106.png?v=1586970105,PHI DELTA EPSILON
ShopPhiDE,IPAY-TAGGED-BEANIE,UPI2606182177,Headwear > Beanies,https://cdn.shopify.com/s/files/1/0047/7324/9073/products/tagged-2132722.gif?v=1639452259,PHI DELTA EPSILON
ShopPhiDE,IPAY-TAGGED-DECAL,UPI26061837451,Promotional > Decals,https://cdn.shopify.com/s/files/1/0047/7324/9073/products/tagged-2132722-_1.gif?v=1651199562,PHI DELTA EPSILON
ShopPhiDE,IPAY-TAGGED-DECAL-IND SHIP,UPI26061855371,Promotional > Decals,https://cdn.shopify.com/s/files/1/0047/7324/9073/products/tagged-2132722-ind.gif?v=1651200579,PHI DELTA EPSILON
ShopPhiDE,IPAY-THANKFUL-2030726,UPI2606185585,Shirts > Short sleeve t-shirts,https://cdn.shopify.com/s/files/1/0047/7324/9073/products/thankful-2030726.gif?v=1607707310,PHI DELTA EPSILON
ShopPhiDE,IPAY-TUNES,UPI26061897611,Shirts > Short sleeve t-shirts,https://cdn.shopify.com/s/files/1/0047/7324/9073/products/tunes-2015303-back.gif?v=1594242032,PHI DELTA EPSILON
ShopPhiDE,Sand Crew,UPI2606181393,Sweatshirts > Crewneck sweatshirts,https://cdn.shopify.com/s/files/1/0047/7324/9073/products/UFb2wAEg.jpg?v=1735850941,PHI DELTA EPSILON
ShopPhiDE,Lilac PhiDE Tee,UPI26061831851,Shirts > Short sleeve t-shirts,https://cdn.shopify.com/s/files/1/0047/7324/9073/products/Uvls4U2Q.jpg?v=1735850940,PHI DELTA EPSILON
ShopPhiDE,IPAY-VIEWS-TSHIRT,UPI26061823531,Shirts > Short sleeve t-shirts,https://cdn.shopify.com/s/files/1/0047/7324/9073/products/views-2132708.gif?v=1639451096,PHI DELTA EPSILON
ShopPhiDE,IPAY-VIEWS-SS TEE,UPI2606180705,Shirts > Short sleeve t-shirts,https://cdn.shopify.com/s/files/1/0047/7324/9073/products/views-2132708_9c01a7d3-293d-4115-b0db-16eaa1e7f071.gif?v=1651199045,PHI DELTA EPSILON
ShopPhiDE,IPAY-VIEWS-SS TEE-IND SHIP,UPI26061812491,Shirts > Short sleeve t-shirts,https://cdn.shopify.com/s/files/1/0047/7324/9073/products/views-2132708-ind.gif?v=1651200206,PHI DELTA EPSILON
ShopPhiDE,Pink Longhorn Tank,UPI26061802571,Shirts > Tank tops,https://cdn.shopify.com/s/files/1/0047/7324/9073/products/vr-WBvg.jpg?v=1622151243,PHI DELTA EPSILON
ShopPhiDE,IPAY Phi Delta Epsilon March 2020,UPI2606180849,Shirts > Short sleeve t-shirts,https://cdn.shopify.com/s/files/1/0047/7324/9073/products/white.jpg?v=1585156813,PHI DELTA EPSILON
ShopPhiDE,IPAY-WINGS-WOMEN'S SHORTS,UPI2606189841,Apparel > Shorts,https://cdn.shopify.com/s/files/1/0047/7324/9073/products/wings-2109907.jpg?v=1618949462,PHI DELTA EPSILON
ShopPhiDE,IPAY-WINGS-WOMEN'S SHORTS-INDSHIP,UPI26061853931,Apparel > Shorts,https://cdn.shopify.com/s/files/1/0047/7324/9073/products/wings-2109907_20eee08b-1cd2-4f39-a3d4-769040716536.jpg?v=1618950108,PHI DELTA EPSILON
DZ Dezigns,Pink Logo Truly Cup,UPI260618820612,Drinkware > Stadium cups,https://cdn.shopify.com/s/files/1/0052/8321/7498/files/cup1.jpg?v=1750096029,DELTA ZETA
DZ Dezigns,White Beanie,UPI260618932613,Headwear > Beanies,https://cdn.shopify.com/s/files/1/0052/8321/7498/files/DFD26GL1071501KCWHITEemb.jpg?v=1767975381,DELTA ZETA
DZ Dezigns,Since 1902 Crewneck,UPI260618807812,Sweatshirts > Crewneck sweatshirts,https://cdn.shopify.com/s/files/1/0052/8321/7498/files/DFD26GL10718000FRSTGREEN.jpg?v=1767975661,DELTA ZETA
DZ Dezigns,Crewneck & Beanie Bundle,UPI260618147014,Sweatshirts > Crewneck sweatshirts,https://cdn.shopify.com/s/files/1/0052/8321/7498/files/DFD26GL107CRewneckandBeanie.jpg?v=1767975521,DELTA ZETA
DZ Dezigns,Delta Zeta - Heart Tag Necklace,UPI260618798214,Jewelry > Necklaces,https://cdn.shopify.com/s/files/1/0052/8321/7498/files/dz1.jpg?v=1742403657,DELTA ZETA
DZ Dezigns,Delta Zeta - Bead Bracelet - Heart Tag,UPI260618593415,Jewelry > Bracelets,https://cdn.shopify.com/s/files/1/0052/8321/7498/files/dz2.jpg?v=1742403773,DELTA ZETA
DZ Dezigns,Delta Zeta Bead Bracelet - Turtle,UPI260618004617,Jewelry > Bracelets,https://cdn.shopify.com/s/files/1/0052/8321/7498/files/dz3.jpg?v=1742403929,DELTA ZETA
DZ Dezigns,Clear tote bag,UPI260618404611,Bags > Tote bags,https://cdn.shopify.com/s/files/1/0052/8321/7498/files/DZBAG.jpg?v=1770836150,DELTA ZETA
DZ Dezigns,DZ DeZigns Gift Card,UPI2606181066,Paper/print goods > Plastic cards,https://cdn.shopify.com/s/files/1/0052/8321/7498/files/DZD_27d332ff-eee1-401c-a1d3-abc6acaab8b1.png?v=1735843900,DELTA ZETA
DZ Dezigns,Crest Patch Hat,UPI260618686215,Headwear > Billed hats,https://cdn.shopify.com/s/files/1/0052/8321/7498/files/DZD2202107-WHITE-VC300A-EMB.jpg?v=1757201368,DELTA ZETA
DZ Dezigns,Crest Patch Beanie,UPI260618319814,Headwear > Beanies,https://cdn.shopify.com/s/files/1/0052/8321/7498/files/DZD2202115-FOREST-SP15-EMB.jpg?v=1735843735,DELTA ZETA
DZ Dezigns,Crest Patch Anorak Jacket,UPI260618382213,Outerwear > Anoraks,https://cdn.shopify.com/s/files/1/0052/8321/7498/files/DZD2202131-FOREST-9904-EMB.jpg?v=1735843736,DELTA ZETA
DZ Dezigns,Crest Patch Book Bag,UPI26061806069,Bags > Backpacks,https://cdn.shopify.com/s/files/1/0052/8321/7498/files/DZD2202133-BLACK-BE0303-EMB.jpg?v=1735843737,DELTA ZETA
DZ Dezigns,Repeat Truly Tote,UPI260618942211,Bags > Tote bags,https://cdn.shopify.com/s/files/1/0052/8321/7498/files/DZD2202158-WHITE-Q800.jpg?v=1735843739,DELTA ZETA
DZ Dezigns,Classic Delta Zeta Tote,UPI260618772614,Bags > Tote bags,https://cdn.shopify.com/s/files/1/0052/8321/7498/files/DZD2202159-LIGHTPINK-Q800.jpg?v=1735843739,DELTA ZETA
DZ Dezigns,Text Me Tote,UPI260618263820,Bags > Tote bags,https://cdn.shopify.com/s/files/1/0052/8321/7498/files/DZD2202160-NATURAL-Q800.jpg?v=1687740057,DELTA ZETA
DZ Dezigns,Repeat Truly Tote,UPI260618817420,Bags > Tote bags,https://cdn.shopify.com/s/files/1/0052/8321/7498/files/DZD2202161-BLACK-Q800.jpg?v=1687740111,DELTA ZETA
DZ Dezigns,Official DZ Tote,UPI260618862224,Bags > Tote bags,https://cdn.shopify.com/s/files/1/0052/8321/7498/files/DZD2202162-WHITE-Q800.jpg?v=1735843738,DELTA ZETA
DZ Dezigns,Make Me Smile Onesie,UPI260618620616,Apparel > Bodysuits,https://cdn.shopify.com/s/files/1/0052/8321/7498/files/DZD220274-RASPBERRY-4400.jpg?v=1735843740,DELTA ZETA
DZ Dezigns,Glam Baby Tee,UPI260618689410,Shirts > Short sleeve t-shirts,https://cdn.shopify.com/s/files/1/0052/8321/7498/files/DZD23GL0201_1010_BLACK.jpg?v=1735843727,DELTA ZETA
DZ Dezigns,Glam Hoodie,UPI260618198210,Sweatshirts > Hooded sweatshirts,https://cdn.shopify.com/s/files/1/0052/8321/7498/files/DZD23GL0201_18500_BLACK.jpg?v=1735843726,DELTA ZETA
DZ Dezigns,Luxe Lounge Set,UPI260618369412,Loungewear > Sweatsuit sets,https://cdn.shopify.com/s/files/1/0052/8321/7498/files/DZD23GL0202_TD055-NUDE_TD085-NUDE-EMB.jpg?v=1700696802,DELTA ZETA
DZ Dezigns,Love You Crew,UPI260618537412,Sweatshirts > Crewneck sweatshirts,https://cdn.shopify.com/s/files/1/0052/8321/7498/files/DZD23GL0205_1566_WHITE-BACK.jpg?v=1735843725,DELTA ZETA
DZ Dezigns,Shield Crop Tank,UPI260618620617,Shirts > Tank tops,https://cdn.shopify.com/s/files/1/0052/8321/7498/files/DZD24000101019PINK.jpg?v=1735843711,DELTA ZETA
DZ Dezigns,Perfect Match Tee,UPI260618967810,Shirts > Short sleeve t-shirts,https://cdn.shopify.com/s/files/1/0052/8321/7498/files/DZD2400011717CRUNCHBERRYBACK.jpg?v=1743788077,DELTA ZETA
DZ Dezigns,Truly Natural Tee,UPI260618478219,Shirts > Short sleeve t-shirts,https://cdn.shopify.com/s/files/1/0052/8321/7498/files/DZD24000141717IVORY.jpg?v=1735843710,DELTA ZETA
DZ Dezigns,Stone Ladies Tee,UPI260618675014,Shirts > Short sleeve t-shirts,https://cdn.shopify.com/s/files/1/0052/8321/7498/files/DZD24000156400CVCHSTONE.jpg?v=1735843709,DELTA ZETA
DZ Dezigns,Crest Crop Tank,UPI260618871816,Shirts > Tank tops,https://cdn.shopify.com/s/files/1/0052/8321/7498/files/DZD24000161019BLACK.jpg?v=1735843708,DELTA ZETA
DZ Dezigns,Peach 1902,UPI260618006217,Shirts > Short sleeve t-shirts,https://cdn.shopify.com/s/files/1/0052/8321/7498/files/DZD24000171717PEACHY.jpg?v=1735843707,DELTA ZETA
DZ Dezigns,DeeZee Wave Crop Tank,UPI260618531020,Shirts > Tank tops,https://cdn.shopify.com/s/files/1/0052/8321/7498/files/DZD2400021013BellaSolidNaturalBlend.jpg?v=1735843721,DELTA ZETA
DZ Dezigns,It's a Sign Crop Tee,UPI260618094221,Shirts > Short sleeve t-shirts,https://cdn.shopify.com/s/files/1/0052/8321/7498/files/DZD2400031010BellaSolidWhiteBlend.jpg?v=1735843720,DELTA ZETA
DZ Dezigns,Pink Block Crop Tee,UPI260618166215,Shirts > Short sleeve t-shirts,https://cdn.shopify.com/s/files/1/0052/8321/7498/files/DZD2400041010BellaSolidWhiteBlend.jpg?v=1735843719,DELTA ZETA
DZ Dezigns,Happy Crewneck,UPI260618604614,Sweatshirts > Crewneck sweatshirts,https://cdn.shopify.com/s/files/1/0052/8321/7498/files/DZD240005PRM3500WHITEINDPTCREWNECKFRONT.jpg?v=1735843718,DELTA ZETA
DZ Dezigns,Joyful Crewneck,UPI260618686216,Sweatshirts > Crewneck sweatshirts,https://cdn.shopify.com/s/files/1/0052/8321/7498/files/DZD240006PRM3500PigmentIvoryINDPTCREWNECK.jpg?v=1735843717,DELTA ZETA
DZ Dezigns,Classic Club Athletics,UPI260618134216,Shirts > Short sleeve t-shirts,https://cdn.shopify.com/s/files/1/0052/8321/7498/files/DZD2400071717CCWHITE.jpg?v=1735843716,DELTA ZETA
DZ Dezigns,Classic Crop Tee,UPI260618635014,Shirts > Short sleeve t-shirts,https://cdn.shopify.com/s/files/1/0052/8321/7498/files/DZD2400081010BellaSolidBlackBlend.jpg?v=1735843715,DELTA ZETA
DZ Dezigns,Regina Crop Tee,UPI260618734222,Shirts > Short sleeve t-shirts,https://cdn.shopify.com/s/files/1/0052/8321/7498/files/DZD2400091010BellaSolidWhiteBlend.jpg?v=1735843714,DELTA ZETA
DZ Dezigns,Classic Club Athletics Tank,UPI260618342213,Shirts > Tank tops,https://cdn.shopify.com/s/files/1/0052/8321/7498/files/DZD2400111019NATURAL.jpg?v=1735843713,DELTA ZETA
DZ Dezigns,Happy to Be Crop Tee,UPI260618092615,Shirts > Short sleeve t-shirts,https://cdn.shopify.com/s/files/1/0052/8321/7498/files/DZD2400121010PINK.jpg?v=1735843712,DELTA ZETA
DZ Dezigns,Classic Crop Tee- white with pink,UPI260618825413,Shirts > Short sleeve t-shirts,https://cdn.shopify.com/s/files/1/0052/8321/7498/files/DZD2400131201PINK.jpg?v=1735843712,DELTA ZETA
DZ Dezigns,Island Reef Tee,UPI260618390215,Shirts > Short sleeve t-shirts,https://cdn.shopify.com/s/files/1/0052/8321/7498/files/DZD24GL101ISLANDREEF.jpg?v=1735843705,DELTA ZETA
DZ Dezigns,Crunchberry Varsity Tee,UPI260618479811,Shirts > Short sleeve t-shirts,https://cdn.shopify.com/s/files/1/0052/8321/7498/files/DZD24GL1021717CRUNCHBERRY.jpg?v=1735843704,DELTA ZETA
DZ Dezigns,Ivory Flower Tee,UPI26061814069,Shirts > Short sleeve t-shirts,https://cdn.shopify.com/s/files/1/0052/8321/7498/files/DZD24GL1031717IVORY.jpg?v=1735843703,DELTA ZETA
DZ Dezigns,02 Truly Crewneck,UPI26061867667,Sweatshirts > Crewneck sweatshirts,https://cdn.shopify.com/s/files/1/0052/8321/7498/files/DZD24GL104SS3000SANDSTONE.jpg?v=1735843702,DELTA ZETA
DZ Dezigns,Truly DeeZee Sweatpants,UPI260618918220,Pants > Sweatpants,https://cdn.shopify.com/s/files/1/0052/8321/7498/files/DZD24GL105IND20PNTSANDSTONE.jpg?v=1721690288,DELTA ZETA
DZ Dezigns,Light Green Rose Tee,UPI260618900612,Shirts > Short sleeve t-shirts,https://cdn.shopify.com/s/files/1/0052/8321/7498/files/DZD24GL1061717LIGHTGREEN.jpg?v=1735843701,DELTA ZETA
DZ Dezigns,Bella Crewneck,UPI260618705416,Sweatshirts > Crewneck sweatshirts,https://cdn.shopify.com/s/files/1/0052/8321/7498/files/DZD24GL107BELLA3945MAUVE.jpg?v=1735843700,DELTA ZETA
DZ Dezigns,Sandy Crewneck,UPI260618161412,Sweatshirts > Crewneck sweatshirts,https://cdn.shopify.com/s/files/1/0052/8321/7498/files/DZD24GL10918000SAND.jpg?v=1735843698,DELTA ZETA
DZ Dezigns,1902 Crewneck,UPI260618188617,Sweatshirts > Crewneck sweatshirts,https://cdn.shopify.com/s/files/1/0052/8321/7498/files/DZD24GL110GILDAN18000HELICONIA.jpg?v=1735843697,DELTA ZETA
DZ Dezigns,Truly Standard Tee,UPI260618430210,Shirts > Short sleeve t-shirts,https://cdn.shopify.com/s/files/1/0052/8321/7498/files/DZD24GL1111717WHITEBACK.jpg?v=1735843696,DELTA ZETA
DZ Dezigns,Shaka Oatmeal Tee,UPI260618627016,Shirts > Short sleeve t-shirts,https://cdn.shopify.com/s/files/1/0052/8321/7498/files/DZD24GL112SHGDDOATMEAL.jpg?v=1735843695,DELTA ZETA
DZ Dezigns,Since 1902 Hoodie,UPI260618931016,Sweatshirts > Hooded sweatshirts,https://cdn.shopify.com/s/files/1/0052/8321/7498/files/DZD24GL113SS4500FORESTBACK.jpg?v=1735843693,DELTA ZETA
DZ Dezigns,Pink Crest Hoodie,UPI260618279811,Sweatshirts > Hooded sweatshirts,https://cdn.shopify.com/s/files/1/0052/8321/7498/files/DZD24GL114SS4500LIGHTPINKBACK.jpg?v=1735843692,DELTA ZETA
DZ Dezigns,Retro Repeat Crewneck,UPI260618583812,Sweatshirts > Crewneck sweatshirts,https://cdn.shopify.com/s/files/1/0052/8321/7498/files/DZD24GL11518000FOREST.jpg?v=1735843691,DELTA ZETA
DZ Dezigns,Olive Game Hat,UPI260618004616,Headwear > Billed hats,https://cdn.shopify.com/s/files/1/0052/8321/7498/files/DZD24GL117GB465LT.OLIVEGREEN.jpg?v=1735843689,DELTA ZETA
DZ Dezigns,Khaki Game Hat,UPI260618094220,Headwear > Billed hats,https://cdn.shopify.com/s/files/1/0052/8321/7498/files/DZD24GL118GB465KHAKI.jpg?v=1735843688,DELTA ZETA
DZ Dezigns,Cameo Pink Colorblock Hoodie,UPI260618103811,Sweatshirts > Hooded sweatshirts,https://cdn.shopify.com/s/files/1/0052/8321/7498/files/DZD24GL119W23716CAMEOPINK.jpg?v=1735843687,DELTA ZETA
DZ Dezigns,Pink Bow Crop Tank,UPI260618390216,Shirts > Tank tops,https://cdn.shopify.com/s/files/1/0052/8321/7498/files/DZD24GL1211013WHITE.jpg?v=1735843684,DELTA ZETA
DZ Dezigns,Athletic Crop Tank,UPI26061873905,Shirts > Tank tops,https://cdn.shopify.com/s/files/1/0052/8321/7498/files/DZD24GL1221013ATHL.HEATHER.jpg?v=1735843683,DELTA ZETA
DZ Dezigns,3-Peat Crop Tee,UPI260618551811,Shirts > Short sleeve t-shirts,https://cdn.shopify.com/s/files/1/0052/8321/7498/files/DZD24GL1241010BLACK.jpg?v=1735843682,DELTA ZETA
DZ Dezigns,Athletic Crop Tee,UPI260618150214,Shirts > Short sleeve t-shirts,https://cdn.shopify.com/s/files/1/0052/8321/7498/files/DZD24GL1251010ATL.HEATHER.jpg?v=1735843681,DELTA ZETA
DZ Dezigns,Truly Est Notecard,UPI260618070212,Stationery > Note cards,https://cdn.shopify.com/s/files/1/0052/8321/7498/files/DZD24GL126POSTCARDFRONT.jpg?v=1735843680,DELTA ZETA
DZ Dezigns,Crest Notecard,UPI260618945414,Stationery > Note cards,https://cdn.shopify.com/s/files/1/0052/8321/7498/files/DZD24GL127FOLDOVERNOTECARD.jpg?v=1735843679,DELTA ZETA
DZ Dezigns,1902 Sticker,UPI260618343818,Promotional > Stickers,https://cdn.shopify.com/s/files/1/0052/8321/7498/files/DZD24GL130STICKER.jpg?v=1735843675,DELTA ZETA
DZ Dezigns,Pink Bow Sticker,UPI260618201420,Promotional > Stickers,https://cdn.shopify.com/s/files/1/0052/8321/7498/files/DZD24GL131STICKER.jpg?v=1735843674,DELTA ZETA
DZ Dezigns,XO Tee,UPI260618156615,Shirts > Short sleeve t-shirts,https://cdn.shopify.com/s/files/1/0052/8321/7498/files/DZD24GL2011717BLACK.jpg?v=1735843672,DELTA ZETA
DZ Dezigns,Cherry Bow Crewneck,UPI260618854215,Sweatshirts > Crewneck sweatshirts,https://cdn.shopify.com/s/files/1/0052/8321/7498/files/DZD24GL20218000LIGHTPINK.jpg?v=1735843670,DELTA ZETA
DZ Dezigns,Reindeer Games,UPI260618651011,Sweatshirts > Crewneck sweatshirts,https://cdn.shopify.com/s/files/1/0052/8321/7498/files/DZD24GL2031717CRIMSON_1.jpg?v=1735843668,DELTA ZETA
DZ Dezigns,Snowfall Crewneck,UPI260618286212,Sweatshirts > Crewneck sweatshirts,https://cdn.shopify.com/s/files/1/0052/8321/7498/files/DZD24GL20418000SPORTSGRAY.jpg?v=1735843666,DELTA ZETA
DZ Dezigns,Ghosted Crewneck,UPI260618100617,Sweatshirts > Crewneck sweatshirts,https://cdn.shopify.com/s/files/1/0052/8321/7498/files/DZD24GL20518000BLACK.jpg?v=1735843664,DELTA ZETA
DZ Dezigns,Ginger Crewneck,UPI260618164615,Sweatshirts > Crewneck sweatshirts,https://cdn.shopify.com/s/files/1/0052/8321/7498/files/DZD24GL20618000SAND.jpg?v=1735843663,DELTA ZETA
DZ Dezigns,Holiday Bow Crewneck,UPI26061889106,Sweatshirts > Crewneck sweatshirts,https://cdn.shopify.com/s/files/1/0052/8321/7498/files/DZD24GL20818000MAROON.jpg?v=1735843659,DELTA ZETA
DZ Dezigns,Holiday Bow Crewneck,UPI260618132613,Sweatshirts > Crewneck sweatshirts,https://cdn.shopify.com/s/files/1/0052/8321/7498/files/DZD24GL20818000SAND.jpg?v=1735843657,DELTA ZETA
DZ Dezigns,Dashing Crewneck,UPI260618822214,Sweatshirts > Crewneck sweatshirts,https://cdn.shopify.com/s/files/1/0052/8321/7498/files/DZD24GL20918000FOREST.jpg?v=1735843656,DELTA ZETA
DZ Dezigns,Script Beanie,UPI260618263821,Headwear > Beanies,https://cdn.shopify.com/s/files/1/0052/8321/7498/files/DZD24GL210SP15HEATHERCHARCOAL.jpg?v=1735843654,DELTA ZETA
DZ Dezigns,November Exclusive Drop - Limited Edition w/Free Flag,UPI26061808309,Sweatshirts > Hooded sweatshirts,https://cdn.shopify.com/s/files/1/0052/8321/7498/files/DZD24NOV-BUNDLE.jpg?v=1731594529,DELTA ZETA
DZ Dezigns,Rose Bow Tee,UPI260618843022,Shirts > Short sleeve t-shirts,https://cdn.shopify.com/s/files/1/0052/8321/7498/files/DZD2500011717PEACHY.jpg?v=1743614193,DELTA ZETA
DZ Dezigns,Matchbook Hoodie,UPI260618433416,Sweatshirts > Hooded sweatshirts,https://cdn.shopify.com/s/files/1/0052/8321/7498/files/DZD25000218500MINTGREENBACK.jpg?v=1743614545,DELTA ZETA
DZ Dezigns,Est 1902 Racer Tank,UPI260618068614,Shirts > Tank tops,https://cdn.shopify.com/s/files/1/0052/8321/7498/files/DZD2500031019WHITE.jpg?v=1743614950,DELTA ZETA
DZ Dezigns,Western Turtle Crewneck,UPI260618099010,Sweatshirts > Crewneck sweatshirts,https://cdn.shopify.com/s/files/1/0052/8321/7498/files/DZD2500041800HELICONIABACK.jpg?v=1743615180,DELTA ZETA
DZ Dezigns,Playful Print Crewneck,UPI260618316612,Sweatshirts > Crewneck sweatshirts,https://cdn.shopify.com/s/files/1/0052/8321/7498/files/DZD2500073945BLACK.jpg?v=1743616007,DELTA ZETA
DZ Dezigns,Playful Print Shorts,UPI260618423815,Pants > Leggings,https://cdn.shopify.com/s/files/1/0052/8321/7498/files/DZD2500083787BLACK.jpg?v=1743616124,DELTA ZETA
DZ Dezigns,Forest Volunteer Crewneck,UPI260618105415,Sweatshirts > Crewneck sweatshirts,https://cdn.shopify.com/s/files/1/0052/8321/7498/files/DZD25010118000forest_1.jpg?v=1744338836,DELTA ZETA
DZ Dezigns,Volunteer Bow Tee,UPI260618643013,Shirts > Short sleeve t-shirts,https://cdn.shopify.com/s/files/1/0052/8321/7498/files/DZD2501031717BLOSSOM.jpg?v=1744338778,DELTA ZETA
DZ Dezigns,Volunteer Cherry Sticker,UPI26061843028,Promotional > Stickers,https://cdn.shopify.com/s/files/1/0052/8321/7498/files/DZD250104sticker.jpg?v=1744338752,DELTA ZETA
DZ Dezigns,Forest Green Hoodie,UPI260618340620,Sweatshirts > Hooded sweatshirts,https://cdn.shopify.com/s/files/1/0052/8321/7498/files/DZD250201996MRFORESTfront.jpg?v=1755717597,DELTA ZETA
DZ Dezigns,Forest Green Sweatpants,UPI260618983813,Pants > Leggings,https://cdn.shopify.com/s/files/1/0052/8321/7498/files/DZD250202973MRFOREST.jpg?v=1755717810,DELTA ZETA
DZ Dezigns,Watermark Hoodie,UPI260618823822,Sweatshirts > Hooded sweatshirts,https://cdn.shopify.com/s/files/1/0052/8321/7498/files/DZD25020418500HEATHERDARKGREEN.jpg?v=1755718219,DELTA ZETA
DZ Dezigns,Pennant Crop Tee,UPI26061891348,Shirts > Short sleeve t-shirts,https://cdn.shopify.com/s/files/1/0052/8321/7498/files/DZD2502051010SOLIDPINKBLEND.jpg?v=1755718399,DELTA ZETA
DZ Dezigns,Bay Breeze Tee,UPI260618556613,Shirts > Short sleeve t-shirts,https://cdn.shopify.com/s/files/1/0052/8321/7498/files/DZD2502071717BAY.jpg?v=1755718554,DELTA ZETA
DZ Dezigns,Western Turtle Tee,UPI260618244616,Shirts > Short sleeve t-shirts,https://cdn.shopify.com/s/files/1/0052/8321/7498/files/DZD2502081717SANDback.jpg?v=1755718726,DELTA ZETA
DZ Dezigns,Sandy Crewneck,UPI260618969426,Sweatshirts > Crewneck sweatshirts,https://cdn.shopify.com/s/files/1/0052/8321/7498/files/DZD25020918000SAND.jpg?v=1755718931,DELTA ZETA
DZ Dezigns,Pleasant Notecard,UPI260618612614,Stationery > Note cards,https://cdn.shopify.com/s/files/1/0052/8321/7498/files/DZD250210NOTECARDfront.jpg?v=1755719139,DELTA ZETA
DZ Dezigns,Heart Sunglass Sticker,UPI260618899017,Promotional > Stickers,https://cdn.shopify.com/s/files/1/0052/8321/7498/files/DZD250212STICKER.jpg?v=1755719312,DELTA ZETA
DZ Dezigns,Turtle Sticker,UPI26061846229,Promotional > Stickers,https://cdn.shopify.com/s/files/1/0052/8321/7498/files/DZD250213STICKER.jpg?v=1755719501,DELTA ZETA
DZ Dezigns,Dusty Rose Hat,UPI260618214211,Headwear > Billed hats,https://cdn.shopify.com/s/files/1/0052/8321/7498/files/DZD250217EZADUSTYROSE.jpg?v=1755719899,DELTA ZETA
DZ Dezigns,Big Hoodie,UPI26061850069,Sweatshirts > Hooded sweatshirts,https://cdn.shopify.com/s/files/1/0052/8321/7498/files/DZD25GL101back_ce88c4b4-ad48-4095-80b8-64c33bf6370a.jpg?v=1756310776,DELTA ZETA
DZ Dezigns,Little Hoodie,UPI260618982213,Sweatshirts > Hooded sweatshirts,https://cdn.shopify.com/s/files/1/0052/8321/7498/files/DZD25GL101front.jpg?v=1756310612,DELTA ZETA
DZ Dezigns,Big Little Shorts,UPI260618406218,Pants > Leggings,https://cdn.shopify.com/s/files/1/0052/8321/7498/files/DZD25GL101frontshorts.jpg?v=1756310889,DELTA ZETA
DZ Dezigns,Big or Little Bay Tee,UPI260618212612,Shirts > Short sleeve t-shirts,https://cdn.shopify.com/s/files/1/0052/8321/7498/files/DZD25GL1031717bay.jpg?v=1756311090,DELTA ZETA
DZ Dezigns,Big or Little Hat,UPI260618342212,Headwear > Billed hats,https://cdn.shopify.com/s/files/1/0052/8321/7498/files/DZD25GL105palepinklp101.jpg?v=1756311389,DELTA ZETA
DZ Dezigns,Big Little Cherry Sticker,UPI260618183818,Promotional > Stickers,https://cdn.shopify.com/s/files/1/0052/8321/7498/files/DZD25GL107sticker.jpg?v=1756311581,DELTA ZETA
DZ Dezigns,Dazzling Sticker,UPI260618487815,Promotional > Stickers,https://cdn.shopify.com/s/files/1/0052/8321/7498/files/DZD25GL108sticker.jpg?v=1756311702,DELTA ZETA
DZ Dezigns,Ash Mock Neck- Limited Edition,UPI260618835015,Apparel > Sweaters,https://cdn.shopify.com/s/files/1/0052/8321/7498/files/DZD25NOV1ASHMOCKNECK.jpg?v=1762450555,DELTA ZETA
DZ Dezigns,Hike for Hearing Crunchberry Tee,UPI260618838216,Shirts > Short sleeve t-shirts,https://cdn.shopify.com/s/files/1/0052/8321/7498/files/DZD2600011717CRUNCHBERRY.jpg?v=1776104585,DELTA ZETA
DZ Dezigns,Hike for Hearing Hat,UPI260618151813,Headwear > Billed hats,https://cdn.shopify.com/s/files/1/0052/8321/7498/files/DZD2600026440WHITE.jpg?v=1776104766,DELTA ZETA
DZ Dezigns,Hike for Hearing Hat (Pink),UPI260618822213,Headwear > Billed hats,https://cdn.shopify.com/s/files/1/0052/8321/7498/files/DZD2600036440PINK.jpg?v=1776104868,DELTA ZETA
DZ Dezigns,Hike for Hearing Tee,UPI260618529420,Shirts > Short sleeve t-shirts,https://cdn.shopify.com/s/files/1/0052/8321/7498/files/DZD260004CE10WHITEBACK.jpg?v=1776105093,DELTA ZETA
DZ Dezigns,Hike for Hearing Long Sleeve,UPI260618324610,Shirts > Short sleeve t-shirts,https://cdn.shopify.com/s/files/1/0052/8321/7498/files/DZD260005CE10LWHITEBACK.jpg?v=1776105226,DELTA ZETA
DZ Dezigns,Zen Sport Short,UPI26061811669,Apparel > Bodysuits,https://cdn.shopify.com/s/files/1/0052/8321/7498/files/DZD260102BW6104COSMICPINK.jpg?v=1780068074,DELTA ZETA
DZ Dezigns,Hot Pink Towel,UPI26061843029,,https://cdn.shopify.com/s/files/1/0052/8321/7498/files/DZD260103QV3060PINK.jpg?v=1780066008,DELTA ZETA
DZ Dezigns,Air Brush Turtle,UPI260618145420,Shirts > Short sleeve t-shirts,https://cdn.shopify.com/s/files/1/0052/8321/7498/files/DZD2601051717WHITE_1.jpg?v=1780066169,DELTA ZETA
DZ Dezigns,Cowgirl Turtle tee,UPI260618513419,Shirts > Short sleeve t-shirts,https://cdn.shopify.com/s/files/1/0052/8321/7498/files/DZD2601061717BLOSSOM.jpg?v=1780066326,DELTA ZETA
DZ Dezigns,Checker Meet Polka Dot Crewneck,UPI26061877749,Sweatshirts > Crewneck sweatshirts,https://cdn.shopify.com/s/files/1/0052/8321/7498/files/DZD26010718500ASH.jpg?v=1780066700,DELTA ZETA
DZ Dezigns,Find Me Hoodie,UPI260618697410,Sweatshirts > Hooded sweatshirts,https://cdn.shopify.com/s/files/1/0052/8321/7498/files/DZD26010818500MINTGREEN_2.jpg?v=1780067425,DELTA ZETA
DZ Dezigns,Natural Turtle Crop Tee,UPI260618851014,Shirts > Short sleeve t-shirts,https://cdn.shopify.com/s/files/1/0052/8321/7498/files/DZD2601091010NATURAL.jpg?v=1780067558,DELTA ZETA
DZ Dezigns,Truly Bouquet Tee,UPI260618575817,Shirts > Short sleeve t-shirts,https://cdn.shopify.com/s/files/1/0052/8321/7498/files/DZD2602041717IVORYBACK.jpg?v=1780067680,DELTA ZETA
DZ Dezigns,Script Cardigan Sweater,UPI260618804615,Apparel > Sweaters,https://cdn.shopify.com/s/files/1/0052/8321/7498/files/DZD26GL101MM3023GUSTYGREYEMB.jpg?v=1769710384,DELTA ZETA
DZ Dezigns,Concept Cardigan,UPI260618787020,Apparel > Sweaters,https://cdn.shopify.com/s/files/1/0052/8321/7498/files/DZD26GL102L545BLACKEMB.jpg?v=1769710685,DELTA ZETA
DZ Dezigns,Patched Bow Hoodie,UPI260618705417,Sweatshirts > Hooded sweatshirts,https://cdn.shopify.com/s/files/1/0052/8321/7498/files/DZD26GL30218500ASHBACK.jpg?v=1769623470,DELTA ZETA
DZ Dezigns,Paradise Tee,UPI260618755022,Shirts > Short sleeve t-shirts,https://cdn.shopify.com/s/files/1/0052/8321/7498/files/DZD26GL4011717IVORYback.jpg?v=1771262848,DELTA ZETA
DZ Dezigns,Four Turtle Tee,UPI260618273414,Shirts > Short sleeve t-shirts,https://cdn.shopify.com/s/files/1/0052/8321/7498/files/DZD26GL4081717BLOSSOMback.jpg?v=1771263578,DELTA ZETA
DZ Dezigns,Volunteer Frame Tee,UPI260618411016,Shirts > Short sleeve t-shirts,https://cdn.shopify.com/s/files/1/0052/8321/7498/files/DZD26GL6011717WHITE.jpg?v=1774463001,DELTA ZETA
DZ Dezigns,Mint Volunteer Hoodie,UPI260618555017,Sweatshirts > Hooded sweatshirts,https://cdn.shopify.com/s/files/1/0052/8321/7498/files/DZD26GL60218500MINTback.jpg?v=1774463150,DELTA ZETA
DZ Dezigns,Forest Full Zip Jacket,UPI260618788616,Outerwear > Jackets,https://cdn.shopify.com/s/files/1/0052/8321/7498/files/DZD26GL603F217GREEN.jpg?v=1774463310,DELTA ZETA
DZ Dezigns,Crest 1/4 Zip,UPI260618575818,Sweatshirts > Crewneck sweatshirts,https://cdn.shopify.com/s/files/1/0052/8321/7498/files/DZD26GL604ST253ATHHTR.jpg?v=1774463443,DELTA ZETA
DZ Dezigns,Locket Key Chain,UPI260618929410,Promotional > Key chains,https://cdn.shopify.com/s/files/1/0052/8321/7498/files/DZD-BDP-KEYCHAIN.jpg?v=1735843723,DELTA ZETA
DZ Dezigns,Shadow Script Sticker,UPI26061894709,Promotional > Stickers,https://cdn.shopify.com/s/files/1/0052/8321/7498/files/DZD-BDP-STICKER.jpg?v=1735843725,DELTA ZETA
DZ Dezigns,Lacy Bow Knitted Sweater,UPI260618475014,Apparel > Sweaters,https://cdn.shopify.com/s/files/1/0052/8321/7498/files/Front.jpg?v=1759428344,DELTA ZETA
DZ Dezigns,Sublimated Flag,UPI2606187738,Household items > Flags,https://cdn.shopify.com/s/files/1/0052/8321/7498/files/hf_20260524_193252_7868b7b6-b7ad-43de-8599-749c54dc9707.png?v=1779651550,DELTA ZETA
DZ Dezigns,Leaf Letter Button,UPI26061886092,Promotional > Pin-back buttons,https://cdn.shopify.com/s/files/1/0052/8321/7498/files/hf_20260524_193307_1f250b3c-3a1a-486f-81b8-8ab8e6054aef.png?v=1779651573,DELTA ZETA
DZ Dezigns,Snowflake Decal,UPI2606183761,Promotional > Stickers,https://cdn.shopify.com/s/files/1/0052/8321/7498/files/hf_20260524_193335_e755f331-d304-437a-b338-b8cbc01cbdbf.png?v=1779651996,DELTA ZETA
DZ Dezigns,Sticker Sheet,UPI260618313412,Promotional > Stickers,https://cdn.shopify.com/s/files/1/0052/8321/7498/files/hf_20260524_193407_f13ff45c-6cc6-4aad-a23d-fc1919bf0088.png?v=1779651957,DELTA ZETA
DZ Dezigns,Truly Shadow Decal,UPI26061834091,Promotional > Stickers,https://cdn.shopify.com/s/files/1/0052/8321/7498/files/hf_20260524_193422_7748e58d-2fc2-43f1-bbc6-7ce3ebd3333f.png?v=1779651675,DELTA ZETA
DZ Dezigns,Square Decal,UPI26061887691,Promotional > Stickers,https://cdn.shopify.com/s/files/1/0052/8321/7498/files/hf_20260524_193439_f7f54640-8e10-4ff9-85ed-bc9e55a3b5af.png?v=1779651834,DELTA ZETA
DZ Dezigns,Medieval Water Bottle,UPI260618771011,Water bottles > Plastic water bottles,https://cdn.shopify.com/s/files/1/0052/8321/7498/files/hf_20260524_193505_e1090b35-d8a4-4d16-91bf-2553911e173c.png?v=1779652033,DELTA ZETA
DZ Dezigns,Delta Zeta Gaiters,UPI2606186017,Apparel > Neck gaiters,https://cdn.shopify.com/s/files/1/0052/8321/7498/files/hf_20260524_193556_3c59faca-c893-4e12-80c9-cb10efbf2bff.png?v=1779651897,DELTA ZETA
DZ Dezigns,Tennis Skirt,UPI260618678214,Pants > Leggings,https://cdn.shopify.com/s/files/1/0052/8321/7498/files/hf_20260524_193630_7fcc574d-9167-4d32-8c86-75ccda961591.png?v=1779652062,DELTA ZETA
DZ Dezigns,Script Rolled Sleeve Tee,UPI26061855534,Shirts > Short sleeve t-shirts,https://cdn.shopify.com/s/files/1/0052/8321/7498/files/hf_20260524_193656_008cdc57-44e7-45ca-bd95-91fda6b88ffe.png?v=1779651754,DELTA ZETA
DZ Dezigns,Letter Stack Hat,UPI2606186794,Headwear > Billed hats,https://cdn.shopify.com/s/files/1/0052/8321/7498/files/hf_20260524_193714_a09ce3fd-7749-4e18-84b4-6e0de17443d3.png?v=1779651613,DELTA ZETA
DZ Dezigns,Clear Medieval Water Bottle,UPI260618137413,Water bottles > Plastic water bottles,https://cdn.shopify.com/s/files/1/0052/8321/7498/files/IMG_2826.jpg?v=1735843730,DELTA ZETA
DZ Dezigns,Clear Greek Letter Water Bottle,UPI260618843023,Water bottles > Plastic water bottles,https://cdn.shopify.com/s/files/1/0052/8321/7498/files/IMG_2828.jpg?v=1735843730,DELTA ZETA
DZ Dezigns,DZ Rose Notepad,UPI260618531021,Stationery > Note pads,https://cdn.shopify.com/s/files/1/0052/8321/7498/files/IMG_2830.jpg?v=1735843729,DELTA ZETA
DZ Dezigns,Pink Rose Logo Button,UPI260618623812,Promotional > Pin-back buttons,https://cdn.shopify.com/s/files/1/0052/8321/7498/files/IMG_2831.jpg?v=1693240643,DELTA ZETA
DZ Dezigns,You Had Me at Dee Zee Button,UPI260618598214,Promotional > Pin-back buttons,https://cdn.shopify.com/s/files/1/0052/8321/7498/files/IMG_2832.jpg?v=1693241072,DELTA ZETA
DZ Dezigns,Truly Amazing Bracelet,UPI260618068615,Jewelry > Bracelets,https://cdn.shopify.com/s/files/1/0052/8321/7498/files/IMG_2834.jpg?v=1735843728,DELTA ZETA
DZ Dezigns,Delta Zeta Repeat Cups,UPI260618903813,Drinkware > Stadium cups,https://cdn.shopify.com/s/files/1/0052/8321/7498/files/IMG_2836.jpg?v=1735843732,DELTA ZETA
DZ Dezigns,White DZ Repeat Cup,UPI260618215814,Drinkware > Stadium cups,https://cdn.shopify.com/s/files/1/0052/8321/7498/files/IMG_2837.jpg?v=1735843733,DELTA ZETA
DZ Dezigns,White and Black DZ Letter Hat,UPI260618667012,,https://cdn.shopify.com/s/files/1/0052/8321/7498/files/IMG_2841.jpg?v=1693269179,DELTA ZETA
DZ Dezigns,Pink Crest Hat,UPI260618487814,Headwear > Billed hats,https://cdn.shopify.com/s/files/1/0052/8321/7498/files/IMG_3658.jpg?v=1750096369,DELTA ZETA
DZ Dezigns,Forest Green DZ Sweatshirt,UPI260618059013,Sweatshirts > Crewneck sweatshirts,https://cdn.shopify.com/s/files/1/0052/8321/7498/files/IMG_3662.jpg?v=1750096440,DELTA ZETA
DZ Dezigns,Pink Pennant,UPI260618243016,Household items > Flags,https://cdn.shopify.com/s/files/1/0052/8321/7498/files/IMG_3666.jpg?v=1750097259,DELTA ZETA
DZ Dezigns,Smiley Face Sticker,UPI260618340619,Promotional > Stickers,https://cdn.shopify.com/s/files/1/0052/8321/7498/files/IMG_3668.jpg?v=1750097005,DELTA ZETA
DZ Dezigns,Pink Sweatshorts,UPI260618833411,Pants > Leggings,https://cdn.shopify.com/s/files/1/0052/8321/7498/files/SiteImages.jpg?v=1755721975,DELTA ZETA
DZ Dezigns,Bubble Pink Volunteer Zip Up,UPI260618463823,Sweatshirts > Hooded sweatshirts,https://cdn.shopify.com/s/files/1/0052/8321/7498/files/SXW037BUBBLEPINKDZD250102.jpg?v=1744338810,DELTA ZETA
DZ Dezigns,Beach Towel,UPI260618524614,Towels > Beach towels,https://cdn.shopify.com/s/files/1/0052/8321/7498/files/TOWELBEACH.jpg?v=1771345861,DELTA ZETA
DZ Dezigns,Girl Power,UPI26061848171,Shirts > Short sleeve t-shirts,https://cdn.shopify.com/s/files/1/0052/8321/7498/products/04rL2gZg.jpg?v=1735843882,DELTA ZETA
DZ Dezigns,White Floral Wreath Ornament,UPI2606189409,Promotional > Ornaments,https://cdn.shopify.com/s/files/1/0052/8321/7498/products/17211.jpg?v=1602257113,DELTA ZETA
DZ Dezigns,DZ Round Sticker,UPI26061892652,Promotional > Stickers,https://cdn.shopify.com/s/files/1/0052/8321/7498/products/4433630987963541484.jpg?v=1601652305,DELTA ZETA
DZ Dezigns,Sand DeeZee Crew,UPI2606183025,Sweatshirts > Crewneck sweatshirts,https://cdn.shopify.com/s/files/1/0052/8321/7498/products/5FOtMhxw.jpg?v=1735843883,DELTA ZETA
DZ Dezigns,Light Blue Crew,UPI26061851531,Sweatshirts > Crewneck sweatshirts,https://cdn.shopify.com/s/files/1/0052/8321/7498/products/9k2GaR7Q.jpg?v=1735843876,DELTA ZETA
DZ Dezigns,Happy to be Deezee Hoodie,UPI26061823693,Sweatshirts > Hooded sweatshirts,https://cdn.shopify.com/s/files/1/0052/8321/7498/products/A2mHIpkg.jpg?v=1735843879,DELTA ZETA
DZ Dezigns,White and Gold Water Bottle,UPI2606188778,Water bottles > Aluminum water bottles,https://cdn.shopify.com/s/files/1/0052/8321/7498/products/aa3001dz_grande_6b9a224a-589a-4652-a790-e1b57b31cbd2.jpg?v=1555428100,DELTA ZETA
DZ Dezigns,Gold Dot Coffee Tumbler,UPI2606185162,Drinkware > Tumblers,https://cdn.shopify.com/s/files/1/0052/8321/7498/products/aa3002dz_grande_a9393533-a578-4b0b-b867-7e8858ec775c.jpg?v=1555428054,DELTA ZETA
DZ Dezigns,Glitter Tumbler,UPI2606184506,Drinkware > Tumblers,https://cdn.shopify.com/s/files/1/0052/8321/7498/products/aa3003dz_grande_e13d1179-f9a3-4e1d-b48d-3832f6fb716b.jpg?v=1555428054,DELTA ZETA
DZ Dezigns,Acrylic Keychain,UPI2606189002,Promotional > Key chains,https://cdn.shopify.com/s/files/1/0052/8321/7498/products/aa3005dz_grande_eeb4a3b8-9a24-4e6e-a8b2-11c8b1e3bdc1.jpg?v=1555428024,DELTA ZETA
DZ Dezigns,Gold Dot Notepad,UPI2606188762,Paper/print goods > Note pads,https://cdn.shopify.com/s/files/1/0052/8321/7498/products/aa3009dz_grande_4661a302-c3f5-4518-86c2-1a05cbba884a.jpg?v=1555428055,DELTA ZETA
DZ Dezigns,Floral Pen,UPI2606188577,Office products > Pens,https://cdn.shopify.com/s/files/1/0052/8321/7498/products/AA3011DZ.jpg?v=1597418664,DELTA ZETA
DZ Dezigns,3 Piece Button Set,UPI2606186522,Promotional > Pin-back buttons,https://cdn.shopify.com/s/files/1/0052/8321/7498/products/AA3012DZ_1_grande_42ae7a7d-34eb-4f88-a566-671794511c5e.jpg?v=1555428023,DELTA ZETA
DZ Dezigns,White and Gold Block Frame,UPI2606189722,Household items > Picture frames,https://cdn.shopify.com/s/files/1/0052/8321/7498/products/aa3019dz_grande_8434ac67-4711-442e-b68c-03ac07306f52.jpg?v=1555428099,DELTA ZETA
DZ Dezigns,Round Tassel Keychain,UPI2606183658,Promotional > Key chains,https://cdn.shopify.com/s/files/1/0052/8321/7498/products/aa3020dz_grande_5d3f6be4-4698-472c-b4cc-fa453c642bed.jpg?v=1735843921,DELTA ZETA
DZ Dezigns,Lumbar Pillow,UPI2606185482,Household items > Pillows,https://cdn.shopify.com/s/files/1/0052/8321/7498/products/aa3024dz_grande_b7a39f16-8ce1-418b-bb6e-98b54e201446.jpg?v=1555428064,DELTA ZETA
DZ Dezigns,Floral Notepad,UPI26061824653,Paper/print goods > Note pads,https://cdn.shopify.com/s/files/1/0052/8321/7498/products/AA3025DZ.jpg?v=1597418665,DELTA ZETA
DZ Dezigns,Floral Notepad,UPI26061845061,Paper/print goods > Note pads,https://cdn.shopify.com/s/files/1/0052/8321/7498/products/aa3025dz_grande_dd5f0d9f-47e0-40b6-bd8f-4b2db94db65c.jpg?v=1555428052,DELTA ZETA
DZ Dezigns,Grey Delta Zeta Hat,UPI2606187329,Headwear > Billed hats,https://cdn.shopify.com/s/files/1/0052/8321/7498/products/AA3034DZ.jpg?v=1597418666,DELTA ZETA
DZ Dezigns,Cosmetic Bag,UPI2606183066,Bags > Cosmetic bags,https://cdn.shopify.com/s/files/1/0052/8321/7498/products/AA3037DZ.jpg?v=1564154461,DELTA ZETA
DZ Dezigns,Round Travel Case,UPI2606183313,Bags > Cosmetic cases,https://cdn.shopify.com/s/files/1/0052/8321/7498/products/AA3039DZ.jpg?v=1597418667,DELTA ZETA
DZ Dezigns,Letters Circle Drop Necklace,UPI2606182698,Jewelry > Necklaces,https://cdn.shopify.com/s/files/1/0052/8321/7498/products/CID621016SC.png?v=1735843927,DELTA ZETA
DZ Dezigns,Monogram Link Bracelet,UPI2606181578,Jewelry > Bracelets,https://cdn.shopify.com/s/files/1/0052/8321/7498/products/CID621LNK016.png?v=1735843930,DELTA ZETA
DZ Dezigns,Greek Letters Link Bracelet,UPI2606186058,Jewelry > Bracelets,https://cdn.shopify.com/s/files/1/0052/8321/7498/products/CID635LNK016.png?v=1735843929,DELTA ZETA
DZ Dezigns,Tear Drop Charm Necklace,UPI2606180538,Jewelry > Necklaces,https://cdn.shopify.com/s/files/1/0052/8321/7498/products/CID655P016SC.png?v=1735843928,DELTA ZETA
DZ Dezigns,Vertical Bar Letters Necklace,UPI2606180298,Jewelry > Necklaces,https://cdn.shopify.com/s/files/1/0052/8321/7498/products/CID670016SC.png?v=1735843927,DELTA ZETA
DZ Dezigns,Infinity Charm Necklace,UPI2606184682,Jewelry > Necklaces,https://cdn.shopify.com/s/files/1/0052/8321/7498/products/CID675016SC.png?v=1735843926,DELTA ZETA
DZ Dezigns,Horizontal Greek Letters Necklace,UPI2606182282,Jewelry > Necklaces,https://cdn.shopify.com/s/files/1/0052/8321/7498/products/CID680016.png?v=1735843925,DELTA ZETA
DZ Dezigns,Bar Letters Necklace,UPI2606182202,Jewelry > Necklaces,https://cdn.shopify.com/s/files/1/0052/8321/7498/products/CID681016.png?v=1735843924,DELTA ZETA
DZ Dezigns,Cut Out Letters Pearl Bracelet,UPI2606189354,Jewelry > Bracelets,https://cdn.shopify.com/s/files/1/0052/8321/7498/products/CID689016.png?v=1735843923,DELTA ZETA
DZ Dezigns,Engraved Letters Bangle,UPI2606180346,Jewelry > Bracelets,https://cdn.shopify.com/s/files/1/0052/8321/7498/products/CID700016.png?v=1735843923,DELTA ZETA
DZ Dezigns,Delta Zeta Mom Tee,UPI260618403021,Shirts > Short sleeve t-shirts,https://cdn.shopify.com/s/files/1/0052/8321/7498/products/DTD200701-3001-White.jpg?v=1735843855,DELTA ZETA
DZ Dezigns,Classic White Stole with Pink Trim,UPI2606185114,Apparel > Stoles,https://cdn.shopify.com/s/files/1/0052/8321/7498/products/DZ_CLASSIC_WHITE_WITH_PINK.jpg?v=1582298552,DELTA ZETA
DZ Dezigns,Phoebe Necklace,UPI260618342214,Jewelry > Necklaces,https://cdn.shopify.com/s/files/1/0052/8321/7498/products/dz10__31974.jpg?v=1682262811,DELTA ZETA
DZ Dezigns,Vertical Lavaliere Nekclace,UPI260618671818,Jewelry > Necklaces,https://cdn.shopify.com/s/files/1/0052/8321/7498/products/dz-1n-g.jpg?v=1735843742,DELTA ZETA
DZ Dezigns,Bar Necklace,UPI260618975816,Jewelry > Necklaces,https://cdn.shopify.com/s/files/1/0052/8321/7498/products/dz-3n-g.jpg?v=1735843741,DELTA ZETA
DZ Dezigns,Oval Necklace,UPI260618063818,Jewelry > Necklaces,https://cdn.shopify.com/s/files/1/0052/8321/7498/products/dz-6n-g.webp?v=1735843743,DELTA ZETA
DZ Dezigns,ABC Tee,UPI2606185050,Shirts > Short sleeve t-shirts,https://cdn.shopify.com/s/files/1/0052/8321/7498/products/DZ-ABCTee-2.jpg?v=1648481167,DELTA ZETA
DZ Dezigns,Baby Crewneck,UPI2606189098,Sweatshirts > Crewneck sweatshirts,https://cdn.shopify.com/s/files/1/0052/8321/7498/products/DZ-BabyCrew-WHITE-2.jpg?v=1555362272,DELTA ZETA
DZ Dezigns,Beverly Tee,UPI26061836901,Shirts > Short sleeve t-shirts,https://cdn.shopify.com/s/files/1/0052/8321/7498/products/DZ-Beverly1.jpg?v=1648482228,DELTA ZETA
DZ Dezigns,Big Heart Tee,UPI2606184602,Shirts > Short sleeve t-shirts,https://cdn.shopify.com/s/files/1/0052/8321/7498/products/DZ-BigHeart2.jpg?v=1555362275,DELTA ZETA
DZ Dezigns,Big Year Crew,UPI2606186314,Sweatshirts > Crewneck sweatshirts,https://cdn.shopify.com/s/files/1/0052/8321/7498/products/DZ-BigYear2_1.jpg?v=1555362276,DELTA ZETA
DZ Dezigns,Bolt Tee,UPI2606189514,Shirts > Short sleeve t-shirts,https://cdn.shopify.com/s/files/1/0052/8321/7498/products/DZ-Bolt1.jpg?v=1555362277,DELTA ZETA
DZ Dezigns,Born To Be Tee,UPI2606185626,Shirts > Short sleeve t-shirts,https://cdn.shopify.com/s/files/1/0052/8321/7498/products/DZ-BorntoBe1.jpg?v=1555362278,DELTA ZETA
DZ Dezigns,Bossy Tee,UPI2606182122,Shirts > Short sleeve t-shirts,https://cdn.shopify.com/s/files/1/0052/8321/7498/products/DZ-BOSSYB1.jpg?v=1648483418,DELTA ZETA
DZ Dezigns,Bubble Crew,UPI26061832261,Sweatshirts > Crewneck sweatshirts,https://cdn.shopify.com/s/files/1/0052/8321/7498/products/DZ-BubleCrew2.jpg?v=1555362280,DELTA ZETA
DZ Dezigns,Buffalo Tee,UPI26061803461,Shirts > Short sleeve t-shirts,https://cdn.shopify.com/s/files/1/0052/8321/7498/products/DZ-Buffalo2.jpg?v=1555362280,DELTA ZETA
DZ Dezigns,Cacti Tee,UPI2606188570,Shirts > Short sleeve t-shirts,https://cdn.shopify.com/s/files/1/0052/8321/7498/products/DZ-Cacti-1.jpg?v=1555362281,DELTA ZETA
DZ Dezigns,Calvin Tee,UPI26061887781,Shirts > Short sleeve t-shirts,https://cdn.shopify.com/s/files/1/0052/8321/7498/products/DZ-Calvin1.jpg?v=1555362282,DELTA ZETA
DZ Dezigns,Campaign Tee,UPI2606186458,Shirts > Short sleeve t-shirts,https://cdn.shopify.com/s/files/1/0052/8321/7498/products/DZ-campaigntee.jpg?v=1555362282,DELTA ZETA
DZ Dezigns,Coaster Tee,UPI2606183866,Shirts > Short sleeve t-shirts,https://cdn.shopify.com/s/files/1/0052/8321/7498/products/DZ-Coaster-2.jpg?v=1555362284,DELTA ZETA
DZ Dezigns,Colorblast Tee,UPI2606188266,Shirts > Short sleeve t-shirts,https://cdn.shopify.com/s/files/1/0052/8321/7498/products/DZ-Colorblast-1.jpg?v=1555362285,DELTA ZETA
DZ Dezigns,Cooper Tee,UPI2606180202,Shirts > Short sleeve t-shirts,https://cdn.shopify.com/s/files/1/0052/8321/7498/products/DZ-CooperTeeG1.jpg?v=1648494495,DELTA ZETA
DZ Dezigns,Cruisin' Tee,UPI2606187722,Shirts > Short sleeve t-shirts,https://cdn.shopify.com/s/files/1/0052/8321/7498/products/DZ-CruisinTee-1.jpg?v=1555362289,DELTA ZETA
DZ Dezigns,Cursive Tee,UPI2606186842,Shirts > Short sleeve t-shirts,https://cdn.shopify.com/s/files/1/0052/8321/7498/products/DZ-CursiveTee-1.jpg?v=1555362290,DELTA ZETA
DZ Dezigns,Striped Box,UPI26061823621,Shirts > Short sleeve t-shirts,https://cdn.shopify.com/s/files/1/0052/8321/7498/products/DZD_12DOS_-_DAY_1.jpg?v=1579879313,DELTA ZETA
DZ Dezigns,Fridge Letter Tee,UPI26061813541,Shirts > Short sleeve t-shirts,https://cdn.shopify.com/s/files/1/0052/8321/7498/products/DZD_12DOS_-_DAY_10.jpg?v=1579879314,DELTA ZETA
DZ Dezigns,Delta Zeta Shadowed Maroon Tee,UPI2606182410,Shirts > Short sleeve t-shirts,https://cdn.shopify.com/s/files/1/0052/8321/7498/products/DZD_12DOS_-_DAY_11.jpg?v=1579879314,DELTA ZETA
DZ Dezigns,Heart Eyes Tee,UPI26061855461,Shirts > Short sleeve t-shirts,https://cdn.shopify.com/s/files/1/0052/8321/7498/products/DZD_12DOS_-_DAY_12.jpg?v=1735843910,DELTA ZETA
DZ Dezigns,Cardinal Dee Zee (day 2),UPI2606184714,Shirts > Short sleeve t-shirts,https://cdn.shopify.com/s/files/1/0052/8321/7498/products/DZD_12DOS_-_DAY_2.jpg?v=1579879315,DELTA ZETA
DZ Dezigns,Lime Tee (day3),UPI26061868901,Shirts > Short sleeve t-shirts,https://cdn.shopify.com/s/files/1/0052/8321/7498/products/DZD_12DOS_-_DAY_3.jpg?v=1579879316,DELTA ZETA
DZ Dezigns,Sky Blue Tee (day4),UPI2606187962,Shirts > Short sleeve t-shirts,https://cdn.shopify.com/s/files/1/0052/8321/7498/products/DZD_12DOS_-_DAY_4.jpg?v=1579879316,DELTA ZETA
DZ Dezigns,Dee Zee Mint Wave,UPI2606180826,Shirts > Short sleeve t-shirts,https://cdn.shopify.com/s/files/1/0052/8321/7498/products/DZD_12DOS_-_DAY_5.jpg?v=1579879317,DELTA ZETA
DZ Dezigns,Tone on Tone Tee (day 6),UPI2606187002,Shirts > Short sleeve t-shirts,https://cdn.shopify.com/s/files/1/0052/8321/7498/products/DZD_12DOS_-_DAY_6.jpg?v=1579879317,DELTA ZETA
DZ Dezigns,Berry Dee Zee Sports Script Tee,UPI2606185674,Shirts > Short sleeve t-shirts,https://cdn.shopify.com/s/files/1/0052/8321/7498/products/DZD_12DOS_-_DAY_7.jpg?v=1579879318,DELTA ZETA
DZ Dezigns,Tangerine Tee,UPI26061836902,Shirts > Short sleeve t-shirts,https://cdn.shopify.com/s/files/1/0052/8321/7498/products/DZD_12DOS_-_DAY_8.jpg?v=1579879319,DELTA ZETA
DZ Dezigns,Pink-bow Tee,UPI2606184938,Shirts > Short sleeve t-shirts,https://cdn.shopify.com/s/files/1/0052/8321/7498/products/DZD_12DOS_-_DAY_9.jpg?v=1579879319,DELTA ZETA
DZ Dezigns,White Pineapple on the Go Terra Ceramic Mug,UPI2606183690,Coffee Mugs > Ceramic coffee mugs,https://cdn.shopify.com/s/files/1/0052/8321/7498/products/DZD_17213-2.jpg?v=1735843918,DELTA ZETA
DZ Dezigns,Take Me To The Ocean Tee,UPI2606188986,Shirts > Short sleeve t-shirts,https://cdn.shopify.com/s/files/1/0052/8321/7498/products/DZD_19102-2.jpg?v=1555362344,DELTA ZETA
DZ Dezigns,Marble Year Tee,UPI2606189210,Shirts > Short sleeve t-shirts,https://cdn.shopify.com/s/files/1/0052/8321/7498/products/DZD_19103-2.jpg?v=1555362316,DELTA ZETA
DZ Dezigns,Day Dreamin' Tee,UPI26061849701,Shirts > Short sleeve t-shirts,https://cdn.shopify.com/s/files/1/0052/8321/7498/products/DZD_19104.jpg?v=1555362291,DELTA ZETA
DZ Dezigns,Conveniently Deezee Tee,UPI2606183530,Shirts > Short sleeve t-shirts,https://cdn.shopify.com/s/files/1/0052/8321/7498/products/DZD_19105-2.jpg?v=1555362286,DELTA ZETA
DZ Dezigns,Treat Yourself Tee,UPI2606182826,Shirts > Tank tops,https://cdn.shopify.com/s/files/1/0052/8321/7498/products/DZD_19106.jpg?v=1555362348,DELTA ZETA
DZ Dezigns,Stacked Up Tee,UPI2606182474,Shirts > Short sleeve t-shirts,https://cdn.shopify.com/s/files/1/0052/8321/7498/products/DZD_19107.jpg?v=1555362340,DELTA ZETA
DZ Dezigns,Rainbow Waves Tee,UPI26061810501,Shirts > Short sleeve t-shirts,https://cdn.shopify.com/s/files/1/0052/8321/7498/products/DZD_19108-2.jpg?v=1555362330,DELTA ZETA
DZ Dezigns,Balloon Year Tee,UPI2606188106,Shirts > Short sleeve t-shirts,https://cdn.shopify.com/s/files/1/0052/8321/7498/products/DZD_19109.jpg?v=1555362273,DELTA ZETA
DZ Dezigns,Boldy Year Tank,UPI2606189450,Shirts > Tank tops,https://cdn.shopify.com/s/files/1/0052/8321/7498/products/DZD_19110-2.jpg?v=1555362277,DELTA ZETA
DZ Dezigns,Tropical Feels Tank,UPI2606188026,Shirts > Tank tops,https://cdn.shopify.com/s/files/1/0052/8321/7498/products/DZD_19111.jpg?v=1555362348,DELTA ZETA
DZ Dezigns,All I Need Tank,UPI2606187226,Shirts > Tank tops,https://cdn.shopify.com/s/files/1/0052/8321/7498/products/DZD_19113-2.jpg?v=1555362271,DELTA ZETA
DZ Dezigns,Coastline Tee,UPI2606189466,Shirts > Short sleeve t-shirts,https://cdn.shopify.com/s/files/1/0052/8321/7498/products/DZD_19114-2.jpg?v=1555362285,DELTA ZETA
DZ Dezigns,Perched Tank,UPI2606187418,Shirts > Tank tops,https://cdn.shopify.com/s/files/1/0052/8321/7498/products/DZD_19118.jpg?v=1555362323,DELTA ZETA
DZ Dezigns,Subdued Tee,UPI2606183050,Shirts > Short sleeve t-shirts,https://cdn.shopify.com/s/files/1/0052/8321/7498/products/DZD_19119-2.jpg?v=1735843917,DELTA ZETA
DZ Dezigns,Goodnight Tee,UPI2606185914,Shirts > Short sleeve t-shirts,https://cdn.shopify.com/s/files/1/0052/8321/7498/products/DZD_19120-2.jpg?v=1555362304,DELTA ZETA
DZ Dezigns,Gutiar Vibes Tee,UPI2606181994,Shirts > Short sleeve t-shirts,https://cdn.shopify.com/s/files/1/0052/8321/7498/products/DZD_19122.jpg?v=1555362307,DELTA ZETA
DZ Dezigns,Lakeside Tee,UPI2606186650,Shirts > Short sleeve t-shirts,https://cdn.shopify.com/s/files/1/0052/8321/7498/products/DZD_19124-2.jpg?v=1555362313,DELTA ZETA
DZ Dezigns,Between the Lines Tee,UPI26061897861,Shirts > Short sleeve t-shirts,https://cdn.shopify.com/s/files/1/0052/8321/7498/products/DZD_19125.jpg?v=1555362274,DELTA ZETA
DZ Dezigns,Across the Finish Tee,UPI2606182266,Shirts > Short sleeve t-shirts,https://cdn.shopify.com/s/files/1/0052/8321/7498/products/DZD_19201-2.jpg?v=1654787257,DELTA ZETA
DZ Dezigns,Truly DZ Tank,UPI2606186586,Shirts > Tank tops,https://cdn.shopify.com/s/files/1/0052/8321/7498/products/DZD_19202-2.jpg?v=1735843908,DELTA ZETA
DZ Dezigns,Once Upon A DZ Longsleeve,UPI2606180170,Shirts > Long sleeve t-shirts,https://cdn.shopify.com/s/files/1/0052/8321/7498/products/DZD_19203.jpg?v=1582903366,DELTA ZETA
DZ Dezigns,Starry Eyed Tee,UPI2606187946,Shirts > Short sleeve t-shirts,https://cdn.shopify.com/s/files/1/0052/8321/7498/products/DZD_19205-2.jpg?v=1694442625,DELTA ZETA
DZ Dezigns,Feelin' Artsy Muscle Tee,UPI2606187082,Shirts > Tank tops,https://cdn.shopify.com/s/files/1/0052/8321/7498/products/DZD_19206-2.jpg?v=1654787797,DELTA ZETA
DZ Dezigns,OmbrC) on Repeat Tank,UPI2606180042,Shirts > Tank tops,https://cdn.shopify.com/s/files/1/0052/8321/7498/products/DZD_19207.jpg?v=1735843907,DELTA ZETA
DZ Dezigns,Bid Day Card,UPI2606180858,Paper/print goods > Bid cards,https://cdn.shopify.com/s/files/1/0052/8321/7498/products/DZD_BID_CARD_34445b24-d3e8-442f-8d1f-554f4d906332.gif?v=1735843909,DELTA ZETA
DZ Dezigns,Pink and Green Honor Cords,UPI2606188586,Apparel > Graduation cords,https://cdn.shopify.com/s/files/1/0052/8321/7498/products/DZD_cords.jpg?v=1735843912,DELTA ZETA
DZ Dezigns,Holiday Beanie,UPI2606183226,Headwear > Beanies,https://cdn.shopify.com/s/files/1/0052/8321/7498/products/DZD_HOLIDAYBEANIE.jpg?v=1579879320,DELTA ZETA
DZ Dezigns,Holiday Ornament (2019),UPI2606185242,Promotional > Ornaments,https://cdn.shopify.com/s/files/1/0052/8321/7498/products/DZD_HOLIDAYORNAMENT.jpg?v=1735843911,DELTA ZETA
DZ Dezigns,Holiday Scarf,UPI2606189066,Apparel > Scarves,https://cdn.shopify.com/s/files/1/0052/8321/7498/products/DZD_HOLIDAYSCARF.jpg?v=1579879321,DELTA ZETA
DZ Dezigns,Holiday Crewneck,UPI2606189818,Sweatshirts > Crewneck sweatshirts,https://cdn.shopify.com/s/files/1/0052/8321/7498/products/DZD_HOLIDAYSWEATER.jpg?v=1579879321,DELTA ZETA
DZ Dezigns,Pink And White Honors Graduation Cord,UPI2606189834,Apparel > Graduation cords,https://cdn.shopify.com/s/files/1/0052/8321/7498/products/dzd_pink_white_grad_cords_grande_965aeb1d-4b74-4af3-9702-3bd967335f3d.jpg?v=1735843913,DELTA ZETA
DZ Dezigns,$15 Classic Bid Day Pack,UPI2606183450,Bundles > Apparel bundles,https://cdn.shopify.com/s/files/1/0052/8321/7498/products/DZD-15CLASSICPACK.jpg?v=1622820181,DELTA ZETA
DZ Dezigns,$15 Fun Bid Day Pack,UPI2606189914,Bundles > Apparel bundles,https://cdn.shopify.com/s/files/1/0052/8321/7498/products/DZD-15FUNPACK.jpg?v=1622820182,DELTA ZETA
DZ Dezigns,Dee Zee Athletics Hoodie,UPI2606186746,Sweatshirts > Hooded sweatshirts,https://cdn.shopify.com/s/files/1/0052/8321/7498/products/DZD200101-Black-18500.jpg?v=1735843907,DELTA ZETA
DZ Dezigns,Falling for Delta Zeta Tote,UPI2606181354,Bags > Market tote bags,https://cdn.shopify.com/s/files/1/0052/8321/7498/products/DZD200102-Natural-8502.jpg?v=1735843906,DELTA ZETA
DZ Dezigns,Colortone Hoodie,UPI2606180650,Sweatshirts > Hooded sweatshirts,https://cdn.shopify.com/s/files/1/0052/8321/7498/products/DZD200201-White-18500.jpg?v=1735843905,DELTA ZETA
DZ Dezigns,At Twilight Tee,UPI2606187354,Shirts > Short sleeve t-shirts,https://cdn.shopify.com/s/files/1/0052/8321/7498/products/DZD200202-DeelTeal-3001.jpg?v=1735843904,DELTA ZETA
DZ Dezigns,Dusk OmbrC) Tee,UPI2606189658,Shirts > Short sleeve t-shirts,https://cdn.shopify.com/s/files/1/0052/8321/7498/products/DZD200301-White-3001.jpg?v=1735843903,DELTA ZETA
DZ Dezigns,Crazy for Camo Hoodie,UPI2606184970,Sweatshirts > Hooded sweatshirts,https://cdn.shopify.com/s/files/1/0052/8321/7498/products/DZD200302-Camo-SS4500.jpg?v=1583508177,DELTA ZETA
DZ Dezigns,Modern Bucket Hat,UPI2606181466,Headwear > Bucket hats,https://cdn.shopify.com/s/files/1/0052/8321/7498/products/DZD200302-White-2050.jpg?v=1583508178,DELTA ZETA
DZ Dezigns,DZ Mom Flowy Tee,UPI2606185633,Shirts > Short sleeve t-shirts,https://cdn.shopify.com/s/files/1/0052/8321/7498/products/DZD200701-White-8816.jpg?v=1619796901,DELTA ZETA
DZ Dezigns,DZ Mom Hat,UPI26061885611,Headwear > Billed hats,https://cdn.shopify.com/s/files/1/0052/8321/7498/products/DZD200702-StoneGray-18202.jpg?v=1735843886,DELTA ZETA
DZ Dezigns,DZ Mom Tote,UPI26061809772,Bags > Market tote bags,https://cdn.shopify.com/s/files/1/0052/8321/7498/products/DZD200703-LightPink-Q800.jpg?v=1735843885,DELTA ZETA
DZ Dezigns,DZ Dad Tee,UPI26061851371,Shirts > Short sleeve t-shirts,https://cdn.shopify.com/s/files/1/0052/8321/7498/products/DZD200704-Charcoal-5000.jpg?v=1735843887,DELTA ZETA
DZ Dezigns,DZ Dad Hat,UPI26061886254,Headwear > Billed hats,https://cdn.shopify.com/s/files/1/0052/8321/7498/products/DZD200705-White-18202.jpg?v=1735843887,DELTA ZETA
DZ Dezigns,Start Your Engines Tee,UPI26061894251,Shirts > Short sleeve t-shirts,https://cdn.shopify.com/s/files/1/0052/8321/7498/products/DZD200801-Black-3001.jpg?v=1735843899,DELTA ZETA
DZ Dezigns,Summer Punch Tee,UPI26061847851,Shirts > Short sleeve t-shirts,https://cdn.shopify.com/s/files/1/0052/8321/7498/products/DZD200802-BananaCream-3600.jpg?v=1735843898,DELTA ZETA
DZ Dezigns,Naturally Sweet Tee,UPI26061891852,Shirts > Short sleeve t-shirts,https://cdn.shopify.com/s/files/1/0052/8321/7498/products/DZD200803-White-6400.jpg?v=1735843897,DELTA ZETA
DZ Dezigns,Embroidered Twill Beanie,UPI2606180449,Headwear > Beanies,https://cdn.shopify.com/s/files/1/0052/8321/7498/products/DZD201002-Grey-TW5003.jpg?v=1735843894,DELTA ZETA
DZ Dezigns,Sandwash Crew,UPI26061899211,Sweatshirts > Crewneck sweatshirts,https://cdn.shopify.com/s/files/1/0052/8321/7498/products/DZD201003-Maroon-7760.jpg?v=1735843893,DELTA ZETA
DZ Dezigns,Snowflake Tee,UPI26061869612,Shirts > Short sleeve t-shirts,https://cdn.shopify.com/s/files/1/0052/8321/7498/products/DZD201004-White-3001.jpg?v=1605885780,DELTA ZETA
DZ Dezigns,Striped Scarf,UPI26061858732,Apparel > Scarves,https://cdn.shopify.com/s/files/1/0052/8321/7498/products/DZD201006-Maroon-STA02.jpg?v=1605885781,DELTA ZETA
DZ Dezigns,Reindeer Games Crew,UPI26061805293,Sweatshirts > Crewneck sweatshirts,https://cdn.shopify.com/s/files/1/0052/8321/7498/products/DZD201008-Forest-18000.jpg?v=1735843891,DELTA ZETA
DZ Dezigns,Stitch It Crew,UPI26061812812,Sweatshirts > Crewneck sweatshirts,https://cdn.shopify.com/s/files/1/0052/8321/7498/products/DZD201009-Ash-18000.jpg?v=1735843890,DELTA ZETA
DZ Dezigns,Script Hoodie,UPI2606186257,Sweatshirts > Hooded sweatshirts,https://cdn.shopify.com/s/files/1/0052/8321/7498/products/DZD201010-HSpDkGreen-18500.jpg?v=1735843889,DELTA ZETA
DZ Dezigns,Outside The Lines Hoodie,UPI26061808491,Sweatshirts > Hooded sweatshirts,https://cdn.shopify.com/s/files/1/0052/8321/7498/products/DZD201011-LightBlue-18500.jpg?v=1735843888,DELTA ZETA
DZ Dezigns,PJ Pants,UPI2606186385,Pajamas > Pajama bottom pants,https://cdn.shopify.com/s/files/1/0052/8321/7498/products/DZD201014-Red-DT2800.jpg?v=1605885782,DELTA ZETA
DZ Dezigns,Fire Tank,UPI2606185521,Shirts > Tank tops,https://cdn.shopify.com/s/files/1/0052/8321/7498/products/DZD210303-Black-1080.jpg?v=1735843873,DELTA ZETA
DZ Dezigns,Classic Cherry Tank,UPI26061857131,Shirts > Tank tops,https://cdn.shopify.com/s/files/1/0052/8321/7498/products/DZD210306-White-1080.jpg?v=1735843872,DELTA ZETA
DZ Dezigns,Crest Crew,UPI26061807691,Sweatshirts > Crewneck sweatshirts,https://cdn.shopify.com/s/files/1/0052/8321/7498/products/DZD210401-PRM3500-PigmentBlack.jpg?v=1735843864,DELTA ZETA
DZ Dezigns,Crest Alumna Sweatshirt,UPI26061820331,Sweatshirts > Crewneck sweatshirts,https://cdn.shopify.com/s/files/1/0052/8321/7498/products/DZD210402-PRM3500-Sandstone.jpg?v=1735843863,DELTA ZETA
DZ Dezigns,Crest Hoodie,UPI2606184209,Sweatshirts > Hooded sweatshirts,https://cdn.shopify.com/s/files/1/0052/8321/7498/products/DZD210403-18500-White-Back.jpg?v=1735843862,DELTA ZETA
DZ Dezigns,Delta Zeta Block Hat,UPI2606184897,Headwear > Billed hats,https://cdn.shopify.com/s/files/1/0052/8321/7498/products/DZD210404-BA703-Navy-EMB.jpg?v=1735843858,DELTA ZETA
DZ Dezigns,DZ Letter Hat,UPI26061869292,Headwear > Billed hats,https://cdn.shopify.com/s/files/1/0052/8321/7498/products/DZD210404-BA703-Olive-EMB_b5571ebe-7fc3-4059-9e47-62ac8cc1181a.jpg?v=1735843857,DELTA ZETA
DZ Dezigns,Alumna Script Hats,UPI2606184657,Headwear > Billed hats,https://cdn.shopify.com/s/files/1/0052/8321/7498/products/DZD210407-BA703-Olive-EMB.jpg?v=1735843856,DELTA ZETA
DZ Dezigns,Established Beanie,UPI26061886892,Headwear > Beanies,https://cdn.shopify.com/s/files/1/0052/8321/7498/products/DZD210408-SP15-Forest-EMB.jpg?v=1735843861,DELTA ZETA
DZ Dezigns,Alumna Hooded Cardigan,UPI2606182993,Apparel > Sweaters,https://cdn.shopify.com/s/files/1/0052/8321/7498/products/DZD210409-DT156-GreyFrost-EMB.jpg?v=1633538786,DELTA ZETA
DZ Dezigns,Hooded Cardigan,UPI26061819371,Apparel > Sweaters,https://cdn.shopify.com/s/files/1/0052/8321/7498/products/DZD210410-DT156-BlackFrost-EMB.jpg?v=1633538925,DELTA ZETA
DZ Dezigns,Large Letter Sweatshirt,UPI2606187041,Sweatshirts > Crewneck sweatshirts,https://cdn.shopify.com/s/files/1/0052/8321/7498/products/DZD210411-18000-MilitaryGreen.jpg?v=1735843860,DELTA ZETA
DZ Dezigns,Alumna Large Letter Sweatshirt,UPI26061811691,Sweatshirts > Crewneck sweatshirts,https://cdn.shopify.com/s/files/1/0052/8321/7498/products/DZD210412-18000-MilitaryGreen.jpg?v=1735843859,DELTA ZETA
DZ Dezigns,Crest Button,UPI26061898571,Promotional > Pin-back buttons,https://cdn.shopify.com/s/files/1/0052/8321/7498/products/DZD210413-Button.jpg?v=1633539354,DELTA ZETA
DZ Dezigns,Shadow Block Sweatshirt,UPI260618193416,Sweatshirts > Crewneck sweatshirts,https://cdn.shopify.com/s/files/1/0052/8321/7498/products/DZD-220001-LTPINK-18000.jpg?v=1735843850,DELTA ZETA
DZ Dezigns,Zapped Yellow Tee,UPI260618230210,Shirts > Short sleeve t-shirts,https://cdn.shopify.com/s/files/1/0052/8321/7498/products/DZD-220002-YELLOWHZ-5000.jpg?v=1735843849,DELTA ZETA
DZ Dezigns,Floral Trio,UPI260618838217,Shirts > Short sleeve t-shirts,https://cdn.shopify.com/s/files/1/0052/8321/7498/products/DZD-220003-MINTGREEN-5000.jpg?v=1735843849,DELTA ZETA
DZ Dezigns,I Am Enough Tote,UPI260618044611,Bags > Market tote bags,https://cdn.shopify.com/s/files/1/0052/8321/7498/products/DZD-220004-WHITE-Q800.jpg?v=1735843848,DELTA ZETA
DZ Dezigns,Two Tone Delta Zeta Hat,UPI260618019018,Headwear > Billed hats,https://cdn.shopify.com/s/files/1/0052/8321/7498/products/DZD-220005-WHITE-VC300A-EMB.jpg?v=1735843847,DELTA ZETA
DZ Dezigns,Trucker Hat,UPI260618172612,Headwear > Billed hats,https://cdn.shopify.com/s/files/1/0052/8321/7498/products/DZD-220007-PINK-6006W-EMB.jpg?v=1659018123,DELTA ZETA
DZ Dezigns,Script Meets Print,UPI260618067021,Shirts > Short sleeve t-shirts,https://cdn.shopify.com/s/files/1/0052/8321/7498/products/DZD-220009-SOFTCREAM-3001.jpg?v=1735843846,DELTA ZETA
DZ Dezigns,Offline Tee,UPI260618353419,Shirts > Short sleeve t-shirts,https://cdn.shopify.com/s/files/1/0052/8321/7498/products/DZD-220010-CHARCOAL-6413.jpg?v=1735843845,DELTA ZETA
DZ Dezigns,Always Crop Tank,UPI260618327815,Shirts > Tank tops,https://cdn.shopify.com/s/files/1/0052/8321/7498/products/DZD-220011-MAUVE-6682.jpg?v=1735843844,DELTA ZETA
DZ Dezigns,Four Star Slouchy Tee,UPI260618150215,Shirts > Short sleeve t-shirts,https://cdn.shopify.com/s/files/1/0052/8321/7498/products/DZD-220012-BLACK-8816.jpg?v=1735843844,DELTA ZETA
DZ Dezigns,Unicorn Hoodie,UPI260618607811,Sweatshirts > Hooded sweatshirts,https://cdn.shopify.com/s/files/1/0052/8321/7498/products/DZD-220013-UNICORN-CD8600_1.jpg?v=1735843843,DELTA ZETA
DZ Dezigns,Butterfly Ring Tank,UPI260618475015,Shirts > Tank tops,https://cdn.shopify.com/s/files/1/0052/8321/7498/products/DZD-220014-WHITE-8809.jpg?v=1659019057,DELTA ZETA
DZ Dezigns,Delta Zeta Logo Tee,UPI260618924622,Shirts > Short sleeve t-shirts,https://cdn.shopify.com/s/files/1/0052/8321/7498/products/DZD220201-LEAF-3001.jpg?v=1735843777,DELTA ZETA
DZ Dezigns,Official Logo Crewneck,UPI260618737421,Sweatshirts > Crewneck sweatshirts,https://cdn.shopify.com/s/files/1/0052/8321/7498/products/DZD220202-WHITE-18000.jpg?v=1735843776,DELTA ZETA
DZ Dezigns,Crest Polo,UPI260618996613,Shirts > Short sleeve polo shirts,https://cdn.shopify.com/s/files/1/0052/8321/7498/products/DZD220203-CRWNRSPBRRY-DG20W-EMB.jpg?v=1735843775,DELTA ZETA
DZ Dezigns,Official Logo Polo,UPI260618979016,Shirts > Short sleeve polo shirts,https://cdn.shopify.com/s/files/1/0052/8321/7498/products/DZD220204-WHITE-DG20W-EMB.jpg?v=1735843774,DELTA ZETA
DZ Dezigns,Logo Rain Jacket,UPI260618051010,Outerwear > Jackets,https://cdn.shopify.com/s/files/1/0052/8321/7498/products/DZD220205-CORAL-5099-EMB.jpg?v=1735843773,DELTA ZETA
DZ Dezigns,Classic Logo Tee,UPI260618078211,Shirts > Short sleeve t-shirts,https://cdn.shopify.com/s/files/1/0052/8321/7498/products/DZD220206-WHITE-3001.jpg?v=1735843772,DELTA ZETA
DZ Dezigns,Repeat Hoodie,UPI26061850709,Sweatshirts > Hooded sweatshirts,https://cdn.shopify.com/s/files/1/0052/8321/7498/products/DZD220207-WHITE-18500.jpg?v=1735843771,DELTA ZETA
DZ Dezigns,Delta Zeta Truly Logo Tee,UPI260618284612,Shirts > Short sleeve t-shirts,https://cdn.shopify.com/s/files/1/0052/8321/7498/products/DZD220208-CHARITYPINK-3001.jpg?v=1735843770,DELTA ZETA
DZ Dezigns,Classic Pink Crewneck,UPI260618724617,Sweatshirts > Crewneck sweatshirts,https://cdn.shopify.com/s/files/1/0052/8321/7498/products/DZD220209-LIGHTPINK-18000.jpg?v=1735843769,DELTA ZETA
DZ Dezigns,Portrait Crewneck,UPI260618665415,Sweatshirts > Crewneck sweatshirts,https://cdn.shopify.com/s/files/1/0052/8321/7498/products/DZD2202100-CHARCOAL-18000.jpg?v=1735843781,DELTA ZETA
DZ Dezigns,Straight Outta of Ohio Tee,UPI260618969425,Shirts > Short sleeve t-shirts,https://cdn.shopify.com/s/files/1/0052/8321/7498/products/DZD2202101-STORM-3001.jpg?v=1674260731,DELTA ZETA
DZ Dezigns,Founders Name Tee,UPI260618380614,Shirts > Short sleeve t-shirts,https://cdn.shopify.com/s/files/1/0052/8321/7498/products/DZD2202102-VINTAGEWHITE-3001.jpg?v=1735843780,DELTA ZETA
DZ Dezigns,October 24th Crewneck,UPI260618622211,Sweatshirts > Crewneck sweatshirts,https://cdn.shopify.com/s/files/1/0052/8321/7498/products/DZD2202103-GREY-1566.jpg?v=1735843779,DELTA ZETA
DZ Dezigns,Six Women Tee,UPI260618372610,Shirts > Short sleeve t-shirts,https://cdn.shopify.com/s/files/1/0052/8321/7498/products/DZD2202104-BLOSSOM-1717.jpg?v=1735843778,DELTA ZETA
DZ Dezigns,10.24.1902 Festival Tank,UPI26061867666,Shirts > Tank tops,https://cdn.shopify.com/s/files/1/0052/8321/7498/products/DZD2202105-WHITE-5033.jpg?v=1735843777,DELTA ZETA
DZ Dezigns,Crest Cardigan,UPI260618921417,Apparel > Sweaters,https://cdn.shopify.com/s/files/1/0052/8321/7498/products/DZD220210-HUNTER-M425W-EMB.jpg?v=1675186785,DELTA ZETA
DZ Dezigns,Delta Zeta Cardigan,UPI260618028611,Apparel > Sweaters,https://cdn.shopify.com/s/files/1/0052/8321/7498/products/DZD220211-GREYHEATHER-M425W-EMB.jpg?v=1675186838,DELTA ZETA
DZ Dezigns,Crest Nylon Pull Over,UPI260618975814,Shirts > Wind shirts,https://cdn.shopify.com/s/files/1/0052/8321/7498/products/DZD220212-FOREST-9905-EMB.jpg?v=1675187002,DELTA ZETA
DZ Dezigns,Delta Zeta Pride,UPI260618390214,Shirts > Short sleeve t-shirts,https://cdn.shopify.com/s/files/1/0052/8321/7498/products/DZD2202136-WHITE-3001.jpg?v=1677990225,DELTA ZETA
DZ Dezigns,Colorful Tee,UPI260618926213,Shirts > Short sleeve t-shirts,https://cdn.shopify.com/s/files/1/0052/8321/7498/products/DZD2202137-WHITE-3001.jpg?v=1735843768,DELTA ZETA
DZ Dezigns,Love Peace Tee,UPI260618051011,Shirts > Short sleeve t-shirts,https://cdn.shopify.com/s/files/1/0052/8321/7498/products/DZD2202138-CHAMBRAY-1717.jpg?v=1667750362,DELTA ZETA
DZ Dezigns,Happy Hanukkah Tee,UPI260618875015,Shirts > Short sleeve t-shirts,https://cdn.shopify.com/s/files/1/0052/8321/7498/products/DZD2202139-WHITE-1717.jpg?v=1667750774,DELTA ZETA
DZ Dezigns,Pink Ladies V-neck,UPI260618753416,Shirts > Short sleeve t-shirts,https://cdn.shopify.com/s/files/1/0052/8321/7498/products/DZD220213-PINK-6405.jpg?v=1675187117,DELTA ZETA
DZ Dezigns,Sweet Heart Tee,UPI26061895347,Shirts > Short sleeve t-shirts,https://cdn.shopify.com/s/files/1/0052/8321/7498/products/DZD2202140-WHITE-1717.jpg?v=1735843767,DELTA ZETA
DZ Dezigns,Merry and Bright Tee,UPI260618215815,Shirts > Short sleeve t-shirts,https://cdn.shopify.com/s/files/1/0052/8321/7498/products/DZD2202141-CRIMSON-1717.jpg?v=1735843842,DELTA ZETA
DZ Dezigns,American Tee,UPI260618427017,Shirts > Short sleeve t-shirts,https://cdn.shopify.com/s/files/1/0052/8321/7498/products/DZD2202142-FLOBLUE-1717.jpg?v=1735843766,DELTA ZETA
DZ Dezigns,What's In Your Heart Tee,UPI260618239813,Shirts > Short sleeve t-shirts,https://cdn.shopify.com/s/files/1/0052/8321/7498/products/DZD2202143-BLOSSOM-1717.jpg?v=1735843766,DELTA ZETA
DZ Dezigns,Stitch It T-Shirt,UPI260618591814,Shirts > Short sleeve t-shirts,https://cdn.shopify.com/s/files/1/0052/8321/7498/products/DZD2202144-EMERALD-1717.jpg?v=1735843841,DELTA ZETA
DZ Dezigns,Candy Corn Tee,UPI260618159811,Shirts > Short sleeve t-shirts,https://cdn.shopify.com/s/files/1/0052/8321/7498/products/DZD2202145-YAM-1717.jpg?v=1677990718,DELTA ZETA
DZ Dezigns,Colorful Crewneck,UPI260618481413,Sweatshirts > Crewneck sweatshirts,https://cdn.shopify.com/s/files/1/0052/8321/7498/products/DZD2202146-WHITE-18000.jpg?v=1735843765,DELTA ZETA
DZ Dezigns,American Crewneck,UPI260618847824,Sweatshirts > Crewneck sweatshirts,https://cdn.shopify.com/s/files/1/0052/8321/7498/products/DZD2202147-NAVY-18000.jpg?v=1735843764,DELTA ZETA
DZ Dezigns,Reindeer Game Crewneck,UPI260618815811,Sweatshirts > Crewneck sweatshirts,https://cdn.shopify.com/s/files/1/0052/8321/7498/products/DZD2202148-RED-18000.jpg?v=1735843840,DELTA ZETA
DZ Dezigns,Delta Zeta Angel,UPI260618807813,Sweatshirts > Crewneck sweatshirts,https://cdn.shopify.com/s/files/1/0052/8321/7498/products/DZD2202149-RED-18000.jpg?v=1667751426,DELTA ZETA
DZ Dezigns,Truly V-Neck,UPI260618566225,Shirts > Short sleeve t-shirts,https://cdn.shopify.com/s/files/1/0052/8321/7498/products/DZD220214-WHITE-6405.jpg?v=1675187200,DELTA ZETA
DZ Dezigns,Merry and Bright Crewneck,UPI260618174217,Sweatshirts > Crewneck sweatshirts,https://cdn.shopify.com/s/files/1/0052/8321/7498/products/DZD2202150-FOREST-18000.jpg?v=1735843839,DELTA ZETA
DZ Dezigns,Candy Corn Crewneck,UPI260618785412,Sweatshirts > Crewneck sweatshirts,https://cdn.shopify.com/s/files/1/0052/8321/7498/products/DZD2202151-BLACK-18000.jpg?v=1677990979,DELTA ZETA
DZ Dezigns,Sweet Heart Crewneck,UPI26061883989,Sweatshirts > Crewneck sweatshirts,https://cdn.shopify.com/s/files/1/0052/8321/7498/products/DZD2202152-LIGHTPINK-18000.jpg?v=1735843763,DELTA ZETA
DZ Dezigns,Rainbow DZ Crewneck,UPI260618831822,Sweatshirts > Crewneck sweatshirts,https://cdn.shopify.com/s/files/1/0052/8321/7498/products/DZD2202153-WHITE-18000.jpg?v=1735843762,DELTA ZETA
DZ Dezigns,It's What's Inside That Counts Tee,UPI260618993420,Shirts > Short sleeve t-shirts,https://cdn.shopify.com/s/files/1/0052/8321/7498/products/DZD2202154-WHITE-3001.jpg?v=1735843761,DELTA ZETA
DZ Dezigns,It's a Good Day Crewneck,UPI260618092617,Sweatshirts > Crewneck sweatshirts,https://cdn.shopify.com/s/files/1/0052/8321/7498/products/DZD2202155-BUTTER-1566.jpg?v=1735843760,DELTA ZETA
DZ Dezigns,Many Faces Crewneck,UPI260618611022,Sweatshirts > Crewneck sweatshirts,https://cdn.shopify.com/s/files/1/0052/8321/7498/products/DZD2202156-WHITE-1566.jpg?v=1735843759,DELTA ZETA
DZ Dezigns,Barcode Hoodie,UPI260618755023,Sweatshirts > Hooded sweatshirts,https://cdn.shopify.com/s/files/1/0052/8321/7498/products/DZD2202157-BLACK-18500.jpg?v=1735843758,DELTA ZETA
DZ Dezigns,Be Bold Sisterhood Tee,UPI260618564615,Shirts > Short sleeve t-shirts,https://cdn.shopify.com/s/files/1/0052/8321/7498/products/DZD220215-LEAF-3001.jpg?v=1735843839,DELTA ZETA
DZ Dezigns,1902 Crest Crewneck,UPI260618503820,Sweatshirts > Crewneck sweatshirts,https://cdn.shopify.com/s/files/1/0052/8321/7498/products/DZD220216-LIGHTPINK-18000.jpg?v=1735843838,DELTA ZETA
DZ Dezigns,Diamond in the Rough Crewneck,UPI260618041415,Sweatshirts > Crewneck sweatshirts,https://cdn.shopify.com/s/files/1/0052/8321/7498/products/DZD220217-MILITARYGREEN-18000.jpg?v=1735843837,DELTA ZETA
DZ Dezigns,DeeZee Pennant Tee,UPI260618801411,Shirts > Short sleeve t-shirts,https://cdn.shopify.com/s/files/1/0052/8321/7498/products/DZD220218-EVERGREEN-3001.jpg?v=1735843836,DELTA ZETA
DZ Dezigns,Ivory Seal Long Sleeve,UPI260618079817,Shirts > Long sleeve t-shirts,https://cdn.shopify.com/s/files/1/0052/8321/7498/products/DZD220219-IVORY-6014.jpg?v=1735843835,DELTA ZETA
DZ Dezigns,Be Bold Crest Crewneck,UPI260618867012,Sweatshirts > Crewneck sweatshirts,https://cdn.shopify.com/s/files/1/0052/8321/7498/products/DZD220220-ASH-18000.jpg?v=1735843834,DELTA ZETA
DZ Dezigns,Record Crewneck,UPI260618502215,Sweatshirts > Crewneck sweatshirts,https://cdn.shopify.com/s/files/1/0052/8321/7498/products/DZD220221-HTHRSPRTDRK-18000.jpg?v=1735843833,DELTA ZETA
DZ Dezigns,Print to Script High Neck Tank,UPI260618987014,Shirts > Tank tops,https://cdn.shopify.com/s/files/1/0052/8321/7498/products/DZD220222-DKGREYHTR-8809.jpg?v=1668650582,DELTA ZETA
DZ Dezigns,Bottle Cap Tee,UPI260618729417,Shirts > Short sleeve t-shirts,https://cdn.shopify.com/s/files/1/0052/8321/7498/products/DZD220223-ATHHTHR-3001CVC.jpg?v=1735843832,DELTA ZETA
DZ Dezigns,Print to Script Hoodie,UPI260618935813,Sweatshirts > Hooded sweatshirts,https://cdn.shopify.com/s/files/1/0052/8321/7498/products/DZD220224-HTRGREY-JHA001.jpg?v=1735843831,DELTA ZETA
DZ Dezigns,Varsity Hoodie,UPI260618598215,Sweatshirts > Hooded sweatshirts,https://cdn.shopify.com/s/files/1/0052/8321/7498/products/DZD220225-HOTPINK-JHA001_1.jpg?v=1735843830,DELTA ZETA
DZ Dezigns,Print to Script Tee,UPI260618527811,Shirts > Short sleeve t-shirts,https://cdn.shopify.com/s/files/1/0052/8321/7498/products/DZD220226-PINK-3001.jpg?v=1735843829,DELTA ZETA
DZ Dezigns,Be Bold Crest Crewneck,UPI260618011015,Sweatshirts > Crewneck sweatshirts,https://cdn.shopify.com/s/files/1/0052/8321/7498/products/DZD220227-LIGHTPINK-18000.jpg?v=1735843828,DELTA ZETA
DZ Dezigns,Varsity Long Sleeve,UPI260618459020,Shirts > Long sleeve t-shirts,https://cdn.shopify.com/s/files/1/0052/8321/7498/products/DZD220228-NAVY-6014.jpg?v=1735843827,DELTA ZETA
DZ Dezigns,Vintage Emblem Tee,UPI260618585420,Shirts > Short sleeve t-shirts,https://cdn.shopify.com/s/files/1/0052/8321/7498/products/DZD220229-VINTAGEWHITE-3001.jpg?v=1735843826,DELTA ZETA
DZ Dezigns,Local Team Tank,UPI260618363015,Shirts > Tank tops,https://cdn.shopify.com/s/files/1/0052/8321/7498/products/DZD220230-SHIRAZ-5033.jpg?v=1735843825,DELTA ZETA
DZ Dezigns,The Official Delta Zeta Pocket Tee,UPI26061872147,Shirts > Short sleeve t-shirts,https://cdn.shopify.com/s/files/1/0052/8321/7498/products/DZD220232-WHITE-6030-BACK.jpg?v=1735843824,DELTA ZETA
DZ Dezigns,Local Team Pocket Tee,UPI260618294216,Shirts > Short sleeve t-shirts,https://cdn.shopify.com/s/files/1/0052/8321/7498/products/DZD220233-MOSS-6030-BACK.jpg?v=1735843823,DELTA ZETA
DZ Dezigns,Crest Pocket Tee,UPI260618143811,Shirts > Short sleeve t-shirts,https://cdn.shopify.com/s/files/1/0052/8321/7498/products/DZD220234-IVORY-6030-BACK.jpg?v=1735843822,DELTA ZETA
DZ Dezigns,Outline Crewneck,UPI260618305415,Sweatshirts > Crewneck sweatshirts,https://cdn.shopify.com/s/files/1/0052/8321/7498/products/DZD220235-WHITE-18000.jpg?v=1735843821,DELTA ZETA
DZ Dezigns,Classic Club Athletics,UPI260618851015,Shirts > Short sleeve t-shirts,https://cdn.shopify.com/s/files/1/0052/8321/7498/products/DZD220236-WHITE-3001.jpg?v=1735843820,DELTA ZETA
DZ Dezigns,Silver Trophy Tee,UPI260618558215,Shirts > Short sleeve t-shirts,https://cdn.shopify.com/s/files/1/0052/8321/7498/products/DZD220238-SILVER-3001.jpg?v=1735843818,DELTA ZETA
DZ Dezigns,Convex Tee,UPI260618470214,Shirts > Short sleeve t-shirts,https://cdn.shopify.com/s/files/1/0052/8321/7498/products/DZD220239-IVORY-1717.jpg?v=1735843816,DELTA ZETA
DZ Dezigns,Pink Doodle Tee,UPI260618015813,Shirts > Short sleeve t-shirts,https://cdn.shopify.com/s/files/1/0052/8321/7498/products/DZD220240-PINK-3001.jpg?v=1735843816,DELTA ZETA
DZ Dezigns,Fine Line Tee,UPI260618311811,Shirts > Short sleeve t-shirts,https://cdn.shopify.com/s/files/1/0052/8321/7498/products/DZD220241-PEPPER-1717.jpg?v=1735843815,DELTA ZETA
DZ Dezigns,Established Script Crewneck,UPI260618564616,Sweatshirts > Crewneck sweatshirts,https://cdn.shopify.com/s/files/1/0052/8321/7498/products/DZD220242-WHITE-18000.jpg?v=1735843814,DELTA ZETA
DZ Dezigns,Pink Panther Crewneck,UPI260618092616,Sweatshirts > Crewneck sweatshirts,https://cdn.shopify.com/s/files/1/0052/8321/7498/products/DZD220243-BLACK-18000.jpg?v=1735843813,DELTA ZETA
DZ Dezigns,Classic Greek Crewneck,UPI260618596611,Sweatshirts > Crewneck sweatshirts,https://cdn.shopify.com/s/files/1/0052/8321/7498/products/DZD220244-MILITARYGREEN-18000.jpg?v=1668721431,DELTA ZETA
DZ Dezigns,1902 Crewneck,UPI260618937411,Sweatshirts > Crewneck sweatshirts,https://cdn.shopify.com/s/files/1/0052/8321/7498/products/DZD220245-HTHRSPRTDRK-18000.jpg?v=1735843812,DELTA ZETA
DZ Dezigns,Set the Bar Crewneck,UPI260618174216,Sweatshirts > Crewneck sweatshirts,https://cdn.shopify.com/s/files/1/0052/8321/7498/products/DZD220246-LTASH-3901.jpg?v=1735843811,DELTA ZETA
DZ Dezigns,Signature Crewneck,UPI260618817421,Sweatshirts > Crewneck sweatshirts,https://cdn.shopify.com/s/files/1/0052/8321/7498/products/DZD220247-HTHRDUST-3901.jpg?v=1735843810,DELTA ZETA
DZ Dezigns,Classic Greek Hoodie,UPI260618041416,Sweatshirts > Hooded sweatshirts,https://cdn.shopify.com/s/files/1/0052/8321/7498/products/DZD220248-VANILLAMILKSHAKE-JHA001.jpg?v=1735843808,DELTA ZETA
DZ Dezigns,Est. Hoodie,UPI260618916610,Sweatshirts > Hooded sweatshirts,https://cdn.shopify.com/s/files/1/0052/8321/7498/products/DZD220249-HOTPINK-JHA001.jpg?v=1735843807,DELTA ZETA
DZ Dezigns,Island Reef Tank,UPI260618729418,Shirts > Tank tops,https://cdn.shopify.com/s/files/1/0052/8321/7498/products/DZD220250-ISLANDREEF-9360.jpg?v=1735843805,DELTA ZETA
DZ Dezigns,Turtle Trophy Long Sleeve,UPI260618095813,Shirts > Long sleeve t-shirts,https://cdn.shopify.com/s/files/1/0052/8321/7498/products/DZD220252-WHITE-6014.jpg?v=1735843804,DELTA ZETA
DZ Dezigns,DZ 1902 Long Sleeve,UPI260618247810,Shirts > Long sleeve t-shirts,https://cdn.shopify.com/s/files/1/0052/8321/7498/products/DZD220253-WATERMELON-6014.jpg?v=1735843803,DELTA ZETA
DZ Dezigns,Sisterhood Pocket Tee,UPI260618641418,Shirts > Short sleeve t-shirts,https://cdn.shopify.com/s/files/1/0052/8321/7498/products/DZD220254-BERRY-6030-BACK.jpg?v=1735843801,DELTA ZETA
DZ Dezigns,Peppered Pocket Tee,UPI260618838218,Shirts > Short sleeve t-shirts,https://cdn.shopify.com/s/files/1/0052/8321/7498/products/DZD220255-GRAPHITE-6030-BACK.jpg?v=1674528395,DELTA ZETA
DZ Dezigns,Turtle Pocket Tee,UPI260618159810,Shirts > Short sleeve t-shirts,https://cdn.shopify.com/s/files/1/0052/8321/7498/products/DZD220256-MOSS_1717-BACK.jpg?v=1735843800,DELTA ZETA
DZ Dezigns,Signature Alumna Tee,UPI260618193415,Shirts > Short sleeve t-shirts,https://cdn.shopify.com/s/files/1/0052/8321/7498/products/DZD220257-CHARITYPINK-1717_1.jpg?v=1735843757,DELTA ZETA
DZ Dezigns,Lined Alumna Tee,UPI26061820307,Shirts > Short sleeve t-shirts,https://cdn.shopify.com/s/files/1/0052/8321/7498/products/DZD220258-PINK-1717.jpg?v=1735843756,DELTA ZETA
DZ Dezigns,Asphalt Alumna Tee,UPI260618382214,Shirts > Short sleeve t-shirts,https://cdn.shopify.com/s/files/1/0052/8321/7498/products/DZD220259-ASPHALT-3001.jpg?v=1735843756,DELTA ZETA
DZ Dezigns,Script Alumna Tee,UPI260618025417,Shirts > Short sleeve t-shirts,https://cdn.shopify.com/s/files/1/0052/8321/7498/products/DZD220260-WHITE-3001.jpg?v=1735843754,DELTA ZETA
DZ Dezigns,Script Alumna Polo,UPI260618276613,Shirts > Short sleeve polo shirts,https://cdn.shopify.com/s/files/1/0052/8321/7498/products/DZD220261-WHITE-DG20W-EMB.jpg?v=1735843754,DELTA ZETA
DZ Dezigns,Lined Alumna Polo,UPI260618455812,Shirts > Short sleeve polo shirts,https://cdn.shopify.com/s/files/1/0052/8321/7498/products/DZD220262-CRWNRSPBRRY-DG20W-EMB.jpg?v=1735843753,DELTA ZETA
DZ Dezigns,Signature Alumna Cardigan,UPI260618679821,Apparel > Sweaters,https://cdn.shopify.com/s/files/1/0052/8321/7498/products/DZD220263-HUNTER-M425W-EMB.jpg?v=1679622634,DELTA ZETA
DZ Dezigns,Lined Alumna Cardigan,UPI260618796621,Apparel > Sweaters,https://cdn.shopify.com/s/files/1/0052/8321/7498/products/DZD220264-GREYHTHR-M425W-EMB.jpg?v=1679622740,DELTA ZETA
DZ Dezigns,Be Bold Alumna Crewneck,UPI260618975815,Sweatshirts > Crewneck sweatshirts,https://cdn.shopify.com/s/files/1/0052/8321/7498/products/DZD220265-HTHRGREY-JHA030.jpg?v=1735843752,DELTA ZETA
DZ Dezigns,Signature Alumna Crewneck,UPI260618771010,Sweatshirts > Crewneck sweatshirts,https://cdn.shopify.com/s/files/1/0052/8321/7498/products/DZD220266-LIGHTPINK-JHA030.jpg?v=1735843750,DELTA ZETA
DZ Dezigns,Artic Alumna Crewneck,UPI260618164614,Sweatshirts > Crewneck sweatshirts,https://cdn.shopify.com/s/files/1/0052/8321/7498/products/DZD220267-ARCTICWHITE-JHA030.jpg?v=1735843750,DELTA ZETA
DZ Dezigns,Signature Alumna Fleece Jacket,UPI260618852616,Outerwear > Jackets,https://cdn.shopify.com/s/files/1/0052/8321/7498/products/DZD220268-BLACK-5250-EMB.jpg?v=1735843749,DELTA ZETA
DZ Dezigns,Lined Alumna Fleece Jacket,UPI260618755021,Outerwear > Jackets,https://cdn.shopify.com/s/files/1/0052/8321/7498/products/DZD220269-LTGREYHTHR-5250-EMB.jpg?v=1735843748,DELTA ZETA
DZ Dezigns,Dad's Tee,UPI260618774211,Shirts > Short sleeve t-shirts,https://cdn.shopify.com/s/files/1/0052/8321/7498/products/DZD220270-DARKGREY-3001.jpg?v=1735843747,DELTA ZETA
DZ Dezigns,Mom's Tee,UPI260618631810,Shirts > Short sleeve t-shirts,https://cdn.shopify.com/s/files/1/0052/8321/7498/products/DZD220271-SOFTPINK-3001.jpg?v=1735843746,DELTA ZETA
DZ Dezigns,Mom's Signature Crewneck,UPI260618551812,Sweatshirts > Crewneck sweatshirts,https://cdn.shopify.com/s/files/1/0052/8321/7498/products/DZD220272-LIGHTPINK-JHA030.jpg?v=1735843745,DELTA ZETA
DZ Dezigns,Dad's Crewneck,UPI260618695816,Sweatshirts > Crewneck sweatshirts,https://cdn.shopify.com/s/files/1/0052/8321/7498/products/DZD220273-CHARCOAL-JHA030.jpg?v=1735843743,DELTA ZETA
DZ Dezigns,With Love Delta Zeta,UPI260618611021,Shirts > Short sleeve t-shirts,https://cdn.shopify.com/s/files/1/0052/8321/7498/products/DZD220281-FUNNELCAKE-CD100.jpg?v=1735843799,DELTA ZETA
DZ Dezigns,Silver Crystal Tee,UPI260618299017,Shirts > Short sleeve t-shirts,https://cdn.shopify.com/s/files/1/0052/8321/7498/products/DZD220282-SILVER-1390.jpg?v=1735843797,DELTA ZETA
DZ Dezigns,Shiraz Festival Tank,UPI260618246220,Shirts > Tank tops,https://cdn.shopify.com/s/files/1/0052/8321/7498/products/DZD220285-SHIRAZ-5033.jpg?v=1735843795,DELTA ZETA
DZ Dezigns,Smile Through the Storm Muscle Tee,UPI260618782210,Shirts > Short sleeve t-shirts,https://cdn.shopify.com/s/files/1/0052/8321/7498/products/DZD220286-STORM-8804.jpg?v=1735843794,DELTA ZETA
DZ Dezigns,Vintage Corded Crewneck,UPI260618639812,Sweatshirts > Crewneck sweatshirts,https://cdn.shopify.com/s/files/1/0052/8321/7498/products/DZD220287-VINBLACK-9930.jpg?v=1735843793,DELTA ZETA
DZ Dezigns,Truly Grin Crewneck,UPI260618899018,Sweatshirts > Crewneck sweatshirts,https://cdn.shopify.com/s/files/1/0052/8321/7498/products/DZD220288-HTHRSPRTDRK-18000.jpg?v=1735843792,DELTA ZETA
DZ Dezigns,Etched in Sand Crewneck,UPI260618819014,Sweatshirts > Crewneck sweatshirts,https://cdn.shopify.com/s/files/1/0052/8321/7498/products/DZD220289-SAND-18000-BACK.jpg?v=1735843791,DELTA ZETA
DZ Dezigns,Text Me Hoodie,UPI260618214212,Sweatshirts > Hooded sweatshirts,https://cdn.shopify.com/s/files/1/0052/8321/7498/products/DZD220290-WHITE-18500-BACK.jpg?v=1735843790,DELTA ZETA
DZ Dezigns,Twelve Turtle Hoodie,UPI260618116610,Sweatshirts > Hooded sweatshirts,https://cdn.shopify.com/s/files/1/0052/8321/7498/products/DZD220291-MINT-18500-BACK.jpg?v=1735843789,DELTA ZETA
DZ Dezigns,Butterfly Outline Crewneck,UPI26061869749,Sweatshirts > Crewneck sweatshirts,https://cdn.shopify.com/s/files/1/0052/8321/7498/products/DZD220292-WHITE-18000.jpg?v=1735843788,DELTA ZETA
DZ Dezigns,Silver Grin Tee,UPI260618447817,Shirts > Short sleeve t-shirts,https://cdn.shopify.com/s/files/1/0052/8321/7498/products/DZD220293-SILVER-3001.jpg?v=1735843787,DELTA ZETA
DZ Dezigns,Retro Turtle Tee,UPI260618260611,Shirts > Short sleeve t-shirts,https://cdn.shopify.com/s/files/1/0052/8321/7498/products/DZD220294-WHITE-3001.jpg?v=1735843786,DELTA ZETA
DZ Dezigns,DZ In 1898 Tank,UPI260618734223,Shirts > Tank tops,https://cdn.shopify.com/s/files/1/0052/8321/7498/products/DZD220295-HTHRDUST-8838.jpg?v=1674260037,DELTA ZETA
DZ Dezigns,Flip It and Reverse It Tee,UPI260618761416,Shirts > Short sleeve t-shirts,https://cdn.shopify.com/s/files/1/0052/8321/7498/products/DZD220296-BLACK-3001-BACK.jpg?v=1735843785,DELTA ZETA
DZ Dezigns,Charcoal Grin Crewneck,UPI260618065417,Sweatshirts > Crewneck sweatshirts,https://cdn.shopify.com/s/files/1/0052/8321/7498/products/DZD220297-CHARCOAL-18000.jpg?v=1735843784,DELTA ZETA
DZ Dezigns,Oxford OH Long Sleeve,UPI260618977422,Shirts > Long sleeve t-shirts,https://cdn.shopify.com/s/files/1/0052/8321/7498/products/DZD220299-LIGHTGREEN-6014-BACK.jpg?v=1735843782,DELTA ZETA
DZ Dezigns,$25 Classic Bid Day Pack,UPI26061877381,Bundles > Apparel bundles,https://cdn.shopify.com/s/files/1/0052/8321/7498/products/DZD-25CLASSICPACK.jpg?v=1622820182,DELTA ZETA
DZ Dezigns,$25 Fun Bid Day Pack,UPI2606181402,Bundles > Apparel bundles,https://cdn.shopify.com/s/files/1/0052/8321/7498/products/DZD-25FUNPACK.jpg?v=1622820181,DELTA ZETA
DZ Dezigns,Daytona Ringer,UPI2606185786,Shirts > Short sleeve t-shirts,https://cdn.shopify.com/s/files/1/0052/8321/7498/products/DZ-Daytona1.jpg?v=1555362292,DELTA ZETA
DZ Dezigns,Recruitment Name Badges- NOT SOLD OUT!- See product description for details,UPI2606187546,Paper/print goods > Name tags,https://cdn.shopify.com/s/files/1/0052/8321/7498/products/DZD-Custom-NameTags.jpg?v=1735843914,DELTA ZETA
DZ Dezigns,Deer Valley Longsleeve,UPI2606185274,Shirts > Long sleeve t-shirts,https://cdn.shopify.com/s/files/1/0052/8321/7498/products/DZ-DeerValley-2.jpg?v=1555362293,DELTA ZETA
DZ Dezigns,Desert Dream Tee,UPI2606183082,Shirts > Short sleeve t-shirts,https://cdn.shopify.com/s/files/1/0052/8321/7498/products/DZ-DesertDreaming1.jpg?v=1555362294,DELTA ZETA
DZ Dezigns,Delta Zeta Mask,UPI2606181153,Apparel > Face masks,https://cdn.shopify.com/s/files/1/0052/8321/7498/products/DZDMASK1.jpg?v=1657207258,DELTA ZETA
DZ Dezigns,Gold Plated Script Necklace,UPI26061803211,Jewelry > Necklaces,https://cdn.shopify.com/s/files/1/0052/8321/7498/products/DZD-ScriptNecklace.jpg?v=1735843884,DELTA ZETA
DZ Dezigns,$25 Senior Senior Pack,UPI2606182650,Bundles > Non-apparel bundles,https://cdn.shopify.com/s/files/1/0052/8321/7498/products/DZDSenior1.jpg?v=1588346652,DELTA ZETA
DZ Dezigns,$50 Senior Senior Pack,UPI2606185866,Bundles > Non-apparel bundles,https://cdn.shopify.com/s/files/1/0052/8321/7498/products/DZDSenior2.jpg?v=1588346653,DELTA ZETA
DZ Dezigns,Eden Tee,UPI2606186938,Shirts > Short sleeve t-shirts,https://cdn.shopify.com/s/files/1/0052/8321/7498/products/DZ-Eden-2.jpg?v=1555362296,DELTA ZETA
DZ Dezigns,Everest Crewneck,UPI26061801701,Sweatshirts > Crewneck sweatshirts,https://cdn.shopify.com/s/files/1/0052/8321/7498/products/DZ-Everest-1.jpg?v=1555362298,DELTA ZETA
DZ Dezigns,Everyday Tee,UPI26061887621,Shirts > Short sleeve t-shirts,https://cdn.shopify.com/s/files/1/0052/8321/7498/products/DZ-Everyday1.jpg?v=1555362299,DELTA ZETA
DZ Dezigns,Foxy Crew,UPI2606184314,Sweatshirts > Crewneck sweatshirts,https://cdn.shopify.com/s/files/1/0052/8321/7498/products/DZ-Foxy-Crew-2.jpg?v=1648671203,DELTA ZETA
DZ Dezigns,Foxy Ringer,UPI2606182362,Shirts > Short sleeve t-shirts,https://cdn.shopify.com/s/files/1/0052/8321/7498/products/DZ-Foxy-Ringer-1.jpg?v=1555362301,DELTA ZETA
DZ Dezigns,Independence Crew,UPI26061832741,Sweatshirts > Crewneck sweatshirts,https://cdn.shopify.com/s/files/1/0052/8321/7498/products/DZ-Independence_Crew.jpg?v=1555362308,DELTA ZETA
DZ Dezigns,Independence Tee,UPI2606187930,Shirts > Short sleeve t-shirts,https://cdn.shopify.com/s/files/1/0052/8321/7498/products/DZ-Independence-Tee.jpg?v=1555362309,DELTA ZETA
DZ Dezigns,Jagger Tee,UPI2606181514,Shirts > Short sleeve t-shirts,https://cdn.shopify.com/s/files/1/0052/8321/7498/products/DZ-Jagger-2.jpg?v=1555362311,DELTA ZETA
DZ Dezigns,Juicy Tee,UPI2606187866,Shirts > Short sleeve t-shirts,https://cdn.shopify.com/s/files/1/0052/8321/7498/products/DZ-Juicy.jpg?v=1555362312,DELTA ZETA
DZ Dezigns,Lift Off Tee,UPI2606184666,Shirts > Short sleeve t-shirts,https://cdn.shopify.com/s/files/1/0052/8321/7498/products/DZ-LiftOff-1.jpg?v=1555362315,DELTA ZETA
DZ Dezigns,Melted Tee,UPI2606185610,Shirts > Short sleeve t-shirts,https://cdn.shopify.com/s/files/1/0052/8321/7498/products/DZ-Melting1.jpg?v=1555362317,DELTA ZETA
DZ Dezigns,Member Crew,UPI2606183210,Sweatshirts > Crewneck sweatshirts,https://cdn.shopify.com/s/files/1/0052/8321/7498/products/DZ-MemberCrew-1.jpg?v=1735843932,DELTA ZETA
DZ Dezigns,Mojave Moon Tee,UPI2606185370,Shirts > Short sleeve t-shirts,https://cdn.shopify.com/s/files/1/0052/8321/7498/products/DZ-MojaveMoon1.jpg?v=1555362318,DELTA ZETA
DZ Dezigns,Mountain Doodle Tee,UPI2606180026,Shirts > Short sleeve t-shirts,https://cdn.shopify.com/s/files/1/0052/8321/7498/products/DZ-MountainDoodle-1.jpg?v=1555362320,DELTA ZETA
DZ Dezigns,Mystic Crewneck,UPI2606187450,Sweatshirts > Crewneck sweatshirts,https://cdn.shopify.com/s/files/1/0052/8321/7498/products/DZ-MysticCrew-2.jpg?v=1555362320,DELTA ZETA
DZ Dezigns,Novel Crew,UPI26061803462,Sweatshirts > Crewneck sweatshirts,https://cdn.shopify.com/s/files/1/0052/8321/7498/products/DZ-Novel-1.jpg?v=1555362321,DELTA ZETA
DZ Dezigns,OG Tee,UPI2606184842,Shirts > Short sleeve t-shirts,https://cdn.shopify.com/s/files/1/0052/8321/7498/products/DZ-OGTee-1.jpg?v=1555362322,DELTA ZETA
DZ Dezigns,Pink with Green Trim Graduation Stole,UPI2606184218,Apparel > Stoles,https://cdn.shopify.com/s/files/1/0052/8321/7498/products/dzpgcstole.jpg?v=1749328330,DELTA ZETA
DZ Dezigns,Pixie Tee,UPI2606185306,Shirts > Short sleeve t-shirts,https://cdn.shopify.com/s/files/1/0052/8321/7498/products/DZ-PixieTee.jpg?v=1648677816,DELTA ZETA
DZ Dezigns,Primary Tee,UPI2606180250,Shirts > Short sleeve t-shirts,https://cdn.shopify.com/s/files/1/0052/8321/7498/products/DZ-Primary1.jpg?v=1555362327,DELTA ZETA
DZ Dezigns,Pink Graduation Stole with White Trim,UPI2606189498,Apparel > Stoles,https://cdn.shopify.com/s/files/1/0052/8321/7498/products/dzpwcstole.jpg?v=1749328288,DELTA ZETA
DZ Dezigns,Rainbow Tee,UPI26061854821,Shirts > Short sleeve t-shirts,https://cdn.shopify.com/s/files/1/0052/8321/7498/products/DZ-RainbowTee-1.jpg?v=1555362329,DELTA ZETA
DZ Dezigns,Retro Crewneck,UPI2606186394,Sweatshirts > Crewneck sweatshirts,https://cdn.shopify.com/s/files/1/0052/8321/7498/products/DZ-RetroCrew-1.jpg?v=1555362331,DELTA ZETA
DZ Dezigns,Retro Script Tee,UPI2606181050,Shirts > Short sleeve t-shirts,https://cdn.shopify.com/s/files/1/0052/8321/7498/products/DZ-RetroScript-1.jpg?v=1555362331,DELTA ZETA
DZ Dezigns,Retro Tee,UPI2606188650,Shirts > Short sleeve t-shirts,https://cdn.shopify.com/s/files/1/0052/8321/7498/products/DZ-RetroTee-1.jpg?v=1555362332,DELTA ZETA
DZ Dezigns,Saguaro Tee,UPI2606181434,Shirts > Short sleeve t-shirts,https://cdn.shopify.com/s/files/1/0052/8321/7498/products/DZ-Saguaro-2.jpg?v=1692326361,DELTA ZETA
DZ Dezigns,Salty Tee,UPI2606188506,Shirts > Short sleeve t-shirts,https://cdn.shopify.com/s/files/1/0052/8321/7498/products/DZ-Salty1.jpg?v=1555362334,DELTA ZETA
DZ Dezigns,Shadow Box Tee,UPI26061846821,Shirts > Short sleeve t-shirts,https://cdn.shopify.com/s/files/1/0052/8321/7498/products/DZ-ShadowBox-1.jpg?v=1555362335,DELTA ZETA
DZ Dezigns,Simple Tee,UPI2606189786,Shirts > Short sleeve t-shirts,https://cdn.shopify.com/s/files/1/0052/8321/7498/products/DZ-simpletee-1.jpg?v=1555362336,DELTA ZETA
DZ Dezigns,Sleigh Tee,UPI2606181866,Shirts > Short sleeve t-shirts,https://cdn.shopify.com/s/files/1/0052/8321/7498/products/DZ-SleighTee1.jpg?v=1555362337,DELTA ZETA
DZ Dezigns,Slumber Tee,UPI2606189034,Shirts > Short sleeve t-shirts,https://cdn.shopify.com/s/files/1/0052/8321/7498/products/DZ-SlumberTee1.jpg?v=1555362337,DELTA ZETA
DZ Dezigns,Smiley Flower Tee,UPI2606181018,Shirts > Short sleeve t-shirts,https://cdn.shopify.com/s/files/1/0052/8321/7498/products/DZ-SmileyFlower2.jpg?v=1555362338,DELTA ZETA
DZ Dezigns,Stacked Tee,UPI2606182378,Shirts > Short sleeve t-shirts,https://cdn.shopify.com/s/files/1/0052/8321/7498/products/DZ-Stacked-Tee-2.jpg?v=1648907825,DELTA ZETA
DZ Dezigns,Standard Crewneck,UPI2606181674,Sweatshirts > Crewneck sweatshirts,https://cdn.shopify.com/s/files/1/0052/8321/7498/products/DZ-StandardCrew-2g.jpg?v=1555362340,DELTA ZETA
DZ Dezigns,Stone Age Tee,UPI2606188474,Shirts > Short sleeve t-shirts,https://cdn.shopify.com/s/files/1/0052/8321/7498/products/DZ-StoneAge-1.jpg?v=1555362341,DELTA ZETA
DZ Dezigns,Summer Tee,UPI2606187498,Shirts > Short sleeve t-shirts,https://cdn.shopify.com/s/files/1/0052/8321/7498/products/DZ-SummerTee2.jpg?v=1648909331,DELTA ZETA
DZ Dezigns,Sweetheart Tee,UPI2606185546,Shirts > Short sleeve t-shirts,https://cdn.shopify.com/s/files/1/0052/8321/7498/products/DZ-Sweetheart2.jpg?v=1555362344,DELTA ZETA
DZ Dezigns,Rainbow Crewneck,UPI2606187066,Sweatshirts > Crewneck sweatshirts,https://cdn.shopify.com/s/files/1/0052/8321/7498/products/DZ-TeamPrideCrew3.jpg?v=1648678019,DELTA ZETA
DZ Dezigns,Technicolor Crewneck,UPI2606184570,Sweatshirts > Crewneck sweatshirts,https://cdn.shopify.com/s/files/1/0052/8321/7498/products/DZ-TechnicolorCrew-1.jpg?v=1555362345,DELTA ZETA
DZ Dezigns,Tie Dye Palms,UPI26061803781,Shirts > Short sleeve t-shirts,https://cdn.shopify.com/s/files/1/0052/8321/7498/products/DZ-TieDyePalms-1.jpg?v=1555362346,DELTA ZETA
DZ Dezigns,Tie Dye Script Tee,UPI2606182170,Shirts > Short sleeve t-shirts,https://cdn.shopify.com/s/files/1/0052/8321/7498/products/DZ-TieDyeScript-1.jpg?v=1735843930,DELTA ZETA
DZ Dezigns,Totally Tee,UPI2606186218,Shirts > Short sleeve t-shirts,https://cdn.shopify.com/s/files/1/0052/8321/7498/products/DZ-Totally1.jpg?v=1555362347,DELTA ZETA
DZ Dezigns,Wavy Tee,UPI2606183274,Shirts > Short sleeve t-shirts,https://cdn.shopify.com/s/files/1/0052/8321/7498/products/DZ-TurntTee-1.jpg?v=1555362355,DELTA ZETA
DZ Dezigns,Van Tee,UPI2606184266,Shirts > Short sleeve t-shirts,https://cdn.shopify.com/s/files/1/0052/8321/7498/products/DZ-VanTee1.jpg?v=1555362351,DELTA ZETA
DZ Dezigns,Varsity Tee,UPI2606186682,Shirts > Short sleeve t-shirts,https://cdn.shopify.com/s/files/1/0052/8321/7498/products/DZ-VarsityTee2.jpg?v=1555362351,DELTA ZETA
DZ Dezigns,Vice Tee,UPI2606180794,Shirts > Short sleeve t-shirts,https://cdn.shopify.com/s/files/1/0052/8321/7498/products/DZ-Vice-1.jpg?v=1555362352,DELTA ZETA
DZ Dezigns,Vogue Tee,UPI2606187626,Shirts > Short sleeve t-shirts,https://cdn.shopify.com/s/files/1/0052/8321/7498/products/DZ-VogueTee-1.jpg?v=1555362354,DELTA ZETA
DZ Dezigns,Voltage Crewneck,UPI26061869381,Sweatshirts > Crewneck sweatshirts,https://cdn.shopify.com/s/files/1/0052/8321/7498/products/DZ-VoltageCrew2.jpg?v=1692369210,DELTA ZETA
DZ Dezigns,Webster Tee,UPI2606180090,Shirts > Short sleeve t-shirts,https://cdn.shopify.com/s/files/1/0052/8321/7498/products/DZ-Webster-N.jpg?v=1648996516,DELTA ZETA
DZ Dezigns,Wild Cherry Tee,UPI2606182138,Shirts > Short sleeve t-shirts,https://cdn.shopify.com/s/files/1/0052/8321/7498/products/DZ-WildCherry2.jpg?v=1648996953,DELTA ZETA
DZ Dezigns,Woodstock Tee,UPI2606183306,Shirts > Short sleeve t-shirts,https://cdn.shopify.com/s/files/1/0052/8321/7498/products/DZ-WoodstockTee1.jpg?v=1555362362,DELTA ZETA
DZ Dezigns,USA Year Tee,UPI2606180282,Shirts > Short sleeve t-shirts,https://cdn.shopify.com/s/files/1/0052/8321/7498/products/DZ-YearUSA1.jpg?v=1555362350,DELTA ZETA
DZ Dezigns,Zoom Tee,UPI26061846661,Shirts > Short sleeve t-shirts,https://cdn.shopify.com/s/files/1/0052/8321/7498/products/DZ-Zoom1.jpg?v=1555362362,DELTA ZETA
DZ Dezigns,Gift Card,UPI2606186890,Paper/print goods > Plastic cards,https://cdn.shopify.com/s/files/1/0052/8321/7498/products/e38bd83af578077b65a31424bd24d085.png?v=1735843902,DELTA ZETA
DZ Dezigns,Sky Blue Tie-Dye Tee,UPI26061831692,Shirts > Short sleeve t-shirts,https://cdn.shopify.com/s/files/1/0052/8321/7498/products/FEKEIwA.jpg?v=1735843880,DELTA ZETA
DZ Dezigns,DZ Grey Striped Sleeve Truly Loved Onesie,UPI26061806091,Baby > Baby bodysuits,https://cdn.shopify.com/s/files/1/0052/8321/7498/products/GONESIE.jpg?v=1602257112,DELTA ZETA
DZ Dezigns,Dee Zee Leaf Decal,UPI26061881132,Promotional > Stickers,https://cdn.shopify.com/s/files/1/0052/8321/7498/products/IMG_14921.jpg?v=1735843870,DELTA ZETA
DZ Dezigns,Pink Classic Button,UPI26061856011,Promotional > Pin-back buttons,https://cdn.shopify.com/s/files/1/0052/8321/7498/products/IMG_15001.jpg?v=1735843868,DELTA ZETA
DZ Dezigns,Dee Zee Pink and Grey Pen,UPI26061804491,Office products > Pens,https://cdn.shopify.com/s/files/1/0052/8321/7498/products/IMG_15031.jpg?v=1735843867,DELTA ZETA
DZ Dezigns,DZ Rose Decal,UPI2606180145,Promotional > Stickers,https://cdn.shopify.com/s/files/1/0052/8321/7498/products/IMG_15111.jpg?v=1757012263,DELTA ZETA
DZ Dezigns,Classic Truly Button,UPI26061850572,Promotional > Pin-back buttons,https://cdn.shopify.com/s/files/1/0052/8321/7498/products/IMG_15131_1.jpg?v=1625421330,DELTA ZETA
DZ Dezigns,Leaves Notepad,UPI2606182753,Paper/print goods > Note pads,https://cdn.shopify.com/s/files/1/0052/8321/7498/products/IMG_15141.jpg?v=1735843865,DELTA ZETA
DZ Dezigns,Classic Truly Decal,UPI26061897109,Promotional > Stickers,https://cdn.shopify.com/s/files/1/0052/8321/7498/products/IMG_2119.jpg?v=1735843853,DELTA ZETA
DZ Dezigns,MINT HAT,UPI260618067020,Headwear > Billed hats,https://cdn.shopify.com/s/files/1/0052/8321/7498/products/IMG_2184.jpg?v=1735843852,DELTA ZETA
DZ Dezigns,Lettered Script Hat,UPI2606188538,Headwear > Billed hats,https://cdn.shopify.com/s/files/1/0052/8321/7498/products/IMG_3829.jpg?v=1555362313,DELTA ZETA
DZ Dezigns,Established Patch Hat,UPI2606189978,Headwear > Billed hats,https://cdn.shopify.com/s/files/1/0052/8321/7498/products/IMG_4177.jpg?v=1555362298,DELTA ZETA
DZ Dezigns,Marbled Ribbed Beanie,UPI2606187098,Headwear > Beanies,https://cdn.shopify.com/s/files/1/0052/8321/7498/products/IMG_4192.jpg?v=1555362316,DELTA ZETA
DZ Dezigns,Cozy Crew Sweatshirt,UPI2606185146,Sweatshirts > Crewneck sweatshirts,https://cdn.shopify.com/s/files/1/0052/8321/7498/products/IMG_4275.jpg?v=1555362289,DELTA ZETA
DZ Dezigns,Truly in Scripty,UPI2606187690,Shirts > Short sleeve t-shirts,https://cdn.shopify.com/s/files/1/0052/8321/7498/products/IMG_5331.jpg?v=1555362349,DELTA ZETA
DZ Dezigns,Sherpa Vest,UPI2606189690,Outerwear > Vests,https://cdn.shopify.com/s/files/1/0052/8321/7498/products/IMG_5499.jpg?v=1555362336,DELTA ZETA
DZ Dezigns,Green Long Sleeve Mountain Shirt,UPI2606180442,Shirts > Short sleeve t-shirts,https://cdn.shopify.com/s/files/1/0052/8321/7498/products/IMG_5528.jpg?v=1555362305,DELTA ZETA
DZ Dezigns,Charcoal Delta Zeta Script Hats,UPI2606189114,Headwear > Billed hats,https://cdn.shopify.com/s/files/1/0052/8321/7498/products/IMG_6654.jpg?v=1735843919,DELTA ZETA
DZ Dezigns,Cowlneck Pullover,UPI26061838661,Sweatshirts > Hooded sweatshirts,https://cdn.shopify.com/s/files/1/0052/8321/7498/products/IMG_7394.jpg?v=1735843920,DELTA ZETA
DZ Dezigns,DZ Alumna Shirt,UPI26061826981,Shirts > Long sleeve t-shirts,https://cdn.shopify.com/s/files/1/0052/8321/7498/products/IMG_7429.jpg?v=1555362295,DELTA ZETA
DZ Dezigns,Delta Zeta Squared,UPI26061834501,Shirts > Short sleeve t-shirts,https://cdn.shopify.com/s/files/1/0052/8321/7498/products/IMG_7667.jpg?v=1555362294,DELTA ZETA
DZ Dezigns,Athletic Heather Tone on Tone Sweatshirt,UPI2606182666,Sweatshirts > Crewneck sweatshirts,https://cdn.shopify.com/s/files/1/0052/8321/7498/products/IMG_9270.jpg?v=1555362271,DELTA ZETA
DZ Dezigns,Oatmeal Triblend Delta Zeta Tee,UPI2606180458,Shirts > Short sleeve t-shirts,https://cdn.shopify.com/s/files/1/0052/8321/7498/products/IMG_9284.jpg?v=1555362322,DELTA ZETA
DZ Dezigns,Grey Established Triblend T-Shirt,UPI2606183098,Shirts > Short sleeve t-shirts,https://cdn.shopify.com/s/files/1/0052/8321/7498/products/IMG_9319.jpg?v=1555362306,DELTA ZETA
DZ Dezigns,White Deltz Zeta Striped Sleeve Tee,UPI2606187434,Shirts > Short sleeve t-shirts,https://cdn.shopify.com/s/files/1/0052/8321/7498/products/IMG_9353.jpg?v=1555362359,DELTA ZETA
DZ Dezigns,Pea Pod Pocket Tee,UPI2606184618,Shirts > Short sleeve t-shirts,https://cdn.shopify.com/s/files/1/0052/8321/7498/products/IMG_9379.jpg?v=1555362323,DELTA ZETA
DZ Dezigns,Vintage Lilac Delta Zeta Script Dolman,UPI2606180378,Shirts > Short sleeve t-shirts,https://cdn.shopify.com/s/files/1/0052/8321/7498/products/IMG_9404.jpg?v=1555362354,DELTA ZETA
DZ Dezigns,White Dye Sub Palm Tree Tank,UPI2606188970,Shirts > Tank tops,https://cdn.shopify.com/s/files/1/0052/8321/7498/products/IMG_9670.jpg?v=1555362359,DELTA ZETA
DZ Dezigns,Island Reef Established 1902 Tank,UPI2606185194,Shirts > Tank tops,https://cdn.shopify.com/s/files/1/0052/8321/7498/products/IMG_9739.jpg?v=1555362311,DELTA ZETA
DZ Dezigns,White and Gold 12 oz Travel Mug,UPI2606185857,Drinkware > Travel mugs,https://cdn.shopify.com/s/files/1/0052/8321/7498/products/KA3035DZ.jpg?v=1597418663,DELTA ZETA
DZ Dezigns,Lime Pen,UPI2606181185,Office products > Pens,https://cdn.shopify.com/s/files/1/0052/8321/7498/products/limepen.jpg?v=1602257114,DELTA ZETA
DZ Dezigns,Delta Zeta Notecards,UPI2606185841,Stationery > Note cards,https://cdn.shopify.com/s/files/1/0052/8321/7498/products/NC1.jpg?v=1761571273,DELTA ZETA
DZ Dezigns,Deezee Butterfly Tank,UPI2606182785,Shirts > Tank tops,https://cdn.shopify.com/s/files/1/0052/8321/7498/products/Or1oMszQ.jpg?v=1735843880,DELTA ZETA
DZ Dezigns,Pastel Pink DZ Alumna Decal,UPI26061898412,Promotional > Decals,https://cdn.shopify.com/s/files/1/0052/8321/7498/products/pasteldecal.jpg?v=1602257117,DELTA ZETA
DZ Dezigns,Purity Bracelet,UPI260618771012,Jewelry > Bracelets,https://cdn.shopify.com/s/files/1/0052/8321/7498/products/PearlDeltaZeta480.jpg?v=1735843741,DELTA ZETA
DZ Dezigns,Pink Striped Truly Loved Onesie,UPI26061823534,Baby > Baby bodysuits,https://cdn.shopify.com/s/files/1/0052/8321/7498/products/PONESIE.jpg?v=1602257112,DELTA ZETA
DZ Dezigns,Butterfly Script,UPI26061871051,Shirts > Short sleeve t-shirts,https://cdn.shopify.com/s/files/1/0052/8321/7498/products/R2-1J3iQ.jpg?v=1735843878,DELTA ZETA
DZ Dezigns,DZ Rose Hat,UPI26061827691,Headwear > Billed hats,https://cdn.shopify.com/s/files/1/0052/8321/7498/products/rosehat.jpg?v=1602257118,DELTA ZETA
DZ Dezigns,Delta Zeta Angel Tank,UPI26061855051,Shirts > Tank tops,https://cdn.shopify.com/s/files/1/0052/8321/7498/products/rpYvMCmw.jpg?v=1735843877,DELTA ZETA
DZ Dezigns,DZ Ankle Socks,UPI26061864011,Apparel > Socks,https://cdn.shopify.com/s/files/1/0052/8321/7498/products/SOCKS.jpg?v=1602257111,DELTA ZETA
DZ Dezigns,Black Crystal Tie-Dye Tee,UPI2606187745,Shirts > Short sleeve t-shirts,https://cdn.shopify.com/s/files/1/0052/8321/7498/products/tUvfqT6w.jpg?v=1735843875,DELTA ZETA
DZ Dezigns,Banana Cream Tee,UPI26061884651,Shirts > Short sleeve t-shirts,https://cdn.shopify.com/s/files/1/0052/8321/7498/products/umFQFFLw.jpg?v=1735843874,DELTA ZETA
DZ Dezigns,Pastel Delta Zeta Tee,UPI2606186769,Shirts > Short sleeve t-shirts,https://cdn.shopify.com/s/files/1/0052/8321/7498/products/uqkzhwAg.jpg?v=1735843884,DELTA ZETA
DZ Dezigns,Happy to be Deezee Tee,UPI2606187953,Shirts > Short sleeve t-shirts,https://cdn.shopify.com/s/files/1/0052/8321/7498/products/WC9ZdIpA.jpg?v=1735843881,DELTA ZETA
DZ Dezigns,White Hat with Pink DZ and Green Line,UPI26061820971,Headwear > Billed hats,https://cdn.shopify.com/s/files/1/0052/8321/7498/products/WHITEHAT.jpg?v=1735843894,DELTA ZETA
DZ Dezigns,White with Pink Script Hat,UPI2606182849,Headwear > Billed hats,https://cdn.shopify.com/s/files/1/0052/8321/7498/products/WHITESCRIPTHAT.jpg?v=1624286399,DELTA ZETA
The Penguin Shoppe,Juneteenth Tee,UPI2606185042,Shirts > Short sleeve t-shirts,https://cdn.shopify.com/s/files/1/0088/2288/2370/files/1.jpg?v=1779220477,THETA PHI ALPHA
The Penguin Shoppe,Granger Crewneck,UPI26061844181,Shirts > Short sleeve t-shirts,https://cdn.shopify.com/s/files/1/0088/2288/2370/files/2.jpg?v=1779220456,THETA PHI ALPHA
The Penguin Shoppe,Lacy Bow Knitted Sweater,UPI26061896821,Apparel > Sweaters,https://cdn.shopify.com/s/files/1/0088/2288/2370/files/Front_323dcd0f-a37b-43fe-bab0-c8606f93c1bb.jpg?v=1761762877,THETA PHI ALPHA
The Penguin Shoppe,Ugly Knitted Sweater,UPI26061884501,Apparel > Sweaters,https://cdn.shopify.com/s/files/1/0088/2288/2370/files/Front_da9ee5f9-f3c4-40da-927c-a1ee0aa5da6b.jpg?v=1763056883,THETA PHI ALPHA
The Penguin Shoppe,Black and Gold Script Tee,UPI2606188626,Shirts > Short sleeve t-shirts,https://cdn.shopify.com/s/files/1/0088/2288/2370/files/IMG_2561.jpg?v=1687186545,THETA PHI ALPHA
The Penguin Shoppe,Blue Compass Pocket Tee,UPI2606184018,Shirts > Short sleeve t-shirts,https://cdn.shopify.com/s/files/1/0088/2288/2370/files/IMG_2562.jpg?v=1735847542,THETA PHI ALPHA
The Penguin Shoppe,Theta Phi Alpha Cup,UPI26061855702,Drinkware > Stadium cups,https://cdn.shopify.com/s/files/1/0088/2288/2370/files/IMG_2874.jpg?v=1735847538,THETA PHI ALPHA
The Penguin Shoppe,Compass Notepad,UPI26061864981,Paper/print goods > Note pads,https://cdn.shopify.com/s/files/1/0088/2288/2370/files/IMG_2875.jpg?v=1735847537,THETA PHI ALPHA
The Penguin Shoppe,Penguin Shoppe Gift Card,UPI26061862961,Paper/print goods > Plastic cards,https://cdn.shopify.com/s/files/1/0088/2288/2370/files/PSB_75a31a84-7bb5-41bb-98e9-86a3deac784f.png?v=1735847721,THETA PHI ALPHA
The Penguin Shoppe,Bid Day Pack,UPI26061827381,Bundles > Gift sets,https://cdn.shopify.com/s/files/1/0088/2288/2370/files/PSB_BDPSITEIMAGE.jpg?v=1735847533,THETA PHI ALPHA
The Penguin Shoppe,Straight Outta Michigan Tee,UPI26061868981,Shirts > Short sleeve t-shirts,https://cdn.shopify.com/s/files/1/0088/2288/2370/files/PSB2204100.jpg?v=1735847578,THETA PHI ALPHA
The Penguin Shoppe,August 30th Crewneck,UPI26061819061,Sweatshirts > Crewneck sweatshirts,https://cdn.shopify.com/s/files/1/0088/2288/2370/files/PSB2204102-NAVY-1566.jpg?v=1735847577,THETA PHI ALPHA
The Penguin Shoppe,Ten Women Tee,UPI2606182978,Shirts > Short sleeve t-shirts,https://cdn.shopify.com/s/files/1/0088/2288/2370/files/PSB2204103.jpg?v=1735847576,THETA PHI ALPHA
The Penguin Shoppe,8.301912 Festival Tank,UPI26061868183,Shirts > Tank tops,https://cdn.shopify.com/s/files/1/0088/2288/2370/files/PSB2204104_5574536a-1773-4e39-a197-0e1a57ba14b9.jpg?v=1735847576,THETA PHI ALPHA
The Penguin Shoppe,Rainbow Patch Hat,UPI26061875382,Headwear > Billed hats,https://cdn.shopify.com/s/files/1/0088/2288/2370/files/PSB2204108-WHITE-VC300A-EMB.jpg?v=1735847544,THETA PHI ALPHA
The Penguin Shoppe,Rainbow Patch Beanie,UPI26061869142,Headwear > Beanies,https://cdn.shopify.com/s/files/1/0088/2288/2370/files/PSB2204115-BLACK-SP15-EMB.jpg?v=1735847543,THETA PHI ALPHA
The Penguin Shoppe,Rainbow Patch Rain Jacket,UPI2606181826,Outerwear > Jackets,https://cdn.shopify.com/s/files/1/0088/2288/2370/files/PSB2204131-WAVE-5099-EMB.jpg?v=1735847543,THETA PHI ALPHA
The Penguin Shoppe,Rainbow Patch Backpack,UPI26061844182,Bags > Backpacks,https://cdn.shopify.com/s/files/1/0088/2288/2370/files/PSB2204134-BLACK-BE0303-EMB.jpg?v=1735847542,THETA PHI ALPHA
The Penguin Shoppe,Compass Tote,UPI2606180034,Bags > Tote bags,https://cdn.shopify.com/s/files/1/0088/2288/2370/files/PSB2204157-WHITE-Q800.jpg?v=1735847545,THETA PHI ALPHA
The Penguin Shoppe,ELEL Tote,UPI26061838742,Bags > Tote bags,https://cdn.shopify.com/s/files/1/0088/2288/2370/files/PSB2204158-ROYALBLUE-Q800_2.jpg?v=1687033695,THETA PHI ALPHA
The Penguin Shoppe,Grinning Tote,UPI2606183250,Bags > Tote bags,https://cdn.shopify.com/s/files/1/0088/2288/2370/files/PSB2204160-BLACK-Q800.jpg?v=1687033800,THETA PHI ALPHA
The Penguin Shoppe,Theta Phi 1912 Tote,UPI26061898583,Bags > Tote bags,https://cdn.shopify.com/s/files/1/0088/2288/2370/files/PSB2204161-GREY-Q800.jpg?v=1735847545,THETA PHI ALPHA
The Penguin Shoppe,Dad's Day Tee,UPI26061810102,Shirts > Short sleeve t-shirts,https://cdn.shopify.com/s/files/1/0088/2288/2370/files/PSB220469-DRKGREY-3001.jpg?v=1735847548,THETA PHI ALPHA
The Penguin Shoppe,Mom Tee,UPI26061803864,Shirts > Short sleeve t-shirts,https://cdn.shopify.com/s/files/1/0088/2288/2370/files/PSB220470-SKY-3001.jpg?v=1735847547,THETA PHI ALPHA
The Penguin Shoppe,Signature Mom Crewneck,UPI26061863703,Sweatshirts > Crewneck sweatshirts,https://cdn.shopify.com/s/files/1/0088/2288/2370/files/PSB220471-FRNCHNAVY-JHA030.jpg?v=1735847547,THETA PHI ALPHA
The Penguin Shoppe,Dad Crewneck,UPI26061874422,Sweatshirts > Crewneck sweatshirts,https://cdn.shopify.com/s/files/1/0088/2288/2370/files/PSB220472-CHARCOAL-JHA030.jpg?v=1735847546,THETA PHI ALPHA
The Penguin Shoppe,Ann Arbor MI Long Sleeve,UPI2606188770,Shirts > Long sleeve t-shirts,https://cdn.shopify.com/s/files/1/0088/2288/2370/files/PSB220498-BACK.jpg?v=1735847579,THETA PHI ALPHA
The Penguin Shoppe,Official Polo,UPI26061836981,Shirts > Short sleeve polo shirts,https://cdn.shopify.com/s/files/1/0088/2288/2370/files/PSB230001-WHITE-DG20W-EMB.jpg?v=1735847541,THETA PHI ALPHA
The Penguin Shoppe,Classic Polo,UPI26061818261,Shirts > Short sleeve polo shirts,https://cdn.shopify.com/s/files/1/0088/2288/2370/files/PSB230002-TRUEROYAL-DG20W-EMB.jpg?v=1735847540,THETA PHI ALPHA
The Penguin Shoppe,Classic Polo,UPI26061801301,Shirts > Short sleeve polo shirts,https://cdn.shopify.com/s/files/1/0088/2288/2370/files/PSB230003-WHITE-DG20W-EMB.jpg?v=1735847540,THETA PHI ALPHA
The Penguin Shoppe,Greek Letter Polo,UPI26061871862,Shirts > Short sleeve polo shirts,https://cdn.shopify.com/s/files/1/0088/2288/2370/files/PSB230004-TRUEROYAL-DG20W-EMB.jpg?v=1735847539,THETA PHI ALPHA
The Penguin Shoppe,Greek Letter Polo,UPI2606181922,Shirts > Short sleeve polo shirts,https://cdn.shopify.com/s/files/1/0088/2288/2370/files/PSB230005-WHITE-DG20W-EMB.jpg?v=1735847538,THETA PHI ALPHA
The Penguin Shoppe,Glam Baby Tee,UPI26061865142,Shirts > Short sleeve t-shirts,https://cdn.shopify.com/s/files/1/0088/2288/2370/files/PSB23GL0201_1010_BLACK.jpg?v=1735847536,THETA PHI ALPHA
The Penguin Shoppe,Glam Hoodie,UPI2606188338,Sweatshirts > Hooded sweatshirts,https://cdn.shopify.com/s/files/1/0088/2288/2370/files/PSB23GL0201_18500_BLACK.jpg?v=1735847536,THETA PHI ALPHA
The Penguin Shoppe,Luxe Lounge Set,UPI26061877783,Loungewear > Sweatsuit sets,https://cdn.shopify.com/s/files/1/0088/2288/2370/files/PSB23GL0202_TD055-NUDE_TD085-NUDE-EMB.jpg?v=1700697783,THETA PHI ALPHA
The Penguin Shoppe,Love You Crew,UPI26061829783,Sweatshirts > Crewneck sweatshirts,https://cdn.shopify.com/s/files/1/0088/2288/2370/files/PSB23GL0205_1566_WHITE-BACK.jpg?v=1735847534,THETA PHI ALPHA
The Penguin Shoppe,Butter Varsity Tee,UPI2606189298,Shirts > Short sleeve t-shirts,https://cdn.shopify.com/s/files/1/0088/2288/2370/files/PSB24GL1021717BUTTER.jpg?v=1735847530,THETA PHI ALPHA
The Penguin Shoppe,Ivory Flower Tee,UPI26061859061,Shirts > Short sleeve t-shirts,https://cdn.shopify.com/s/files/1/0088/2288/2370/files/PSB24GL1031717IVORY.jpg?v=1735847529,THETA PHI ALPHA
The Penguin Shoppe,12 Everlasting Crewneck,UPI26061842102,Sweatshirts > Crewneck sweatshirts,https://cdn.shopify.com/s/files/1/0088/2288/2370/files/PSB24GL104SS3000SANDSTONE.jpg?v=1735847528,THETA PHI ALPHA
The Penguin Shoppe,ELEL Sweatpants,UPI26061823382,Pants > Sweatpants,https://cdn.shopify.com/s/files/1/0088/2288/2370/files/PSB24GL105IND20PNTSANDSTONE.jpg?v=1722178450,THETA PHI ALPHA
The Penguin Shoppe,Est 1912 Flower Tee,UPI26061838581,Shirts > Short sleeve t-shirts,https://cdn.shopify.com/s/files/1/0088/2288/2370/files/PSB24GL1061717SAPPHIRE.jpg?v=1735847527,THETA PHI ALPHA
The Penguin Shoppe,1912 Crewneck Sweatshirt,UPI26061852021,Sweatshirts > Crewneck sweatshirts,https://cdn.shopify.com/s/files/1/0088/2288/2370/files/PSB24GL107SS3000WHITE.jpg?v=1735847526,THETA PHI ALPHA
The Penguin Shoppe,Independent Established Crewneck,UPI26061882421,Sweatshirts > Crewneck sweatshirts,https://cdn.shopify.com/s/files/1/0088/2288/2370/files/PSB24GL108PRM3500PLIGHTBLUE.jpg?v=1735847525,THETA PHI ALPHA
The Penguin Shoppe,Sandy Alumna Crewneck,UPI26061802101,Sweatshirts > Crewneck sweatshirts,https://cdn.shopify.com/s/files/1/0088/2288/2370/files/PSB24GL10918000SAND.jpg?v=1735847524,THETA PHI ALPHA
The Penguin Shoppe,Retro Repeat Crewneck,UPI26061870902,Sweatshirts > Crewneck sweatshirts,https://cdn.shopify.com/s/files/1/0088/2288/2370/files/PSB24GL11018000NAVY.jpg?v=1735847523,THETA PHI ALPHA
The Penguin Shoppe,Comfort Compass Tee,UPI26061842423,Shirts > Short sleeve t-shirts,https://cdn.shopify.com/s/files/1/0088/2288/2370/files/PSB24GL1111717WHITEBACK.jpg?v=1735847522,THETA PHI ALPHA
The Penguin Shoppe,Shaka Michigan Tee,UPI2606180050,Shirts > Short sleeve t-shirts,https://cdn.shopify.com/s/files/1/0088/2288/2370/files/PSB24GL112SHGDDSHAKACREAM.jpg?v=1735847521,THETA PHI ALPHA
The Penguin Shoppe,Storm Blue Hoodie,UPI26061807702,Sweatshirts > Hooded sweatshirts,https://cdn.shopify.com/s/files/1/0088/2288/2370/files/PSB24GL113SS4500STORMBLUEFRONT.jpg?v=1735847520,THETA PHI ALPHA
The Penguin Shoppe,Since 1912 Hoodie,UPI2606181490,Sweatshirts > Hooded sweatshirts,https://cdn.shopify.com/s/files/1/0088/2288/2370/files/PSB24GL114SS4500BLUEAQUABACK.jpg?v=1735847519,THETA PHI ALPHA
The Penguin Shoppe,Brighten Crewneck,UPI26061879221,Sweatshirts > Crewneck sweatshirts,https://cdn.shopify.com/s/files/1/0088/2288/2370/files/PSB24GL115PRM3500YELLOW.jpg?v=1735847518,THETA PHI ALPHA
The Penguin Shoppe,Birch Cardigan,UPI26061826581,Apparel > Sweaters,https://cdn.shopify.com/s/files/1/0088/2288/2370/files/PSB24GL116MM3023BERCH.jpg?v=1735847517,THETA PHI ALPHA
The Penguin Shoppe,Compass Game day Hat,UPI2606189090,Headwear > Billed hats,https://cdn.shopify.com/s/files/1/0088/2288/2370/files/PSB24GL117GB465ROYAL.jpg?v=1735847516,THETA PHI ALPHA
The Penguin Shoppe,Khaki Game Day Hat,UPI26061838262,Headwear > Billed hats,https://cdn.shopify.com/s/files/1/0088/2288/2370/files/PSB24GL118GB465KHAKI.jpg?v=1735847515,THETA PHI ALPHA
The Penguin Shoppe,Color Block Hoodie,UPI26061890102,Sweatshirts > Hooded sweatshirts,https://cdn.shopify.com/s/files/1/0088/2288/2370/files/PSB24GL119W23716HEATHER.jpg?v=1735847515,THETA PHI ALPHA
The Penguin Shoppe,Vertical Line Tote,UPI26061865141,Bags > Tote bags,https://cdn.shopify.com/s/files/1/0088/2288/2370/files/PSB24GL120Q800NATURAL.jpg?v=1735847513,THETA PHI ALPHA
The Penguin Shoppe,Blue Bow Crop Tank,UPI26061829463,Shirts > Tank tops,https://cdn.shopify.com/s/files/1/0088/2288/2370/files/PSB24GL1211013WHITE.jpg?v=1735847512,THETA PHI ALPHA
The Penguin Shoppe,Baby Blue Alumna Crop Tee,UPI2606182002,Shirts > Short sleeve t-shirts,https://cdn.shopify.com/s/files/1/0088/2288/2370/files/PSB24GL1221013BABYBLUE.jpg?v=1735847503,THETA PHI ALPHA
The Penguin Shoppe,Natural Established Crop Tee,UPI26061828662,Shirts > Short sleeve t-shirts,https://cdn.shopify.com/s/files/1/0088/2288/2370/files/PSB24GL1231010NATURAL.jpg?v=1735847511,THETA PHI ALPHA
The Penguin Shoppe,3-Peat Crop Tee,UPI26061892981,Shirts > Short sleeve t-shirts,https://cdn.shopify.com/s/files/1/0088/2288/2370/files/PSB24GL1241010BLACK.jpg?v=1735847510,THETA PHI ALPHA
The Penguin Shoppe,Established Notecard,UPI2606183410,Stationery > Note cards,https://cdn.shopify.com/s/files/1/0088/2288/2370/files/PSB24GL126POSTCARDFRONT.jpg?v=1735847508,THETA PHI ALPHA
The Penguin Shoppe,Crest Compass Notecard,UPI26061830581,Stationery > Note cards,https://cdn.shopify.com/s/files/1/0088/2288/2370/files/PSB24GL127FOLDOVERNOTECARD.jpg?v=1735847507,THETA PHI ALPHA
The Penguin Shoppe,Checkered Button,UPI26061844021,Apparel > Buttons,https://cdn.shopify.com/s/files/1/0088/2288/2370/files/PSB24GL128BUTTON.jpg?v=1735847506,THETA PHI ALPHA
The Penguin Shoppe,1912 Sticker,UPI26061823542,Promotional > Stickers,https://cdn.shopify.com/s/files/1/0088/2288/2370/files/PSB24GL130STICKER.jpg?v=1735847505,THETA PHI ALPHA
The Penguin Shoppe,Blue Bow Sticker,UPI2606187090,Promotional > Stickers,https://cdn.shopify.com/s/files/1/0088/2288/2370/files/PSB24GL131STICKER.jpg?v=1735847504,THETA PHI ALPHA
The Penguin Shoppe,XO Tee,UPI26061840661,Shirts > Short sleeve t-shirts,https://cdn.shopify.com/s/files/1/0088/2288/2370/files/PSB24GL2011717BLACK.jpg?v=1735847492,THETA PHI ALPHA
The Penguin Shoppe,Cherry Bow Crewneck,UPI26061829941,Sweatshirts > Crewneck sweatshirts,https://cdn.shopify.com/s/files/1/0088/2288/2370/files/PSB24GL20218000LIGHTPINK.jpg?v=1735847493,THETA PHI ALPHA
The Penguin Shoppe,Reindeer Games Tee,UPI2606185938,Shirts > Short sleeve t-shirts,https://cdn.shopify.com/s/files/1/0088/2288/2370/files/PSB24GL2031717LAGOON.jpg?v=1735847494,THETA PHI ALPHA
The Penguin Shoppe,Reindeer Games Tee,UPI2606187634,Shirts > Short sleeve t-shirts,https://cdn.shopify.com/s/files/1/0088/2288/2370/files/PSB24GL2031717WATERMELON.jpg?v=1735847495,THETA PHI ALPHA
The Penguin Shoppe,Snowfall Crewneck,UPI26061844183,Sweatshirts > Crewneck sweatshirts,https://cdn.shopify.com/s/files/1/0088/2288/2370/files/PSB24GL20418000SPORTSGRAY.jpg?v=1735847496,THETA PHI ALPHA
The Penguin Shoppe,Ghosted Crewneck,UPI26061805781,Sweatshirts > Crewneck sweatshirts,https://cdn.shopify.com/s/files/1/0088/2288/2370/files/PSB24GL20518000BLACK.jpg?v=1735847497,THETA PHI ALPHA
The Penguin Shoppe,Gingerbread Crewneck,UPI26061873622,Sweatshirts > Crewneck sweatshirts,https://cdn.shopify.com/s/files/1/0088/2288/2370/files/PSB24GL20618000SAND.jpg?v=1735847498,THETA PHI ALPHA
The Penguin Shoppe,Pumpkin Bow Tee,UPI2606180754,Shirts > Short sleeve t-shirts,https://cdn.shopify.com/s/files/1/0088/2288/2370/files/PSB24GL2071717BRIGHTORANGE.jpg?v=1735847499,THETA PHI ALPHA
The Penguin Shoppe,Holiday Bow Crewneck,UPI26061896823,Sweatshirts > Crewneck sweatshirts,https://cdn.shopify.com/s/files/1/0088/2288/2370/files/PSB24GL20818000SAND.jpg?v=1735847500,THETA PHI ALPHA
The Penguin Shoppe,Dashing Crewneck,UPI26061836982,Sweatshirts > Crewneck sweatshirts,https://cdn.shopify.com/s/files/1/0088/2288/2370/files/PSB24GL20918000FOREST.jpg?v=1735847501,THETA PHI ALPHA
The Penguin Shoppe,Script Beanie,UPI26061800341,Headwear > Beanies,https://cdn.shopify.com/s/files/1/0088/2288/2370/files/PSB24GL210SP15ROYALBLUE.jpg?v=1735847502,THETA PHI ALPHA
The Penguin Shoppe,Juneteenth Tee,UPI26061875222,Shirts > Short sleeve t-shirts,https://cdn.shopify.com/s/files/1/0088/2288/2370/files/PSB24JUNETEENTH-3001-BLACK.jpg?v=1735847531,THETA PHI ALPHA
The Penguin Shoppe,Make a Wish Tee,UPI26061884182,Shirts > Short sleeve t-shirts,https://cdn.shopify.com/s/files/1/0088/2288/2370/files/PSB2500011717BUTTER.jpg?v=1745522066,THETA PHI ALPHA
The Penguin Shoppe,Matchbook Hoodie,UPI26061820821,Sweatshirts > Hooded sweatshirts,https://cdn.shopify.com/s/files/1/0088/2288/2370/files/PSB25000218500LTBLUEBACK.jpg?v=1745522233,THETA PHI ALPHA
The Penguin Shoppe,Sapphire Compass Tee,UPI26061829781,Shirts > Short sleeve t-shirts,https://cdn.shopify.com/s/files/1/0088/2288/2370/files/PSB2500031717SAPPHIREBACK.jpg?v=1745522396,THETA PHI ALPHA
The Penguin Shoppe,Checkered Star Hoodie,UPI26061849461,Sweatshirts > Hooded sweatshirts,https://cdn.shopify.com/s/files/1/0088/2288/2370/files/PSB25000418500SPORTSGREYBACK.jpg?v=1745522547,THETA PHI ALPHA
The Penguin Shoppe,Checkered Star Sweatpants,UPI2606180930,Pants > Sweatpants,https://cdn.shopify.com/s/files/1/0088/2288/2370/files/PSB25000518400SPORTSGREY.jpg?v=1745522647,THETA PHI ALPHA
The Penguin Shoppe,Playful Crewneck,UPI26061824501,Sweatshirts > Crewneck sweatshirts,https://cdn.shopify.com/s/files/1/0088/2288/2370/files/PSB2500063945BLACK.jpg?v=1745522805,THETA PHI ALPHA
The Penguin Shoppe,Playful Shorts,UPI26061839701,Pants > Sweatpants,https://cdn.shopify.com/s/files/1/0088/2288/2370/files/PSB2500073787BLACK.jpg?v=1745522929,THETA PHI ALPHA
The Penguin Shoppe,Theta Phi Visor,UPI2606181474,Headwear > Visors,https://cdn.shopify.com/s/files/1/0088/2288/2370/files/PSB250008VC500LTBLUE.jpg?v=1745523125,THETA PHI ALPHA
The Penguin Shoppe,Proud Hoodie,UPI26061827221,Sweatshirts > Hooded sweatshirts,https://cdn.shopify.com/s/files/1/0088/2288/2370/files/PSB250101PC78HWHITE.jpg?v=1750260795,THETA PHI ALPHA
The Penguin Shoppe,Proud Pants,UPI26061888024,Pants > Sweatpants,https://cdn.shopify.com/s/files/1/0088/2288/2370/files/PSB250102PC78PWHITE.jpg?v=1750261014,THETA PHI ALPHA
The Penguin Shoppe,Hunger and Homeless Crewneck,UPI26061804501,Shirts > Short sleeve t-shirts,https://cdn.shopify.com/s/files/1/0088/2288/2370/files/PSB250318000WHITE.jpg?v=1762449225,THETA PHI ALPHA
The Penguin Shoppe,Hunger and Homeless Tee,UPI2606185538,Shirts > Short sleeve t-shirts,https://cdn.shopify.com/s/files/1/0088/2288/2370/files/PSB25035000WHITE.jpg?v=1762449075,THETA PHI ALPHA
The Penguin Shoppe,Hunger and Homeless Button,UPI26061837781,Promotional > Pin-back buttons,https://cdn.shopify.com/s/files/1/0088/2288/2370/files/PSB2503BUTTON.jpg?v=1762449314,THETA PHI ALPHA
The Penguin Shoppe,ETA Crewneck,UPI26061810101,Sweatshirts > Crewneck sweatshirts,https://cdn.shopify.com/s/files/1/0088/2288/2370/files/PSB25GL20118000LTBLUE.jpg?v=1762448083,THETA PHI ALPHA
The Penguin Shoppe,Say It Back Crewneck,UPI26061830902,Sweatshirts > Crewneck sweatshirts,https://cdn.shopify.com/s/files/1/0088/2288/2370/files/PSB25GL20218000NAVYback.jpg?v=1762448228,THETA PHI ALPHA
The Penguin Shoppe,Pastel Butter Tee,UPI26061897141,Shirts > Short sleeve t-shirts,https://cdn.shopify.com/s/files/1/0088/2288/2370/files/PSB25GL2031717BUTTER.jpg?v=1762448369,THETA PHI ALPHA
The Penguin Shoppe,Wavy Tee,UPI2606185442,Shirts > Short sleeve t-shirts,https://cdn.shopify.com/s/files/1/0088/2288/2370/files/PSB25GL2041717SAPHIREback.jpg?v=1762448501,THETA PHI ALPHA
The Penguin Shoppe,1912 Hoodie,UPI26061815541,Sweatshirts > Hooded sweatshirts,https://cdn.shopify.com/s/files/1/0088/2288/2370/files/PSB25GL205996MRBLACKfront.jpg?v=1762448781,THETA PHI ALPHA
The Penguin Shoppe,Black Sweatpants,UPI26061866583,Pants > Sweatpants,https://cdn.shopify.com/s/files/1/0088/2288/2370/files/PSB25GL206974MPRBLACK.jpg?v=1762448933,THETA PHI ALPHA
The Penguin Shoppe,Ash Mock Neck- Limited Edition,UPI26061846422,Apparel > Sweaters,https://cdn.shopify.com/s/files/1/0088/2288/2370/files/PSB25NOV1ASHMOCKNECK.jpg?v=1762449575,THETA PHI ALPHA
The Penguin Shoppe,Cherry Bid Day Tee,UPI26061866742,Shirts > Short sleeve t-shirts,https://cdn.shopify.com/s/files/1/0088/2288/2370/files/PSB2600011010PINK.jpg?v=1774889802,THETA PHI ALPHA
The Penguin Shoppe,La Dolce Vila Tee,UPI2606182034,Shirts > Short sleeve t-shirts,https://cdn.shopify.com/s/files/1/0088/2288/2370/files/PSB2600021010WHITE.jpg?v=1774889977,THETA PHI ALPHA
The Penguin Shoppe,Disco Bid Day Tee,UPI2606181410,Shirts > Short sleeve t-shirts,https://cdn.shopify.com/s/files/1/0088/2288/2370/files/PSB2600031010LTBLUE.jpg?v=1774890062,THETA PHI ALPHA
The Penguin Shoppe,Berry Best Bid Day Tee,UPI26061812341,Shirts > Short sleeve t-shirts,https://cdn.shopify.com/s/files/1/0088/2288/2370/files/PSB2600041717WHITE.jpg?v=1774890730,THETA PHI ALPHA
The Penguin Shoppe,Frosted Theta Phi Alpha Tee,UPI26061821462,Shirts > Short sleeve t-shirts,https://cdn.shopify.com/s/files/1/0088/2288/2370/files/PSB2600051717WASHEDDENIM.jpg?v=1774890844,THETA PHI ALPHA
The Penguin Shoppe,Bear Bid Day Tee,UPI26061898262,Shirts > Short sleeve t-shirts,https://cdn.shopify.com/s/files/1/0088/2288/2370/files/PSB2600061717NAVY.jpg?v=1774890933,THETA PHI ALPHA
The Penguin Shoppe,1912 Crop Tee,UPI2606183666,Shirts > Short sleeve t-shirts,https://cdn.shopify.com/s/files/1/0088/2288/2370/files/PSB2600071010BLACK.jpg?v=1774891054,THETA PHI ALPHA
The Penguin Shoppe,Love Theta Phi Tee,UPI26061830423,Shirts > Short sleeve t-shirts,https://cdn.shopify.com/s/files/1/0088/2288/2370/files/PSB2600081010PINK.jpg?v=1774891150,THETA PHI ALPHA
The Penguin Shoppe,Theta Phi Alpha Crop Tee,UPI2606184114,Shirts > Short sleeve t-shirts,https://cdn.shopify.com/s/files/1/0088/2288/2370/files/PSB2600091010LTBLUE.jpg?v=1774891229,THETA PHI ALPHA
The Penguin Shoppe,Dazzling Tee,UPI26061851862,Shirts > Short sleeve t-shirts,https://cdn.shopify.com/s/files/1/0088/2288/2370/files/PSB2600101717SAPHIRE.jpg?v=1774891340,THETA PHI ALPHA
The Penguin Shoppe,Classic Compass Tee,UPI2606185634,Shirts > Short sleeve t-shirts,https://cdn.shopify.com/s/files/1/0088/2288/2370/files/PSB2600111717NAVY.jpg?v=1774891451,THETA PHI ALPHA
The Penguin Shoppe,Fairest of Them All Tee,UPI2606186082,Shirts > Short sleeve t-shirts,https://cdn.shopify.com/s/files/1/0088/2288/2370/files/PSB2600121717WHITE.jpg?v=1774891538,THETA PHI ALPHA
The Penguin Shoppe,Hunger and Homeless Jacket,UPI26061876021,Shirts > Short sleeve t-shirts,https://cdn.shopify.com/s/files/1/0088/2288/2370/files/PSB260013EXP54LWZNAVY_ROYAL.jpg?v=1774891678,THETA PHI ALPHA
The Penguin Shoppe,Hunger and Homelessness Hat,UPI2606188050,Headwear > Billed hats,https://cdn.shopify.com/s/files/1/0088/2288/2370/files/PSB260014VC300AROYAL.jpg?v=1774891856,THETA PHI ALPHA
The Penguin Shoppe,Greeting from PA Tee,PSB260101 ,Shirts > Short sleeve t-shirts,https://cdn.shopify.com/s/files/1/0088/2288/2370/files/PSB2601011717GREYback.jpg?v=1783625596,THETA PHI ALPHA
The Penguin Shoppe,Penguin Star Tee,PSB260102,Shirts > Short sleeve t-shirts,https://cdn.shopify.com/s/files/1/0088/2288/2370/files/PSB2601021717BUTTER_1.jpg?v=1783625756,THETA PHI ALPHA
The Penguin Shoppe,Bow Bouquet Tee,PSB260103,Shirts > Short sleeve t-shirts,https://cdn.shopify.com/s/files/1/0088/2288/2370/files/PSB2601036030FLOBLUEback.jpg?v=1783625978,THETA PHI ALPHA
The Penguin Shoppe,Dazzling Penguin,PSB260104,Shirts > Short sleeve t-shirts,https://cdn.shopify.com/s/files/1/0088/2288/2370/files/PSB2601041717BLACK.jpg?v=1783626096,THETA PHI ALPHA
The Penguin Shoppe,Penguin Star Sticker,PSB260107,Promotional > Stickers,https://cdn.shopify.com/s/files/1/0088/2288/2370/files/PSB260107STICKER.jpg?v=1783626430,THETA PHI ALPHA
The Penguin Shoppe,Heart Locket Sticker,PSB260108,Promotional > Stickers,https://cdn.shopify.com/s/files/1/0088/2288/2370/files/PSB260108STICKER.jpg?v=1783626536,THETA PHI ALPHA
The Penguin Shoppe,Heather Grey Cardian,PSB260110,Shirts > Short sleeve t-shirts,https://cdn.shopify.com/s/files/1/0088/2288/2370/files/PSB260110LSW2870CHARHTR.jpg?v=1783626634,THETA PHI ALPHA
The Penguin Shoppe,Warm Taupe 1/4 Zip,PSB260111,Shirts > Short sleeve t-shirts,https://cdn.shopify.com/s/files/1/0088/2288/2370/files/PSB260111MM3041WARMTAUPE.jpg?v=1783626815,THETA PHI ALPHA
The Penguin Shoppe,Blazer,PSB260113,Outerwear > Jackets,https://cdn.shopify.com/s/files/1/0088/2288/2370/files/PSB260112LM2000BLACK.jpg?v=1783626970,THETA PHI ALPHA
The Penguin Shoppe,Heart of Pride,UPI26061866422,Shirts > Short sleeve t-shirts,https://cdn.shopify.com/s/files/1/0088/2288/2370/files/PSB2602011717WHITE.jpg?v=1778855847,THETA PHI ALPHA
The Penguin Shoppe,GaGa for Theta Phi Alpha,UPI26061815542,Shirts > Short sleeve t-shirts,https://cdn.shopify.com/s/files/1/0088/2288/2370/files/PSB2602021717BLACKFRONT_17305220-eec6-49e7-baf6-cd07676f333d.jpg?v=1778856173,THETA PHI ALPHA
The Penguin Shoppe,Everyone's Crewneck,UPI2606183698,Shirts > Short sleeve t-shirts,https://cdn.shopify.com/s/files/1/0088/2288/2370/files/PSB26020318000WHITE.jpg?v=1778856231,THETA PHI ALPHA
The Penguin Shoppe,Proud Crewneck,UPI26061875381,Shirts > Short sleeve t-shirts,https://cdn.shopify.com/s/files/1/0088/2288/2370/files/PSB26020418000LTBLUE.jpg?v=1778856368,THETA PHI ALPHA
The Penguin Shoppe,Banana Equal Tee,UPI26061812021,Shirts > Short sleeve t-shirts,https://cdn.shopify.com/s/files/1/0088/2288/2370/files/PSB2602051717BANANABACK.jpg?v=1778856803,THETA PHI ALPHA
The Penguin Shoppe,Culture Tee,UPI26061825462,Shirts > Short sleeve t-shirts,https://cdn.shopify.com/s/files/1/0088/2288/2370/files/PSB2602081717GRANITEBACK.jpg?v=1778857377,THETA PHI ALPHA
The Penguin Shoppe,Bouquet Crewneck,UPI26061899381,Sweatshirts > Crewneck sweatshirts,https://cdn.shopify.com/s/files/1/0088/2288/2370/files/PSB26030118000ASHBACK.jpg?v=1776364314,THETA PHI ALPHA
The Penguin Shoppe,Chambray Founders Tee,UPI26061822101,Shirts > Short sleeve t-shirts,https://cdn.shopify.com/s/files/1/0088/2288/2370/files/PSB2603021717CHAMBRAYBACK.jpg?v=1776364452,THETA PHI ALPHA
The Penguin Shoppe,White Tablecloth,UPI26061876981,Household items > Tablecloths,https://cdn.shopify.com/s/files/1/0088/2288/2370/files/PSB260401WHITETABLECLOTH.jpg?v=1778695994,THETA PHI ALPHA
The Penguin Shoppe,Blue Tablecloth,UPI26061832342,Household items > Tablecloths,https://cdn.shopify.com/s/files/1/0088/2288/2370/files/PSB260402bluetablecloth.jpg?v=1778696290,THETA PHI ALPHA
The Penguin Shoppe,White Pop-Up Banner,UPI26061819862,Household items > Tablecloths,https://cdn.shopify.com/s/files/1/0088/2288/2370/files/PSB260403popupbanner.jpg?v=1778696352,THETA PHI ALPHA
The Penguin Shoppe,Blue Pop-Up Banner,UPI26061875221,Household items > Tablecloths,https://cdn.shopify.com/s/files/1/0088/2288/2370/files/PSB260404popupbanner.jpg?v=1778696564,THETA PHI ALPHA
The Penguin Shoppe,Pop-Up Tent,UPI26061873461,Promotional > Tents,https://cdn.shopify.com/s/files/1/0088/2288/2370/files/PSB260405POPUPBANNERtent.jpg?v=1778696677,THETA PHI ALPHA
The Penguin Shoppe,Star Volunteer Tee,UPI26061827701,Shirts > Short sleeve t-shirts,https://cdn.shopify.com/s/files/1/0088/2288/2370/files/PSB26GL6011717WHITE.jpg?v=1774537718,THETA PHI ALPHA
The Penguin Shoppe,Flower Power Volunteer Hoodie,UPI2606185986,Sweatshirts > Hooded sweatshirts,https://cdn.shopify.com/s/files/1/0088/2288/2370/files/PSB26GL60218500LTBLUEBACK.jpg?v=1774537828,THETA PHI ALPHA
The Penguin Shoppe,Volunteer Jacket,UPI26061847381,Outerwear > Jackets,https://cdn.shopify.com/s/files/1/0088/2288/2370/files/PSB26GL603F217NAVY.jpg?v=1774537934,THETA PHI ALPHA
The Penguin Shoppe,Compass Quarter Zip,UPI26061824181,Sweatshirts > Crewneck sweatshirts,https://cdn.shopify.com/s/files/1/0088/2288/2370/files/PSB26GL604ST253ATHHTR.jpg?v=1774538067,THETA PHI ALPHA
The Penguin Shoppe,Locker Key Chain,UPI26061808662,Promotional > Key chains,https://cdn.shopify.com/s/files/1/0088/2288/2370/files/PSB-BDP-KEYCHAIN.jpg?v=1735847532,THETA PHI ALPHA
The Penguin Shoppe,Shadow Script Sticker,UPI26061824663,Promotional > Stickers,https://cdn.shopify.com/s/files/1/0088/2288/2370/files/PSB-BDP-STICKER.jpg?v=1735847533,THETA PHI ALPHA
The Penguin Shoppe,Gold Bar Necklace,UPI26061869141,Jewelry > Necklaces,https://cdn.shopify.com/s/files/1/0088/2288/2370/products/1d15c3cc-9f59-4e18-8679-99a81c006c89.jpg?v=1623086512,THETA PHI ALPHA
The Penguin Shoppe,Ever Loyal Ever Lasting Hoodie,UPI26061820501,Sweatshirts > Hooded sweatshirts,https://cdn.shopify.com/s/files/1/0088/2288/2370/products/220001.jpg?v=1735847658,THETA PHI ALPHA
The Penguin Shoppe,Navy Theta Phi Alpha Compass 1912 Tee,UPI26061818902,Shirts > Short sleeve t-shirts,https://cdn.shopify.com/s/files/1/0088/2288/2370/products/220002-2.jpg?v=1735847657,THETA PHI ALPHA
The Penguin Shoppe,Theta Phi ELEL Stamp Sweatshirt,UPI26061830582,Sweatshirts > Crewneck sweatshirts,https://cdn.shopify.com/s/files/1/0088/2288/2370/products/220003.jpg?v=1735847656,THETA PHI ALPHA
The Penguin Shoppe,Theta Phi Wave Tee,UPI26061894101,Shirts > Short sleeve t-shirts,https://cdn.shopify.com/s/files/1/0088/2288/2370/products/220005.jpg?v=1735847655,THETA PHI ALPHA
The Penguin Shoppe,Blue Theta Phi Alpha Sticker,UPI26061879862,Promotional > Stickers,https://cdn.shopify.com/s/files/1/0088/2288/2370/products/220006.jpg?v=1735847654,THETA PHI ALPHA
The Penguin Shoppe,Royal Theta Phi Alpha 1912 Hat,UPI26061883542,Headwear > Billed hats,https://cdn.shopify.com/s/files/1/0088/2288/2370/products/220007.jpg?v=1735847653,THETA PHI ALPHA
The Penguin Shoppe,Yellow Hat,UPI26061847861,Headwear > Billed hats,https://cdn.shopify.com/s/files/1/0088/2288/2370/products/220008.jpg?v=1735847652,THETA PHI ALPHA
The Penguin Shoppe,Theta Phi Alpha Line Tee,UPI2606183634,Shirts > Short sleeve t-shirts,https://cdn.shopify.com/s/files/1/0088/2288/2370/products/220010.jpg?v=1735847651,THETA PHI ALPHA
The Penguin Shoppe,Theta Phi Tumbler with Straw,UPI26061856182,Drinkware > Tumblers,https://cdn.shopify.com/s/files/1/0088/2288/2370/products/220011.jpg?v=1651945914,THETA PHI ALPHA
The Penguin Shoppe,#Everloyaleverlasting,UPI26061829462,Shirts > Short sleeve t-shirts,https://cdn.shopify.com/s/files/1/0088/2288/2370/products/220012-2.jpg?v=1735847650,THETA PHI ALPHA
The Penguin Shoppe,Theta Phi Alpha Ladies High Neck Tank,UPI26061828663,Shirts > Tank tops,https://cdn.shopify.com/s/files/1/0088/2288/2370/products/220013.jpg?v=1735847649,THETA PHI ALPHA
The Penguin Shoppe,Banana Cream Tee,UPI2606180338,Shirts > Short sleeve t-shirts,https://cdn.shopify.com/s/files/1/0088/2288/2370/products/4x8CfJoQ.jpg?v=1735847691,THETA PHI ALPHA
The Penguin Shoppe,Butterfly Script,UPI2606180914,Sweatshirts > Crewneck sweatshirts,https://cdn.shopify.com/s/files/1/0088/2288/2370/products/BgpJU4kg.jpg?v=1735847695,THETA PHI ALPHA
The Penguin Shoppe,Happy to be Theta Phi Tee,UPI2606182322,Shirts > Short sleeve t-shirts,https://cdn.shopify.com/s/files/1/0088/2288/2370/products/bLzI_rOg.jpg?v=1735847698,THETA PHI ALPHA
The Penguin Shoppe,Circle Monogram LinkBracelet,UPI26061814261,Jewelry > Bracelets,https://cdn.shopify.com/s/files/1/0088/2288/2370/products/cid621lnk031.jpg?v=1735847754,THETA PHI ALPHA
The Penguin Shoppe,Cutout Letters Bracelet,UPI26061819861,Jewelry > Bracelets,https://cdn.shopify.com/s/files/1/0088/2288/2370/products/cid689031.jpg?v=1735847748,THETA PHI ALPHA
The Penguin Shoppe,Gift Card,UPI26061878321,Paper/print goods > Plastic cards,https://cdn.shopify.com/s/files/1/0088/2288/2370/products/e38bd83af578077b65a31424bd24d085.png?v=1735847723,THETA PHI ALPHA
The Penguin Shoppe,Girl Power,UPI2606187682,Sweatshirts > Crewneck sweatshirts,https://cdn.shopify.com/s/files/1/0088/2288/2370/products/HU6zDQmA.jpg?v=1735847700,THETA PHI ALPHA
The Penguin Shoppe,Striped Notebook,UPI26061865621,Paper/print goods > Notebooks,https://cdn.shopify.com/s/files/1/0088/2288/2370/products/IMG_11221.jpg?v=1623338963,THETA PHI ALPHA
The Penguin Shoppe,Polka Dot Cosmetic Bag,UPI26061872661,Bags > Cosmetic bags,https://cdn.shopify.com/s/files/1/0088/2288/2370/products/IMG_11231.jpg?v=1623339157,THETA PHI ALPHA
The Penguin Shoppe,Canvas Cosmetic Bag,UPI2606181442,Bags > Cosmetic bags,https://cdn.shopify.com/s/files/1/0088/2288/2370/products/IMG_11251.jpg?v=1623339343,THETA PHI ALPHA
The Penguin Shoppe,Lumbar Pillow,UPI26061819702,Household items > Pillows,https://cdn.shopify.com/s/files/1/0088/2288/2370/products/IMG_11261.jpg?v=1623339518,THETA PHI ALPHA
The Penguin Shoppe,Knee High Socks,UPI26061896181,Apparel > Socks,https://cdn.shopify.com/s/files/1/0088/2288/2370/products/IMG_11271.jpg?v=1623339827,THETA PHI ALPHA
The Penguin Shoppe,Round Travel Case,UPI26061867062,Bags > Cosmetic cases,https://cdn.shopify.com/s/files/1/0088/2288/2370/products/IMG_11281.jpg?v=1623340256,THETA PHI ALPHA
The Penguin Shoppe,White and Gold Frame,UPI26061896182,Household items > Picture frames,https://cdn.shopify.com/s/files/1/0088/2288/2370/products/IMG_11311.jpg?v=1623340380,THETA PHI ALPHA
The Penguin Shoppe,White and Gold Travel Mug,UPI2606184066,Coffee Mugs > Plastic coffee mugs,https://cdn.shopify.com/s/files/1/0088/2288/2370/products/IMG_11331.jpg?v=1735847691,THETA PHI ALPHA
The Penguin Shoppe,Round Marble Sticker,UPI2606185506,Promotional > Stickers,https://cdn.shopify.com/s/files/1/0088/2288/2370/products/IMG_11371.jpg?v=1754588450,THETA PHI ALPHA
The Penguin Shoppe,3 Button Set,UPI26061877301,Apparel > Buttons,https://cdn.shopify.com/s/files/1/0088/2288/2370/products/IMG_11381_1.jpg?v=1754589032,THETA PHI ALPHA
The Penguin Shoppe,Crest 1/4 Zip,UPI2606187490,Sweatshirts > 1/4 zip sweatshirts,https://cdn.shopify.com/s/files/1/0088/2288/2370/products/IMG_11391.jpg?v=1623373680,THETA PHI ALPHA
The Penguin Shoppe,3/4 Sleeve Alumna Tee,UPI26061816341,Shirts > 3/4 sleeve t-shirts,https://cdn.shopify.com/s/files/1/0088/2288/2370/products/IMG_11411.jpg?v=1623374379,THETA PHI ALPHA
The Penguin Shoppe,Navy Alumna V-Neck,UPI26061855381,Shirts > Short sleeve t-shirts,https://cdn.shopify.com/s/files/1/0088/2288/2370/products/IMG_11421_1.jpg?v=1623374756,THETA PHI ALPHA
The Penguin Shoppe,Pineapple Vibes Button,UPI2606189106,Promotional > Pin-back buttons,https://cdn.shopify.com/s/files/1/0088/2288/2370/products/IMG_11461_1.jpg?v=1623375803,THETA PHI ALPHA
The Penguin Shoppe,Script Hat,UPI26061861461,Headwear > Billed hats,https://cdn.shopify.com/s/files/1/0088/2288/2370/products/IMG_11491.jpg?v=1754589202,THETA PHI ALPHA
The Penguin Shoppe,Script Pom Beanie,UPI2606189858,Headwear > Beanies,https://cdn.shopify.com/s/files/1/0088/2288/2370/products/IMG_11511.jpg?v=1623376422,THETA PHI ALPHA
The Penguin Shoppe,Alumna Leaves Decal,UPI2606182658,Promotional > Stickers,https://cdn.shopify.com/s/files/1/0088/2288/2370/products/IMG_11531.jpg?v=1754588906,THETA PHI ALPHA
The Penguin Shoppe,Lemon Fresh Sticker,UPI26061800182,Promotional > Stickers,https://cdn.shopify.com/s/files/1/0088/2288/2370/products/IMG_11541.jpg?v=1754588830,THETA PHI ALPHA
The Penguin Shoppe,Cactus Decal,UPI2606187282,Promotional > Decals,https://cdn.shopify.com/s/files/1/0088/2288/2370/products/IMG_11551.jpg?v=1690860339,THETA PHI ALPHA
The Penguin Shoppe,Classic White Decal,UPI26061808021,Promotional > Decals,https://cdn.shopify.com/s/files/1/0088/2288/2370/products/IMG_11561_1.jpg?v=1623377157,THETA PHI ALPHA
The Penguin Shoppe,Script Embroidered Blanket,UPI2606183442,Household items > Blankets,https://cdn.shopify.com/s/files/1/0088/2288/2370/products/IMG_11571.jpg?v=1623377830,THETA PHI ALPHA
The Penguin Shoppe,Stacked Script Decal,UPI2606181906,Promotional > Stickers,https://cdn.shopify.com/s/files/1/0088/2288/2370/products/IMG_11581.jpg?v=1735847685,THETA PHI ALPHA
The Penguin Shoppe,Ever Loyal. Ever Lasting Script Button,UPI26061895542,Promotional > Pin-back buttons,https://cdn.shopify.com/s/files/1/0088/2288/2370/products/IMG_11591.jpg?v=1623413109,THETA PHI ALPHA
The Penguin Shoppe,Blue Est. Compass Button,UPI26061854101,Apparel > Buttons,https://cdn.shopify.com/s/files/1/0088/2288/2370/products/IMG_11601.jpg?v=1754588960,THETA PHI ALPHA
The Penguin Shoppe,Gold Glitter Tumbler,UPI2606183266,Drinkware > Tumblers,https://cdn.shopify.com/s/files/1/0088/2288/2370/products/IMG_11621.jpg?v=1623341783,THETA PHI ALPHA
The Penguin Shoppe,Oatmeal Alumna Crew,UPI26061841461,Sweatshirts > Crewneck sweatshirts,https://cdn.shopify.com/s/files/1/0088/2288/2370/products/IMG_11631.jpg?v=1623374975,THETA PHI ALPHA
The Penguin Shoppe,Black V-Neck with Floral Sewn on Letters,UPI26061858741,Shirts > Short sleeve t-shirts,https://cdn.shopify.com/s/files/1/0088/2288/2370/products/IMG_11651.jpg?v=1623374119,THETA PHI ALPHA
The Penguin Shoppe,Drop Button,UPI26061897941,Apparel > Buttons,https://cdn.shopify.com/s/files/1/0088/2288/2370/products/IMG_11681.jpg?v=1754589089,THETA PHI ALPHA
The Penguin Shoppe,Marble Button,UPI2606184610,Promotional > Pin-back buttons,https://cdn.shopify.com/s/files/1/0088/2288/2370/products/IMG_11691_1.jpg?v=1623419237,THETA PHI ALPHA
The Penguin Shoppe,Black and White Key Fob,UPI26061828501,Promotional > Key chains,https://cdn.shopify.com/s/files/1/0088/2288/2370/products/IMG_11741.jpg?v=1735847683,THETA PHI ALPHA
The Penguin Shoppe,Mint Script Crew,UPI2606189698,Sweatshirts > Crewneck sweatshirts,https://cdn.shopify.com/s/files/1/0088/2288/2370/products/IMG_11791.jpg?v=1623418521,THETA PHI ALPHA
The Penguin Shoppe,Peacock Decal,UPI26061871061,Promotional > Stickers,https://cdn.shopify.com/s/files/1/0088/2288/2370/products/IMG_11801.jpg?v=1735847682,THETA PHI ALPHA
The Penguin Shoppe,Classic Script Decal,UPI26061809621,Promotional > Stickers,https://cdn.shopify.com/s/files/1/0088/2288/2370/products/IMG_11811.jpg?v=1735847681,THETA PHI ALPHA
The Penguin Shoppe,Peacock Button,UPI2606187666,Apparel > Buttons,https://cdn.shopify.com/s/files/1/0088/2288/2370/products/IMG_11821.jpg?v=1735847681,THETA PHI ALPHA
The Penguin Shoppe,Monogram Button,UPI26061898581,Apparel > Buttons,https://cdn.shopify.com/s/files/1/0088/2288/2370/products/IMG_11841.jpg?v=1735847680,THETA PHI ALPHA
The Penguin Shoppe,Blue and Silver Theta Phi Alpha Pen,UPI2606183778,Office products > Pens,https://cdn.shopify.com/s/files/1/0088/2288/2370/products/IMG_11851.jpg?v=1690860480,THETA PHI ALPHA
The Penguin Shoppe,Blue Compass Cup,UPI26061879062,Drinkware > Stadium cups,https://cdn.shopify.com/s/files/1/0088/2288/2370/products/IMG_11871.jpg?v=1735847679,THETA PHI ALPHA
The Penguin Shoppe,Classic Compass Button,UPI26061854581,Apparel > Buttons,https://cdn.shopify.com/s/files/1/0088/2288/2370/products/IMG_11881.jpg?v=1735847678,THETA PHI ALPHA
The Penguin Shoppe,Marble Notepad,UPI26061817461,Paper/print goods > Note pads,https://cdn.shopify.com/s/files/1/0088/2288/2370/products/IMG_11891.jpg?v=1735847678,THETA PHI ALPHA
The Penguin Shoppe,Script Water Bottle,UPI26061891382,Food/drink > Water bottles with custom label,https://cdn.shopify.com/s/files/1/0088/2288/2370/products/IMG_11901.jpg?v=1623420695,THETA PHI ALPHA
The Penguin Shoppe,Peacock Notepad,UPI2606183570,Paper/print goods > Note pads,https://cdn.shopify.com/s/files/1/0088/2288/2370/products/IMG_11911.jpg?v=1735847677,THETA PHI ALPHA
The Penguin Shoppe,ELEL Compass Notepad,UPI26061873621,Paper/print goods > Note pads,https://cdn.shopify.com/s/files/1/0088/2288/2370/products/IMG_11921.jpg?v=1735847676,THETA PHI ALPHA
The Penguin Shoppe,Coat of Arms Bid Day Cards,UPI2606180450,Paper/print goods > Greeting cards,https://cdn.shopify.com/s/files/1/0088/2288/2370/products/IMG_11931.jpg?v=1623421134,THETA PHI ALPHA
The Penguin Shoppe,Tie Dye State of Mind Tank,UPI2606181586,Shirts > Tank tops,https://cdn.shopify.com/s/files/1/0088/2288/2370/products/IMG_11951.jpg?v=1623421334,THETA PHI ALPHA
The Penguin Shoppe,Peach Flower Tank,UPI26061820181,Shirts > Tank tops,https://cdn.shopify.com/s/files/1/0088/2288/2370/products/IMG_11961.jpg?v=1623421548,THETA PHI ALPHA
The Penguin Shoppe,Script Compass Tank,UPI2606180290,Shirts > Tank tops,https://cdn.shopify.com/s/files/1/0088/2288/2370/products/IMG_11991.jpg?v=1623421723,THETA PHI ALPHA
The Penguin Shoppe,Raspberry Swirl Sewn on Letters,UPI2606185026,Apparel > Patches,https://cdn.shopify.com/s/files/1/0088/2288/2370/products/IMG_12001.jpg?v=1623422001,THETA PHI ALPHA
The Penguin Shoppe,Established Leaves Tee,UPI26061818901,Shirts > Short sleeve t-shirts,https://cdn.shopify.com/s/files/1/0088/2288/2370/products/IMG_12011.jpg?v=1735847675,THETA PHI ALPHA
The Penguin Shoppe,Retro Wave Ringer Tee,UPI26061814262,Shirts > Short sleeve t-shirts,https://cdn.shopify.com/s/files/1/0088/2288/2370/products/IMG_12021.jpg?v=1623422446,THETA PHI ALPHA
The Penguin Shoppe,Navy Long Sleeve Script Tee,UPI26061881621,Shirts > Long sleeve t-shirts,https://cdn.shopify.com/s/files/1/0088/2288/2370/products/IMG_12081_1.jpg?v=1623422861,THETA PHI ALPHA
The Penguin Shoppe,Theta Phi Alpha Item Premiere,UPI26061852982,Shirts > Short sleeve t-shirts,https://cdn.shopify.com/s/files/1/0088/2288/2370/products/IMG_12141.jpg?v=1623423115,THETA PHI ALPHA
The Penguin Shoppe,Canvas Circle Tote,UPI26061842101,Bags > Tote bags,https://cdn.shopify.com/s/files/1/0088/2288/2370/products/IMG_12161.jpg?v=1623423374,THETA PHI ALPHA
The Penguin Shoppe,Monogram Decal,UPI26061824662,Promotional > Decals,https://cdn.shopify.com/s/files/1/0088/2288/2370/products/IMG_12181.jpg?v=1623423480,THETA PHI ALPHA
The Penguin Shoppe,Script Hoodie,UPI26061870741,Sweatshirts > Hooded sweatshirts,https://cdn.shopify.com/s/files/1/0088/2288/2370/products/IMG_2077002.jpg?v=1655915601,THETA PHI ALPHA
The Penguin Shoppe,Alumna Vee-Tee,UPI26061801143,Shirts > Short sleeve t-shirts,https://cdn.shopify.com/s/files/1/0088/2288/2370/products/IMG_2122.jpg?v=1656531753,THETA PHI ALPHA
The Penguin Shoppe,Bold Sapphire Colligate Sweatshirt,UPI2606185282,Sweatshirts > Crewneck sweatshirts,https://cdn.shopify.com/s/files/1/0088/2288/2370/products/IMG_2187.jpg?v=1657288636,THETA PHI ALPHA
The Penguin Shoppe,Script Established Tee,UPI26061860021,Shirts > Short sleeve t-shirts,https://cdn.shopify.com/s/files/1/0088/2288/2370/products/IMG_2188.jpg?v=1735847646,THETA PHI ALPHA
The Penguin Shoppe,Black Block Letter Crew,UPI2606185602,Sweatshirts > Crewneck sweatshirts,https://cdn.shopify.com/s/files/1/0088/2288/2370/products/IMG_2197_3.jpg?v=1657290856,THETA PHI ALPHA
The Penguin Shoppe,Four Star Established 1912 Tee,UPI26061860181,Shirts > Short sleeve t-shirts,https://cdn.shopify.com/s/files/1/0088/2288/2370/products/IMG_2210.jpg?v=1735847645,THETA PHI ALPHA
The Penguin Shoppe,Retro Wave Tee,UPI26061837782,Shirts > Short sleeve t-shirts,https://cdn.shopify.com/s/files/1/0088/2288/2370/products/IMG_2211.jpg?v=1657545889,THETA PHI ALPHA
The Penguin Shoppe,Black Crystal Tie-Dye Tee,UPI26061851861,Shirts > Short sleeve t-shirts,https://cdn.shopify.com/s/files/1/0088/2288/2370/products/L1LEdkHQ.jpg?v=1735847692,THETA PHI ALPHA
The Penguin Shoppe,Happy to be Theta Phi Hoodie,UPI26061802261,Sweatshirts > Hooded sweatshirts,https://cdn.shopify.com/s/files/1/0088/2288/2370/products/MZqCMe4A.jpg?v=1735847696,THETA PHI ALPHA
The Penguin Shoppe,Sand Crew,UPI26061875703,Sweatshirts > Crewneck sweatshirts,https://cdn.shopify.com/s/files/1/0088/2288/2370/products/PnFHcnYw.jpg?v=1735847701,THETA PHI ALPHA
The Penguin Shoppe,Blue Script Pen,UPI2606186898,Office products > Pens,https://cdn.shopify.com/s/files/1/0088/2288/2370/products/PSB_1507.jpg?v=1735847746,THETA PHI ALPHA
The Penguin Shoppe,Blue and Gold Wave Notecard,UPI26061898582,Stationery > Note cards,https://cdn.shopify.com/s/files/1/0088/2288/2370/products/PSB_1510_560b98cb-b704-441c-866f-3e353a2341d9.jpg?v=1735847745,THETA PHI ALPHA
The Penguin Shoppe,Graduation Cord,UPI26061854102,Apparel > Graduation cords,https://cdn.shopify.com/s/files/1/0088/2288/2370/products/PSB_15555.jpg?v=1735847741,THETA PHI ALPHA
The Penguin Shoppe,Ever Loyal Ever Lasting Gold Bracelet,UPI2606181090,Jewelry > Bracelets,https://cdn.shopify.com/s/files/1/0088/2288/2370/products/PSB_1565_7a337228-42c1-47b5-ba76-9e791bb44bbf.jpg?v=1588277173,THETA PHI ALPHA
The Penguin Shoppe,White and Black On The Go Mug,UPI26061800021,Coffee Mugs > Plastic coffee mugs,https://cdn.shopify.com/s/files/1/0088/2288/2370/products/PSB_17214.jpg?v=1735847742,THETA PHI ALPHA
The Penguin Shoppe,Slouchy Heather Blue Shirt,UPI26061842742,Shirts > Short sleeve t-shirts,https://cdn.shopify.com/s/files/1/0088/2288/2370/products/PSB_17301.jpg?v=1588277893,THETA PHI ALPHA
The Penguin Shoppe,Black Sherpa 1/4 Zip,UPI26061886581,Sweatshirts > 1/4 zip sweatshirts,https://cdn.shopify.com/s/files/1/0088/2288/2370/products/PSB_17501_ab2d6811-a6c0-4c2b-8a13-49932797cade.jpg?v=1588277004,THETA PHI ALPHA
The Penguin Shoppe,Maroon Triblend Long Sleeve Shirt,UPI2606182994,Shirts > Long sleeve t-shirts,https://cdn.shopify.com/s/files/1/0088/2288/2370/products/PSB_17506-2.jpg?v=1735847739,THETA PHI ALPHA
The Penguin Shoppe,Iceberg Hat,UPI26061897301,Headwear > Billed hats,https://cdn.shopify.com/s/files/1/0088/2288/2370/products/PSB_17601-2_d723887d-51a7-4d75-a09a-7abf5e10daed.jpg?v=1588277232,THETA PHI ALPHA
The Penguin Shoppe,Midsummer Night's Dream Block Letter Shirt,UPI2606182274,Shirts > Short sleeve t-shirts,https://cdn.shopify.com/s/files/1/0088/2288/2370/products/PSB_17603-2.jpg?v=1588277379,THETA PHI ALPHA
The Penguin Shoppe,Pompom Spirit Beanie,UPI2606184482,Headwear > Beanies,https://cdn.shopify.com/s/files/1/0088/2288/2370/products/PSB_17608_f01e77aa-1918-4778-aa77-cd80d5da1dec.jpg?v=1588277813,THETA PHI ALPHA
The Penguin Shoppe,Alumna Decal,UPI2606188642,Promotional > Decals,https://cdn.shopify.com/s/files/1/0088/2288/2370/products/PSB_17904.jpg?v=1559681462,THETA PHI ALPHA
The Penguin Shoppe,In the Jungle Tank,UPI2606183010,Shirts > Tank tops,https://cdn.shopify.com/s/files/1/0088/2288/2370/products/PSB_18107-2.jpg?v=1588277288,THETA PHI ALPHA
The Penguin Shoppe,Contrast Letter Tank,UPI26061866582,Shirts > Tank tops,https://cdn.shopify.com/s/files/1/0088/2288/2370/products/PSB_18110-2_915af7d3-9298-4fb9-9bc5-fbefcc4e44ee.jpg?v=1588277107,THETA PHI ALPHA
The Penguin Shoppe,Cotton Candy Block Letter Tank,UPI2606183858,Shirts > Tank tops,https://cdn.shopify.com/s/files/1/0088/2288/2370/products/PSB_18112_d2c3c9c2-5492-4409-b143-f48822696382.jpg?v=1588277131,THETA PHI ALPHA
The Penguin Shoppe,Graduation Stole W/ Yellow Trim,UPI26061875062,Apparel > Stoles,https://cdn.shopify.com/s/files/1/0088/2288/2370/products/PSB_18901_ed8b1fc6-d2f0-455c-8b0d-9ef7e201ad6d.jpg?v=1588277205,THETA PHI ALPHA
The Penguin Shoppe,Established Long Sleeve,UPI2606189640,Shirts > Long sleeve t-shirts,https://cdn.shopify.com/s/files/1/0088/2288/2370/products/PSB_19401.jpg?v=1580398044,THETA PHI ALPHA
The Penguin Shoppe,Funky Retro Tee/ Good Vibes,UPI26061894321,Shirts > Short sleeve t-shirts,https://cdn.shopify.com/s/files/1/0088/2288/2370/products/PSB_19402.jpg?v=1580410068,THETA PHI ALPHA
The Penguin Shoppe,Retro Drop Tee,UPI2606184584,Shirts > Short sleeve t-shirts,https://cdn.shopify.com/s/files/1/0088/2288/2370/products/PSB_19403-2.jpg?v=1580398503,THETA PHI ALPHA
The Penguin Shoppe,Baseball Wash Tee,UPI2606185880,Shirts > Short sleeve t-shirts,https://cdn.shopify.com/s/files/1/0088/2288/2370/products/PSB_19404-2.jpg?v=1580398706,THETA PHI ALPHA
The Penguin Shoppe,Stacked Established Tee,UPI2606180600,Shirts > Short sleeve t-shirts,https://cdn.shopify.com/s/files/1/0088/2288/2370/products/PSB_19405-2.jpg?v=1580397933,THETA PHI ALPHA
The Penguin Shoppe,Lightning Tee,UPI26061867761,Shirts > Short sleeve t-shirts,https://cdn.shopify.com/s/files/1/0088/2288/2370/products/PSB_19406-2.jpg?v=1580399809,THETA PHI ALPHA
The Penguin Shoppe,Retro Wave Tank,UPI26061877201,Shirts > Tank tops,https://cdn.shopify.com/s/files/1/0088/2288/2370/products/PSB_19407-2.jpg?v=1580400034,THETA PHI ALPHA
The Penguin Shoppe,Retro Rainbow Slouchy Tee,UPI2606181256,Shirts > Short sleeve t-shirts,https://cdn.shopify.com/s/files/1/0088/2288/2370/products/PSB_19408-2.jpg?v=1580400239,THETA PHI ALPHA
The Penguin Shoppe,Ever Loyal Tee,UPI2606181128,Shirts > Short sleeve t-shirts,https://cdn.shopify.com/s/files/1/0088/2288/2370/products/PSB_19409-2.jpg?v=1580400463,THETA PHI ALPHA
The Penguin Shoppe,Flight Tee,UPI2606181160,Shirts > Short sleeve t-shirts,https://cdn.shopify.com/s/files/1/0088/2288/2370/products/PSB_19410.jpg?v=1580400615,THETA PHI ALPHA
The Penguin Shoppe,Established Crew,UPI2606186536,Sweatshirts > Crewneck sweatshirts,https://cdn.shopify.com/s/files/1/0088/2288/2370/products/PSB_19411-2.jpg?v=1580400710,THETA PHI ALPHA
The Penguin Shoppe,Futuristic Letters Tee,UPI2606182296,Shirts > Short sleeve t-shirts,https://cdn.shopify.com/s/files/1/0088/2288/2370/products/PSB_19412.jpg?v=1735847738,THETA PHI ALPHA
The Penguin Shoppe,Cozy Crew,UPI26061878801,Sweatshirts > Crewneck sweatshirts,https://cdn.shopify.com/s/files/1/0088/2288/2370/products/PSB_19413-2.jpg?v=1580408987,THETA PHI ALPHA
The Penguin Shoppe,Tribal Tee,UPI2606188632,Shirts > Short sleeve t-shirts,https://cdn.shopify.com/s/files/1/0088/2288/2370/products/PSB_19414-2.jpg?v=1580409173,THETA PHI ALPHA
The Penguin Shoppe,Support Women Long Sleeve,UPI26061814321,Shirts > Long sleeve t-shirts,https://cdn.shopify.com/s/files/1/0088/2288/2370/products/PSB_19415-2.jpg?v=1580409357,THETA PHI ALPHA
The Penguin Shoppe,Compass Long Sleeve,UPI26061811121,Shirts > Long sleeve t-shirts,https://cdn.shopify.com/s/files/1/0088/2288/2370/products/PSB_19416-2_2.jpg?v=1580409532,THETA PHI ALPHA
The Penguin Shoppe,Navy Ever Loyal Long Sleeve,UPI26061880661,Shirts > Long sleeve t-shirts,https://cdn.shopify.com/s/files/1/0088/2288/2370/products/PSB_2024_2de1ce93-e5ea-47ad-86cd-cea00ad66090.jpg?v=1588277733,THETA PHI ALPHA
The Penguin Shoppe,White and Gold Water Bottle,UPI26061816982,Food/drink > Water bottles with custom label,https://cdn.shopify.com/s/files/1/0088/2288/2370/products/PSB_AA3001TPA.jpg?v=1559681651,THETA PHI ALPHA
The Penguin Shoppe,Classic Blue with Yellow Trim Stole,UPI2606181544,Apparel > Stoles,https://cdn.shopify.com/s/files/1/0088/2288/2370/products/PSB_BLUE_AND_GOLD_CLASSIC.jpg?v=1735847737,THETA PHI ALPHA
The Penguin Shoppe,Heart Letters Necklace,UPI2606180946,Jewelry > Necklaces,https://cdn.shopify.com/s/files/1/0088/2288/2370/products/PSB_CID620031SC.jpg?v=1735847756,THETA PHI ALPHA
The Penguin Shoppe,Circle Letters Necklace,UPI26061897621,Jewelry > Necklaces,https://cdn.shopify.com/s/files/1/0088/2288/2370/products/PSB_CID621031SC.jpg?v=1735847755,THETA PHI ALPHA
The Penguin Shoppe,Monogram Letters Necklace,UPI26061816501,Jewelry > Necklaces,https://cdn.shopify.com/s/files/1/0088/2288/2370/products/PSB_CID622031SC.jpg?v=1735847753,THETA PHI ALPHA
The Penguin Shoppe,Greek Drop Chain Necklace,UPI26061843862,Jewelry > Necklaces,https://cdn.shopify.com/s/files/1/0088/2288/2370/products/PSB_CID635031SC.jpg?v=1735847753,THETA PHI ALPHA
The Penguin Shoppe,Greek Letter Link Bracelet,UPI2606188258,Jewelry > Bracelets,https://cdn.shopify.com/s/files/1/0088/2288/2370/products/PSB_CID635LNK031.jpg?v=1735847752,THETA PHI ALPHA
The Penguin Shoppe,Letters Necklace,UPI26061889302,Jewelry > Necklaces,https://cdn.shopify.com/s/files/1/0088/2288/2370/products/PSB_CID655P031SC.jpg?v=1735847751,THETA PHI ALPHA
The Penguin Shoppe,Penguin Icon Necklace,UPI26061845781,Jewelry > Necklaces,https://cdn.shopify.com/s/files/1/0088/2288/2370/products/PSB_CID656031.jpg?v=1735847750,THETA PHI ALPHA
The Penguin Shoppe,Vertical Bar Necklace,UPI2606186498,Jewelry > Necklaces,https://cdn.shopify.com/s/files/1/0088/2288/2370/products/PSB_CID670031SC.jpg?v=1735847750,THETA PHI ALPHA
The Penguin Shoppe,Horizontal Greek Letters Necklace,UPI26061875861,Jewelry > Necklaces,https://cdn.shopify.com/s/files/1/0088/2288/2370/products/PSB_CID680031.jpg?v=1735847749,THETA PHI ALPHA
The Penguin Shoppe,Whimsy Letters Pearl Bracelet,UPI2606189058,Jewelry > Bracelets,https://cdn.shopify.com/s/files/1/0088/2288/2370/products/PSB_CID690031.jpg?v=1735847747,THETA PHI ALPHA
The Penguin Shoppe,$15 Classic Bid Day Pack,UPI26061818741,Bundles > Gift sets,https://cdn.shopify.com/s/files/1/0088/2288/2370/products/PSB-15CLASSICPACK.jpg?v=1622120785,THETA PHI ALPHA
The Penguin Shoppe,$15 Fun Bid Day Pack,UPI26061898421,Bundles > Gift sets,https://cdn.shopify.com/s/files/1/0088/2288/2370/products/PSB-15FUNPACK.jpg?v=1622120815,THETA PHI ALPHA
The Penguin Shoppe,Felt Letter Tee,UPI2606187106,Shirts > Short sleeve t-shirts,https://cdn.shopify.com/s/files/1/0088/2288/2370/products/psb-18101-2-preview.jpg?v=1623084822,THETA PHI ALPHA
The Penguin Shoppe,Old Meets New Crewneck,UPI2606189784,Sweatshirts > Crewneck sweatshirts,https://cdn.shopify.com/s/files/1/0088/2288/2370/products/PSB200101-LightBlue-18000.jpg?v=1735847735,THETA PHI ALPHA
The Penguin Shoppe,Between the Lines Hat,UPI2606183480,Headwear > Billed hats,https://cdn.shopify.com/s/files/1/0088/2288/2370/products/PSB200102-Black-18-098.jpg?v=1735847728,THETA PHI ALPHA
The Penguin Shoppe,Tall Script Crew,UPI2606183720,Sweatshirts > Crewneck sweatshirts,https://cdn.shopify.com/s/files/1/0088/2288/2370/products/PSB200201-White-18000.jpg?v=1735847734,THETA PHI ALPHA
The Penguin Shoppe,Moonlight Reflection Tee,UPI2606181240,Shirts > Short sleeve t-shirts,https://cdn.shopify.com/s/files/1/0088/2288/2370/products/PSB200202-White-3001.jpg?v=1735847732,THETA PHI ALPHA
The Penguin Shoppe,Theta Phi Athletics,UPI2606185096,Sweatshirts > Crewneck sweatshirts,https://cdn.shopify.com/s/files/1/0088/2288/2370/products/PSB200301-LightBlue-18000.jpg?v=1735847731,THETA PHI ALPHA
The Penguin Shoppe,Simply Theta Phi Hoodie,UPI26061800401,Sweatshirts > Hooded sweatshirts,https://cdn.shopify.com/s/files/1/0088/2288/2370/products/PSB200302-HSandDune-3719.jpg?v=1735847730,THETA PHI ALPHA
The Penguin Shoppe,Medieval Days Tee,UPI26061814961,Shirts > Short sleeve t-shirts,https://cdn.shopify.com/s/files/1/0088/2288/2370/products/PSB200303-Lilac-3001.jpg?v=1735847729,THETA PHI ALPHA
The Penguin Shoppe,Theta Phisor,UPI2606185144,Headwear > Visors,https://cdn.shopify.com/s/files/1/0088/2288/2370/products/PSB200401-Navy-VC500.jpg?v=1583511965,THETA PHI ALPHA
The Penguin Shoppe,Unstoppable Tank,UPI2606189320,Shirts > Tank tops,https://cdn.shopify.com/s/files/1/0088/2288/2370/products/PSB200402-Butter-9360.jpg?v=1583512288,THETA PHI ALPHA
The Penguin Shoppe,Shootin' Hoops Tank,UPI2606187944,Shirts > Tank tops,https://cdn.shopify.com/s/files/1/0088/2288/2370/products/PSB200404-Chambray-9360.jpg?v=1735847728,THETA PHI ALPHA
The Penguin Shoppe,Varsity Blues Tee,UPI26061820081,Shirts > Short sleeve t-shirts,https://cdn.shopify.com/s/files/1/0088/2288/2370/products/PSB200405-White-3001.jpg?v=1735847727,THETA PHI ALPHA
The Penguin Shoppe,Team Theta Phi Tee,UPI26061811601,Shirts > Short sleeve t-shirts,https://cdn.shopify.com/s/files/1/0088/2288/2370/products/PSB200406-WhiteNavy-3200.jpg?v=1735847726,THETA PHI ALPHA
The Penguin Shoppe,Theta Phi Allstar Tee,UPI2606187016,Shirts > Short sleeve t-shirts,https://cdn.shopify.com/s/files/1/0088/2288/2370/products/PSB200407-Mustard-3001.jpg?v=1735847725,THETA PHI ALPHA
The Penguin Shoppe,Stronger Hoodie,UPI26061868081,Sweatshirts > Hooded sweatshirts,https://cdn.shopify.com/s/files/1/0088/2288/2370/products/PSB200408-WhiteNavy-8674.jpg?v=1735847724,THETA PHI ALPHA
The Penguin Shoppe,Mom Tee,UPI26061855701,Shirts > Short sleeve t-shirts,https://cdn.shopify.com/s/files/1/0088/2288/2370/products/PSB200901-Royal-3001_1.jpg?v=1735847659,THETA PHI ALPHA
The Penguin Shoppe,Mom Flowy Tee,UPI2606184994,Shirts > Short sleeve t-shirts,https://cdn.shopify.com/s/files/1/0088/2288/2370/products/PSB200901-TrueRoyal-8816.jpg?v=1619043709,THETA PHI ALPHA
The Penguin Shoppe,Mom Hat,UPI2606180274,Headwear > Billed hats,https://cdn.shopify.com/s/files/1/0088/2288/2370/products/PSB200902-White-18202.jpg?v=1735847703,THETA PHI ALPHA
The Penguin Shoppe,Mom's Favorite Tote,UPI26061806261,Bags > Tote bags,https://cdn.shopify.com/s/files/1/0088/2288/2370/products/PSB200903-RoyalBlue-Q800.jpg?v=1619043841,THETA PHI ALPHA
The Penguin Shoppe,Dad Tee,UPI26061899061,Headwear > Billed hats,https://cdn.shopify.com/s/files/1/0088/2288/2370/products/PSB200904-Black-5000.jpg?v=1735847704,THETA PHI ALPHA
The Penguin Shoppe,Dad Hat,UPI26061815221,Headwear > Billed hats,https://cdn.shopify.com/s/files/1/0088/2288/2370/products/PSB200905-Royal-18202.jpg?v=1735847703,THETA PHI ALPHA
The Penguin Shoppe,Pretty Fly for a Theta Phi Tank,UPI2606189704,Shirts > Tank tops,https://cdn.shopify.com/s/files/1/0088/2288/2370/products/PSB201001-Shiraz-5033.jpg?v=1735847720,THETA PHI ALPHA
The Penguin Shoppe,Thrifty Tank,UPI2606187400,Shirts > Tank tops,https://cdn.shopify.com/s/files/1/0088/2288/2370/products/PSB201002-Charcoal-5033.jpg?v=1735847719,THETA PHI ALPHA
The Penguin Shoppe,Scripted Tank,UPI2606183032,Shirts > Tank tops,https://cdn.shopify.com/s/files/1/0088/2288/2370/products/PSB201003-White-8838.jpg?v=1735847718,THETA PHI ALPHA
The Penguin Shoppe,It's Electrifying Tank,UPI2606180536,Shirts > Tank tops,https://cdn.shopify.com/s/files/1/0088/2288/2370/products/PSB201004-Black-8838.jpg?v=1735847717,THETA PHI ALPHA
The Penguin Shoppe,Embroidered Twill Beanie,UPI26061830101,Headwear > Beanies,https://cdn.shopify.com/s/files/1/0088/2288/2370/products/PSB201301-White-TW5003.jpg?v=1735847713,THETA PHI ALPHA
The Penguin Shoppe,Sandwash Crew,UPI26061826582,Sweatshirts > Crewneck sweatshirts,https://cdn.shopify.com/s/files/1/0088/2288/2370/products/PSB201303-7760-Maroon.jpg?v=1735847712,THETA PHI ALPHA
The Penguin Shoppe,Snowflake Tee,UPI26061886582,Shirts > Short sleeve t-shirts,https://cdn.shopify.com/s/files/1/0088/2288/2370/products/PSB201304-White-3001.jpg?v=1735847711,THETA PHI ALPHA
The Penguin Shoppe,Snowflake Decal,UPI26061822261,Promotional > Stickers,https://cdn.shopify.com/s/files/1/0088/2288/2370/products/PSB201305-Decal.jpg?v=1735847710,THETA PHI ALPHA
The Penguin Shoppe,Reindeer Games Crew,UPI26061831381,Sweatshirts > Crewneck sweatshirts,https://cdn.shopify.com/s/files/1/0088/2288/2370/products/PSB201308-Forest-18000.jpg?v=1735847709,THETA PHI ALPHA
The Penguin Shoppe,Stitch It Crew,UPI26061882422,Sweatshirts > Crewneck sweatshirts,https://cdn.shopify.com/s/files/1/0088/2288/2370/products/PSB201309-Ash-18000.jpg?v=1735847708,THETA PHI ALPHA
The Penguin Shoppe,Script Hoodie,UPI26061897782,Sweatshirts > Hooded sweatshirts,https://cdn.shopify.com/s/files/1/0088/2288/2370/products/PSB201310-HSpDkGreen-18500.jpg?v=1735847707,THETA PHI ALPHA
The Penguin Shoppe,Outside The Lines Hoodie,UPI26061850581,Sweatshirts > Hooded sweatshirts,https://cdn.shopify.com/s/files/1/0088/2288/2370/products/PSB201311-LightBlue-18500.jpg?v=1735847706,THETA PHI ALPHA
The Penguin Shoppe,Trees on Tees,UPI2606187298,Shirts > Short sleeve t-shirts,https://cdn.shopify.com/s/files/1/0088/2288/2370/products/PSB201312-HCardinal-3001CVC_1.jpg?v=1735847705,THETA PHI ALPHA
The Penguin Shoppe,PJ Pants,UPI26061841941,Pajamas > Pajama bottom pants,https://cdn.shopify.com/s/files/1/0088/2288/2370/products/PSB201314-Red-DT2800.jpg?v=1605740736,THETA PHI ALPHA
The Penguin Shoppe,Pastel Theta Phi Alpha Tee,UPI26061831063,Shirts > Short sleeve t-shirts,https://cdn.shopify.com/s/files/1/0088/2288/2370/products/PSB210201-White-3001.jpg?v=1735847702,THETA PHI ALPHA
The Penguin Shoppe,Fire Tank,UPI2606183474,Shirts > Tank tops,https://cdn.shopify.com/s/files/1/0088/2288/2370/products/PSB210303-Black-1080.jpg?v=1735847675,THETA PHI ALPHA
The Penguin Shoppe,Classic Cherry Tank,UPI26061831221,Shirts > Tank tops,https://cdn.shopify.com/s/files/1/0088/2288/2370/products/PSB210306-White-1080.jpg?v=1735847674,THETA PHI ALPHA
The Penguin Shoppe,Theta Phi Alpha Baseball Tee,UPI26061810262,Shirts > 3/4 sleeve t-shirts,https://cdn.shopify.com/s/files/1/0088/2288/2370/products/PSB210401-CarolinaBlue-5700.jpg?v=1625244927,THETA PHI ALPHA
The Penguin Shoppe,Officer Crew Sweatshirt,UPI2606181938,Sweatshirts > Crewneck sweatshirts,https://cdn.shopify.com/s/files/1/0088/2288/2370/products/PSB210402-White-18000.jpg?v=1625245071,THETA PHI ALPHA
The Penguin Shoppe,Royal Large Script Crew,UPI26061843863,Sweatshirts > Crewneck sweatshirts,https://cdn.shopify.com/s/files/1/0088/2288/2370/products/PSB210403-Royal-18000.jpg?v=1735847673,THETA PHI ALPHA
The Penguin Shoppe,Flowy Officer Tee,UPI26061855861,Shirts > Short sleeve t-shirts,https://cdn.shopify.com/s/files/1/0088/2288/2370/products/PSB210404-Royal-8816.jpg?v=1735847672,THETA PHI ALPHA
The Penguin Shoppe,Theta Phi Alpha Smile Tank,UPI26061871381,Shirts > Tank tops,https://cdn.shopify.com/s/files/1/0088/2288/2370/products/PSB210405-White-8838.jpg?v=1735847671,THETA PHI ALPHA
The Penguin Shoppe,Officer Tank,UPI2606183586,Shirts > Tank tops,https://cdn.shopify.com/s/files/1/0088/2288/2370/products/PSB210406-Royal-8838.jpg?v=1735847670,THETA PHI ALPHA
The Penguin Shoppe,Crest Crew Sweatshirt,UPI26061874421,Sweatshirts > Crewneck sweatshirts,https://cdn.shopify.com/s/files/1/0088/2288/2370/products/PSB210501-PRM3500-PigmentBlack_1.jpg?v=1735847669,THETA PHI ALPHA
The Penguin Shoppe,Alumna Crest Crew Sweatshirt,UPI2606184322,Sweatshirts > Crewneck sweatshirts,https://cdn.shopify.com/s/files/1/0088/2288/2370/products/PSB210502-PRM2500-Sandstone.jpg?v=1735847669,THETA PHI ALPHA
The Penguin Shoppe,Crest Hoodie,UPI2606182722,Sweatshirts > Hooded sweatshirts,https://cdn.shopify.com/s/files/1/0088/2288/2370/products/PSB210503-18500-Back.jpg?v=1735847668,THETA PHI ALPHA
The Penguin Shoppe,Theta Phi or Lettered Hats,UPI2606188722,Headwear > Billed hats,https://cdn.shopify.com/s/files/1/0088/2288/2370/products/PSB210504-BA703-Burgundy-EMB.jpg?v=1735847667,THETA PHI ALPHA
The Penguin Shoppe,Alumna Script Hats,UPI26061847223,Headwear > Billed hats,https://cdn.shopify.com/s/files/1/0088/2288/2370/products/PSB210507-BA703-Navy-EMB.jpg?v=1735847666,THETA PHI ALPHA
The Penguin Shoppe,Established Beanie,UPI26061861621,Headwear > Beanies,https://cdn.shopify.com/s/files/1/0088/2288/2370/products/PSB210508-SP15-Black-EMB.jpg?v=1735847665,THETA PHI ALPHA
The Penguin Shoppe,Alumna Hooded Cardigan,UPI26061803701,Apparel > Sweaters,https://cdn.shopify.com/s/files/1/0088/2288/2370/products/PSB210509-DT156-GreyFrost-EMB.jpg?v=1735847664,THETA PHI ALPHA
The Penguin Shoppe,Hooded Cardigan,UPI26061801142,Apparel > Sweaters,https://cdn.shopify.com/s/files/1/0088/2288/2370/products/PSB210510-Dt156-BlackFrost-EMB.jpg?v=1735847663,THETA PHI ALPHA
The Penguin Shoppe,Large Letter Sweatshirt,UPI2606189682,Sweatshirts > Crewneck sweatshirts,https://cdn.shopify.com/s/files/1/0088/2288/2370/products/PSB210511-18000-Maroon.jpg?v=1735847662,THETA PHI ALPHA
The Penguin Shoppe,Alumna Large Letter Sweatshirt,UPI2606184962,Sweatshirts > Crewneck sweatshirts,https://cdn.shopify.com/s/files/1/0088/2288/2370/products/PSB210512-18000-MilitaryGreen.jpg?v=1735847661,THETA PHI ALPHA
The Penguin Shoppe,Crest Button,UPI26061844341,Apparel > Buttons,https://cdn.shopify.com/s/files/1/0088/2288/2370/products/PSB210513-Button_1.jpg?v=1735847660,THETA PHI ALPHA
The Penguin Shoppe,Established Square Decal,UPI26061805141,Promotional > Decals,https://cdn.shopify.com/s/files/1/0088/2288/2370/products/PSB210514-Sticker_1.jpg?v=1735847660,THETA PHI ALPHA
The Penguin Shoppe,Convention Design Winner- Loyal,UPI26061840822,Shirts > Short sleeve t-shirts,https://cdn.shopify.com/s/files/1/0088/2288/2370/products/PSB220101-WHITE-3001-BACK.jpg?v=1735847647,THETA PHI ALPHA
The Penguin Shoppe,Convention Designer Winner- Floral,UPI26061830903,Shirts > Short sleeve t-shirts,https://cdn.shopify.com/s/files/1/0088/2288/2370/products/PSB220102-NAVY-3001-BACK.jpg?v=1735847648,THETA PHI ALPHA
The Penguin Shoppe,Floral Trio,UPI26061870901,Shirts > Short sleeve t-shirts,https://cdn.shopify.com/s/files/1/0088/2288/2370/products/PSB220203-5000-LIGHT-BLUE-03.jpg?v=1735847643,THETA PHI ALPHA
The Penguin Shoppe,I am Enough Tote,UPI26061885461,Bags > Tote bags,https://cdn.shopify.com/s/files/1/0088/2288/2370/products/PSB220204-Q800-WHITE.jpg?v=1735847642,THETA PHI ALPHA
The Penguin Shoppe,Trucker Hat,UPI26061847224,Headwear > Billed hats,https://cdn.shopify.com/s/files/1/0088/2288/2370/products/PSB220209-6006W----NAVY-CENTER-09.jpg?v=1659021930,THETA PHI ALPHA
The Penguin Shoppe,Script Meets Print,UPI26061835701,Shirts > Short sleeve t-shirts,https://cdn.shopify.com/s/files/1/0088/2288/2370/products/PSB220210-3001---SOFT-CREAM-CENTER-10.jpg?v=1735847641,THETA PHI ALPHA
The Penguin Shoppe,Offline Tee,UPI26061896503,Shirts > Short sleeve t-shirts,https://cdn.shopify.com/s/files/1/0088/2288/2370/products/PSB220211-6413-CHARCOAL-11.jpg?v=1735847640,THETA PHI ALPHA
The Penguin Shoppe,Always Cropped Tank,UPI26061800183,Shirts > Tank tops,https://cdn.shopify.com/s/files/1/0088/2288/2370/products/PSB220212-6682-TEAL-12.jpg?v=1735847639,THETA PHI ALPHA
The Penguin Shoppe,Four Star Flowy Tee,UPI26061889622,Shirts > Short sleeve t-shirts,https://cdn.shopify.com/s/files/1/0088/2288/2370/products/PSB220213-8816-BLACK-13.jpg?v=1735847639,THETA PHI ALPHA
The Penguin Shoppe,Glacier Hoodie,UPI2606188882,Sweatshirts > Hooded sweatshirts,https://cdn.shopify.com/s/files/1/0088/2288/2370/products/PSB220213-Glacier-CD8600.jpg?v=1735847638,THETA PHI ALPHA
The Penguin Shoppe,Butterfly Ring Tank,UPI26061807701,Shirts > Tank tops,https://cdn.shopify.com/s/files/1/0088/2288/2370/products/PSB220215-8809-WHITE-15_1.jpg?v=1735847637,THETA PHI ALPHA
The Penguin Shoppe,Shadow Boxed Sweatshirt,UPI2606188498,Sweatshirts > Crewneck sweatshirts,https://cdn.shopify.com/s/files/1/0088/2288/2370/products/PSB2202-18000-LIGHT-BLUE-01_1.jpg?v=1735847644,THETA PHI ALPHA
The Penguin Shoppe,Zapped Yellow Tee,UPI26061867221,Shirts > Short sleeve t-shirts,https://cdn.shopify.com/s/files/1/0088/2288/2370/products/PSB2202-5000-YELLOW-HAZE-02_1.jpg?v=1735847644,THETA PHI ALPHA
The Penguin Shoppe,Sky Blue Official Logo Tee,UPI26061833141,Shirts > Short sleeve t-shirts,https://cdn.shopify.com/s/files/1/0088/2288/2370/products/PSB220401-SKY-5000_1.jpg?v=1735847575,THETA PHI ALPHA
The Penguin Shoppe,Royal Blue Official Logo Crewneck,UPI2606185202,Sweatshirts > Crewneck sweatshirts,https://cdn.shopify.com/s/files/1/0088/2288/2370/products/PSB220402-ROYAL-18000.jpg?v=1735847574,THETA PHI ALPHA
The Penguin Shoppe,True Royal Official Polo,UPI26061839541,Shirts > Short sleeve polo shirts,https://cdn.shopify.com/s/files/1/0088/2288/2370/products/PSB220403-TRUEROYAL-DG20W-EMB.jpg?v=1735847574,THETA PHI ALPHA
The Penguin Shoppe,Crest Polo,UPI2606188242,Shirts > Short sleeve polo shirts,https://cdn.shopify.com/s/files/1/0088/2288/2370/products/PSB220404-BLACK-DG20W-EMB.jpg?v=1735847573,THETA PHI ALPHA
The Penguin Shoppe,Buttercup Rain Jacket,UPI26061803862,Outerwear > Jackets,https://cdn.shopify.com/s/files/1/0088/2288/2370/products/PSB220405-BUTTERCUP-5099-EMB.jpg?v=1735847573,THETA PHI ALPHA
The Penguin Shoppe,The Official Tee,UPI2606182530,Shirts > Short sleeve t-shirts,https://cdn.shopify.com/s/files/1/0088/2288/2370/products/PSB220406-WHITE-3001.jpg?v=1735847572,THETA PHI ALPHA
The Penguin Shoppe,Repeat Hoodie,UPI2606186194,Sweatshirts > Hooded sweatshirts,https://cdn.shopify.com/s/files/1/0088/2288/2370/products/PSB220407-WHITE-18500-BACK.jpg?v=1735847571,THETA PHI ALPHA
The Penguin Shoppe,Maize Yellow ELEL Tee,UPI26061894102,Shirts > Short sleeve t-shirts,https://cdn.shopify.com/s/files/1/0088/2288/2370/products/PSB220408-MZYELLOW-3001.jpg?v=1735847570,THETA PHI ALPHA
The Penguin Shoppe,Compass Cardigan,UPI2606185666,Apparel > Sweaters,https://cdn.shopify.com/s/files/1/0088/2288/2370/products/PSB220410_GRYHEATHER-M425W-EMB.jpg?v=1735847570,THETA PHI ALPHA
The Penguin Shoppe,Founder's Name Tee,UPI26061836022,Shirts > Short sleeve t-shirts,https://cdn.shopify.com/s/files/1/0088/2288/2370/products/PSB2204101-VINTAGEWHITE-3001.jpg?v=1735847578,THETA PHI ALPHA
The Penguin Shoppe,Official Cardigan,UPI2606180578,Apparel > Sweaters,https://cdn.shopify.com/s/files/1/0088/2288/2370/products/PSB220411-BLACK-M425W-EMB.jpg?v=1735847569,THETA PHI ALPHA
The Penguin Shoppe,Coat of Arms Nylon Pullover,UPI26061882581,Shirts > Wind shirts,https://cdn.shopify.com/s/files/1/0088/2288/2370/products/PSB220412-ROYAL-9905-EMB.jpg?v=1735847569,THETA PHI ALPHA
The Penguin Shoppe,Theta Phi Pride Tee,UPI26061803863,Shirts > Short sleeve t-shirts,https://cdn.shopify.com/s/files/1/0088/2288/2370/products/PSB2204135-WHITE-3001.jpg?v=1735847567,THETA PHI ALPHA
The Penguin Shoppe,Colorful Tee,UPI26061825301,Shirts > Short sleeve t-shirts,https://cdn.shopify.com/s/files/1/0088/2288/2370/products/PSB2204136-WHITE-3001.jpg?v=1735847567,THETA PHI ALPHA
The Penguin Shoppe,Love Peace Tee,UPI26061844342,Shirts > Short sleeve t-shirts,https://cdn.shopify.com/s/files/1/0088/2288/2370/products/PSB2204137-CHAMBRAY-1717.jpg?v=1735847636,THETA PHI ALPHA
The Penguin Shoppe,Happy Hanukkah Tee,UPI26061809622,Shirts > Short sleeve t-shirts,https://cdn.shopify.com/s/files/1/0088/2288/2370/products/PSB2204138-WHITE-1717_1.jpg?v=1735847635,THETA PHI ALPHA
The Penguin Shoppe,Sweet Heart Tee,UPI26061863702,Shirts > Short sleeve t-shirts,https://cdn.shopify.com/s/files/1/0088/2288/2370/products/PSB2204139-WHITE-1717.jpg?v=1735847566,THETA PHI ALPHA
The Penguin Shoppe,Merry and Bright Tee,UPI2606182754,Shirts > Short sleeve t-shirts,https://cdn.shopify.com/s/files/1/0088/2288/2370/products/PSB2204140-CRIMSON-1717.jpg?v=1735847635,THETA PHI ALPHA
The Penguin Shoppe,American Tee,UPI26061829782,Shirts > Short sleeve t-shirts,https://cdn.shopify.com/s/files/1/0088/2288/2370/products/PSB2204141-FLOBLUE-1717.jpg?v=1735847565,THETA PHI ALPHA
The Penguin Shoppe,What's in Your Heart Tee,UPI26061840501,Shirts > Short sleeve t-shirts,https://cdn.shopify.com/s/files/1/0088/2288/2370/products/PSB2204142-BLOSSOM-1717.jpg?v=1735847565,THETA PHI ALPHA
The Penguin Shoppe,Stitch It Tee,UPI26061828502,Shirts > Short sleeve t-shirts,https://cdn.shopify.com/s/files/1/0088/2288/2370/products/PSB2204143-EMERALD-1717.jpg?v=1735847634,THETA PHI ALPHA
The Penguin Shoppe,Candy Corn Tee,UPI26061851221,Shirts > Short sleeve t-shirts,https://cdn.shopify.com/s/files/1/0088/2288/2370/products/PSB2204144-YAM-1717.jpg?v=1735847564,THETA PHI ALPHA
The Penguin Shoppe,Colorful Crewneck,UPI26061889623,Sweatshirts > Crewneck sweatshirts,https://cdn.shopify.com/s/files/1/0088/2288/2370/products/PSB2204145-WHITE-18000.jpg?v=1735847563,THETA PHI ALPHA
The Penguin Shoppe,American Crewneck,UPI26061821782,Sweatshirts > Crewneck sweatshirts,https://cdn.shopify.com/s/files/1/0088/2288/2370/products/PSB2204146-NAVY-18000.jpg?v=1735847563,THETA PHI ALPHA
The Penguin Shoppe,Reindeer Games Crewneck,UPI26061823221,Sweatshirts > Crewneck sweatshirts,https://cdn.shopify.com/s/files/1/0088/2288/2370/products/PSB2204147-RED-18000.jpg?v=1735847633,THETA PHI ALPHA
The Penguin Shoppe,Theta Phi Angel Crewneck,UPI26061805462,Sweatshirts > Crewneck sweatshirts,https://cdn.shopify.com/s/files/1/0088/2288/2370/products/PSB2204148-RED-18000_1.jpg?v=1735847632,THETA PHI ALPHA
The Penguin Shoppe,Merry and Bright Crewneck,UPI2606184034,Sweatshirts > Crewneck sweatshirts,https://cdn.shopify.com/s/files/1/0088/2288/2370/products/PSB2204149-FOREST-18000.jpg?v=1735847632,THETA PHI ALPHA
The Penguin Shoppe,Ever Loyal Ever Lasting V-Neck,UPI2606189346,Shirts > Short sleeve t-shirts,https://cdn.shopify.com/s/files/1/0088/2288/2370/products/PSB220414-WHITE-6405.jpg?v=1735847568,THETA PHI ALPHA
The Penguin Shoppe,Candy Corn Crewneck,UPI26061898584,Sweatshirts > Crewneck sweatshirts,https://cdn.shopify.com/s/files/1/0088/2288/2370/products/PSB2204150-BLACK-18000.jpg?v=1735847562,THETA PHI ALPHA
The Penguin Shoppe,Sweet Heart Crewneck,UPI26061864662,Sweatshirts > Crewneck sweatshirts,https://cdn.shopify.com/s/files/1/0088/2288/2370/products/PSB2204151-LIGHTPINK-18000.jpg?v=1735847561,THETA PHI ALPHA
The Penguin Shoppe,Take Pride In Crewneck,UPI26061875383,Sweatshirts > Crewneck sweatshirts,https://cdn.shopify.com/s/files/1/0088/2288/2370/products/PSB2204152-WHITE-18000.jpg?v=1735847561,THETA PHI ALPHA
The Penguin Shoppe,It's What's Inside That Matters Tee,UPI26061896822,Shirts > Short sleeve t-shirts,https://cdn.shopify.com/s/files/1/0088/2288/2370/products/PSB2204153-WHITE-3001.jpg?v=1735847560,THETA PHI ALPHA
The Penguin Shoppe,It's a Good Day Crewneck,UPI26061859382,Sweatshirts > Crewneck sweatshirts,https://cdn.shopify.com/s/files/1/0088/2288/2370/products/PSB2204154-BUTTER-1566_1.jpg?v=1735847559,THETA PHI ALPHA
The Penguin Shoppe,Many Faces Crewneck,UPI26061867381,Sweatshirts > Crewneck sweatshirts,https://cdn.shopify.com/s/files/1/0088/2288/2370/products/PSB2204155-WHITE-1566.jpg?v=1735847560,THETA PHI ALPHA
The Penguin Shoppe,Barcode Hoodie,UPI2606187458,Sweatshirts > Hooded sweatshirts,https://cdn.shopify.com/s/files/1/0088/2288/2370/products/PSB2204156-BLACK-18500-BACK.jpg?v=1735847558,THETA PHI ALPHA
The Penguin Shoppe,Text Me Tote,UPI26061875061,Bags > Tote bags,https://cdn.shopify.com/s/files/1/0088/2288/2370/products/PSB2204159-TURQUOISE-Q800.jpg?v=1735847549,THETA PHI ALPHA
The Penguin Shoppe,Be Bold Sisterhood Tee,UPI26061810901,Shirts > Short sleeve t-shirts,https://cdn.shopify.com/s/files/1/0088/2288/2370/products/PSB220415-YLHAZE-5000.jpg?v=1735847631,THETA PHI ALPHA
The Penguin Shoppe,1912 Crest Crewneck,UPI26061860022,Sweatshirts > Crewneck sweatshirts,https://cdn.shopify.com/s/files/1/0088/2288/2370/products/PSB220416-ATHL.HTHR-3901.jpg?v=1735847630,THETA PHI ALPHA
The Penguin Shoppe,Diamond in the Rough Crewneck,UPI26061858261,Sweatshirts > Crewneck sweatshirts,https://cdn.shopify.com/s/files/1/0088/2288/2370/products/PSB220417-CHARCOAL-18000.jpg?v=1735847630,THETA PHI ALPHA
The Penguin Shoppe,Theta Phi Pennant Tee,UPI26061873462,Shirts > Short sleeve t-shirts,https://cdn.shopify.com/s/files/1/0088/2288/2370/products/PSB220418-NAVY-1717.jpg?v=1735847629,THETA PHI ALPHA
The Penguin Shoppe,Ivory Seal Long Sleeve,UPI26061805621,Shirts > Long sleeve t-shirts,https://cdn.shopify.com/s/files/1/0088/2288/2370/products/PSB220419-IVORY-6014.jpg?v=1735847628,THETA PHI ALPHA
The Penguin Shoppe,Be Bold Sisterhood Crewneck,UPI2606185474,Sweatshirts > Crewneck sweatshirts,https://cdn.shopify.com/s/files/1/0088/2288/2370/products/PSB220420.jpg?v=1735847627,THETA PHI ALPHA
The Penguin Shoppe,Bottle Cap Crewneck,UPI2606181106,Sweatshirts > Crewneck sweatshirts,https://cdn.shopify.com/s/files/1/0088/2288/2370/products/PSB220421-BLACK-3901.jpg?v=1735847626,THETA PHI ALPHA
The Penguin Shoppe,Print to Script High Neck Tank,UPI26061809301,Shirts > Tank tops,https://cdn.shopify.com/s/files/1/0088/2288/2370/products/PSB220422-DKGREYHTR-8809.jpg?v=1735847625,THETA PHI ALPHA
The Penguin Shoppe,Classic ELEL Emblem Tee,UPI2606185218,Shirts > Short sleeve t-shirts,https://cdn.shopify.com/s/files/1/0088/2288/2370/products/PSB220423-ATH.HTHR-3001CVC.jpg?v=1735847625,THETA PHI ALPHA
The Penguin Shoppe,Print to Script Hoodie,UPI26061828981,Sweatshirts > Hooded sweatshirts,https://cdn.shopify.com/s/files/1/0088/2288/2370/products/PSB220424-HTR-GREY-JHA001.jpg?v=1735847624,THETA PHI ALPHA
The Penguin Shoppe,Print to Script Tee,UPI26061850421,Shirts > Short sleeve t-shirts,https://cdn.shopify.com/s/files/1/0088/2288/2370/products/PSB220425-BANANA-1717.jpg?v=1735847623,THETA PHI ALPHA
The Penguin Shoppe,Varsity Hoodie,UPI26061863861,Sweatshirts > Hooded sweatshirts,https://cdn.shopify.com/s/files/1/0088/2288/2370/products/PSB220425-HAWAIIANBLUE-JHA001.jpg?v=1735847622,THETA PHI ALPHA
The Penguin Shoppe,Varsity Crest Crewneck,UPI26061879063,Sweatshirts > Crewneck sweatshirts,https://cdn.shopify.com/s/files/1/0088/2288/2370/products/PSB220426-LTBLUE-18000.jpg?v=1735847621,THETA PHI ALPHA
The Penguin Shoppe,Varsity Long Sleeve,UPI26061828182,Shirts > Long sleeve t-shirts,https://cdn.shopify.com/s/files/1/0088/2288/2370/products/PSB220427-NAVY-6014.jpg?v=1735847621,THETA PHI ALPHA
The Penguin Shoppe,Crest Emblem Tee,UPI26061813941,Shirts > Short sleeve t-shirts,https://cdn.shopify.com/s/files/1/0088/2288/2370/products/PSB220428-HTHRTRUEROYAL-3001CVC.jpg?v=1735847620,THETA PHI ALPHA
The Penguin Shoppe,Local Team Tank,UPI2606185234,Shirts > Tank tops,https://cdn.shopify.com/s/files/1/0088/2288/2370/products/PSB220429-DENIM-5033.jpg?v=1735847619,THETA PHI ALPHA
The Penguin Shoppe,Simply Tee,UPI26061849462,Shirts > Short sleeve t-shirts,https://cdn.shopify.com/s/files/1/0088/2288/2370/products/PSB220430-WASHEDDENIM-1717.jpg?v=1735847618,THETA PHI ALPHA
The Penguin Shoppe,The Official Pocket Tee,UPI2606185954,Shirts > Short sleeve t-shirts,https://cdn.shopify.com/s/files/1/0088/2288/2370/products/PSB220431-WHITE-6030-BACK.jpg?v=1735847617,THETA PHI ALPHA
The Penguin Shoppe,Local Team Tee,UPI26061805302,Shirts > Short sleeve t-shirts,https://cdn.shopify.com/s/files/1/0088/2288/2370/products/PSB220432-TRUENAVY-1717-BACK.jpg?v=1735847616,THETA PHI ALPHA
The Penguin Shoppe,Crest Emblem Pocket Tee,UPI26061862742,Shirts > Short sleeve t-shirts,https://cdn.shopify.com/s/files/1/0088/2288/2370/products/PSB220433-IVORY-6030-BACK.jpg?v=1735847615,THETA PHI ALPHA
The Penguin Shoppe,Outline Crewneck,UPI26061804021,Sweatshirts > Crewneck sweatshirts,https://cdn.shopify.com/s/files/1/0088/2288/2370/products/PSB220434-WHITE-18000.jpg?v=1735847615,THETA PHI ALPHA
The Penguin Shoppe,Classic Club Athletics Tee,UPI26061831861,Shirts > Short sleeve t-shirts,https://cdn.shopify.com/s/files/1/0088/2288/2370/products/PSB220435-WHITE-3001.jpg?v=1735847614,THETA PHI ALPHA
The Penguin Shoppe,Theta Phi Shield Tee,UPI26061804502,Shirts > Short sleeve t-shirts,https://cdn.shopify.com/s/files/1/0088/2288/2370/products/PSB220436-SOFTCREAM-3001_1.jpg?v=1735847613,THETA PHI ALPHA
The Penguin Shoppe,Silver Compasss Tee,UPI2606182706,Shirts > Short sleeve t-shirts,https://cdn.shopify.com/s/files/1/0088/2288/2370/products/PSB220437-SILVER-3001.jpg?v=1735847612,THETA PHI ALPHA
The Penguin Shoppe,Convex Tee,UPI2606180402,Shirts > Short sleeve t-shirts,https://cdn.shopify.com/s/files/1/0088/2288/2370/products/PSB220438-IVORY-1717.jpg?v=1735847611,THETA PHI ALPHA
The Penguin Shoppe,Team Script Tee,UPI2606184354,Shirts > Short sleeve t-shirts,https://cdn.shopify.com/s/files/1/0088/2288/2370/products/PSB220439-IVORY-1717.jpg?v=1735847611,THETA PHI ALPHA
The Penguin Shoppe,Fine Line Tee,UPI26061844982,Shirts > Short sleeve t-shirts,https://cdn.shopify.com/s/files/1/0088/2288/2370/products/PSB220440-PEPPER-1717.jpg?v=1735847610,THETA PHI ALPHA
The Penguin Shoppe,Established Script Crewneck,UPI2606182418,Sweatshirts > Crewneck sweatshirts,https://cdn.shopify.com/s/files/1/0088/2288/2370/products/PSB220441-WHITE-18000.jpg?v=1735847609,THETA PHI ALPHA
The Penguin Shoppe,Vader Crewneck,UPI26061803702,Sweatshirts > Crewneck sweatshirts,https://cdn.shopify.com/s/files/1/0088/2288/2370/products/PSB220442-BLACK-18000.jpg?v=1735847609,THETA PHI ALPHA
The Penguin Shoppe,Classic Greek Crewneck,UPI26061843062,Sweatshirts > Crewneck sweatshirts,https://cdn.shopify.com/s/files/1/0088/2288/2370/products/PSB220443-DRKHTHR-18000.jpg?v=1735847608,THETA PHI ALPHA
The Penguin Shoppe,Set the Bar Crewneck,UPI2606187170,Sweatshirts > Crewneck sweatshirts,https://cdn.shopify.com/s/files/1/0088/2288/2370/products/PSB220445-LTASH-3901.jpg?v=1735847607,THETA PHI ALPHA
The Penguin Shoppe,Team Script Crewneck,UPI26061895862,Sweatshirts > Crewneck sweatshirts,https://cdn.shopify.com/s/files/1/0088/2288/2370/products/PSB220446-HTHRDUST-3901.jpg?v=1735847606,THETA PHI ALPHA
The Penguin Shoppe,Classic Greek Hoodie,UPI26061811061,Sweatshirts > Hooded sweatshirts,https://cdn.shopify.com/s/files/1/0088/2288/2370/products/PSB220447-DSRTSAND-JHA001.jpg?v=1735847606,THETA PHI ALPHA
The Penguin Shoppe,Est. Hoodie,UPI26061826261,Sweatshirts > Hooded sweatshirts,https://cdn.shopify.com/s/files/1/0088/2288/2370/products/PSB220448-MAGENTAMAGIC-JHA001.jpg?v=1735847605,THETA PHI ALPHA
The Penguin Shoppe,Theta Phi Shield Tank,UPI26061895061,Shirts > Tank tops,https://cdn.shopify.com/s/files/1/0088/2288/2370/products/PSB220449-TRUENAVY-9360.jpg?v=1735847602,THETA PHI ALPHA
The Penguin Shoppe,Butter Me Up Tank,UPI26061859381,Shirts > Tank tops,https://cdn.shopify.com/s/files/1/0088/2288/2370/products/PSB220450-BUTTER-9360.jpg?v=1735847601,THETA PHI ALPHA
The Penguin Shoppe,Theta Phi Compass Long Sleeve,UPI2606183186,Shirts > Long sleeve t-shirts,https://cdn.shopify.com/s/files/1/0088/2288/2370/products/PSB220451-WHITE-6014.jpg?v=1735847600,THETA PHI ALPHA
The Penguin Shoppe,Theta Phi 1912 Long Sleeve,UPI2606187954,Shirts > Long sleeve t-shirts,https://cdn.shopify.com/s/files/1/0088/2288/2370/products/PSB220452-CHAMBRAY-6014.jpg?v=1735847600,THETA PHI ALPHA
The Penguin Shoppe,Sisterhood Pocket Tee,UPI26061833301,Shirts > Short sleeve t-shirts,https://cdn.shopify.com/s/files/1/0088/2288/2370/products/PSB220453-BLUEJEAN-6030-BACK.jpg?v=1735847598,THETA PHI ALPHA
The Penguin Shoppe,Peppered Pocket,UPI26061889621,Shirts > Short sleeve t-shirts,https://cdn.shopify.com/s/files/1/0088/2288/2370/products/PSB220454-GRAPHITE-1717-BACK.jpg?v=1735847597,THETA PHI ALPHA
The Penguin Shoppe,Signature Alumna Tee,UPI2606184290,Shirts > Short sleeve t-shirts,https://cdn.shopify.com/s/files/1/0088/2288/2370/products/PSB220456-BANANA-1717_1.jpg?v=1735847558,THETA PHI ALPHA
The Penguin Shoppe,Lined Alumna Tee,UPI26061802741,Shirts > Short sleeve t-shirts,https://cdn.shopify.com/s/files/1/0088/2288/2370/products/PSB220457-WSHDDENIM-1717.jpg?v=1735847557,THETA PHI ALPHA
The Penguin Shoppe,Asphalt Alumna Tee,UPI26061896502,Shirts > Short sleeve t-shirts,https://cdn.shopify.com/s/files/1/0088/2288/2370/products/PSB220458-ASPHALT-3001.jpg?v=1735847556,THETA PHI ALPHA
The Penguin Shoppe,Script Alumna Tee,UPI26061828661,Shirts > Short sleeve t-shirts,https://cdn.shopify.com/s/files/1/0088/2288/2370/products/PSB220459-WHITE-3001.jpg?v=1735847556,THETA PHI ALPHA
The Penguin Shoppe,Script Alumna Polo,UPI2606183314,Shirts > Short sleeve polo shirts,https://cdn.shopify.com/s/files/1/0088/2288/2370/products/PSB220460-WHITE-DG20W-EMB.jpg?v=1735847555,THETA PHI ALPHA
The Penguin Shoppe,Lined Alumna Polo,UPI26061837622,Shirts > Short sleeve polo shirts,https://cdn.shopify.com/s/files/1/0088/2288/2370/products/PSB220461-GRAPE-DG20W-EMB.jpg?v=1735847554,THETA PHI ALPHA
The Penguin Shoppe,Signature Alumna Cardigan,UPI26061835861,Apparel > Sweaters,https://cdn.shopify.com/s/files/1/0088/2288/2370/products/PSB220462-BLACK-M425W-EMB.jpg?v=1735847554,THETA PHI ALPHA
The Penguin Shoppe,Lined Alumna Cardigan,UPI26061823381,Apparel > Sweaters,https://cdn.shopify.com/s/files/1/0088/2288/2370/products/PSB220463-GREYHTHR-M425W-EMB.jpg?v=1735847553,THETA PHI ALPHA
The Penguin Shoppe,Be Bold Alumna Crewneck,UPI2606182786,Sweatshirts > Crewneck sweatshirts,https://cdn.shopify.com/s/files/1/0088/2288/2370/products/PSB220464-HTHRGREY-JHA030.jpg?v=1735847553,THETA PHI ALPHA
The Penguin Shoppe,Siganture Alumna Crewneck,UPI26061849304,Sweatshirts > Crewneck sweatshirts,https://cdn.shopify.com/s/files/1/0088/2288/2370/products/PSB220465-ROYALBLUE-JHA030.jpg?v=1735847552,THETA PHI ALPHA
The Penguin Shoppe,Artic Alumna Crewneck,UPI26061836821,Sweatshirts > Crewneck sweatshirts,https://cdn.shopify.com/s/files/1/0088/2288/2370/products/PSB220466-ARCTICWHITE-JHA030.jpg?v=1735847551,THETA PHI ALPHA
The Penguin Shoppe,Signature Alumna Fleece Jacket,UPI26061884181,Outerwear > Jackets,https://cdn.shopify.com/s/files/1/0088/2288/2370/products/PSB220467-NAVY-5250-EMB.jpg?v=1735847551,THETA PHI ALPHA
The Penguin Shoppe,Lined Alumna Fleece Jacket,UPI2606183330,Outerwear > Jackets,https://cdn.shopify.com/s/files/1/0088/2288/2370/products/PSB220468-LT.GREYHTHR-5250-EMB.jpg?v=1735847550,THETA PHI ALPHA
The Penguin Shoppe,Alumna Tank,UPI2606186546,Bags > Tote bags,https://cdn.shopify.com/s/files/1/0088/2288/2370/products/PSB220479-WHITE-8838.jpg?v=1735847549,THETA PHI ALPHA
The Penguin Shoppe,With Love Tee,UPI26061832982,Shirts > Short sleeve t-shirts,https://cdn.shopify.com/s/files/1/0088/2288/2370/products/PSB220480-NAVY-1390.jpg?v=1735847596,THETA PHI ALPHA
The Penguin Shoppe,I Love Tie Dye Tee,UPI2606180978,Shirts > Short sleeve t-shirts,https://cdn.shopify.com/s/files/1/0088/2288/2370/products/PSB220481-LAGOON-CD100.jpg?v=1735847595,THETA PHI ALPHA
The Penguin Shoppe,Touchdown Tee,UPI2606182050,Shirts > Short sleeve t-shirts,https://cdn.shopify.com/s/files/1/0088/2288/2370/products/PSB220483-ROYAL-6937.jpg?v=1735847594,THETA PHI ALPHA
The Penguin Shoppe,Denim Festival Tank,UPI26061814263,Shirts > Tank tops,https://cdn.shopify.com/s/files/1/0088/2288/2370/products/PSB220484-SHIRAZ-5033.jpg?v=1735847593,THETA PHI ALPHA
The Penguin Shoppe,Smile Through the Storm Muscle Tee,UPI26061835702,Shirts > Short sleeve t-shirts,https://cdn.shopify.com/s/files/1/0088/2288/2370/products/PSB220485-STORM-8804.jpg?v=1735847592,THETA PHI ALPHA
The Penguin Shoppe,Vintage Corded Crew,UPI2606185090,Sweatshirts > Crewneck sweatshirts,https://cdn.shopify.com/s/files/1/0088/2288/2370/products/PSB220486-VINBLACK-9930.jpg?v=1735847591,THETA PHI ALPHA
The Penguin Shoppe,Ever Lasting Corded Crew,UPI26061806262,Sweatshirts > Crewneck sweatshirts,https://cdn.shopify.com/s/files/1/0088/2288/2370/products/PSB220487-VINBLACK-9930.jpg?v=1735847590,THETA PHI ALPHA
The Penguin Shoppe,Etched in Sand Crewneck,UPI2606186610,Sweatshirts > Crewneck sweatshirts,https://cdn.shopify.com/s/files/1/0088/2288/2370/products/PSB220488-SAND-18000-BACK.jpg?v=1735847589,THETA PHI ALPHA
The Penguin Shoppe,Text Me Hoodie,UPI26061898263,Sweatshirts > Hooded sweatshirts,https://cdn.shopify.com/s/files/1/0088/2288/2370/products/PSB220489-WHITE-18500-BACK.jpg?v=1735847588,THETA PHI ALPHA
The Penguin Shoppe,Twelve Compass Hoodie,UPI26061892021,Sweatshirts > Hooded sweatshirts,https://cdn.shopify.com/s/files/1/0088/2288/2370/products/PSB220490-ORCHID-18500-BACK.jpg?v=1735847587,THETA PHI ALPHA
The Penguin Shoppe,Butterfly Outline Crewneck,UPI2606186882,Sweatshirts > Crewneck sweatshirts,https://cdn.shopify.com/s/files/1/0088/2288/2370/products/PSB220491-WHITE-18000_1.jpg?v=1735847586,THETA PHI ALPHA
The Penguin Shoppe,Silver Grin Tee,UPI26061873302,Shirts > Short sleeve t-shirts,https://cdn.shopify.com/s/files/1/0088/2288/2370/products/PSB220492-SILVER-3001.jpg?v=1735847586,THETA PHI ALPHA
The Penguin Shoppe,Retro Compass Tee,UPI2606187154,Shirts > Short sleeve t-shirts,https://cdn.shopify.com/s/files/1/0088/2288/2370/products/PSB220493-WHITE-3001.jpg?v=1735847585,THETA PHI ALPHA
The Penguin Shoppe,In 1912 Tank,UPI26061835862,Shirts > Tank tops,https://cdn.shopify.com/s/files/1/0088/2288/2370/products/PSB220494-HTHRDUST-8838.jpg?v=1735847584,THETA PHI ALPHA
The Penguin Shoppe,Flip It and Reverse It Tee,UPI26061829621,Shirts > Short sleeve t-shirts,https://cdn.shopify.com/s/files/1/0088/2288/2370/products/PSB220495-BLACK-3001-BACK.jpg?v=1735847582,THETA PHI ALPHA
The Penguin Shoppe,Etched in Charcoal Crewneck,UPI26061823383,Sweatshirts > Crewneck sweatshirts,https://cdn.shopify.com/s/files/1/0088/2288/2370/products/PSB220496-CHARCOAL-18000-BACK.jpg?v=1735847581,THETA PHI ALPHA
The Penguin Shoppe,Homerun Tee,UPI2606189394,Shirts > Short sleeve t-shirts,https://cdn.shopify.com/s/files/1/0088/2288/2370/products/PSB220497-WHITE-ROYAL-5700-FRONT.jpg?v=1735847580,THETA PHI ALPHA
The Penguin Shoppe,Portrait Crewneck,UPI2606183682,Sweatshirts > Crewneck sweatshirts,https://cdn.shopify.com/s/files/1/0088/2288/2370/products/PSB220499-CHARCOAL-18000.jpg?v=1735847579,THETA PHI ALPHA
The Penguin Shoppe,$25 Bid Day Pack,UPI26061862741,Bundles > Gift sets,https://cdn.shopify.com/s/files/1/0088/2288/2370/products/PSB-25CLASSICPACK.jpg?v=1622120839,THETA PHI ALPHA
The Penguin Shoppe,$25 Fun Bid Day Pack,UPI26061879701,Bundles > Gift sets,https://cdn.shopify.com/s/files/1/0088/2288/2370/products/PSB-25FUNPACK.jpg?v=1622120857,THETA PHI ALPHA
The Penguin Shoppe,Compass Bid Day Cards,UPI2606181330,Stationery > Note cards,https://cdn.shopify.com/s/files/1/0088/2288/2370/products/psb-biddaycards.png?v=1735847714,THETA PHI ALPHA
The Penguin Shoppe,Recruitment & Event Name Badges- NOT SOLD OUT!- See product description for details,UPI26061877302,Paper/print goods > Name tags,https://cdn.shopify.com/s/files/1/0088/2288/2370/products/PSB-Custom-NameTags.jpg?v=1735847743,THETA PHI ALPHA
The Penguin Shoppe,Theta Phi Alpha Gaiter,UPI26061844981,Apparel > Face masks,https://cdn.shopify.com/s/files/1/0088/2288/2370/products/PSBGaiter1.jpg?v=1735847715,THETA PHI ALPHA
The Penguin Shoppe,Holiday Ornament (19),UPI26061875862,Promotional > Ornaments,https://cdn.shopify.com/s/files/1/0088/2288/2370/products/psb-holidayornament.jpg?v=1735847715,THETA PHI ALPHA
The Penguin Shoppe,Theta Phi Alpha Masks,UPI26061848661,Apparel > Face masks,https://cdn.shopify.com/s/files/1/0088/2288/2370/products/PSBMASK2.jpg?v=1735847716,THETA PHI ALPHA
The Penguin Shoppe,$25 Senior Sendoff Pack,UPI2606184072,Bundles > Gift sets,https://cdn.shopify.com/s/files/1/0088/2288/2370/products/PSBSenior1.jpg?v=1588019798,THETA PHI ALPHA
The Penguin Shoppe,$50 Senior Sendoff Pack,UPI2606180056,Bundles > Gift sets,https://cdn.shopify.com/s/files/1/0088/2288/2370/products/PSBSenior2.jpg?v=1588019831,THETA PHI ALPHA
The Penguin Shoppe,Aluminum Tumbler,UPI2606185922,Drinkware > Tumblers,https://cdn.shopify.com/s/files/1/0088/2288/2370/products/psbtitanium.jpg?v=1735847649,THETA PHI ALPHA
The Penguin Shoppe,Pink Longhorn Tank,UPI2606188610,Shirts > Tank tops,https://cdn.shopify.com/s/files/1/0088/2288/2370/products/pW1MQHsw.jpg?v=1622142825,THETA PHI ALPHA
The Penguin Shoppe,Theta PHi Bucket Hat,UPI26061840821,Headwear > Bucket hats,https://cdn.shopify.com/s/files/1/0088/2288/2370/products/sb0cYskA.jpg?v=1735847699,THETA PHI ALPHA
The Penguin Shoppe,Theta Phi Alpha Angel Tank,UPI26061891544,Shirts > Tank tops,https://cdn.shopify.com/s/files/1/0088/2288/2370/products/tAcbYTfQ.jpg?v=1735847694,THETA PHI ALPHA
The Penguin Shoppe,White Crest Sweatshirt,UPI26061845301,Sweatshirts > Crewneck sweatshirts,https://cdn.shopify.com/s/files/1/0088/2288/2370/products/theta_phi_alpha_sweater.jpg?v=1555955831,THETA PHI ALPHA
The Penguin Shoppe,Light Blue Crew,UPI26061897781,Sweatshirts > Crewneck sweatshirts,https://cdn.shopify.com/s/files/1/0088/2288/2370/products/xcRYykkg.jpg?v=1735847693,THETA PHI ALPHA
The Penguin Shoppe,Sky Blue Tie-Dye Tee,UPI26061898261,Shirts > Short sleeve t-shirts,https://cdn.shopify.com/s/files/1/0088/2288/2370/products/xRiLOEpQ.jpg?v=1735847696,THETA PHI ALPHA
The Penguin Shoppe,Theta Phi Butterfly Tank,UPI26061865622,Shirts > Tank tops,https://cdn.shopify.com/s/files/1/0088/2288/2370/products/zCMEDbtw.jpg?v=1735847697,THETA PHI ALPHA
AST Emerald Boutique,Emerald Boutique Gift Card,UPI26061893851,Paper/print goods > Plastic cards,https://cdn.shopify.com/s/files/1/0104/5076/3842/files/ASB_441424cb-bd38-4b41-ae42-75a88ad9ec9d.png?v=1701718631,ALPHA SIGMA TAU
AST Emerald Boutique,Bid Day Pack,UPI2606181897,Bundles > Gift sets,https://cdn.shopify.com/s/files/1/0104/5076/3842/files/ASB_BDPSITEIMAGE.jpg?v=1709675643,ALPHA SIGMA TAU
AST Emerald Boutique,Night to Reunite 2024 T-Shirt,UPI26061890334,Shirts > Short sleeve t-shirts,https://cdn.shopify.com/s/files/1/0104/5076/3842/files/ASB-2024-REUNITE.jpg?v=1710345576,ALPHA SIGMA TAU
AST Emerald Boutique,Letterman Hat,UPI26061875772,Headwear > Billed hats,https://cdn.shopify.com/s/files/1/0104/5076/3842/files/ASB2203103-BUTTER-VC300A.jpg?v=1687272410,ALPHA SIGMA TAU
AST Emerald Boutique,Letterman 1/4 Zip,UPI26061866171,Sweatshirts > 1/4 zip sweatshirts,https://cdn.shopify.com/s/files/1/0104/5076/3842/files/ASB2203121-WHITE-995MR-EMB.jpg?v=1687272654,ALPHA SIGMA TAU
AST Emerald Boutique,Alpha Tau Repeat Tote,UPI2606185945,Bags > Tote bags,https://cdn.shopify.com/s/files/1/0104/5076/3842/files/ASB2203155-WHITE-Q800.jpg?v=1687271684,ALPHA SIGMA TAU
AST Emerald Boutique,Classic Tote,UPI2606181753,Bags > Tote bags,https://cdn.shopify.com/s/files/1/0104/5076/3842/files/ASB2203156-YELLOW-Q800.jpg?v=1687271807,ALPHA SIGMA TAU
AST Emerald Boutique,Text Me Tote,UPI2606186041,Bags > Tote bags,https://cdn.shopify.com/s/files/1/0104/5076/3842/files/ASB2203157-YELLOW-Q800.jpg?v=1687271886,ALPHA SIGMA TAU
AST Emerald Boutique,Grinning Tote,UPI26061803292,Bags > Tote bags,https://cdn.shopify.com/s/files/1/0104/5076/3842/files/ASB2203158-BLACK-Q800.jpg?v=1687271975,ALPHA SIGMA TAU
AST Emerald Boutique,Letterman Tote,UPI26061835452,Bags > Tote bags,https://cdn.shopify.com/s/files/1/0104/5076/3842/files/ASB2203159-WHITE-Q800.jpg?v=1687272049,ALPHA SIGMA TAU
AST Emerald Boutique,Glam Baby Tee,UPI26061816412,Shirts > Short sleeve t-shirts,https://cdn.shopify.com/s/files/1/0104/5076/3842/files/ASB23GL0201_1010_BLACK.jpg?v=1700691233,ALPHA SIGMA TAU
AST Emerald Boutique,Glam Hoodie,UPI26061896891,Sweatshirts > Hooded sweatshirts,https://cdn.shopify.com/s/files/1/0104/5076/3842/files/ASB23GL0201_18500_BLACK.jpg?v=1700693362,ALPHA SIGMA TAU
AST Emerald Boutique,Luxe Lounge Set,UPI26061828571,Loungewear > Sweatsuit sets,https://cdn.shopify.com/s/files/1/0104/5076/3842/files/ASB23GL0202_TD055-NUDE_TD085-NUDE-EMB.jpg?v=1700695696,ALPHA SIGMA TAU
AST Emerald Boutique,Love You Crew,UPI26061885211,Sweatshirts > Crewneck sweatshirts,https://cdn.shopify.com/s/files/1/0104/5076/3842/files/ASB23GL0205_1566_WHITE-BACKjpg.jpg?v=1700698509,ALPHA SIGMA TAU
AST Emerald Boutique,125 Years White Tee,UPI26061813371,Shirts > Short sleeve t-shirts,https://cdn.shopify.com/s/files/1/0104/5076/3842/files/ASB2400011717WHITE.jpg?v=1717425680,ALPHA SIGMA TAU
AST Emerald Boutique,125 Years Jade Tee,UPI26061876093,Shirts > Short sleeve t-shirts,https://cdn.shopify.com/s/files/1/0104/5076/3842/files/ASB2400025000ANTJADE.jpg?v=1717425794,ALPHA SIGMA TAU
AST Emerald Boutique,125 Years Natural Crop Tee,UPI26061870011,Shirts > Short sleeve t-shirts,https://cdn.shopify.com/s/files/1/0104/5076/3842/files/ASB2400031010NATURAL.jpg?v=1717425896,ALPHA SIGMA TAU
AST Emerald Boutique,125 Years Grey Crop Tank,UPI2606189689,Shirts > Tank tops,https://cdn.shopify.com/s/files/1/0104/5076/3842/files/ASB2400041013ATHL.HEATH..jpg?v=1717426008,ALPHA SIGMA TAU
AST Emerald Boutique,125 Years Sand Crewneck,UPI26061808732,Sweatshirts > Crewneck sweatshirts,https://cdn.shopify.com/s/files/1/0104/5076/3842/files/ASB24000518000SANDFRONT.jpg?v=1717426299,ALPHA SIGMA TAU
AST Emerald Boutique,125 Years Kelly Tote,UPI2606184361,Bags > Tote bags,https://cdn.shopify.com/s/files/1/0104/5076/3842/files/ASB240006Q800KELLY.jpg?v=1717426419,ALPHA SIGMA TAU
AST Emerald Boutique,125 Years Sage Hoodie,UPI2606182409,Sweatshirts > Hooded sweatshirts,https://cdn.shopify.com/s/files/1/0104/5076/3842/files/ASB240007SS4500DUSTYSAGEBACK.jpg?v=1717426605,ALPHA SIGMA TAU
AST Emerald Boutique,125 Years Hat,UPI26061832251,Headwear > Billed hats,https://cdn.shopify.com/s/files/1/0104/5076/3842/files/ASB240009VC300AWHITE.jpg?v=1717426817,ALPHA SIGMA TAU
AST Emerald Boutique,125 Years Sticker,UPI26061858012,Promotional > Decals,https://cdn.shopify.com/s/files/1/0104/5076/3842/files/ASB240010STICKER.jpg?v=1717428294,ALPHA SIGMA TAU
AST Emerald Boutique,125 Years Emerald Tee,UPI26061848254,Shirts > Short sleeve t-shirts,https://cdn.shopify.com/s/files/1/0104/5076/3842/files/ASB240011-EMERALD-1717.jpg?v=1717428394,ALPHA SIGMA TAU
AST Emerald Boutique,Varsity Bay Tee,UPI26061896412,Shirts > Short sleeve t-shirts,https://cdn.shopify.com/s/files/1/0104/5076/3842/files/ASB24GL1021717BAY.jpg?v=1718733104,ALPHA SIGMA TAU
AST Emerald Boutique,Ivory Flower Tee,UPI26061877692,Shirts > Short sleeve t-shirts,https://cdn.shopify.com/s/files/1/0104/5076/3842/files/ASB24GL1031717IVORY.jpg?v=1718733204,ALPHA SIGMA TAU
AST Emerald Boutique,99 Excellence Crewneck,UPI26061820574,Sweatshirts > Crewneck sweatshirts,https://cdn.shopify.com/s/files/1/0104/5076/3842/files/ASB24GL104PRM3500PSANDSTONE.jpg?v=1718733314,ALPHA SIGMA TAU
AST Emerald Boutique,Excellence Sweatpants,UPI26061852731,Pants > Sweatpants,https://cdn.shopify.com/s/files/1/0104/5076/3842/files/ASB24GL105PRM50PTPDSANDSTONE.jpg?v=1718733440,ALPHA SIGMA TAU
AST Emerald Boutique,Est 1899 Rose Tee,UPI26061895612,Shirts > Short sleeve t-shirts,https://cdn.shopify.com/s/files/1/0104/5076/3842/files/ASB24GL1061717WHITE.jpg?v=1718733591,ALPHA SIGMA TAU
AST Emerald Boutique,Sage Crewneck,UPI26061800091,Sweatshirts > Crewneck sweatshirts,https://cdn.shopify.com/s/files/1/0104/5076/3842/files/ASB24GL107PRM3500PSAGE.jpg?v=1718733712,ALPHA SIGMA TAU
AST Emerald Boutique,Sage Shorts,UPI26061819772,Apparel > Shorts,https://cdn.shopify.com/s/files/1/0104/5076/3842/files/ASB24GL108PRM20SRTSAGE.jpg?v=1718733869,ALPHA SIGMA TAU
AST Emerald Boutique,Ivory Crewneck,UPI26061851931,Sweatshirts > Crewneck sweatshirts,https://cdn.shopify.com/s/files/1/0104/5076/3842/files/ASB24GL109PRM3500PIVORY.jpg?v=1718733991,ALPHA SIGMA TAU
AST Emerald Boutique,Retro Repeat Crewneck,UPI26061850172,Sweatshirts > Crewneck sweatshirts,https://cdn.shopify.com/s/files/1/0104/5076/3842/files/ASB24GL110PRM3500PIGMENTBLACK.jpg?v=1718734114,ALPHA SIGMA TAU
AST Emerald Boutique,Defining Excellence Tee,UPI2606185289,Shirts > Short sleeve t-shirts,https://cdn.shopify.com/s/files/1/0104/5076/3842/files/ASB24GL1111717WHITEBACK.jpg?v=1718734253,ALPHA SIGMA TAU
AST Emerald Boutique,Michigan Shaka Tee,UPI26061812731,Shirts > Short sleeve t-shirts,https://cdn.shopify.com/s/files/1/0104/5076/3842/files/ASB24GL112SHGDDSHAKACREAM.jpg?v=1718734416,ALPHA SIGMA TAU
AST Emerald Boutique,Light Yellow Crest Hoodie,UPI26061884411,Sweatshirts > Hooded sweatshirts,https://cdn.shopify.com/s/files/1/0104/5076/3842/files/ASB24GL113-FRONT-LTYELLOW-SS4500.jpg?v=1724265699,ALPHA SIGMA TAU
AST Emerald Boutique,Dusty Sage Crest Hoodie,UPI2606182169,Sweatshirts > Hooded sweatshirts,https://cdn.shopify.com/s/files/1/0104/5076/3842/files/ASB24GL113SS4500DUSTYSAGEBACK.jpg?v=1718734572,ALPHA SIGMA TAU
AST Emerald Boutique,AST Since 1899 Hoodie,UPI26061853851,Sweatshirts > Hooded sweatshirts,https://cdn.shopify.com/s/files/1/0104/5076/3842/files/ASB24GL114SMOKEBACK.jpg?v=1718734747,ALPHA SIGMA TAU
AST Emerald Boutique,Notice Tee,UPI2606187977,Shirts > Short sleeve t-shirts,https://cdn.shopify.com/s/files/1/0104/5076/3842/files/ASB24GL1151717BLACK.jpg?v=1718734881,ALPHA SIGMA TAU
AST Emerald Boutique,Island Reef Notice Tee,UPI26061840092,Shirts > Short sleeve t-shirts,https://cdn.shopify.com/s/files/1/0104/5076/3842/files/ASB24GL115-1717-ISLANDREEF.jpg?v=1725455761,ALPHA SIGMA TAU
AST Emerald Boutique,Birch Cardigan,UPI2606186729,Apparel > Sweaters,https://cdn.shopify.com/s/files/1/0104/5076/3842/files/ASB24GL116MM3023BERCH.jpg?v=1718735002,ALPHA SIGMA TAU
AST Emerald Boutique,Birch Cardigan,UPI260618977423,Apparel > Sweaters,https://cdn.shopify.com/s/files/1/0104/5076/3842/files/ASB24GL116MM3023BERCH.jpg?v=1718735002,ALPHA SIGMA TAU
AST Emerald Boutique,Anchored Game Hat,UPI26061837851,Headwear > Billed hats,https://cdn.shopify.com/s/files/1/0104/5076/3842/files/ASB24GL117GB465MUSTARDYELLOW.jpg?v=1718735125,ALPHA SIGMA TAU
AST Emerald Boutique,Khaki Game Hat,UPI2606180393,Headwear > Billed hats,https://cdn.shopify.com/s/files/1/0104/5076/3842/files/ASB24GL118GB465KHAKI.jpg?v=1718735223,ALPHA SIGMA TAU
AST Emerald Boutique,Color Blocked Crop Team Hoodie,UPI26061898652,Sweatshirts > Hooded sweatshirts,https://cdn.shopify.com/s/files/1/0104/5076/3842/files/ASB24GL119W23716HEATHER.jpg?v=1718735488,ALPHA SIGMA TAU
AST Emerald Boutique,Vertical Tote,UPI260618338012,Bags > Tote bags,https://cdn.shopify.com/s/files/1/0104/5076/3842/files/ASB24GL120Q800NATURAL.jpg?v=1718735615,ALPHA SIGMA TAU
AST Emerald Boutique,Vertical Tote,UPI26061875451,Bags > Tote bags,https://cdn.shopify.com/s/files/1/0104/5076/3842/files/ASB24GL120Q800NATURAL.jpg?v=1718735615,ALPHA SIGMA TAU
AST Emerald Boutique,Bow Crop Tank,UPI2606185529,Shirts > Tank tops,https://cdn.shopify.com/s/files/1/0104/5076/3842/files/ASB24GL1211013WHITE.jpg?v=1718800842,ALPHA SIGMA TAU
AST Emerald Boutique,Athletic Crop Tank,UPI26061893694,Shirts > Tank tops,https://cdn.shopify.com/s/files/1/0104/5076/3842/files/ASB24GL1221013ATHL.HEATHER.jpg?v=1718801085,ALPHA SIGMA TAU
AST Emerald Boutique,Defining Excellence Crop Top,UPI26061896413,Shirts > Short sleeve t-shirts,https://cdn.shopify.com/s/files/1/0104/5076/3842/files/ASB24GL1231010NATURAL.jpg?v=1718801298,ALPHA SIGMA TAU
AST Emerald Boutique,Repeat Crop Top,UPI26061839291,Shirts > Short sleeve t-shirts,https://cdn.shopify.com/s/files/1/0104/5076/3842/files/ASB24GL1241010BLACK.jpg?v=1718801515,ALPHA SIGMA TAU
AST Emerald Boutique,Crest Crop Top,UPI26061814331,Shirts > Short sleeve t-shirts,https://cdn.shopify.com/s/files/1/0104/5076/3842/files/ASB24GL1251010ATL.HEATHER.jpg?v=1718801652,ALPHA SIGMA TAU
AST Emerald Boutique,Defining Excellence Notecard,UPI26061810813,Stationery > Note cards,https://cdn.shopify.com/s/files/1/0104/5076/3842/files/ASB24GL126POSTCARDFRONT.jpg?v=1718801800,ALPHA SIGMA TAU
AST Emerald Boutique,Crest Notecard,UPI26061830491,Stationery > Note cards,https://cdn.shopify.com/s/files/1/0104/5076/3842/files/ASB24GL127FOLDOVERNOTECARD.jpg?v=1718801941,ALPHA SIGMA TAU
AST Emerald Boutique,Shadow Box Sticker,UPI26061833212,Promotional > Stickers,https://cdn.shopify.com/s/files/1/0104/5076/3842/files/ASB24GL128BUTTON.jpg?v=1718802029,ALPHA SIGMA TAU
AST Emerald Boutique,Hand Sign Button,UPI26061846654,Apparel > Buttons,https://cdn.shopify.com/s/files/1/0104/5076/3842/files/ASB24GL129BUTTON.jpg?v=1718802151,ALPHA SIGMA TAU
AST Emerald Boutique,1899 Sticker,UPI26061877051,Promotional > Decals,https://cdn.shopify.com/s/files/1/0104/5076/3842/files/ASB24GL130STICKER.jpg?v=1718802261,ALPHA SIGMA TAU
AST Emerald Boutique,Bow Sticker,UPI26061873533,Promotional > Stickers,https://cdn.shopify.com/s/files/1/0104/5076/3842/files/ASB24GL131STICKER.jpg?v=1718802363,ALPHA SIGMA TAU
AST Emerald Boutique,XO Tee,UPI2606187529,Shirts > Short sleeve t-shirts,https://cdn.shopify.com/s/files/1/0104/5076/3842/files/ASB24GL2011717BLACK.jpg?v=1726594322,ALPHA SIGMA TAU
AST Emerald Boutique,Cherry Bow Crewneck,UPI2606187177,Sweatshirts > Crewneck sweatshirts,https://cdn.shopify.com/s/files/1/0104/5076/3842/files/ASB24GL20218000LIGHTPINK.jpg?v=1726594430,ALPHA SIGMA TAU
AST Emerald Boutique,Reindeer Games Tee,UPI26061802171,Shirts > Short sleeve t-shirts,https://cdn.shopify.com/s/files/1/0104/5076/3842/files/ASB24GL2031717BLUEJEAN.jpg?v=1726594549,ALPHA SIGMA TAU
AST Emerald Boutique,Snowfall Crewneck,UPI2606188889,Sweatshirts > Crewneck sweatshirts,https://cdn.shopify.com/s/files/1/0104/5076/3842/files/ASB24GL20418000SPORTSGRAY.jpg?v=1726594779,ALPHA SIGMA TAU
AST Emerald Boutique,Ghost Crewneck,UPI26061884571,Sweatshirts > Crewneck sweatshirts,https://cdn.shopify.com/s/files/1/0104/5076/3842/files/ASB24GL20518000BLACK.jpg?v=1726594986,ALPHA SIGMA TAU
AST Emerald Boutique,Ginger Crewneck,UPI26061808733,Sweatshirts > Crewneck sweatshirts,https://cdn.shopify.com/s/files/1/0104/5076/3842/files/ASB24GL20618000SAND.jpg?v=1726595174,ALPHA SIGMA TAU
AST Emerald Boutique,Pumpkin Bow Tee,UPI26061892731,Shirts > Short sleeve t-shirts,https://cdn.shopify.com/s/files/1/0104/5076/3842/files/ASB24GL2071717YAM.jpg?v=1726595306,ALPHA SIGMA TAU
AST Emerald Boutique,Pumpkin Bow Tee,UPI260618148613,Shirts > Short sleeve t-shirts,https://cdn.shopify.com/s/files/1/0104/5076/3842/files/ASB24GL2071717YAM.jpg?v=1726595306,ALPHA SIGMA TAU
AST Emerald Boutique,Holiday Bow Crewneck,UPI26061845691,Sweatshirts > Crewneck sweatshirts,https://cdn.shopify.com/s/files/1/0104/5076/3842/files/ASB24GL20818000MAROON.png?v=1732632207,ALPHA SIGMA TAU
AST Emerald Boutique,Holiday Bow Crewneck,UPI26061879613,Sweatshirts > Crewneck sweatshirts,https://cdn.shopify.com/s/files/1/0104/5076/3842/files/ASB24GL20818000SAND.png?v=1732632026,ALPHA SIGMA TAU
AST Emerald Boutique,Dashing Crewneck,UPI2606182329,Sweatshirts > Crewneck sweatshirts,https://cdn.shopify.com/s/files/1/0104/5076/3842/files/ASB24GL20918000FOREST.jpg?v=1726595456,ALPHA SIGMA TAU
AST Emerald Boutique,Alpha Tau Script Beanie,UPI26061860091,Headwear > Beanies,https://cdn.shopify.com/s/files/1/0104/5076/3842/files/ASB24GL210SP15HEATHERCHARCOAL.jpg?v=1726596035,ALPHA SIGMA TAU
AST Emerald Boutique,Defining Excellence Flower Crop Tee,UPI26061878652,Shirts > Crop tops,https://cdn.shopify.com/s/files/1/0104/5076/3842/files/ASB2500011010WHITE.jpg?v=1741974357,ALPHA SIGMA TAU
AST Emerald Boutique,Smile 1899 Crop Tee,UPI26061814491,Shirts > Short sleeve t-shirts,https://cdn.shopify.com/s/files/1/0104/5076/3842/files/ASB2500021010BLACK.jpg?v=1741974514,ALPHA SIGMA TAU
AST Emerald Boutique,Flaming Heart Hoodie,UPI26061848571,Sweatshirts > Hooded sweatshirts,https://cdn.shopify.com/s/files/1/0104/5076/3842/files/ASB25000318500BLACKfront.jpg?v=1741974655,ALPHA SIGMA TAU
AST Emerald Boutique,Anchor Club Crewneck,UPI26061845212,Sweatshirts > Hooded sweatshirts,https://cdn.shopify.com/s/files/1/0104/5076/3842/files/ASB25000418000HEATHERGREENfront.jpg?v=1741974889,ALPHA SIGMA TAU
AST Emerald Boutique,Chikadee Crewneck,UPI26061813373,Sweatshirts > Crewneck sweatshirts,https://cdn.shopify.com/s/files/1/0104/5076/3842/files/ASB250005488ASH1.jpg?v=1741975209,ALPHA SIGMA TAU
AST Emerald Boutique,Lightening Crop Tee,UPI26061824251,Shirts > Short sleeve t-shirts,https://cdn.shopify.com/s/files/1/0104/5076/3842/files/ASB2500061010GREY.jpg?v=1741975403,ALPHA SIGMA TAU
AST Emerald Boutique,Knot Your Average Tee,UPI26061861852,Shirts > Short sleeve t-shirts,https://cdn.shopify.com/s/files/1/0104/5076/3842/files/ASB2500071717BUTTER.jpg?v=1741975532,ALPHA SIGMA TAU
AST Emerald Boutique,Night to Reunite 2025 T-Shirt,UPI26061879771,Shirts > Short sleeve t-shirts,https://cdn.shopify.com/s/files/1/0104/5076/3842/files/ASB250101-1717-ISLANDREEF.jpg?v=1741710353,ALPHA SIGMA TAU
AST Emerald Boutique,Clouded Butterfly Crewneck,UPI2606188457,Sweatshirts > Crewneck sweatshirts,https://cdn.shopify.com/s/files/1/0104/5076/3842/files/ASB25APRIL118000ASHBACK.jpg?v=1743630355,ALPHA SIGMA TAU
AST Emerald Boutique,Clouded Butterfly Sweatpants,UPI26061856091,Pants > Sweatpants,https://cdn.shopify.com/s/files/1/0104/5076/3842/files/ASB25APRIL218200ASH.jpg?v=1743789547,ALPHA SIGMA TAU
AST Emerald Boutique,1899 Hoodie,UPI26061853371,Sweatshirts > Hooded sweatshirts,https://cdn.shopify.com/s/files/1/0104/5076/3842/files/ASB25GL201996MRBLACKBACK.jpg?v=1762370036,ALPHA SIGMA TAU
AST Emerald Boutique,Black Sweatpants,UPI26061811451,Pants > Sweatpants,https://cdn.shopify.com/s/files/1/0104/5076/3842/files/ASB25GL202974MPRBLACK.jpg?v=1762370232,ALPHA SIGMA TAU
AST Emerald Boutique,Billard Hoodie,UPI26061814172,Sweatshirts > Hooded sweatshirts,https://cdn.shopify.com/s/files/1/0104/5076/3842/files/ASB25GL203996MRASHBACK.jpg?v=1762370421,ALPHA SIGMA TAU
AST Emerald Boutique,Billard Sweatpants,UPI26061893693,Pants > Sweatpants,https://cdn.shopify.com/s/files/1/0104/5076/3842/files/ASB25GL204974MPRASH.jpg?v=1762370626,ALPHA SIGMA TAU
AST Emerald Boutique,ETA Crewneck,UPI26061841052,Sweatshirts > Crewneck sweatshirts,https://cdn.shopify.com/s/files/1/0104/5076/3842/files/ASB25GL20518000FOREST.jpg?v=1762370822,ALPHA SIGMA TAU
AST Emerald Boutique,Disco Bay Tee,UPI2606189017,Shirts > Short sleeve t-shirts,https://cdn.shopify.com/s/files/1/0104/5076/3842/files/ASB25GL2061717BAY.jpg?v=1762370911,ALPHA SIGMA TAU
AST Emerald Boutique,Ash Mock Neck- Limited Edition,UPI2606188745,Apparel > Sweaters,https://cdn.shopify.com/s/files/1/0104/5076/3842/files/ASB25NOV1ASHMOCKNECK.jpg?v=1762450729,ALPHA SIGMA TAU
AST Emerald Boutique,Cherry Bid Day Crop Tee,UPI26061812252,Shirts > Short sleeve t-shirts,https://cdn.shopify.com/s/files/1/0104/5076/3842/files/ASB2600011010PINK.jpg?v=1770056564,ALPHA SIGMA TAU
AST Emerald Boutique,Cheetah Heart Crop Tee,UPI26061898011,Shirts > Short sleeve t-shirts,https://cdn.shopify.com/s/files/1/0104/5076/3842/files/ASB2600021010NATURAL_1.jpg?v=1770056875,ALPHA SIGMA TAU
AST Emerald Boutique,Blue Ribbon Crop Tee,UPI26061822171,Shirts > Short sleeve t-shirts,https://cdn.shopify.com/s/files/1/0104/5076/3842/files/ASB2600031010WHITE.jpg?v=1770057074,ALPHA SIGMA TAU
AST Emerald Boutique,Disco Bid Day Tee,UPI2606188649,Shirts > Short sleeve t-shirts,https://cdn.shopify.com/s/files/1/0104/5076/3842/files/ASB2600041717WHITE.jpg?v=1770057216,ALPHA SIGMA TAU
AST Emerald Boutique,Camp Alpha Tau,UPI2606189097,Shirts > Short sleeve t-shirts,https://cdn.shopify.com/s/files/1/0104/5076/3842/files/ASB2600051717LTGREEN.jpg?v=1770057371,ALPHA SIGMA TAU
AST Emerald Boutique,Navy Anchor Bid Day Tee,UPI26061823133,Shirts > Short sleeve t-shirts,https://cdn.shopify.com/s/files/1/0104/5076/3842/files/ASB2600061717NAVY.jpg?v=1770057519,ALPHA SIGMA TAU
AST Emerald Boutique,Angel Crop Tee,UPI26061810651,Shirts > Short sleeve t-shirts,https://cdn.shopify.com/s/files/1/0104/5076/3842/files/ASB2600071010WHITE.jpg?v=1770057663,ALPHA SIGMA TAU
AST Emerald Boutique,"Love, Alpha Tau Crop Tee",UPI26061878653,Shirts > Short sleeve t-shirts,https://cdn.shopify.com/s/files/1/0104/5076/3842/files/ASB2600081010WHITE.jpg?v=1770057806,ALPHA SIGMA TAU
AST Emerald Boutique,Shadow Box Letter Crop Tee,UPI26061821533,Shirts > Short sleeve t-shirts,https://cdn.shopify.com/s/files/1/0104/5076/3842/files/ASB2600091010NATURAL.jpg?v=1770057981,ALPHA SIGMA TAU
AST Emerald Boutique,Periwinkle Tee,UPI26061847452,Shirts > Short sleeve t-shirts,https://cdn.shopify.com/s/files/1/0104/5076/3842/files/ASB2600101717PERIWINKLE.jpg?v=1770058125,ALPHA SIGMA TAU
AST Emerald Boutique,Dazzling Emerald Tee,UPI26061813531,Shirts > Short sleeve t-shirts,https://cdn.shopify.com/s/files/1/0104/5076/3842/files/ASB2600111717EMERALD.jpg?v=1770058267,ALPHA SIGMA TAU
AST Emerald Boutique,Fairest of Them All Tee,UPI26061890333,Shirts > Short sleeve t-shirts,https://cdn.shopify.com/s/files/1/0104/5076/3842/files/ASB2600121717WHITE.jpg?v=1770058414,ALPHA SIGMA TAU
AST Emerald Boutique,Women's Wellness Initiative Crop Tee,UPI26061867133,Shirts > Short sleeve t-shirts,https://cdn.shopify.com/s/files/1/0104/5076/3842/files/ASB2600131010WHITE.jpg?v=1770058625,ALPHA SIGMA TAU
AST Emerald Boutique,Women's Wellness 1899 Crop Tee,UPI26061894813,Shirts > Short sleeve t-shirts,https://cdn.shopify.com/s/files/1/0104/5076/3842/files/ASB2600141010BLACK.jpg?v=1770058794,ALPHA SIGMA TAU
AST Emerald Boutique,Women's Wellness Initiative Bow Crop Tee,UPI26061882331,Shirts > Short sleeve t-shirts,https://cdn.shopify.com/s/files/1/0104/5076/3842/files/ASB2600151010LTBLUE.jpg?v=1770059131,ALPHA SIGMA TAU
AST Emerald Boutique,Women's Wellness Initiative Lt Green Tee,UPI26061842172,Shirts > Short sleeve t-shirts,https://cdn.shopify.com/s/files/1/0104/5076/3842/files/ASB2600161717LTGREEN.jpg?v=1770059266,ALPHA SIGMA TAU
AST Emerald Boutique,Women's Wellness Initiative Lt Ivory Tee,UPI26061874331,Shirts > Short sleeve t-shirts,https://cdn.shopify.com/s/files/1/0104/5076/3842/files/ASB2600171717IVORY.jpg?v=1770059426,ALPHA SIGMA TAU
AST Emerald Boutique,Women's Wellness Initiative Blue Jean Tee,UPI26061851133,Shirts > Short sleeve t-shirts,https://cdn.shopify.com/s/files/1/0104/5076/3842/files/ASB2600181717BLUEJEAN.jpg?v=1770059533,ALPHA SIGMA TAU
AST Emerald Boutique,Patch Work Letter Tee,UPI26061815452,Shirts > Short sleeve t-shirts,https://cdn.shopify.com/s/files/1/0104/5076/3842/files/ASB2600191717WHITE.jpg?v=1770059972,ALPHA SIGMA TAU
AST Emerald Boutique,The North FaceB. Womenbs Osito Fleece Jacket,UPI26061894812,Outerwear > Jackets,https://cdn.shopify.com/s/files/1/0104/5076/3842/files/ASB26001NF0A7UQJBLACK.jpg?v=1768413291,ALPHA SIGMA TAU
AST Emerald Boutique,Classic Letter Crewneck,UPI26061807453,Shirts > Short sleeve t-shirts,https://cdn.shopify.com/s/files/1/0104/5076/3842/files/ASB26002018000FOREST.jpg?v=1770060354,ALPHA SIGMA TAU
AST Emerald Boutique,Classic Letter Tee,UPI2606181369,Shirts > Short sleeve t-shirts,https://cdn.shopify.com/s/files/1/0104/5076/3842/files/ASB2600211717IVORY.jpg?v=1770060244,ALPHA SIGMA TAU
AST Emerald Boutique,"The North FaceB. Etipb Recycled Glove""",UPI26061846652,Apparel > Gloves,https://cdn.shopify.com/s/files/1/0104/5076/3842/files/ASB26002NF0A4SHABLACK.jpg?v=1768417133,ALPHA SIGMA TAU
AST Emerald Boutique,Ivory Bouquet Tee,UPI2606182265,Shirts > Short sleeve t-shirts,https://cdn.shopify.com/s/files/1/0104/5076/3842/files/ASB2604011717IVORY.jpg?v=1780500689,ALPHA SIGMA TAU
AST Emerald Boutique,Butter Pennant Tee,UPI26061837852,Shirts > Short sleeve t-shirts,https://cdn.shopify.com/s/files/1/0104/5076/3842/files/ASB2604021717BUTTER.jpg?v=1780500878,ALPHA SIGMA TAU
AST Emerald Boutique,99 Tee,UPI2606180217,Shirts > Short sleeve t-shirts,https://cdn.shopify.com/s/files/1/0104/5076/3842/files/ASB2604031717WHITE.jpg?v=1780501078,ALPHA SIGMA TAU
AST Emerald Boutique,Blue Spruce Stamp Tee,UPI2606186201,Shirts > Short sleeve t-shirts,https://cdn.shopify.com/s/files/1/0104/5076/3842/files/ASB2604041717BLUESPRUCE_1.jpg?v=1780501204,ALPHA SIGMA TAU
AST Emerald Boutique,Minnesota Sticker,UPI2606180761,Promotional > Banners,https://cdn.shopify.com/s/files/1/0104/5076/3842/files/ASB260408STICKER.jpg?v=1780501575,ALPHA SIGMA TAU
AST Emerald Boutique,Charcoal Heather Cardigan,UPI2606185321,Outerwear > Jackets,https://cdn.shopify.com/s/files/1/0104/5076/3842/files/ASB260410LSW2870CHARHTREMB.jpg?v=1780501758,ALPHA SIGMA TAU
AST Emerald Boutique,Warm Taupe 1/4 Zip,UPI26061885371,Shirts > Short sleeve t-shirts,https://cdn.shopify.com/s/files/1/0104/5076/3842/files/ASB260411MM3041WARMTAUPEEMB.jpg?v=1780502013,ALPHA SIGMA TAU
AST Emerald Boutique,Black Blazer,UPI26061828252,Outerwear > Jackets,https://cdn.shopify.com/s/files/1/0104/5076/3842/files/ASB260412LM2000BLACKEMB.jpg?v=1780502260,ALPHA SIGMA TAU
AST Emerald Boutique,Pink Beanie,UPI26061853692,Headwear > Beanies,https://cdn.shopify.com/s/files/1/0104/5076/3842/files/ASB26GL1051501KCPINK.jpg?v=1767972721,ALPHA SIGMA TAU
AST Emerald Boutique,Crewneck & Beanie Bundle,UPI26061845692,Sweatshirts > Crewneck sweatshirts,https://cdn.shopify.com/s/files/1/0104/5076/3842/files/ASB26GL105CherryBowCrewneck1501KCPINK.jpg?v=1767972976,ALPHA SIGMA TAU
AST Emerald Boutique,Simple Bow Crewneck,UPI26061812412,Sweatshirts > Crewneck sweatshirts,https://cdn.shopify.com/s/files/1/0104/5076/3842/files/ASB26GL30118000RED_1.jpg?v=1769541349,ALPHA SIGMA TAU
AST Emerald Boutique,Simple Bow Crewneck,UPI260618364612,Sweatshirts > Crewneck sweatshirts,https://cdn.shopify.com/s/files/1/0104/5076/3842/files/ASB26GL30118000RED_1.jpg?v=1769541349,ALPHA SIGMA TAU
AST Emerald Boutique,Patched Bow Hoodie,UPI26061810652,Sweatshirts > Hooded sweatshirts,https://cdn.shopify.com/s/files/1/0104/5076/3842/files/ASB26GL30218500ASHBACK.jpg?v=1769541537,ALPHA SIGMA TAU
AST Emerald Boutique,Graphic Galentine Tee,UPI26061819611,Shirts > Short sleeve t-shirts,https://cdn.shopify.com/s/files/1/0104/5076/3842/files/ASB26GL3031717BLOSSOM_ef7e2006-e635-4a3d-847b-be23bd5d2493.jpg?v=1769800746,ALPHA SIGMA TAU
AST Emerald Boutique,Anchor Tee,UPI26061881211,Shirts > Short sleeve t-shirts,https://cdn.shopify.com/s/files/1/0104/5076/3842/files/ASB26GL4011717IVORYback.jpg?v=1771260727,ALPHA SIGMA TAU
AST Emerald Boutique,Kelly Green Trucker Hat,UPI26061835771,Headwear > Billed hats,https://cdn.shopify.com/s/files/1/0104/5076/3842/files/ASB26GL402VC700KELLY_WHITE.jpg?v=1771260887,ALPHA SIGMA TAU
AST Emerald Boutique,Citrine Crewneck,UPI26061881372,Sweatshirts > Crewneck sweatshirts,https://cdn.shopify.com/s/files/1/0104/5076/3842/files/ASB26GL4031545CITRINE.jpg?v=1771261066,ALPHA SIGMA TAU
AST Emerald Boutique,Volunteer Heart Tee,UPI26061897051,Shirts > Short sleeve t-shirts,https://cdn.shopify.com/s/files/1/0104/5076/3842/files/ASB26GL6011717WHITE.jpg?v=1774460194,ALPHA SIGMA TAU
AST Emerald Boutique,Volunteer Heart Hoodie,UPI26061844411,Sweatshirts > Hooded sweatshirts,https://cdn.shopify.com/s/files/1/0104/5076/3842/files/ASB26GL60218500HTRDKGRNback.jpg?v=1774460346,ALPHA SIGMA TAU
AST Emerald Boutique,Forest Green Full Zip,UPI26061814972,Sweatshirts > 1/4 zip sweatshirts,https://cdn.shopify.com/s/files/1/0104/5076/3842/files/ASB26GL603F217GREEN.jpg?v=1774460525,ALPHA SIGMA TAU
AST Emerald Boutique,Anchor 1/4 Zip,UPI26061819451,Sweatshirts > 1/4 zip sweatshirts,https://cdn.shopify.com/s/files/1/0104/5076/3842/files/ASB26GL604ST253ATHHTR.jpg?v=1774460680,ALPHA SIGMA TAU
AST Emerald Boutique,Mini Flag,UPI2606186921,Household items > Flags,https://cdn.shopify.com/s/files/1/0104/5076/3842/files/ASB-BDP-FLAG.jpg?v=1780581714,ALPHA SIGMA TAU
AST Emerald Boutique,Heart Glasses,UPI26061836091,Promotional > Sunglasses,https://cdn.shopify.com/s/files/1/0104/5076/3842/files/ASB-BDP-GLASSES.jpg?v=1780581628,ALPHA SIGMA TAU
AST Emerald Boutique,LockeR Key Chain,UPI2606181273,Promotional > Key chains,https://cdn.shopify.com/s/files/1/0104/5076/3842/files/ASB-BDP-KEYCHAIN.jpg?v=1712543446,ALPHA SIGMA TAU
AST Emerald Boutique,Scrunchy,UPI26061818971,Hair accessories > Hair ties,https://cdn.shopify.com/s/files/1/0104/5076/3842/files/ASB-BDP-SCRUNCHIE.jpg?v=1780581485,ALPHA SIGMA TAU
AST Emerald Boutique,Shadow Script Sticker,UPI26061891293,Promotional > Decals,https://cdn.shopify.com/s/files/1/0104/5076/3842/files/ASB-BDP-STICKER.jpg?v=1712543351,ALPHA SIGMA TAU
AST Emerald Boutique,Bid Cards,UPI26061809461,Paper/print goods > Bid cards,https://cdn.shopify.com/s/files/1/0104/5076/3842/files/ASB-BIDCARD.jpg?v=1735659838,ALPHA SIGMA TAU
AST Emerald Boutique,Limited Edition Beach Towel,UPI26061846653,Towels > Beach towels,https://cdn.shopify.com/s/files/1/0104/5076/3842/files/ASBMAY1QV3060FORESTEMB.jpg?v=1748542473,ALPHA SIGMA TAU
AST Emerald Boutique,Limited Edition Playful Hat,UPI26061851132,Headwear > Billed hats,https://cdn.shopify.com/s/files/1/0104/5076/3842/files/ASBMAY28804HWHITEHEATPRESS.jpg?v=1748542736,ALPHA SIGMA TAU
AST Emerald Boutique,Clear tote bag,UPI26061822811,Bags > Tote bags,https://cdn.shopify.com/s/files/1/0104/5076/3842/files/ASTBAG.jpg?v=1770835827,ALPHA SIGMA TAU
AST Emerald Boutique,Beach Towel,UPI26061838652,Towels > Beach towels,https://cdn.shopify.com/s/files/1/0104/5076/3842/files/ASTBEACHTOWEL2.jpg?v=1771345679,ALPHA SIGMA TAU
AST Emerald Boutique,Flip-Flops,UPI26061862011,Footwear > Flip flops,https://cdn.shopify.com/s/files/1/0104/5076/3842/files/ASTFF1.jpg?v=1770835856,ALPHA SIGMA TAU
AST Emerald Boutique,Flip-Flops,UPI260618195015,Footwear > Flip flops,https://cdn.shopify.com/s/files/1/0104/5076/3842/files/ASTFF1.jpg?v=1770835856,ALPHA SIGMA TAU
AST Emerald Boutique,IPAY Basic Alpha Sigma Tau Graduation Stole - Belmont University,UPI2606189001,Apparel > Stoles,https://cdn.shopify.com/s/files/1/0104/5076/3842/files/BELT_2403233_IMAGE.png?v=1707759372,ALPHA SIGMA TAU
AST Emerald Boutique,IPAY - Detroit Metro AST Alumnae Order - Crewneck Sweatshirt,UPI2606185817,Sweatshirts > Crewneck sweatshirts,https://cdn.shopify.com/s/files/1/0104/5076/3842/files/CREWNECK_FACTOR.png?v=1701308199,ALPHA SIGMA TAU
AST Emerald Boutique,Lacy Bow Knitted Sweater,UPI2606182537,Apparel > Sweaters,https://cdn.shopify.com/s/files/1/0104/5076/3842/files/FRONT_7d4e92ab-e74f-45c2-85bc-267113efe454.jpg?v=1761759652,ALPHA SIGMA TAU
AST Emerald Boutique,Ugly Knitted Sweater,UPI26061887772,Apparel > Sweaters,https://cdn.shopify.com/s/files/1/0104/5076/3842/files/Front_895bc167-cb7a-4cf9-992a-442358270d66.jpg?v=1763057431,ALPHA SIGMA TAU
AST Emerald Boutique,IPAY - Detroit Metro AST Alumnae Order - Full Zip,UPI2606184297,Sweatshirts > Zip-up sweatshirts,https://cdn.shopify.com/s/files/1/0104/5076/3842/files/FULLZIP_FACTOR.png?v=1701308075,ALPHA SIGMA TAU
AST Emerald Boutique,IPAY - SALISBURY SENIORS,UPI26061848253,Shirts > Short sleeve t-shirts,https://cdn.shopify.com/s/files/1/0104/5076/3842/files/GARDEN_2406606_IMAGE.png?v=1710165491,ALPHA SIGMA TAU
AST Emerald Boutique,IPAY - Arkansas Tech - Valentine Order,UPI2606186313,Shirts > Short sleeve t-shirts,https://cdn.shopify.com/s/files/1/0104/5076/3842/files/HEARTS_2400903.png?v=1705720348,ALPHA SIGMA TAU
AST Emerald Boutique,IPAY - Detroit Metro AST Alumnae Order - Hooded Sweatshirt,UPI26061834012,Sweatshirts > Hooded sweatshirts,https://cdn.shopify.com/s/files/1/0104/5076/3842/files/HOODED_SWEATSHIRT_FACTOR.png?v=1701307883,ALPHA SIGMA TAU
AST Emerald Boutique,Graduation Cords,UPI26061814421,Apparel > Graduation cords,https://cdn.shopify.com/s/files/1/0104/5076/3842/files/image_056f6440-c86b-4228-8c88-db31ae8e0081.webp?v=1773025275,ALPHA SIGMA TAU
AST Emerald Boutique,White Graduation Stole,UPI26061832412,Apparel > Stoles,https://cdn.shopify.com/s/files/1/0104/5076/3842/files/image_9fc46926-c553-4057-bead-c3b70d9c85cc.webp?v=1773025116,ALPHA SIGMA TAU
AST Emerald Boutique,Teal Graduation Stole,UPI26061894902,Apparel > Stoles,https://cdn.shopify.com/s/files/1/0104/5076/3842/files/image_b48c654c-2cb6-4bf8-afb3-e07c44f0bfb0.webp?v=1773024976,ALPHA SIGMA TAU
AST Emerald Boutique,Emerald Graduation Stole with White Trim,UPI26061849305,Apparel > Stoles,https://cdn.shopify.com/s/files/1/0104/5076/3842/files/image_d57d65cf-0381-4b5f-bbe9-8abc39d6c0d8.webp?v=1773024827,ALPHA SIGMA TAU
AST Emerald Boutique,Butterfly You Had Me Button,UPI26061889854,Promotional > Pin-back buttons,https://cdn.shopify.com/s/files/1/0104/5076/3842/files/IMG_2734.jpg?v=1780422916,ALPHA SIGMA TAU
AST Emerald Boutique,Alpha Sigma Tau White with Green Pen,UPI26061833532,Office Products > Pens,https://cdn.shopify.com/s/files/1/0104/5076/3842/files/IMG_2735.jpg?v=1780422821,ALPHA SIGMA TAU
AST Emerald Boutique,Green Alpha Tau Repeat Cup,UPI2606185129,Drinkware > Disposable plastic cups,https://cdn.shopify.com/s/files/1/0104/5076/3842/files/IMG_2736001.jpg?v=1690828785,ALPHA SIGMA TAU
AST Emerald Boutique,Medieval Water Bottle,UPI26061803931,Water bottles > Aluminum water bottles,https://cdn.shopify.com/s/files/1/0104/5076/3842/files/IMG_2739.jpg?v=1690828568,ALPHA SIGMA TAU
AST Emerald Boutique,Repeat AST Green Cup,UPI26061855931,Drinkware > Stadium cups,https://cdn.shopify.com/s/files/1/0104/5076/3842/files/IMG_2746.jpg?v=1690825918,ALPHA SIGMA TAU
AST Emerald Boutique,Circle Script Sticker,UPI2606182969,Promotional > Stickers,https://cdn.shopify.com/s/files/1/0104/5076/3842/files/IMG_4085_002.jpg?v=1780584568,ALPHA SIGMA TAU
AST Emerald Boutique,IPAY - SALISBURY SPRING FORMAL,UPI26061839931,Shirts > Short sleeve t-shirts,https://cdn.shopify.com/s/files/1/0104/5076/3842/files/IMG-5805.jpg?v=1713278853,ALPHA SIGMA TAU
AST Emerald Boutique,IPAY - Southern Eastern Louisiana,UPI26061868091,Shirts > Short sleeve t-shirts,https://cdn.shopify.com/s/files/1/0104/5076/3842/files/IMG-5806.jpg?v=1713280127,ALPHA SIGMA TAU
AST Emerald Boutique,EXCLUSIVE CREWNECK - IPAY LINK!!!!,UPI26061850812,Sweatshirts > Crewneck sweatshirts,https://cdn.shopify.com/s/files/1/0104/5076/3842/files/IMG-8765.jpg?v=1724077360,ALPHA SIGMA TAU
AST Emerald Boutique,IPAY - Detroit Metro AST Alumnae Order - Quarter Zip,UPI2606181257,Sweatshirts > 1/4 zip sweatshirts,https://cdn.shopify.com/s/files/1/0104/5076/3842/files/QUARTER_ZIP_FACTOR.png?v=1701307695,ALPHA SIGMA TAU
AST Emerald Boutique,IPAY - South Eastern Louisiana Univ - Tiffany's Tee Order,UPI26061831131,Shirts > Short sleeve t-shirts,https://cdn.shopify.com/s/files/1/0104/5076/3842/files/RAINBOW_2407507_IMAGE.png?v=1712886123,ALPHA SIGMA TAU
AST Emerald Boutique,Charcoal AST Lined Crew,UPI26061878331,Sweatshirts > Crewneck sweatshirts,https://cdn.shopify.com/s/files/1/0104/5076/3842/products/17013.jpg?v=1654529677,ALPHA SIGMA TAU
AST Emerald Boutique,Defining Excellence Tee,UPI26061892982,Shirts > Short sleeve t-shirts,https://cdn.shopify.com/s/files/1/0104/5076/3842/products/18104.jpg?v=1654529398,ALPHA SIGMA TAU
AST Emerald Boutique,Fresh Cut Flowers Tank,UPI26061840502,Shirts > Tank tops,https://cdn.shopify.com/s/files/1/0104/5076/3842/products/18106.jpg?v=1654530166,ALPHA SIGMA TAU
AST Emerald Boutique,Alpha Tau Bucket Hat,UPI26061847771,Headwear > Bucket hats,https://cdn.shopify.com/s/files/1/0104/5076/3842/products/1hbN07Ag.jpg?v=1622144023,ALPHA SIGMA TAU
AST Emerald Boutique,Black Lettered Hat,UPI2606183289,Headwear > Billed hats,https://cdn.shopify.com/s/files/1/0104/5076/3842/products/210406B.jpg?v=1654529822,ALPHA SIGMA TAU
AST Emerald Boutique,3 Button Set,UPI26061890651,Promotional > Pin-back buttons,https://cdn.shopify.com/s/files/1/0104/5076/3842/products/3buttonset.jpg?v=1621542740,ALPHA SIGMA TAU
AST Emerald Boutique,Butterfly Tank,UPI26061867452,Shirts > Tank tops,https://cdn.shopify.com/s/files/1/0104/5076/3842/products/5pV96VaQ.jpg?v=1622144143,ALPHA SIGMA TAU
AST Emerald Boutique,Sand Crew,UPI2606189945,Sweatshirts > Crewneck sweatshirts,https://cdn.shopify.com/s/files/1/0104/5076/3842/products/5QG2pifw.jpg?v=1622143706,ALPHA SIGMA TAU
AST Emerald Boutique,Round Marble Bumper Sticker,UPI26061873152,Promotional > Stickers,https://cdn.shopify.com/s/files/1/0104/5076/3842/products/AA3014AST.jpg?v=1597765520,ALPHA SIGMA TAU
AST Emerald Boutique,Alpha Tau Muscle Tank,UPI2606183065,Shirts > Tank tops,https://cdn.shopify.com/s/files/1/0104/5076/3842/products/alpha-tau-muscle-tank-11.jpg?v=1621185341,ALPHA SIGMA TAU
AST Emerald Boutique,Grey Logo Tee (Day 3),UPI2606184265,Shirts > Short sleeve t-shirts,https://cdn.shopify.com/s/files/1/0104/5076/3842/products/ASB_12DOS_-_DAY_3.jpg?v=1575472697,ALPHA SIGMA TAU
AST Emerald Boutique,Galapagos Script Tee (Day 6),UPI26061820251,Shirts > Short sleeve t-shirts,https://cdn.shopify.com/s/files/1/0104/5076/3842/products/ASB_12DOS_-_DAY_6.jpg?v=1575570151,ALPHA SIGMA TAU
AST Emerald Boutique,Orchid Women Support Women Tee (Day 9),UPI2606187369,Shirts > Short sleeve t-shirts,https://cdn.shopify.com/s/files/1/0104/5076/3842/products/ASB_12DOS_-_DAY_9.jpg?v=1575992240,ALPHA SIGMA TAU
AST Emerald Boutique,Holiday Ornament,UPI2606180658,Promotional > Ornaments,https://cdn.shopify.com/s/files/1/0104/5076/3842/products/ASB_17218.jpg?v=1563484885,ALPHA SIGMA TAU
AST Emerald Boutique,Teal namASTe V-Neck,UPI26061815222,Shirts > Short sleeve t-shirts,https://cdn.shopify.com/s/files/1/0104/5076/3842/products/ASB_17305.jpg?v=1563485100,ALPHA SIGMA TAU
AST Emerald Boutique,Grey namASTe Hat,UPI26061857943,Headwear > Billed hats,https://cdn.shopify.com/s/files/1/0104/5076/3842/products/ASB_17306.jpg?v=1563485138,ALPHA SIGMA TAU
AST Emerald Boutique,namASTe Decal,UPI2606187234,Promotional > Decals,https://cdn.shopify.com/s/files/1/0104/5076/3842/products/ASB_17307.jpg?v=1563485162,ALPHA SIGMA TAU
AST Emerald Boutique,Tropical Leaf Lettered V-neck,UPI26061860662,Shirts > Short sleeve t-shirts,https://cdn.shopify.com/s/files/1/0104/5076/3842/products/ASB_17504.jpg?v=1563485389,ALPHA SIGMA TAU
AST Emerald Boutique,Navy Striped Sleeve Shirt,UPI26061851863,Shirts > Short sleeve t-shirts,https://cdn.shopify.com/s/files/1/0104/5076/3842/products/ASB_17509.jpg?v=1563485482,ALPHA SIGMA TAU
AST Emerald Boutique,Long Sleeve Navy Shirt,UPI26061854901,Shirts > Long sleeve t-shirts,https://cdn.shopify.com/s/files/1/0104/5076/3842/products/ASB_17511.jpg?v=1563485581,ALPHA SIGMA TAU
AST Emerald Boutique,Think Outside the Box Tank,UPI26061872821,Shirts > Tank tops,https://cdn.shopify.com/s/files/1/0104/5076/3842/products/ASB_18108-2.jpg?v=1563486061,ALPHA SIGMA TAU
AST Emerald Boutique,Put a Crest on It,UPI26061816983,Shirts > Short sleeve t-shirts,https://cdn.shopify.com/s/files/1/0104/5076/3842/products/ASB_18111.jpg?v=1563486321,ALPHA SIGMA TAU
AST Emerald Boutique,Stars Tee,UPI26061894262,Shirts > Short sleeve t-shirts,https://cdn.shopify.com/s/files/1/0104/5076/3842/products/ASB_19402-2.jpg?v=1650936882,ALPHA SIGMA TAU
AST Emerald Boutique,Dropshadow Tee,UPI26061819381,Shirts > Short sleeve t-shirts,https://cdn.shopify.com/s/files/1/0104/5076/3842/products/ASB_19404.jpg?v=1650484971,ALPHA SIGMA TAU
AST Emerald Boutique,Athletics Longsleeve,UPI26061860501,Shirts > Long sleeve t-shirts,https://cdn.shopify.com/s/files/1/0104/5076/3842/products/ASB_19409-2.jpg?v=1565823201,ALPHA SIGMA TAU
AST Emerald Boutique,Holiday Ornament (19),UPI26061828253,Promotional > Ornaments,https://cdn.shopify.com/s/files/1/0104/5076/3842/products/ASB_HOLIDAYORNAMENT.jpg?v=1575400179,ALPHA SIGMA TAU
AST Emerald Boutique,PR Button,UPI26061820822,Promotional > Pin-back buttons,https://cdn.shopify.com/s/files/1/0104/5076/3842/products/ASB_PR_BUTTON.jpg?v=1564085714,ALPHA SIGMA TAU
AST Emerald Boutique,PR Canopy,UPI26061872981,Promotional > Canopies,https://cdn.shopify.com/s/files/1/0104/5076/3842/products/ASB_PR_CANOPY.jpg?v=1564086151,ALPHA SIGMA TAU
AST Emerald Boutique,PR Cornhole Set,UPI26061807862,Promotional > Cornhole sets,https://cdn.shopify.com/s/files/1/0104/5076/3842/products/ASB_PR_CORNHOLE.jpg?v=1564086206,ALPHA SIGMA TAU
AST Emerald Boutique,PR Pen,UPI2606180498,Office products > Pens,https://cdn.shopify.com/s/files/1/0104/5076/3842/products/ASB_PR_PEN.jpg?v=1564085982,ALPHA SIGMA TAU
AST Emerald Boutique,PR Tablecloth,UPI2606181042,Household items > Tablecloths,https://cdn.shopify.com/s/files/1/0104/5076/3842/products/ASB_PR_TABLECLOTH.jpg?v=1564086070,ALPHA SIGMA TAU
AST Emerald Boutique,$15 Classic Bid Day Pack,UPI26061896183,Bundles > Non-apparel bundles,https://cdn.shopify.com/s/files/1/0104/5076/3842/products/ASB-15CLASSICPACK.jpg?v=1621883012,ALPHA SIGMA TAU
AST Emerald Boutique,$15 Fun Bid Day Pack,UPI26061888182,Bundles > Non-apparel bundles,https://cdn.shopify.com/s/files/1/0104/5076/3842/products/ASB-15FUNPACK.jpg?v=1621883300,ALPHA SIGMA TAU
AST Emerald Boutique,White and Grey Pen,UPI26061861301,Office products > Pens,https://cdn.shopify.com/s/files/1/0104/5076/3842/products/asb-17bdp01-1.jpg?v=1563384062,ALPHA SIGMA TAU
AST Emerald Boutique,Breakfast at Tiffanys Crewneck,UPI26061882491,Sweatshirts > Crewneck sweatshirts,https://cdn.shopify.com/s/files/1/0104/5076/3842/products/ASB200101-White-18000.jpg?v=1582235008,ALPHA SIGMA TAU
AST Emerald Boutique,Small Letters Beanie,UPI26061806654,Headwear > Beanies,https://cdn.shopify.com/s/files/1/0104/5076/3842/products/ASB200102-DarkGreyHeather-SP15.jpg?v=1582235055,ALPHA SIGMA TAU
AST Emerald Boutique,Rainy Days Anorak,UPI26061849371,Outerwear > Anoraks,https://cdn.shopify.com/s/files/1/0104/5076/3842/products/ASB200302-Khaki-White-EXP54LWZ.jpg?v=1582236042,ALPHA SIGMA TAU
AST Emerald Boutique,2020 Night to Reunite Shirt (multiple styles available),UPI26061812091,Shirts > Short sleeve t-shirts,https://cdn.shopify.com/s/files/1/0104/5076/3842/products/ASB200401-3.jpg?v=1581703558,ALPHA SIGMA TAU
AST Emerald Boutique,AST Advisor Shirt (Customizable),UPI26061853532,Shirts > Short sleeve t-shirts,https://cdn.shopify.com/s/files/1/0104/5076/3842/products/ASB200601-HPrismMint-3001CVC.jpg?v=1584630473,ALPHA SIGMA TAU
AST Emerald Boutique,AST Advisor Tote (Customizable),UPI26061841051,Bags > Tote bags,https://cdn.shopify.com/s/files/1/0104/5076/3842/products/ASB200602-Natural-8502.jpg?v=1585593689,ALPHA SIGMA TAU
AST Emerald Boutique,AST Advisor Water Bottle (Customizable),UPI2606181209,Food/drink > Water bottles with custom label,https://cdn.shopify.com/s/files/1/0104/5076/3842/products/ASB200603-White-XP8220.jpg?v=1585593780,ALPHA SIGMA TAU
AST Emerald Boutique,OmbrC) Hoodie,UPI26061857851,Sweatshirts > Hooded sweatshirts,https://cdn.shopify.com/s/files/1/0104/5076/3842/products/ASB200801-White-18500.jpg?v=1589909347,ALPHA SIGMA TAU
AST Emerald Boutique,Slumber Party Crewneck,UPI26061800891,Sweatshirts > Crewneck sweatshirts,https://cdn.shopify.com/s/files/1/0104/5076/3842/products/ASB200806-BlueJean-1566.jpg?v=1589914145,ALPHA SIGMA TAU
AST Emerald Boutique,Supporting Sisters From a Distance Tee,UPI2606188793,Shirts > Short sleeve t-shirts,https://cdn.shopify.com/s/files/1/0104/5076/3842/products/ASB200807-HOrchid-3001CVC.jpg?v=1589921916,ALPHA SIGMA TAU
AST Emerald Boutique,Sisterhood Connects Tee,UPI26061844251,Shirts > Short sleeve t-shirts,https://cdn.shopify.com/s/files/1/0104/5076/3842/products/ASB200808-HPrismDBlue-3001CVC.jpg?v=1589922290,ALPHA SIGMA TAU
AST Emerald Boutique,AST Mom Tee,UPI26061817853,Shirts > Short sleeve t-shirts,https://cdn.shopify.com/s/files/1/0104/5076/3842/products/ASB200901-3001-WHITE_1.jpg?v=1637203865,ALPHA SIGMA TAU
AST Emerald Boutique,AST Mom Flowy Tee,UPI26061857694,Shirts > Short sleeve t-shirts,https://cdn.shopify.com/s/files/1/0104/5076/3842/products/ASB200901-White-8816.jpg?v=1588198619,ALPHA SIGMA TAU
AST Emerald Boutique,Mom Cap,UPI2606184585,Headwear > Billed hats,https://cdn.shopify.com/s/files/1/0104/5076/3842/products/ASB200902-Yellow-18202.jpg?v=1588199782,ALPHA SIGMA TAU
AST Emerald Boutique,Mom's Favorite Tote,UPI26061879931,Bags > Market tote bags,https://cdn.shopify.com/s/files/1/0104/5076/3842/products/ASB200903-Grey-Q800.jpg?v=1588200065,ALPHA SIGMA TAU
AST Emerald Boutique,AST Dad Tee,UPI26061867773,Shirts > Short sleeve t-shirts,https://cdn.shopify.com/s/files/1/0104/5076/3842/products/ASB200904-Midnight-5000.jpg?v=1588201324,ALPHA SIGMA TAU
AST Emerald Boutique,Dad Cap,UPI26061887771,Headwear > Billed hats,https://cdn.shopify.com/s/files/1/0104/5076/3842/products/ASB200905-Black-18202.jpg?v=1588201440,ALPHA SIGMA TAU
AST Emerald Boutique,Fairytale Ending Tee,UPI26061872571,Shirts > Short sleeve t-shirts,https://cdn.shopify.com/s/files/1/0104/5076/3842/products/ASB201001-White-3001.jpg?v=1589922712,ALPHA SIGMA TAU
AST Emerald Boutique,Woodlands Tank,UPI26061854011,Shirts > Tank tops,https://cdn.shopify.com/s/files/1/0104/5076/3842/products/ASB201002-Mint-8838.jpg?v=1589922873,ALPHA SIGMA TAU
AST Emerald Boutique,Make a Wish Tank,UPI2606181961,Shirts > Tank tops,https://cdn.shopify.com/s/files/1/0104/5076/3842/products/ASB201101-AntiqueGold-5033.jpg?v=1589923108,ALPHA SIGMA TAU
AST Emerald Boutique,It's Electric Tank,UPI26061832413,Shirts > Tank tops,https://cdn.shopify.com/s/files/1/0104/5076/3842/products/ASB201102-StonewashDenim-5033.jpg?v=1589923231,ALPHA SIGMA TAU
AST Emerald Boutique,Snake Skin Tank,UPI2606189177,Shirts > Tank tops,https://cdn.shopify.com/s/files/1/0104/5076/3842/products/ASB201104-Black-8838.jpg?v=1589923460,ALPHA SIGMA TAU
AST Emerald Boutique,Star Wash Tee,UPI2606184227,Shirts > Short sleeve t-shirts,https://cdn.shopify.com/s/files/1/0104/5076/3842/products/ASB201201-Silver-200CR.jpg?v=1594221392,ALPHA SIGMA TAU
AST Emerald Boutique,Black Slouchy Line Tee,UPI2606183427,Shirts > Short sleeve t-shirts,https://cdn.shopify.com/s/files/1/0104/5076/3842/products/ASB201202-Black-8816.jpg?v=1596138471,ALPHA SIGMA TAU
AST Emerald Boutique,Orchid Circle Script Hoodie,UPI2606180451,Sweatshirts > Hooded sweatshirts,https://cdn.shopify.com/s/files/1/0104/5076/3842/products/ASB201203-Orchid-18500.jpg?v=1594221698,ALPHA SIGMA TAU
AST Emerald Boutique,Light Blue Iced AST Tee,UPI2606186579,Shirts > Short sleeve t-shirts,https://cdn.shopify.com/s/files/1/0104/5076/3842/products/ASB201204-LightBlue-3001.jpg?v=1596138606,ALPHA SIGMA TAU
AST Emerald Boutique,Black and White AST Crew,UPI2606188499,Sweatshirts > Crewneck sweatshirts,https://cdn.shopify.com/s/files/1/0104/5076/3842/products/ASB201205-Black-18000.jpg?v=1596138748,ALPHA SIGMA TAU
AST Emerald Boutique,White Tank with Black AST,UPI2606184963,Shirts > Tank tops,https://cdn.shopify.com/s/files/1/0104/5076/3842/products/ASB201206-White-8838.jpg?v=1596138879,ALPHA SIGMA TAU
AST Emerald Boutique,Denim Baseball Tee,UPI2606182739,Shirts > 3/4 sleeve t-shirts,https://cdn.shopify.com/s/files/1/0104/5076/3842/products/ASB201208-WhiteDenim-3200_1.jpg?v=1594221940,ALPHA SIGMA TAU
AST Emerald Boutique,Mauve 1899 Tee,UPI26061871551,Shirts > Short sleeve t-shirts,https://cdn.shopify.com/s/files/1/0104/5076/3842/products/ASB201209-Mauve-3001.jpg?v=1595255600,ALPHA SIGMA TAU
AST Emerald Boutique,Maroon Circle Tank,UPI26061862751,Shirts > Tank tops,https://cdn.shopify.com/s/files/1/0104/5076/3842/products/ASB201210-Maroon-6008.jpg?v=1596139160,ALPHA SIGMA TAU
AST Emerald Boutique,Pink Script Sweatshirt,UPI2606181267,Sweatshirts > Crewneck sweatshirts,https://cdn.shopify.com/s/files/1/0104/5076/3842/products/ASB201211-Pink-18000.jpg?v=1594222144,ALPHA SIGMA TAU
AST Emerald Boutique,Navy with Red AST Tee,UPI2606185939,Shirts > Short sleeve t-shirts,https://cdn.shopify.com/s/files/1/0104/5076/3842/products/ASB201212-Navy-3001.jpg?v=1596139266,ALPHA SIGMA TAU
AST Emerald Boutique,White Slouchy Script Tee,UPI26061809631,Shirts > Short sleeve t-shirts,https://cdn.shopify.com/s/files/1/0104/5076/3842/products/ASB201213-White-8816.jpg?v=1594401834,ALPHA SIGMA TAU
AST Emerald Boutique,Black Monogram Circle Hoodie,UPI2606189267,Sweatshirts > Hooded sweatshirts,https://cdn.shopify.com/s/files/1/0104/5076/3842/products/ASB201215-Black-18500.jpg?v=1596139368,ALPHA SIGMA TAU
AST Emerald Boutique,Royal Blue Tie Dye Tee,UPI26061887072,Shirts > Short sleeve t-shirts,https://cdn.shopify.com/s/files/1/0104/5076/3842/products/ASB201216-200CR-Blue.jpg?v=1595255747,ALPHA SIGMA TAU
AST Emerald Boutique,White Ombre Repeat Sweatshirt,UPI26061826591,Sweatshirts > Crewneck sweatshirts,https://cdn.shopify.com/s/files/1/0104/5076/3842/products/ASB201217-White-18000.jpg?v=1595255867,ALPHA SIGMA TAU
AST Emerald Boutique,Alpha Sigma Tau Athletics Sweatshirt,UPI2606187203,Sweatshirts > Crewneck sweatshirts,https://cdn.shopify.com/s/files/1/0104/5076/3842/products/ASB201219-HSpDkGreen-18000.jpg?v=1595256207,ALPHA SIGMA TAU
AST Emerald Boutique,Whtie Retro Tee,UPI26061850911,Shirts > Short sleeve t-shirts,https://cdn.shopify.com/s/files/1/0104/5076/3842/products/ASB201224-White-3001.jpg?v=1595256732,ALPHA SIGMA TAU
AST Emerald Boutique,Mint White Block Tee,UPI26061872511,Shirts > Short sleeve t-shirts,https://cdn.shopify.com/s/files/1/0104/5076/3842/products/ASB201227-Mint-3001.jpg?v=1596139522,ALPHA SIGMA TAU
AST Emerald Boutique,Women Support Women Sweatshirt,UPI26061887231,Sweatshirts > Crewneck sweatshirts,https://cdn.shopify.com/s/files/1/0104/5076/3842/products/ASB201228-Black-18000.jpg?v=1594213448,ALPHA SIGMA TAU
AST Emerald Boutique,Banana Cream Sisterhood Tee,UPI2606186563,Shirts > Short sleeve t-shirts,https://cdn.shopify.com/s/files/1/0104/5076/3842/products/ASB201229-BananaCream-3600.jpg?v=1594214240,ALPHA SIGMA TAU
AST Emerald Boutique,Magnetic Letter Tank,UPI2606186755,Shirts > Tank tops,https://cdn.shopify.com/s/files/1/0104/5076/3842/products/ASB201230-White-1533.jpg?v=1595256957,ALPHA SIGMA TAU
AST Emerald Boutique,Banana Cream Shadow Script Tee,UPI2606188867,Shirts > Short sleeve t-shirts,https://cdn.shopify.com/s/files/1/0104/5076/3842/products/ASB201232-BananaCream-3600_1.jpg?v=1594402776,ALPHA SIGMA TAU
AST Emerald Boutique,White Logo Tee,UPI26061827871,Shirts > Short sleeve t-shirts,https://cdn.shopify.com/s/files/1/0104/5076/3842/products/ASB201233-White-3001_1.jpg?v=1594212120,ALPHA SIGMA TAU
AST Emerald Boutique,White Lined Logo Tee,UPI2606180627,Shirts > Short sleeve t-shirts,https://cdn.shopify.com/s/files/1/0104/5076/3842/products/ASB201234-White-3001.jpg?v=1594212697,ALPHA SIGMA TAU
AST Emerald Boutique,White Logo Pocket Tee,UPI2606180579,Shirts > Short sleeve t-shirts,https://cdn.shopify.com/s/files/1/0104/5076/3842/products/ASB201235-White-6030.jpg?v=1594214541,ALPHA SIGMA TAU
AST Emerald Boutique,White Alpha Sigma Tau Lined Sweatshirt,UPI2606185187,Sweatshirts > Crewneck sweatshirts,https://cdn.shopify.com/s/files/1/0104/5076/3842/products/ASB201236-18000.jpg?v=1594213270,ALPHA SIGMA TAU
AST Emerald Boutique,Black White Box Tee,UPI26061846111,Shirts > Short sleeve t-shirts,https://cdn.shopify.com/s/files/1/0104/5076/3842/products/ASB201237-Black-3001.jpg?v=1596139714,ALPHA SIGMA TAU
AST Emerald Boutique,Teal Lined Script Tee,UPI2606185731,Shirts > Short sleeve t-shirts,https://cdn.shopify.com/s/files/1/0104/5076/3842/products/ASB201238-TealTriblend-3413.jpg?v=1594213887,ALPHA SIGMA TAU
AST Emerald Boutique,Light Blue Defining Excellence Tee,UPI2606188723,Shirts > Short sleeve t-shirts,https://cdn.shopify.com/s/files/1/0104/5076/3842/products/ASB201239-LightBlue-3001.jpg?v=1594213743,ALPHA SIGMA TAU
AST Emerald Boutique,Circle Logo Tee,UPI2606188675,Shirts > Short sleeve t-shirts,https://cdn.shopify.com/s/files/1/0104/5076/3842/products/ASB201240-Black-3001.jpg?v=1594213587,ALPHA SIGMA TAU
AST Emerald Boutique,Red Alpha Tau Tee,UPI2606189555,Shirts > Short sleeve t-shirts,https://cdn.shopify.com/s/files/1/0104/5076/3842/products/ASB201241-Red-3001.jpg?v=1596139899,ALPHA SIGMA TAU
AST Emerald Boutique,White Alpha Tau Hoodie,UPI2606187907,Sweatshirts > Hooded sweatshirts,https://cdn.shopify.com/s/files/1/0104/5076/3842/products/ASB201242-White-18500.jpg?v=1596140124,ALPHA SIGMA TAU
AST Emerald Boutique,43rd National Convention Decal,UPI26061879871,Promotional > Stickers,https://cdn.shopify.com/s/files/1/0104/5076/3842/products/ASB201301-Decal.jpg?v=1592234355,ALPHA SIGMA TAU
AST Emerald Boutique,43rd Annual Convention Button,UPI26061868512,Promotional > Pin-back buttons,https://cdn.shopify.com/s/files/1/0104/5076/3842/products/ASB201302-Button.jpg?v=1592234839,ALPHA SIGMA TAU
AST Emerald Boutique,Embroidered Twill Beanie,UPI26061853531,Headwear > Beanies,https://cdn.shopify.com/s/files/1/0104/5076/3842/products/ASB201501-White-TW5003-EMB.jpg?v=1668438647,ALPHA SIGMA TAU
AST Emerald Boutique,Sandwash Crew,UPI26061897212,Sweatshirts > Crewneck sweatshirts,https://cdn.shopify.com/s/files/1/0104/5076/3842/products/ASB201503-Maroon-7760.jpg?v=1605828377,ALPHA SIGMA TAU
AST Emerald Boutique,Snowflake Tee,UPI26061881533,Shirts > Short sleeve t-shirts,https://cdn.shopify.com/s/files/1/0104/5076/3842/products/ASB201504-White-3001.jpg?v=1605199924,ALPHA SIGMA TAU
AST Emerald Boutique,Snowflake Sticker,UPI26061856571,Promotional > Stickers,https://cdn.shopify.com/s/files/1/0104/5076/3842/products/ASB201505-Decal.jpg?v=1605200071,ALPHA SIGMA TAU
AST Emerald Boutique,Reindeer Games Crew,UPI26061848092,Sweatshirts > Crewneck sweatshirts,https://cdn.shopify.com/s/files/1/0104/5076/3842/products/ASB201508-Forest-18000.jpg?v=1605200984,ALPHA SIGMA TAU
AST Emerald Boutique,Stitch It Crew,UPI26061813372,Sweatshirts > Crewneck sweatshirts,https://cdn.shopify.com/s/files/1/0104/5076/3842/products/ASB201509-Ash-18000.jpg?v=1605201284,ALPHA SIGMA TAU
AST Emerald Boutique,Script Hoodie,UPI26061889372,Sweatshirts > Hooded sweatshirts,https://cdn.shopify.com/s/files/1/0104/5076/3842/products/ASB201510-HSprtDkGreen-18500.jpg?v=1605201627,ALPHA SIGMA TAU
AST Emerald Boutique,Outside The Lines Hoodie,UPI26061848414,Sweatshirts > Hooded sweatshirts,https://cdn.shopify.com/s/files/1/0104/5076/3842/products/ASB201511-LightBlue-18500.jpg?v=1605201954,ALPHA SIGMA TAU
AST Emerald Boutique,Trees on Tees,UPI26061840412,Shirts > Short sleeve t-shirts,https://cdn.shopify.com/s/files/1/0104/5076/3842/products/ASB201512-HeatherCardinal-3001.jpg?v=1605202082,ALPHA SIGMA TAU
AST Emerald Boutique,Executive Committee Quarter-Zip Sweatshirt,UPI26061847772,Sweatshirts > 1/4 zip sweatshirts,https://cdn.shopify.com/s/files/1/0104/5076/3842/products/ASB201601-995M-White-1.jpg?v=1607711689,ALPHA SIGMA TAU
AST Emerald Boutique,Executive Committee Crewneck,UPI26061853051,Sweatshirts > Crewneck sweatshirts,https://cdn.shopify.com/s/files/1/0104/5076/3842/products/ASB201603-ASH-18000.jpg?v=1671294922,ALPHA SIGMA TAU
AST Emerald Boutique,Executive Committee Crewneck,UPI2606186377,Sweatshirts > Crewneck sweatshirts,https://cdn.shopify.com/s/files/1/0104/5076/3842/products/ASB201604-BLACK-18000.jpg?v=1671295061,ALPHA SIGMA TAU
AST Emerald Boutique,Executive Committee Hoodie,UPI2606184681,Sweatshirts > Hooded sweatshirts,https://cdn.shopify.com/s/files/1/0104/5076/3842/products/ASB201605-BLACK-18500.jpg?v=1671295201,ALPHA SIGMA TAU
AST Emerald Boutique,Executive Committee Hoodie,UPI26061874491,Sweatshirts > Hooded sweatshirts,https://cdn.shopify.com/s/files/1/0104/5076/3842/products/ASB201606-ASH-18500_1.jpg?v=1671295317,ALPHA SIGMA TAU
AST Emerald Boutique,Silver and Emerald I Heart Pen,UPI26061894261,Office products > Pens,https://cdn.shopify.com/s/files/1/0104/5076/3842/products/asb2069-2.jpg?v=1563383927,ALPHA SIGMA TAU
AST Emerald Boutique,Fire Tank,UPI26061879772,Shirts > Tank tops,https://cdn.shopify.com/s/files/1/0104/5076/3842/products/ASB210303-Blac-1080.jpg?v=1624373525,ALPHA SIGMA TAU
AST Emerald Boutique,Classic Cherry Tank,UPI2606182281,Shirts > Tank tops,https://cdn.shopify.com/s/files/1/0104/5076/3842/products/ASB210306-White-1080.jpg?v=1624373866,ALPHA SIGMA TAU
AST Emerald Boutique,Crest Crew Sweatshirt,UPI26061867453,Sweatshirts > Crewneck sweatshirts,https://cdn.shopify.com/s/files/1/0104/5076/3842/products/ASB210401-PRM3500-PigmentBlack_1.jpg?v=1633373538,ALPHA SIGMA TAU
AST Emerald Boutique,Alumna Crest Crew Sweatshirt,UPI26061864412,Sweatshirts > Crewneck sweatshirts,https://cdn.shopify.com/s/files/1/0104/5076/3842/products/ASB210402-PRM3500-Sand_1.jpg?v=1633373930,ALPHA SIGMA TAU
AST Emerald Boutique,Crest Hoodie,UPI26061852411,Sweatshirts > Hooded sweatshirts,https://cdn.shopify.com/s/files/1/0104/5076/3842/products/ASB210403-White-18500-Back.jpg?v=1633374335,ALPHA SIGMA TAU
AST Emerald Boutique,Alpha Tau Block Hat,UPI26061875932,Headwear > Billed hats,https://cdn.shopify.com/s/files/1/0104/5076/3842/products/ASB210404-BA703-Olive-EMB.jpg?v=1633374632,ALPHA SIGMA TAU
AST Emerald Boutique,Lettered Hat,UPI26061810811,Headwear > Billed hats,https://cdn.shopify.com/s/files/1/0104/5076/3842/products/ASB210406-BA703-Navy-EMB.jpg?v=1633375279,ALPHA SIGMA TAU
AST Emerald Boutique,Alumna Script Corduroy Hat,UPI26061858491,Headwear > Billed hats,https://cdn.shopify.com/s/files/1/0104/5076/3842/products/ASB210407-BA703-Black-EMB.jpg?v=1633375616,ALPHA SIGMA TAU
AST Emerald Boutique,Established Beanie,UPI26061814013,Headwear > Beanies,https://cdn.shopify.com/s/files/1/0104/5076/3842/products/ASB210408-SP15-Black-EMB.jpg?v=1633375784,ALPHA SIGMA TAU
AST Emerald Boutique,Alumna Hooded Cardigan,UPI26061825853,Apparel > Sweaters,https://cdn.shopify.com/s/files/1/0104/5076/3842/products/ASB210409-DT156-BlackFrost-EMB_1.jpg?v=1633375990,ALPHA SIGMA TAU
AST Emerald Boutique,Hooded Cardigan,UPI26061818171,Apparel > Sweaters,https://cdn.shopify.com/s/files/1/0104/5076/3842/products/ASB210410-DT156-BlackFrost-EMB.jpg?v=1653687759,ALPHA SIGMA TAU
AST Emerald Boutique,Large Letter Crew Sweatshirt,UPI26061804253,Sweatshirts > Crewneck sweatshirts,https://cdn.shopify.com/s/files/1/0104/5076/3842/products/ASB210411-18000-Maroon.jpg?v=1633376602,ALPHA SIGMA TAU
AST Emerald Boutique,Large Letter Alumna Sweatshirt,UPI2606182345,Sweatshirts > Crewneck sweatshirts,https://cdn.shopify.com/s/files/1/0104/5076/3842/products/ASB210412-18000-Militarygreen.jpg?v=1669505798,ALPHA SIGMA TAU
AST Emerald Boutique,Crest Button,UPI26061849532,Promotional > Pin-back buttons,https://cdn.shopify.com/s/files/1/0104/5076/3842/products/ASB210413-Button.jpg?v=1633377211,ALPHA SIGMA TAU
AST Emerald Boutique,Established Square Decal,UPI26061804093,Promotional > Decals,https://cdn.shopify.com/s/files/1/0104/5076/3842/products/ASB210414-Sticker.jpg?v=1633377325,ALPHA SIGMA TAU
AST Emerald Boutique,Established Square Decal,UPI26061885291,Promotional > Decals,https://cdn.shopify.com/s/files/1/0104/5076/3842/products/ASB210414-Sticker.jpg?v=1633377325,ALPHA SIGMA TAU
AST Emerald Boutique,Shadow Boxed Sweatshirt,UPI26061861052,Sweatshirts > Crewneck sweatshirts,https://cdn.shopify.com/s/files/1/0104/5076/3842/products/ASB220001-LTPINK-1800.png?v=1659019274,ALPHA SIGMA TAU
AST Emerald Boutique,Zapped Yellow Tee,UPI2606182809,Shirts > Short sleeve t-shirts,https://cdn.shopify.com/s/files/1/0104/5076/3842/products/ASB220002-YELLOWHAZE-50000.png?v=1659019382,ALPHA SIGMA TAU
AST Emerald Boutique,Floral Trio,UPI2606185049,Shirts > Short sleeve t-shirts,https://cdn.shopify.com/s/files/1/0104/5076/3842/products/ASB220003-JADEDOME-5000.png?v=1659019528,ALPHA SIGMA TAU
AST Emerald Boutique,I am Enough Tote,UPI26061898811,Bags > Market tote bags,https://cdn.shopify.com/s/files/1/0104/5076/3842/products/ASB220004-WHITE-Q800.png?v=1659019620,ALPHA SIGMA TAU
AST Emerald Boutique,Two Tone Alpha Tau Hat,UPI26061874812,Headwear > Billed hats,https://cdn.shopify.com/s/files/1/0104/5076/3842/products/ASB220005-WHITE-VC300A-EMB.png?v=1659019726,ALPHA SIGMA TAU
AST Emerald Boutique,Trucker Hat,UPI26061850813,Headwear > Billed hats,https://cdn.shopify.com/s/files/1/0104/5076/3842/products/ASB220007-KELLY-6006W-EMB.png?v=1659019947,ALPHA SIGMA TAU
AST Emerald Boutique,Offline Tee,UPI26061890171,Shirts > Short sleeve t-shirts,https://cdn.shopify.com/s/files/1/0104/5076/3842/products/ASB220009-CHARCOAL-6413.png?v=1659020074,ALPHA SIGMA TAU
AST Emerald Boutique,Always Crop Tank,UPI26061829532,Shirts > Tank tops,https://cdn.shopify.com/s/files/1/0104/5076/3842/products/ASB220010-TEAL-6682.png?v=1659020255,ALPHA SIGMA TAU
AST Emerald Boutique,Butterfly Ring Tank,UPI26061881371,Shirts > Tank tops,https://cdn.shopify.com/s/files/1/0104/5076/3842/products/ASB220012-WHITE-8809.png?v=1659020450,ALPHA SIGMA TAU
AST Emerald Boutique,Glacier Hoodie,UPI26061837854,Sweatshirts > Hooded sweatshirts,https://cdn.shopify.com/s/files/1/0104/5076/3842/products/ASB220013-GLACIER-CD8600.png?v=1659020685,ALPHA SIGMA TAU
AST Emerald Boutique,Official Alpha Sigma Tau Logo Tee,UPI2606182777,Shirts > Short sleeve t-shirts,https://cdn.shopify.com/s/files/1/0104/5076/3842/products/ASB220301-JADEDOME-5000.jpg?v=1675188230,ALPHA SIGMA TAU
AST Emerald Boutique,Official Crewneck,UPI26061885851,Sweatshirts > Crewneck sweatshirts,https://cdn.shopify.com/s/files/1/0104/5076/3842/products/ASB220302-SPORTGREY-18000.jpg?v=1675188331,ALPHA SIGMA TAU
AST Emerald Boutique,Logo Polo,UPI2606181625,Shirts > Short sleeve polo shirts,https://cdn.shopify.com/s/files/1/0104/5076/3842/products/ASB220303-TEAL-DG20W-EMB.jpg?v=1675188424,ALPHA SIGMA TAU
AST Emerald Boutique,Crest Polo,UPI26061881532,Shirts > Short sleeve polo shirts,https://cdn.shopify.com/s/files/1/0104/5076/3842/products/ASB220304-BLACK-DG20W-EMB.jpg?v=1675188647,ALPHA SIGMA TAU
AST Emerald Boutique,Crest Rain Jacket,UPI26061894971,Outerwear > Jackets,https://cdn.shopify.com/s/files/1/0104/5076/3842/products/ASB220305-YELLOW-5099-EMB.jpg?v=1675188759,ALPHA SIGMA TAU
AST Emerald Boutique,Repeat Hoodie,UPI2606187897,Sweatshirts > Hooded sweatshirts,https://cdn.shopify.com/s/files/1/0104/5076/3842/products/ASB220307-WHITE-18500.jpg?v=1675188976,ALPHA SIGMA TAU
AST Emerald Boutique,Classic Yellow Tee,UPI26061898651,Shirts > Short sleeve t-shirts,https://cdn.shopify.com/s/files/1/0104/5076/3842/products/ASB220308-YELLOW-3001.jpg?v=1675189072,ALPHA SIGMA TAU
AST Emerald Boutique,Indigo Blue Crewneck,UPI2606181657,Sweatshirts > Crewneck sweatshirts,https://cdn.shopify.com/s/files/1/0104/5076/3842/products/ASB220309-LEGIONBLUE-18000.jpg?v=1675189176,ALPHA SIGMA TAU
AST Emerald Boutique,Straight Outta Michigan Tee,UPI2606189673,Shirts > Short sleeve t-shirts,https://cdn.shopify.com/s/files/1/0104/5076/3842/products/ASB2203100-STORM-3001.jpg?v=1674825743,ALPHA SIGMA TAU
AST Emerald Boutique,November 4th Crewneck,UPI2606183513,Sweatshirts > Crewneck sweatshirts,https://cdn.shopify.com/s/files/1/0104/5076/3842/products/ASB2203101-LTGREEN-1566.jpg?v=1674825948,ALPHA SIGMA TAU
AST Emerald Boutique,11.04.1899 Tank,UPI26061845852,Shirts > Tank tops,https://cdn.shopify.com/s/files/1/0104/5076/3842/products/ASB2203102-WHITE-5033.jpg?v=1674826043,ALPHA SIGMA TAU
AST Emerald Boutique,Logo Cardigan,UPI26061802491,Apparel > Sweaters,https://cdn.shopify.com/s/files/1/0104/5076/3842/products/ASB220310-M425W-HTHRGREY-EMB.jpg?v=1675189550,ALPHA SIGMA TAU
AST Emerald Boutique,AST Cardigan,UPI26061883771,Apparel > Sweaters,https://cdn.shopify.com/s/files/1/0104/5076/3842/products/ASB220311-BLACK-M425W-EMB.jpg?v=1675189643,ALPHA SIGMA TAU
AST Emerald Boutique,Logo Nylon Pullover,UPI26061801692,Outerwear > Jackets,https://cdn.shopify.com/s/files/1/0104/5076/3842/products/ASB220312-YELLOW-9905-EMB.jpg?v=1675189786,ALPHA SIGMA TAU
AST Emerald Boutique,Alpha Tau Pride,UPI26061845851,Shirts > Short sleeve t-shirts,https://cdn.shopify.com/s/files/1/0104/5076/3842/products/ASB2203133-WHITE-3001.jpg?v=1677992030,ALPHA SIGMA TAU
AST Emerald Boutique,Colorful Alpha Tau Tee,UPI2606182889,Shirts > Short sleeve t-shirts,https://cdn.shopify.com/s/files/1/0104/5076/3842/products/ASB2203134-WHITE-3001.jpg?v=1677992136,ALPHA SIGMA TAU
AST Emerald Boutique,Love Peace Tee,UPI26061885692,Shirts > Short sleeve t-shirts,https://cdn.shopify.com/s/files/1/0104/5076/3842/products/ASB2203135-CHAMBRAY-1717.jpg?v=1667753020,ALPHA SIGMA TAU
AST Emerald Boutique,Happy Hanukkah Tee,UPI26061896414,Shirts > Short sleeve t-shirts,https://cdn.shopify.com/s/files/1/0104/5076/3842/products/ASB2203136-WHITE-1717.jpg?v=1667753116,ALPHA SIGMA TAU
AST Emerald Boutique,Sweet Heart Tee,UPI26061856572,Shirts > Short sleeve t-shirts,https://cdn.shopify.com/s/files/1/0104/5076/3842/products/ASB2203137-WHITE-1717.jpg?v=1677992232,ALPHA SIGMA TAU
AST Emerald Boutique,Merry and Bright Tee,UPI26061890172,Shirts > Short sleeve t-shirts,https://cdn.shopify.com/s/files/1/0104/5076/3842/products/ASB2203138-CRIMSON-1717.jpg?v=1667753224,ALPHA SIGMA TAU
AST Emerald Boutique,American Tee,UPI2606183961,Shirts > Short sleeve t-shirts,https://cdn.shopify.com/s/files/1/0104/5076/3842/products/ASB2203139-FLOBLUE-1717.jpg?v=1677992321,ALPHA SIGMA TAU
AST Emerald Boutique,Turquoise Ladies V-neck,UPI2606180441,Shirts > Short sleeve t-shirts,https://cdn.shopify.com/s/files/1/0104/5076/3842/products/ASB220313-TURQ-6405.jpg?v=1675189887,ALPHA SIGMA TAU
AST Emerald Boutique,What's In Your Heart Tee,UPI26061822651,Shirts > Short sleeve t-shirts,https://cdn.shopify.com/s/files/1/0104/5076/3842/products/ASB2203140-BLOSSOM-1717.jpg?v=1677992412,ALPHA SIGMA TAU
AST Emerald Boutique,Stitch It Tee,UPI2606188393,Shirts > Short sleeve t-shirts,https://cdn.shopify.com/s/files/1/0104/5076/3842/products/ASB2203141-EMERALD-1717.jpg?v=1667753317,ALPHA SIGMA TAU
AST Emerald Boutique,Candy Corn Tee,UPI26061861051,Shirts > Short sleeve t-shirts,https://cdn.shopify.com/s/files/1/0104/5076/3842/products/ASB2203142-YAM-1717.jpg?v=1677992505,ALPHA SIGMA TAU
AST Emerald Boutique,Colorful Alpha Tau Crewneck,UPI26061816413,Sweatshirts > Crewneck sweatshirts,https://cdn.shopify.com/s/files/1/0104/5076/3842/products/ASB2203143-WHITE-18000.jpg?v=1677992562,ALPHA SIGMA TAU
AST Emerald Boutique,American Crewneck,UPI26061899451,Sweatshirts > Crewneck sweatshirts,https://cdn.shopify.com/s/files/1/0104/5076/3842/products/ASB2203144-NAVY-18000.jpg?v=1677992663,ALPHA SIGMA TAU
AST Emerald Boutique,Reindeer Games Crewneck,UPI26061822335,Sweatshirts > Crewneck sweatshirts,https://cdn.shopify.com/s/files/1/0104/5076/3842/products/ASB2203145-RED-18000_1.jpg?v=1667753432,ALPHA SIGMA TAU
AST Emerald Boutique,Alpha Sigma Tau Angel,UPI2606183305,Sweatshirts > Crewneck sweatshirts,https://cdn.shopify.com/s/files/1/0104/5076/3842/products/ASB2203146-RED-18000.jpg?v=1667753527,ALPHA SIGMA TAU
AST Emerald Boutique,Merry and Bright Crewneck,UPI26061854492,Sweatshirts > Crewneck sweatshirts,https://cdn.shopify.com/s/files/1/0104/5076/3842/products/ASB2203147-FOREST-18000_1.jpg?v=1667753639,ALPHA SIGMA TAU
AST Emerald Boutique,Candy Corn Crewneck,UPI2606185481,Sweatshirts > Crewneck sweatshirts,https://cdn.shopify.com/s/files/1/0104/5076/3842/products/ASB2203148-BLACK-18000.jpg?v=1677992757,ALPHA SIGMA TAU
AST Emerald Boutique,Sweet Heart Crewneck,UPI2606181017,Sweatshirts > Crewneck sweatshirts,https://cdn.shopify.com/s/files/1/0104/5076/3842/products/ASB2203149-LTPINK-18000.jpg?v=1677992845,ALPHA SIGMA TAU
AST Emerald Boutique,Take Pride In Crewneck,UPI26061837853,Sweatshirts > Crewneck sweatshirts,https://cdn.shopify.com/s/files/1/0104/5076/3842/products/ASB2203150-WHITE-18000.jpg?v=1677992981,ALPHA SIGMA TAU
AST Emerald Boutique,It's What Inside That Counts Tee,UPI26061893212,Shirts > Short sleeve t-shirts,https://cdn.shopify.com/s/files/1/0104/5076/3842/products/ASB2203151-WHITE-3001.jpg?v=1677993103,ALPHA SIGMA TAU
AST Emerald Boutique,It's a Good Day Crewneck,UPI26061816732,Sweatshirts > Crewneck sweatshirts,https://cdn.shopify.com/s/files/1/0104/5076/3842/products/ASB2203152-BUTTER-1566.jpg?v=1678059330,ALPHA SIGMA TAU
AST Emerald Boutique,Many Faces Crewneck,UPI26061899771,Sweatshirts > Crewneck sweatshirts,https://cdn.shopify.com/s/files/1/0104/5076/3842/products/ASB2203153-WHITE-1566.jpg?v=1678059452,ALPHA SIGMA TAU
AST Emerald Boutique,Barcode Hoodie,UPI26061855131,Sweatshirts > Hooded sweatshirts,https://cdn.shopify.com/s/files/1/0104/5076/3842/products/ASB2203154-BLACK-18500-FRONT.jpg?v=1678059570,ALPHA SIGMA TAU
AST Emerald Boutique,Be Bold Tee,UPI26061841053,Shirts > Short sleeve t-shirts,https://cdn.shopify.com/s/files/1/0104/5076/3842/products/ASB220315-TEAL-3001.jpg?v=1668010607,ALPHA SIGMA TAU
AST Emerald Boutique,1899 Crest Crewneck,UPI26061854491,Sweatshirts > Crewneck sweatshirts,https://cdn.shopify.com/s/files/1/0104/5076/3842/products/ASB220316-ATHLGREY-3901.jpg?v=1668010722,ALPHA SIGMA TAU
AST Emerald Boutique,Diamond in the Rough Crewneck,UPI26061895613,Sweatshirts > Crewneck sweatshirts,https://cdn.shopify.com/s/files/1/0104/5076/3842/products/ASB220317-CHARCOAL-18000.jpg?v=1668010826,ALPHA SIGMA TAU
AST Emerald Boutique,Alpha Tau Pennant Tee,UPI26061804571,Shirts > Short sleeve t-shirts,https://cdn.shopify.com/s/files/1/0104/5076/3842/products/ASB220318-NAVY-1717.jpg?v=1668010908,ALPHA SIGMA TAU
AST Emerald Boutique,Ivory Long Sleeve,UPI2606181353,Shirts > Long sleeve t-shirts,https://cdn.shopify.com/s/files/1/0104/5076/3842/products/ASB220319-IVORY-6014.jpg?v=1668011003,ALPHA SIGMA TAU
AST Emerald Boutique,Be Bold Crewneck,UPI26061867134,Sweatshirts > Crewneck sweatshirts,https://cdn.shopify.com/s/files/1/0104/5076/3842/products/ASB220320-ASH-18000.jpg?v=1668011089,ALPHA SIGMA TAU
AST Emerald Boutique,Emblem Crewneck,UPI26061886811,Sweatshirts > Crewneck sweatshirts,https://cdn.shopify.com/s/files/1/0104/5076/3842/products/ASB220321-BLACK-3901.jpg?v=1668011177,ALPHA SIGMA TAU
AST Emerald Boutique,Print to Script High Neck Tank,UPI26061855611,Shirts > Tank tops,https://cdn.shopify.com/s/files/1/0104/5076/3842/products/ASB220322-DKGREYHTR-8809.jpg?v=1668011262,ALPHA SIGMA TAU
AST Emerald Boutique,Classic AST Tee,UPI2606189225,Shirts > Short sleeve t-shirts,https://cdn.shopify.com/s/files/1/0104/5076/3842/products/ASB220323-ATHHTHR-3001CVC.jpg?v=1668011371,ALPHA SIGMA TAU
AST Emerald Boutique,Print to Script Hoodie,UPI26061848731,Sweatshirts > Hooded sweatshirts,https://cdn.shopify.com/s/files/1/0104/5076/3842/products/ASB220324-HTRGREY-JHA001.jpg?v=1668012546,ALPHA SIGMA TAU
AST Emerald Boutique,Gold Varsity Hoodie,UPI26061853211,Sweatshirts > Hooded sweatshirts,https://cdn.shopify.com/s/files/1/0104/5076/3842/products/ASB220325-GOLD-JHA001.jpg?v=1668012682,ALPHA SIGMA TAU
AST Emerald Boutique,Print to Script Tee,UPI26061868412,Shirts > Short sleeve t-shirts,https://cdn.shopify.com/s/files/1/0104/5076/3842/products/ASB220326-SEAFOAM-1717.jpg?v=1668012789,ALPHA SIGMA TAU
AST Emerald Boutique,League of Their Own Crewneck,UPI26061803291,Shirts > Long sleeve t-shirts,https://cdn.shopify.com/s/files/1/0104/5076/3842/products/ASB220327-LEGIONBLUE-18000.jpg?v=1668013026,ALPHA SIGMA TAU
AST Emerald Boutique,Varsity Long Sleeve,UPI26061856892,Shirts > Long sleeve t-shirts,https://cdn.shopify.com/s/files/1/0104/5076/3842/products/ASB220328-NAVY-6014.jpg?v=1668013132,ALPHA SIGMA TAU
AST Emerald Boutique,Sunset Tee,UPI26061833694,Shirts > Short sleeve t-shirts,https://cdn.shopify.com/s/files/1/0104/5076/3842/products/ASB220329-SUNSET-3001.jpg?v=1668013225,ALPHA SIGMA TAU
AST Emerald Boutique,Local Team Tank,UPI26061838172,Shirts > Tank tops,https://cdn.shopify.com/s/files/1/0104/5076/3842/products/ASB220330-STONEGREEN-5033.jpg?v=1668013337,ALPHA SIGMA TAU
AST Emerald Boutique,Monogram Tee,UPI26061874971,Shirts > Short sleeve t-shirts,https://cdn.shopify.com/s/files/1/0104/5076/3842/products/ASB220331-TOPAZBLUE-1717.jpg?v=1668263981,ALPHA SIGMA TAU
AST Emerald Boutique,Officially AST Tee,UPI26061896411,Shirts > Short sleeve t-shirts,https://cdn.shopify.com/s/files/1/0104/5076/3842/products/ASB220332-WHITE_1717-BACK.jpg?v=1668264131,ALPHA SIGMA TAU
AST Emerald Boutique,Local Team Tee,UPI26061848252,Shirts > Short sleeve t-shirts,https://cdn.shopify.com/s/files/1/0104/5076/3842/products/ASB220333-SEAFOAM-1717-BACK.jpg?v=1668264264,ALPHA SIGMA TAU
AST Emerald Boutique,Put a Stamp on It Tee,UPI26061889371,Shirts > Short sleeve t-shirts,https://cdn.shopify.com/s/files/1/0104/5076/3842/products/ASB220334-IVOYR-6030-FRONT.jpg?v=1668264411,ALPHA SIGMA TAU
AST Emerald Boutique,Outline Crewneck,UPI2606180009,Sweatshirts > Crewneck sweatshirts,https://cdn.shopify.com/s/files/1/0104/5076/3842/products/ASB220335-WHITE-18000.jpg?v=1668264539,ALPHA SIGMA TAU
AST Emerald Boutique,The Club Athletics Tee,UPI2606186617,Shirts > Short sleeve t-shirts,https://cdn.shopify.com/s/files/1/0104/5076/3842/products/ASB220336-WHITE-3001.jpg?v=1668264630,ALPHA SIGMA TAU
AST Emerald Boutique,Alpha Tau Shield Tee,UPI2606184921,Shirts > Short sleeve t-shirts,https://cdn.shopify.com/s/files/1/0104/5076/3842/products/ASB220337-SOFTCREAM-3001.jpg?v=1668264715,ALPHA SIGMA TAU
AST Emerald Boutique,Silver Trophy Tee,UPI26061887613,Shirts > Short sleeve t-shirts,https://cdn.shopify.com/s/files/1/0104/5076/3842/products/ASB220338-SILVER-3001.jpg?v=1668264826,ALPHA SIGMA TAU
AST Emerald Boutique,Convex Tee,UPI26061879611,Shirts > Short sleeve t-shirts,https://cdn.shopify.com/s/files/1/0104/5076/3842/products/ASB220339-IVORY-1717.jpg?v=1668265091,ALPHA SIGMA TAU
AST Emerald Boutique,Team Script Tee,UPI26061845693,Shirts > Short sleeve t-shirts,https://cdn.shopify.com/s/files/1/0104/5076/3842/products/ASB220340-LTGREEN-1717.jpg?v=1668265206,ALPHA SIGMA TAU
AST Emerald Boutique,Fine Line Tee,UPI26061884092,Shirts > Short sleeve t-shirts,https://cdn.shopify.com/s/files/1/0104/5076/3842/products/ASB220341-PEPPER-1717.jpg?v=1668265322,ALPHA SIGMA TAU
AST Emerald Boutique,Established Script Crewneck,UPI26061850171,Sweatshirts > Crewneck sweatshirts,https://cdn.shopify.com/s/files/1/0104/5076/3842/products/ASB220342-WHITE-18000.jpg?v=1668265423,ALPHA SIGMA TAU
AST Emerald Boutique,Trilogy Sweatshirt,UPI26061854651,Sweatshirts > Crewneck sweatshirts,https://cdn.shopify.com/s/files/1/0104/5076/3842/products/ASB220343-BLACK-18000.jpg?v=1668265545,ALPHA SIGMA TAU
AST Emerald Boutique,Classic Greek Crewneck,UPI26061848413,Sweatshirts > Crewneck sweatshirts,https://cdn.shopify.com/s/files/1/0104/5076/3842/products/ASB220344-DKHTHR-18000.jpg?v=1668265651,ALPHA SIGMA TAU
AST Emerald Boutique,Set the Bar Crewneck,UPI2606183145,Sweatshirts > Crewneck sweatshirts,https://cdn.shopify.com/s/files/1/0104/5076/3842/products/ASB220346-LTASH-3901.jpg?v=1668265742,ALPHA SIGMA TAU
AST Emerald Boutique,Classic Greek Hoodie,UPI26061825211,Sweatshirts > Hooded sweatshirts,https://cdn.shopify.com/s/files/1/0104/5076/3842/products/ASB220348-DESSERTSAND-JHA001.jpg?v=1668265873,ALPHA SIGMA TAU
AST Emerald Boutique,Est. 1899 Hoodie,UPI2606188057,Sweatshirts > Hooded sweatshirts,https://cdn.shopify.com/s/files/1/0104/5076/3842/products/ASB220349-JADE-JHA001.jpg?v=1668266023,ALPHA SIGMA TAU
AST Emerald Boutique,Trophy Long Sleeve,UPI26061891294,Shirts > Long sleeve t-shirts,https://cdn.shopify.com/s/files/1/0104/5076/3842/products/ASB220352-WHITE-6014.jpg?v=1668266120,ALPHA SIGMA TAU
AST Emerald Boutique,Alpha Tau 1899 Long Sleeve,UPI26061877531,Shirts > Long sleeve t-shirts,https://cdn.shopify.com/s/files/1/0104/5076/3842/products/ASB220353-CHALKYMINT-6014_1.jpg?v=1668280935,ALPHA SIGMA TAU
AST Emerald Boutique,Alpha Tau Sisterhood Tee,UPI2606180345,Shirts > Short sleeve t-shirts,https://cdn.shopify.com/s/files/1/0104/5076/3842/products/ASB220354-EMERALD-1717-BACK.jpg?v=1668281168,ALPHA SIGMA TAU
AST Emerald Boutique,On the Line Tee,UPI26061874011,Shirts > Short sleeve t-shirts,https://cdn.shopify.com/s/files/1/0104/5076/3842/products/ASB220355-GRAPHITE-1717-BACK.jpg?v=1668281370,ALPHA SIGMA TAU
AST Emerald Boutique,Butter Up Tee,UPI26061861536,Shirts > Short sleeve t-shirts,https://cdn.shopify.com/s/files/1/0104/5076/3842/products/ASB220356-BUTTER-1717-BACK.jpg?v=1668281520,ALPHA SIGMA TAU
AST Emerald Boutique,Signature Alumna Tee,UPI26061879452,Shirts > Short sleeve t-shirts,https://cdn.shopify.com/s/files/1/0104/5076/3842/products/ASB220357-TOPAZBLU-1717.jpg?v=1679245269,ALPHA SIGMA TAU
AST Emerald Boutique,Lined Alumna Tee,UPI2606180089,Shirts > Short sleeve t-shirts,https://cdn.shopify.com/s/files/1/0104/5076/3842/products/ASB220358-BUTTER-1717.jpg?v=1679245379,ALPHA SIGMA TAU
AST Emerald Boutique,Asphalt Alumna Tee,UPI26061822334,Shirts > Short sleeve t-shirts,https://cdn.shopify.com/s/files/1/0104/5076/3842/products/ASB220359-ASPHALT-3001.jpg?v=1679245465,ALPHA SIGMA TAU
AST Emerald Boutique,AST Alumna Script Tee,UPI26061860731,Shirts > Short sleeve t-shirts,https://cdn.shopify.com/s/files/1/0104/5076/3842/products/ASB220360-WHITE-3001.jpg?v=1679245551,ALPHA SIGMA TAU
AST Emerald Boutique,AST Alumna Script Polo,UPI2606187145,Shirts > Short sleeve polo shirts,https://cdn.shopify.com/s/files/1/0104/5076/3842/products/ASB220361-WHITE-DG20W-EMB.jpg?v=1679245634,ALPHA SIGMA TAU
AST Emerald Boutique,Lined Alumna Polo,UPI2606188217,Shirts > Short sleeve polo shirts,https://cdn.shopify.com/s/files/1/0104/5076/3842/products/ASB220362-TEAL-DG20W-EMB.jpg?v=1679245724,ALPHA SIGMA TAU
AST Emerald Boutique,Signature Alumna Cardigan,UPI26061848251,Apparel > Sweaters,https://cdn.shopify.com/s/files/1/0104/5076/3842/products/ASB220363-BLACK-M425W-EMB.jpg?v=1679245824,ALPHA SIGMA TAU
AST Emerald Boutique,Lined Alumna Cardigan,UPI2606186969,Apparel > Sweaters,https://cdn.shopify.com/s/files/1/0104/5076/3842/products/ASB220364-GREYHTHR-M425W-EMB.jpg?v=1679245964,ALPHA SIGMA TAU
AST Emerald Boutique,Be Bold Alumna Crewneck,UPI2606187417,Sweatshirts > Crewneck sweatshirts,https://cdn.shopify.com/s/files/1/0104/5076/3842/products/ASB220365-HTHRGREY-JHA030.jpg?v=1679246070,ALPHA SIGMA TAU
AST Emerald Boutique,Signature Alumna Crewneck,UPI2606184025,Sweatshirts > Crewneck sweatshirts,https://cdn.shopify.com/s/files/1/0104/5076/3842/products/ASB220366-BTTLGREEN-JHA030.jpg?v=1679246157,ALPHA SIGMA TAU
AST Emerald Boutique,Artic Alumna Crewneck,UPI26061834011,Sweatshirts > Crewneck sweatshirts,https://cdn.shopify.com/s/files/1/0104/5076/3842/products/ASB220367-ARCTWHITE-JHA030.jpg?v=1679246258,ALPHA SIGMA TAU
AST Emerald Boutique,Signature Alumna Fleece Jacket,UPI26061810812,Outerwear > Jackets,https://cdn.shopify.com/s/files/1/0104/5076/3842/products/ASB220368-TEAL-5250-EMB.jpg?v=1679246373,ALPHA SIGMA TAU
AST Emerald Boutique,Lined Alumna Fleece Jacket,UPI26061887612,Outerwear > Jackets,https://cdn.shopify.com/s/files/1/0104/5076/3842/products/ASB220369-LTGREYHTHR-5250-EMB.jpg?v=1679246467,ALPHA SIGMA TAU
AST Emerald Boutique,AST Dad Tee,UPI26061809051,Shirts > Short sleeve t-shirts,https://cdn.shopify.com/s/files/1/0104/5076/3842/products/ASB220370-DRKGREY-3001.jpg?v=1679246763,ALPHA SIGMA TAU
AST Emerald Boutique,AST Mom Tee,UPI2606189657,Shirts > Short sleeve t-shirts,https://cdn.shopify.com/s/files/1/0104/5076/3842/products/ASB220371-SUNSET-3001.jpg?v=1679246727,ALPHA SIGMA TAU
AST Emerald Boutique,Script Mom Crewneck,UPI26061877851,Sweatshirts > Crewneck sweatshirts,https://cdn.shopify.com/s/files/1/0104/5076/3842/products/ASB220372-JADE-JHA030.jpg?v=1679246993,ALPHA SIGMA TAU
AST Emerald Boutique,Alpha Tau Dad Crewneck,UPI2606185465,Sweatshirts > Crewneck sweatshirts,https://cdn.shopify.com/s/files/1/0104/5076/3842/products/ASB220373-CHARCOAL-JHA030.jpg?v=1679247088,ALPHA SIGMA TAU
AST Emerald Boutique,Alpha Tau Alumna Tank,UPI26061848412,Shirts > Tank tops,https://cdn.shopify.com/s/files/1/0104/5076/3842/products/ASB220380-WHITE-8838.jpg?v=1679247198,ALPHA SIGMA TAU
AST Emerald Boutique,With Love Tee,UPI2606185977,Shirts > Short sleeve t-shirts,https://cdn.shopify.com/s/files/1/0104/5076/3842/products/ASB220381-SILVER-1390.jpg?v=1674675900,ALPHA SIGMA TAU
AST Emerald Boutique,I love Cotton Candy Tee,UPI2606187049,Shirts > Short sleeve t-shirts,https://cdn.shopify.com/s/files/1/0104/5076/3842/products/ASB220382-COTTONCANDY-CD100.jpg?v=1674676001,ALPHA SIGMA TAU
AST Emerald Boutique,Touchdown Tee,UPI26061879612,Shirts > Short sleeve t-shirts,https://cdn.shopify.com/s/files/1/0104/5076/3842/products/ASB220384-NTRLHTHR-6937.jpg?v=1674676276,ALPHA SIGMA TAU
AST Emerald Boutique,Royal Pine Festival Tank,UPI2606188873,Shirts > Tank tops,https://cdn.shopify.com/s/files/1/0104/5076/3842/products/ASB220385-ROYALPINE-5033_1.jpg?v=1674676418,ALPHA SIGMA TAU
AST Emerald Boutique,Smile Through the Storm Muscle Tee,UPI26061871931,Shirts > Short sleeve t-shirts,https://cdn.shopify.com/s/files/1/0104/5076/3842/products/ASB220386-STORM-8804.jpg?v=1674676527,ALPHA SIGMA TAU
AST Emerald Boutique,Vintage Corded Crewneck,UPI2606185513,Sweatshirts > Crewneck sweatshirts,https://cdn.shopify.com/s/files/1/0104/5076/3842/products/ASB220387-VINBLACK-9930.jpg?v=1674676624,ALPHA SIGMA TAU
AST Emerald Boutique,Honey Cropped Corded Crewneck,UPI26061849051,Sweatshirts > Crewneck sweatshirts,https://cdn.shopify.com/s/files/1/0104/5076/3842/products/ASB220388-HONEY-9031.jpg?v=1674676742,ALPHA SIGMA TAU
AST Emerald Boutique,Etched in Sand Crewneck,UPI26061836574,Sweatshirts > Crewneck sweatshirts,https://cdn.shopify.com/s/files/1/0104/5076/3842/products/ASB220389-SAND-18000-BACK.jpg?v=1674744533,ALPHA SIGMA TAU
AST Emerald Boutique,Text Me Hoodie,UPI26061841211,Sweatshirts > Hooded sweatshirts,https://cdn.shopify.com/s/files/1/0104/5076/3842/products/ASB220390-WHITE-18500-BACK.jpg?v=1674744523,ALPHA SIGMA TAU
AST Emerald Boutique,Anchor Times Nine Hoodie,UPI2606183497,Sweatshirts > Hooded sweatshirts,https://cdn.shopify.com/s/files/1/0104/5076/3842/products/ASB220391-HTRSPGRN-18500-BACK.jpg?v=1674744510,ALPHA SIGMA TAU
AST Emerald Boutique,Butterfly Outline Crewneck,UPI26061890335,Sweatshirts > Crewneck sweatshirts,https://cdn.shopify.com/s/files/1/0104/5076/3842/products/ASB220392-WHITE-18000.jpg?v=1674677196,ALPHA SIGMA TAU
AST Emerald Boutique,Silver Grin Tee,UPI2606183945,Shirts > Short sleeve t-shirts,https://cdn.shopify.com/s/files/1/0104/5076/3842/products/ASB220393-SILVER-3001.jpg?v=1674677289,ALPHA SIGMA TAU
AST Emerald Boutique,Retro Anchor Tee,UPI26061805531,Shirts > Short sleeve t-shirts,https://cdn.shopify.com/s/files/1/0104/5076/3842/products/ASB220394-WHITE-3001.jpg?v=1674677387,ALPHA SIGMA TAU
AST Emerald Boutique,AST in 1899 Tank,UPI26061826972,Shirts > Tank tops,https://cdn.shopify.com/s/files/1/0104/5076/3842/products/ASB220395-HTHRDUST-8838.jpg?v=1674677505,ALPHA SIGMA TAU
AST Emerald Boutique,Flip It and Reverse It Tee,UPI2606183769,Shirts > Short sleeve t-shirts,https://cdn.shopify.com/s/files/1/0104/5076/3842/products/ASB220396-BLACK-3001-BACK.jpg?v=1674744495,ALPHA SIGMA TAU
AST Emerald Boutique,Etched in Charcoal Crewneck,UPI26061831451,Sweatshirts > Crewneck sweatshirts,https://cdn.shopify.com/s/files/1/0104/5076/3842/products/ASB220397-CHARCOAL-18000-FRONT.jpg?v=1723751404,ALPHA SIGMA TAU
AST Emerald Boutique,Homerun Tee,UPI26061895772,Shirts > Short sleeve t-shirts,https://cdn.shopify.com/s/files/1/0104/5076/3842/products/ASB220398-GREEN-5700-FRONT.jpg?v=1674677874,ALPHA SIGMA TAU
AST Emerald Boutique,Ypsilanti Long Sleeve,UPI26061843131,Shirts > Short sleeve t-shirts,https://cdn.shopify.com/s/files/1/0104/5076/3842/products/ASB220399-BUTTER-6014-BACK.jpg?v=1674825599,ALPHA SIGMA TAU
AST Emerald Boutique,Night to Reunite T-Shirt,UPI26061887931,Shirts > Short sleeve t-shirts,https://cdn.shopify.com/s/files/1/0104/5076/3842/products/ASB230001-BUTTER-1717-FRONT.jpg?v=1677552501,ALPHA SIGMA TAU
AST Emerald Boutique,$25 Classic Bid Day Pack,UPI26061814101,Bundles > Non-apparel bundles,https://cdn.shopify.com/s/files/1/0104/5076/3842/products/ASB-25CLASSICPACK.jpg?v=1621883319,ALPHA SIGMA TAU
AST Emerald Boutique,$25 Fun Bid Day Pack,UPI26061853462,Bundles > Non-apparel bundles,https://cdn.shopify.com/s/files/1/0104/5076/3842/products/ASB-25FUNPACK.jpg?v=1621883332,ALPHA SIGMA TAU
AST Emerald Boutique,Name Badges- NOT SOLD OUT!- See product description for details,UPI26061858903,Paper/print goods > Name tags,https://cdn.shopify.com/s/files/1/0104/5076/3842/products/ASB-Custom-NameTags.jpg?v=1654707240,ALPHA SIGMA TAU
AST Emerald Boutique,Alpha Sigma Tau Gaiter,UPI2606188131,Apparel > Neck gaiters,https://cdn.shopify.com/s/files/1/0104/5076/3842/products/ASBGaiter1_453b5d56-055e-454b-8d05-ec1a0f2d7cc2.jpg?v=1596734719,ALPHA SIGMA TAU
AST Emerald Boutique,White Anchor Mask,UPI2606180243,Apparel > Face masks,https://cdn.shopify.com/s/files/1/0104/5076/3842/products/ASBMASK1_1.jpg?v=1596734571,ALPHA SIGMA TAU
AST Emerald Boutique,Green Letters Mask,UPI2606186675,Apparel > Face masks,https://cdn.shopify.com/s/files/1/0104/5076/3842/products/ASBMASK2.jpg?v=1631035973,ALPHA SIGMA TAU
AST Emerald Boutique,Green Script Mask,UPI2606182643,Apparel > Face masks,https://cdn.shopify.com/s/files/1/0104/5076/3842/products/ASBMASK3_1.jpg?v=1596734592,ALPHA SIGMA TAU
AST Emerald Boutique,Yellow Rose Mask,UPI2606188371,Apparel > Face masks,https://cdn.shopify.com/s/files/1/0104/5076/3842/products/ASBMASK4.jpg?v=1596734624,ALPHA SIGMA TAU
AST Emerald Boutique,Custom Bid Day Packs,UPI2606184339,Bundles > Apparel bundles,https://cdn.shopify.com/s/files/1/0104/5076/3842/products/ASB-PACKS.jpg?v=1600092365,ALPHA SIGMA TAU
AST Emerald Boutique,$25 Senior Sendoff Pack,UPI2606181065,Bundles > Gift sets,https://cdn.shopify.com/s/files/1/0104/5076/3842/products/ASBSenior1.jpg?v=1587765605,ALPHA SIGMA TAU
AST Emerald Boutique,$50 Senior Sendoff Pack,UPI26061883452,Bundles > Gift sets,https://cdn.shopify.com/s/files/1/0104/5076/3842/products/ASBSenior2.jpg?v=1587765818,ALPHA SIGMA TAU
AST Emerald Boutique,Ash and Orange Box V-Neck,UPI26061864091,Shirts > Short sleeve t-shirts,https://cdn.shopify.com/s/files/1/0104/5076/3842/products/ASHV.jpg?v=1621597317,ALPHA SIGMA TAU
AST Emerald Boutique,Classic White with Forest Trim Stole,UPI2606189833,Apparel > Stoles,https://cdn.shopify.com/s/files/1/0104/5076/3842/products/AST_WHITE_WITH_FOREST.jpg?v=1581708003,ALPHA SIGMA TAU
AST Emerald Boutique,Anchor Emblem Pen,UPI26061871863,Office products > Pens,https://cdn.shopify.com/s/files/1/0104/5076/3842/products/ast-8-4-16.jpg?v=1563383805,ALPHA SIGMA TAU
AST Emerald Boutique,Angled Seafoam with White Trim Stoles,UPI26061836573,Apparel > Stoles,https://cdn.shopify.com/s/files/1/0104/5076/3842/products/aststole.jpg?v=1662330127,ALPHA SIGMA TAU
AST Emerald Boutique,Classic Green and White Anchor Button,UPI2606187929,Promotional > Pin-back buttons,https://cdn.shopify.com/s/files/1/0104/5076/3842/products/BDP2021-2.jpg?v=1654532009,ALPHA SIGMA TAU
AST Emerald Boutique,Butterfly Script,UPI26061845211,Shirts > Short sleeve t-shirts,https://cdn.shopify.com/s/files/1/0104/5076/3842/products/BDXG6BIw.jpg?v=1622144490,ALPHA SIGMA TAU
AST Emerald Boutique,Happy to be Hoodie,UPI2606184697,Sweatshirts > Hooded sweatshirts,https://cdn.shopify.com/s/files/1/0104/5076/3842/products/ChsC_DDw.jpg?v=1622144377,ALPHA SIGMA TAU
AST Emerald Boutique,Puffed Heart Necklace,UPI2606187122,Jewelry > Necklaces,https://cdn.shopify.com/s/files/1/0104/5076/3842/products/cid620009sc.jpg?v=1563392809,ALPHA SIGMA TAU
AST Emerald Boutique,Circle Letters Necklace,UPI2606186626,Jewelry > Necklaces,https://cdn.shopify.com/s/files/1/0104/5076/3842/products/cid621009sc.jpg?v=1563393326,ALPHA SIGMA TAU
AST Emerald Boutique,Monogram Pendant Necklace,UPI2606184914,Jewelry > Necklaces,https://cdn.shopify.com/s/files/1/0104/5076/3842/products/cid622009sc.jpg?v=1563394029,ALPHA SIGMA TAU
AST Emerald Boutique,Letters Necklace,UPI26061837623,Jewelry > Necklaces,https://cdn.shopify.com/s/files/1/0104/5076/3842/products/cid635009sc.jpg?v=1563394150,ALPHA SIGMA TAU
AST Emerald Boutique,Greek Letter Link Bracelet,UPI26061868021,Jewelry > Bracelets,https://cdn.shopify.com/s/files/1/0104/5076/3842/products/cid635lnk009.jpg?v=1563394208,ALPHA SIGMA TAU
AST Emerald Boutique,Bar Letters Necklace,UPI26061875223,Jewelry > Necklaces,https://cdn.shopify.com/s/files/1/0104/5076/3842/products/cid670009sc.jpg?v=1563394315,ALPHA SIGMA TAU
AST Emerald Boutique,Infinity Charm Necklace,UPI26061824981,Jewelry > Necklaces,https://cdn.shopify.com/s/files/1/0104/5076/3842/products/cid675009sc.jpg?v=1563395244,ALPHA SIGMA TAU
AST Emerald Boutique,Horizontal Greek Letters Necklace,UPI26061876821,Jewelry > Necklaces,https://cdn.shopify.com/s/files/1/0104/5076/3842/products/cid680009.jpg?v=1563395305,ALPHA SIGMA TAU
AST Emerald Boutique,Letters Cutout Pearl Bracelet,UPI26061810902,Jewelry > Bracelets,https://cdn.shopify.com/s/files/1/0104/5076/3842/products/cid689009.jpg?v=1563395496,ALPHA SIGMA TAU
AST Emerald Boutique,Engraved Letters Bangle,UPI2606182882,Jewelry > Bracelets,https://cdn.shopify.com/s/files/1/0104/5076/3842/products/cid700009.jpg?v=1563395582,ALPHA SIGMA TAU
AST Emerald Boutique,Repeat AST White Cup,UPI2606188777,Drinkware > Stadium cups,https://cdn.shopify.com/s/files/1/0104/5076/3842/products/cup.jpg?v=1690828817,ALPHA SIGMA TAU
AST Emerald Boutique,BLack Crystal Tie-Dye Tee,UPI26061861373,Shirts > Short sleeve t-shirts,https://cdn.shopify.com/s/files/1/0104/5076/3842/products/DK7gNIhg.jpg?v=1622144788,ALPHA SIGMA TAU
AST Emerald Boutique,Gift Card,UPI2606187545,Paper/print goods > Plastic cards,https://cdn.shopify.com/s/files/1/0104/5076/3842/products/e38bd83af578077b65a31424bd24d085.png?v=1585149648,ALPHA SIGMA TAU
AST Emerald Boutique,Pastel Alpha Sigma Tau Tee,UPI26061815451,Shirts > Short sleeve t-shirts,https://cdn.shopify.com/s/files/1/0104/5076/3842/products/eGV2lK-A_1.jpg?v=1622143532,ALPHA SIGMA TAU
AST Emerald Boutique,White and Gold Floral Tumbler,UPI26061887611,Drinkware > Tumblers,https://cdn.shopify.com/s/files/1/0104/5076/3842/products/floralcup.jpg?v=1621535211,ALPHA SIGMA TAU
AST Emerald Boutique,Classic Forest Green with White Trim Stole,UPI2606187737,Apparel > Stoles,https://cdn.shopify.com/s/files/1/0104/5076/3842/products/foreststole.jpg?v=1662330056,ALPHA SIGMA TAU
AST Emerald Boutique,Green and Gold Block Frame,UPI2606181721,Household items > Picture frames,https://cdn.shopify.com/s/files/1/0104/5076/3842/products/GGBLOCKFRAME.jpg?v=1621535513,ALPHA SIGMA TAU
AST Emerald Boutique,Light Blue Crew,UPI2606181577,Sweatshirts > Crewneck sweatshirts,https://cdn.shopify.com/s/files/1/0104/5076/3842/products/hJSNQlBA.jpg?v=1622144624,ALPHA SIGMA TAU
AST Emerald Boutique,Defining Excellence Decal,UPI26061868411,Promotional > Stickers,https://cdn.shopify.com/s/files/1/0104/5076/3842/products/IMG_13821.jpg?v=1624750872,ALPHA SIGMA TAU
AST Emerald Boutique,AST Classic Line Decal,UPI2606181689,Promotional > Stickers,https://cdn.shopify.com/s/files/1/0104/5076/3842/products/IMG_13841.jpg?v=1624751575,ALPHA SIGMA TAU
AST Emerald Boutique,Fun Swirl Button,UPI2606180585,Promotional > Pin-back buttons,https://cdn.shopify.com/s/files/1/0104/5076/3842/products/IMG_13851.jpg?v=1624753377,ALPHA SIGMA TAU
AST Emerald Boutique,Green and Silver Defining Excellence Pen,UPI26061877691,Office products > Pens,https://cdn.shopify.com/s/files/1/0104/5076/3842/products/IMG_13871.jpg?v=1780421650,ALPHA SIGMA TAU
AST Emerald Boutique,Classic AST Pen,UPI26061876092,Office products > Pens,https://cdn.shopify.com/s/files/1/0104/5076/3842/products/IMG_13891.jpg?v=1780421601,ALPHA SIGMA TAU
AST Emerald Boutique,Classic Green Anchor Cup,UPI26061895611,Drinkware > Stadium cups,https://cdn.shopify.com/s/files/1/0104/5076/3842/products/IMG_13901.jpg?v=1723748046,ALPHA SIGMA TAU
AST Emerald Boutique,Tropical Fun Decal,UPI2606189929,Promotional > Stickers,https://cdn.shopify.com/s/files/1/0104/5076/3842/products/IMG_13911.jpg?v=1624757618,ALPHA SIGMA TAU
AST Emerald Boutique,Classic Gold Anchor Decal,UPI26061807452,Promotional > Stickers,https://cdn.shopify.com/s/files/1/0104/5076/3842/products/IMG_13921.jpg?v=1624757954,ALPHA SIGMA TAU
AST Emerald Boutique,Tropical Fun Button,UPI26061855771,Promotional > Pin-back buttons,https://cdn.shopify.com/s/files/1/0104/5076/3842/products/IMG_13931.jpg?v=1780422074,ALPHA SIGMA TAU
AST Emerald Boutique,Classic White with Gold Anchor Button,UPI2606182905,Promotional > Pin-back buttons,https://cdn.shopify.com/s/files/1/0104/5076/3842/products/IMG_13941.jpg?v=1780422603,ALPHA SIGMA TAU
AST Emerald Boutique,Swirl Notepad,UPI26061825532,Paper/print goods > Note pads,https://cdn.shopify.com/s/files/1/0104/5076/3842/products/IMG_13951.jpg?v=1624758616,ALPHA SIGMA TAU
AST Emerald Boutique,Established Classic Button,UPI2606185433,Promotional > Pin-back buttons,https://cdn.shopify.com/s/files/1/0104/5076/3842/products/IMG_13981001.jpg?v=1780421373,ALPHA SIGMA TAU
AST Emerald Boutique,Four Star Established 1899 Tee,UPI26061831932,Shirts > Short sleeve t-shirts,https://cdn.shopify.com/s/files/1/0104/5076/3842/products/IMG_2225.jpg?v=1723773856,ALPHA SIGMA TAU
AST Emerald Boutique,Sky Blue Tie-Dye Tee,UPI26061854971,Shirts > Short sleeve t-shirts,https://cdn.shopify.com/s/files/1/0104/5076/3842/products/LB6op5A.jpg?v=1622144250,ALPHA SIGMA TAU
AST Emerald Boutique,Girl Power,UPI26061829853,Shirts > Short sleeve t-shirts,https://cdn.shopify.com/s/files/1/0104/5076/3842/products/N2SV4LfA.jpg?v=1622143846,ALPHA SIGMA TAU
AST Emerald Boutique,Anchored to Onesie,UPI26061839771,Baby > Baby bodysuits,https://cdn.shopify.com/s/files/1/0104/5076/3842/products/ONESIE.jpg?v=1621598189,ALPHA SIGMA TAU
AST Emerald Boutique,Dark Grey AST Tank,UPI2606185881,Shirts > Tank tops,https://cdn.shopify.com/s/files/1/0104/5076/3842/products/SALETANK.jpg?v=1621608236,ALPHA SIGMA TAU
AST Emerald Boutique,Happy to Be Tee,UPI2606184121,Shirts > Short sleeve t-shirts,https://cdn.shopify.com/s/files/1/0104/5076/3842/products/ScreenShot2021-05-24at1.30.34PM.png?v=1622041974,ALPHA SIGMA TAU
AST Emerald Boutique,Banana Tee,UPI2606185225,Shirts > Short sleeve t-shirts,https://cdn.shopify.com/s/files/1/0104/5076/3842/products/ScreenShot2021-05-24at1.30.39PM.png?v=1622042298,ALPHA SIGMA TAU
AST Emerald Boutique,Angel Tank,UPI26061863291,Shirts > Tank tops,https://cdn.shopify.com/s/files/1/0104/5076/3842/products/ScreenShot2021-05-24at1.30.52PM.png?v=1622042624,ALPHA SIGMA TAU
AST Emerald Boutique,Grey and Black AST Sherpa,UPI2606187337,Outerwear > Jackets,https://cdn.shopify.com/s/files/1/0104/5076/3842/products/SHERPA1.jpg?v=1621609064,ALPHA SIGMA TAU
AST Emerald Boutique,White with Green Script and Gold Anchor Pen,UPI2606186857,Office products > Pens,https://cdn.shopify.com/s/files/1/0104/5076/3842/products/WGPEN.jpg?v=1624754737,ALPHA SIGMA TAU
DPHIE Designs,DPhiE Designs Gift Card,UPI2606183390,Paper/print goods > Plastic cards,https://cdn.shopify.com/s/files/1/0258/8229/6398/files/DFD_97a2caa5-da68-4da3-8135-8471a54369f4.png?v=1735840614,DELTA PHI EPSILON
DPHIE Designs,Bid Day Pack,UPI2606184724,Bundles > Gift sets,https://cdn.shopify.com/s/files/1/0258/8229/6398/files/DFD_BDPSITEIMAGE.jpg?v=1735840462,DELTA PHI EPSILON
DPHIE Designs,Five Women Tee,UPI26061827722,Shirts > Short sleeve t-shirts,https://cdn.shopify.com/s/files/1/0258/8229/6398/files/DFD2202104-KAHKI-1717.jpg?v=1735840508,DELTA PHI EPSILON
DPHIE Designs,3.17.1917 Tank,UPI2606187348,Shirts > Tank tops,https://cdn.shopify.com/s/files/1/0258/8229/6398/files/DFD2202105-WHITE-5033_f4324faa-27d2-44e8-97f5-ef9d645749e2.jpg?v=1735840507,DELTA PHI EPSILON
DPHIE Designs,Khaki Patch Hat,UPI2606183060,Headwear > Billed Hats,https://cdn.shopify.com/s/files/1/0258/8229/6398/files/DFD2202112-KHAKI-VC300A-EMB.jpg?v=1735840474,DELTA PHI EPSILON
DPHIE Designs,Khaki Patch Beanie,UPI2606188340,Headwear > Beanies,https://cdn.shopify.com/s/files/1/0258/8229/6398/files/DFD2202117-HTHRBROWN-SP15-EMB.jpg?v=1735840473,DELTA PHI EPSILON
DPHIE Designs,Khaki Patch Vest,UPI2606182388,Outerwear > Vests,https://cdn.shopify.com/s/files/1/0258/8229/6398/files/DFD2202128-OATEALHTHR-5722-EMB.jpg?v=1735840472,DELTA PHI EPSILON
DPHIE Designs,Khaki Patch Backpack,UPI2606181972,Bags > Backpacks,https://cdn.shopify.com/s/files/1/0258/8229/6398/files/DFD2202134-BLACK-BE0303-EMB.jpg?v=1735840472,DELTA PHI EPSILON
DPHIE Designs,Esse Quam Videri Tote,UPI2606180932,Bags > Tote bags,https://cdn.shopify.com/s/files/1/0258/8229/6398/files/DFD2202158-WHITE-Q800.jpg?v=1735840476,DELTA PHI EPSILON
DPHIE Designs,Lavender DPHIE Tote,UPI2606184612,Bags > Tote bags,https://cdn.shopify.com/s/files/1/0258/8229/6398/files/DFD2202159-LAVENDAR-Q800.jpg?v=1735840475,DELTA PHI EPSILON
DPHIE Designs,Text Me Tote,UPI2606184004,Bags > Tote bags,https://cdn.shopify.com/s/files/1/0258/8229/6398/files/DFD2202160-PURPLE-Q800.jpg?v=1685543505,DELTA PHI EPSILON
DPHIE Designs,Grin Tote,UPI2606180628,Bags > Tote bags,https://cdn.shopify.com/s/files/1/0258/8229/6398/files/DFD2202161-BLACK-Q800.jpg?v=1685543582,DELTA PHI EPSILON
DPHIE Designs,Retro Tote,UPI2606188436,Bags > Tote bags,https://cdn.shopify.com/s/files/1/0258/8229/6398/files/DFD2202162-GREY-Q800.jpg?v=1735840475,DELTA PHI EPSILON
DPHIE Designs,DFE Dad Tee,UPI2606188180,Shirts > Short sleeve t-shirts,https://cdn.shopify.com/s/files/1/0258/8229/6398/files/DFD220270-DARKGREY-3001.jpg?v=1735840471,DELTA PHI EPSILON
DPHIE Designs,Mom Script Tee,UPI2606189300,Shirts > Short sleeve t-shirts,https://cdn.shopify.com/s/files/1/0258/8229/6398/files/DFD220271-LILAC-3001.jpg?v=1735840470,DELTA PHI EPSILON
DPHIE Designs,Signature Mom Crewneck,UPI2606187652,Sweatshirts > Crewneck sweatshirts,https://cdn.shopify.com/s/files/1/0258/8229/6398/files/DFD220272-PURPLE-JHA030.jpg?v=1735840470,DELTA PHI EPSILON
DPHIE Designs,Dad's Day Crewneck,UPI2606183572,Sweatshirts > Crewneck sweatshirts,https://cdn.shopify.com/s/files/1/0258/8229/6398/files/DFD220273-CHARCOAL-JHA030.jpg?v=1735840469,DELTA PHI EPSILON
DPHIE Designs,Make Me Smile Onesie,UPI2606181588,Apparel > Bodysuits,https://cdn.shopify.com/s/files/1/0258/8229/6398/files/DFD220274-PURPLE-4400.jpg?v=1735840468,DELTA PHI EPSILON
DPHIE Designs,Loves Me Onesie,UPI2606180004,Apparel > Bodysuits,https://cdn.shopify.com/s/files/1/0258/8229/6398/files/DFD220275-LAVENDAR-4400.jpg?v=1735840467,DELTA PHI EPSILON
DPHIE Designs,Loves Me Toddler Tee,UPI2606186372,Shirts > Short sleeve t-shirts,https://cdn.shopify.com/s/files/1/0258/8229/6398/files/DFD220277-LAVENDAR-3301T.jpg?v=1735840467,DELTA PHI EPSILON
DPHIE Designs,Glam Baby Tee,UPI26061877961,Shirts > Short sleeve t-shirts,https://cdn.shopify.com/s/files/1/0258/8229/6398/files/DFD23GL0201_1010_BLACK.jpg?v=1735840465,DELTA PHI EPSILON
DPHIE Designs,Glam Hoodie,UPI2606183364,Sweatshirts > Hooded sweatshirts,https://cdn.shopify.com/s/files/1/0258/8229/6398/files/DFD23GL0201_18500_BLACK.jpg?v=1735840464,DELTA PHI EPSILON
DPHIE Designs,Luxe Lounge Set,UPI2606185924,Loungewear > Sweatsuit sets,https://cdn.shopify.com/s/files/1/0258/8229/6398/files/DFD23GL0202_TD055-NUDE_TD085-NUDE-EMB.jpg?v=1700696613,DELTA PHI EPSILON
DPHIE Designs,Love You Crew,UPI2606184628,Sweatshirts > Crewneck sweatshirts,https://cdn.shopify.com/s/files/1/0258/8229/6398/files/DFD23GL0205_1566_WHITE-BACK.jpg?v=1735840463,DELTA PHI EPSILON
DPHIE Designs,Violet Varsity Tee,UPI2606183044,Shirts > Short sleeve t-shirts,https://cdn.shopify.com/s/files/1/0258/8229/6398/files/DFD24GL1021717VIOLET.jpg?v=1735840460,DELTA PHI EPSILON
DPHIE Designs,17 Quam Videri Crewneck,UPI2606188068,Sweatshirts > Crewneck sweatshirts,https://cdn.shopify.com/s/files/1/0258/8229/6398/files/DFD24GL104SS3000LAVENDER.jpg?v=1735840459,DELTA PHI EPSILON
DPHIE Designs,Iris Est 1917 Tee,UPI2606182564,Shirts > Short sleeve t-shirts,https://cdn.shopify.com/s/files/1/0258/8229/6398/files/DFD24GL1061717WHITE.jpg?v=1735840458,DELTA PHI EPSILON
DPHIE Designs,Bella Tan Crewneck,UPI2606180100,Sweatshirts > Crewneck sweatshirts,https://cdn.shopify.com/s/files/1/0258/8229/6398/files/DFD24GL107BELLA3945.jpg?v=1735840457,DELTA PHI EPSILON
DPHIE Designs,Bella Tan Shorts,UPI2606182804,Apparel > Shorts,https://cdn.shopify.com/s/files/1/0258/8229/6398/files/DFD24GL108BELLA3787TAN.jpg?v=1735840456,DELTA PHI EPSILON
DPHIE Designs,Beach Front Crewneck,UPI2606188628,Sweatshirts > Crewneck sweatshirts,https://cdn.shopify.com/s/files/1/0258/8229/6398/files/DFD24GL10918000SAND.jpg?v=1735840455,DELTA PHI EPSILON
DPHIE Designs,Retro Repeat Crewneck,UPI2606185876,Sweatshirts > Crewneck sweatshirts,https://cdn.shopify.com/s/files/1/0258/8229/6398/files/DFD24GL11018000BLACK.jpg?v=1735840455,DELTA PHI EPSILON
DPHIE Designs,Crest Motto Tee,UPI2606183300,Shirts > Short sleeve t-shirts,https://cdn.shopify.com/s/files/1/0258/8229/6398/files/DFD24GL1111717WHITEBACK.jpg?v=1735840453,DELTA PHI EPSILON
DPHIE Designs,New York Shaka Tee,UPI2606187972,Shirts > Short sleeve t-shirts,https://cdn.shopify.com/s/files/1/0258/8229/6398/files/DFD24GL112SHGDDOATMEAL.jpg?v=1735840453,DELTA PHI EPSILON
DPHIE Designs,Plum Crest Hoodie,UPI2606187188,Sweatshirts > Hooded sweatshirts,https://cdn.shopify.com/s/files/1/0258/8229/6398/files/DFD24GL113SS4500PLUM.jpg?v=1735840452,DELTA PHI EPSILON
DPHIE Designs,DPHIE Since 1917 Hoodie,UPI2606186324,Sweatshirts > Hooded sweatshirts,https://cdn.shopify.com/s/files/1/0258/8229/6398/files/DFD24GL114SS4500SMOKEBACK.jpg?v=1735840451,DELTA PHI EPSILON
DPHIE Designs,Notice Tee,UPI2606189396,Shirts > Short sleeve t-shirts,https://cdn.shopify.com/s/files/1/0258/8229/6398/files/DFD24GL1151717BLACK.jpg?v=1735840450,DELTA PHI EPSILON
DPHIE Designs,Birch Cardigan,UPI2606186388,Apparel > Sweaters,https://cdn.shopify.com/s/files/1/0258/8229/6398/files/DFD24GL116MM3023BERCH.jpg?v=1735840449,DELTA PHI EPSILON
DPHIE Designs,DPHIE Game Hat,UPI2606189268,Headwear > Billed hats,https://cdn.shopify.com/s/files/1/0258/8229/6398/files/DFD24GL117GB465BLACK.jpg?v=1719197622,DELTA PHI EPSILON
DPHIE Designs,Khaki Game Hat,UPI2606182852,Headwear > Billed hats,https://cdn.shopify.com/s/files/1/0258/8229/6398/files/DFD24GL118GB465KHAKI.jpg?v=1735840448,DELTA PHI EPSILON
DPHIE Designs,Color Block Team Hoodie,UPI2606180372,Sweatshirts > Hooded sweatshirts,https://cdn.shopify.com/s/files/1/0258/8229/6398/files/DFD24GL119W23716HEATHER.jpg?v=1735840447,DELTA PHI EPSILON
DPHIE Designs,Vertical Tote,UPI2606183316,Bags > Tote bags,https://cdn.shopify.com/s/files/1/0258/8229/6398/files/DFD24GL120Q800NATURAL.jpg?v=1735840446,DELTA PHI EPSILON
DPHIE Designs,Bow Crop Tank,UPI2606187428,Shirts > Tank tops,https://cdn.shopify.com/s/files/1/0258/8229/6398/files/DFD24GL1211013WHITE.jpg?v=1735840445,DELTA PHI EPSILON
DPHIE Designs,Excellence Crop Tank,UPI2606186004,Shirts > Tank tops,https://cdn.shopify.com/s/files/1/0258/8229/6398/files/DFD24GL1221013ATHL.HEATHER.jpg?v=1735840444,DELTA PHI EPSILON
DPHIE Designs,Established Crop Top,UPI2606181908,Shirts > Short sleeve t-shirts,https://cdn.shopify.com/s/files/1/0258/8229/6398/files/DFD24GL123-1010-NATURAL.jpg?v=1735840436,DELTA PHI EPSILON
DPHIE Designs,Repeat Crop Top,UPI2606183508,Shirts > Short sleeve t-shirts,https://cdn.shopify.com/s/files/1/0258/8229/6398/files/DFD24GL1241010BLACK.jpg?v=1735840443,DELTA PHI EPSILON
DPHIE Designs,Athletic Crop Top,UPI2606183604,Shirts > Short sleeve t-shirts,https://cdn.shopify.com/s/files/1/0258/8229/6398/files/DFD24GL1251010ATL.HEATHER.jpg?v=1735840443,DELTA PHI EPSILON
DPHIE Designs,Purple Est Notecard,UPI2606185492,Stationery > Note cards,https://cdn.shopify.com/s/files/1/0258/8229/6398/files/DFD24GL126POSTCARDFRONT.jpg?v=1735840442,DELTA PHI EPSILON
DPHIE Designs,Crest Notecard,UPI2606180324,Stationery > Note cards,https://cdn.shopify.com/s/files/1/0258/8229/6398/files/DFD24GL127FOLDOVERNOTECARD.jpg?v=1735840440,DELTA PHI EPSILON
DPHIE Designs,Checkered Button,UPI2606181940,Apparel > Buttons,https://cdn.shopify.com/s/files/1/0258/8229/6398/files/DFD24GL128BUTTON.jpg?v=1735840440,DELTA PHI EPSILON
DPHIE Designs,Checkered Button,UPI260618079818,,https://cdn.shopify.com/s/files/1/0258/8229/6398/files/DFD24GL128BUTTON.jpg?v=1735840440,DELTA PHI EPSILON
DPHIE Designs,Hand Sign Button,UPI2606184180,Apparel > Buttons,https://cdn.shopify.com/s/files/1/0258/8229/6398/files/DFD24GL129BUTTON.jpg?v=1735840439,DELTA PHI EPSILON
DPHIE Designs,1917 Sticker,UPI2606181252,Promotional > Stickers,https://cdn.shopify.com/s/files/1/0258/8229/6398/files/DFD24GL130STICKER.jpg?v=1735840438,DELTA PHI EPSILON
DPHIE Designs,Purple Bow Sticker,UPI2606183492,Promotional > Stickers,https://cdn.shopify.com/s/files/1/0258/8229/6398/files/DFD24GL131STICKER.jpg?v=1735840437,DELTA PHI EPSILON
DPHIE Designs,Cherry Heart Crewneck,UPI2606187044,Sweatshirts > Crewneck sweatshirts,https://cdn.shopify.com/s/files/1/0258/8229/6398/files/DFD24GL20218000LIGHTPINK.jpg?v=1735840435,DELTA PHI EPSILON
DPHIE Designs,Ginger Crewneck,UPI2606181332,Sweatshirts > Crewneck sweatshirts,https://cdn.shopify.com/s/files/1/0258/8229/6398/files/DFD24GL20618000SAND.jpg?v=1735840434,DELTA PHI EPSILON
DPHIE Designs,Pumpkin Bow Tee,UPI2606180084,Shirts > Short sleeve t-shirts,https://cdn.shopify.com/s/files/1/0258/8229/6398/files/DFD24GL2071717YAM.jpg?v=1735840433,DELTA PHI EPSILON
DPHIE Designs,Bow Crewneck,UPI2606189908,Sweatshirts > Crewneck sweatshirts,https://cdn.shopify.com/s/files/1/0258/8229/6398/files/DFD24GL20818000SAND.jpg?v=1735840432,DELTA PHI EPSILON
DPHIE Designs,Dashing Crewneck,UPI2606181188,Sweatshirts > Crewneck sweatshirts,https://cdn.shopify.com/s/files/1/0258/8229/6398/files/DFD24GL20918000FOREST.jpg?v=1735840431,DELTA PHI EPSILON
DPHIE Designs,Floral Racer Tank,UPI2606185172,Shirts > Tank tops,https://cdn.shopify.com/s/files/1/0258/8229/6398/files/DFD2500011019NATURAL.jpg?v=1744065660,DELTA PHI EPSILON
DPHIE Designs,Matchbox Hoodie,UPI2606187588,Sweatshirts > Hooded sweatshirts,https://cdn.shopify.com/s/files/1/0258/8229/6398/files/DFD25000218500ORCHIDDFD25000218500ORCHIDback.jpg?v=1744065860,DELTA PHI EPSILON
DPHIE Designs,1917 Star Tee,UPI2606182324,Shirts > Short sleeve t-shirts,https://cdn.shopify.com/s/files/1/0258/8229/6398/files/DFD2500031717GRAPE.jpg?v=1744065978,DELTA PHI EPSILON
DPHIE Designs,Tic Tac Toe Racer Tank,UPI2606187508,Shirts > Tank tops,https://cdn.shopify.com/s/files/1/0258/8229/6398/files/DFD2500041019BLACK.jpg?v=1744066118,DELTA PHI EPSILON
DPHIE Designs,Cheetah Star Hoodie,UPI2606189252,Sweatshirts > Crewneck sweatshirts,https://cdn.shopify.com/s/files/1/0258/8229/6398/files/DFD25000518500SPORTSGREYback.jpg?v=1744078115,DELTA PHI EPSILON
DPHIE Designs,Cheetah Star Sweatpants,UPI26061808681,Pants > Sweatpants,https://cdn.shopify.com/s/files/1/0258/8229/6398/files/DFD25000618400SPORTSGREY.jpg?v=1744078265,DELTA PHI EPSILON
DPHIE Designs,Playful Print Crewneck,UPI2606186052,Sweatshirts > Crewneck sweatshirts,https://cdn.shopify.com/s/files/1/0258/8229/6398/files/DFD2500073945BLACK.jpg?v=1744078407,DELTA PHI EPSILON
DPHIE Designs,Playful Print Shorts,UPI2606187396,Apparel > Shorts,https://cdn.shopify.com/s/files/1/0258/8229/6398/files/DFD2500083787BLACK.jpg?v=1744078510,DELTA PHI EPSILON
DPHIE Designs,Since 1917 Crop Top,UPI2606181508,Shirts > Short sleeve t-shirts,https://cdn.shopify.com/s/files/1/0258/8229/6398/files/DFD2500091010NATURAL.jpg?v=1744078614,DELTA PHI EPSILON
DPHIE Designs,1917 Hoodie,UPI2606181732,Sweatshirts > Hooded sweatshirts,https://cdn.shopify.com/s/files/1/0258/8229/6398/files/DFD25GL201996MRBLACK.jpg?v=1762452841,DELTA PHI EPSILON
DPHIE Designs,Black Sweatpants,UPI2606182180,Pants > Sweatpants,https://cdn.shopify.com/s/files/1/0258/8229/6398/files/DFD25GL202974MPRBLACK.jpg?v=1762452971,DELTA PHI EPSILON
DPHIE Designs,Billiard Hoodie,UPI2606182276,Sweatshirts > Hooded sweatshirts,https://cdn.shopify.com/s/files/1/0258/8229/6398/files/DFD25GL203996MRASHfront.jpg?v=1762453106,DELTA PHI EPSILON
DPHIE Designs,Billiard Sweatpants,UPI2606188260,Pants > Sweatpants,https://cdn.shopify.com/s/files/1/0258/8229/6398/files/DFD25GL204974MPRASH.jpg?v=1762453274,DELTA PHI EPSILON
DPHIE Designs,ETA Crewneck,UPI2606187476,Sweatshirts > Crewneck sweatshirts,https://cdn.shopify.com/s/files/1/0258/8229/6398/files/DFD25GL20518000PURPLE.jpg?v=1762453367,DELTA PHI EPSILON
DPHIE Designs,Cherry Tee Lane,UPI2606187364,Shirts > Short sleeve t-shirts,https://cdn.shopify.com/s/files/1/0258/8229/6398/files/DFD25GL2061717ORCHID.jpg?v=1762453476,DELTA PHI EPSILON
DPHIE Designs,Limited Edition Towel,UPI2606188244,Towels > Beach towels,https://cdn.shopify.com/s/files/1/0258/8229/6398/files/DFD25MAY1QV3060PURPLE.jpg?v=1749745641,DELTA PHI EPSILON
DPHIE Designs,Limited Edition Hat!,UPI2606187988,Headwear > Billed Hats,https://cdn.shopify.com/s/files/1/0258/8229/6398/files/DFD25MAY28804HWHITE.jpg?v=1749745921,DELTA PHI EPSILON
DPHIE Designs,Ash Mock Neck- Limited Edition,UPI2606184212,Apparel > Sweaters,https://cdn.shopify.com/s/files/1/0258/8229/6398/files/DFD25NOV1ASHMOCKNECK.jpg?v=1762450285,DELTA PHI EPSILON
DPHIE Designs,Giving Tuesday Crewneck,UPI26061847721,Sweatshirts > Crewneck sweatshirts,https://cdn.shopify.com/s/files/1/0258/8229/6398/files/DFD25NOV2-18000-purple.jpg?v=1762450421,DELTA PHI EPSILON
DPHIE Designs,Greetings from Charlotte Tee,DFD260001,Shirts > Short sleeve t-shirts,https://cdn.shopify.com/s/files/1/0258/8229/6398/files/DFD2600016030ORCHIDBACK.jpg?v=1782486273,DELTA PHI EPSILON
DPHIE Designs,Airbrushed Unicorn Tee,DFD260002,Shirts > Short sleeve t-shirts,https://cdn.shopify.com/s/files/1/0258/8229/6398/files/DFD2600021717IVORY.jpg?v=1782486472,DELTA PHI EPSILON
DPHIE Designs,Bouquet Crewneck,DFD260003,Sweatshirts > Crewneck sweatshirts,https://cdn.shopify.com/s/files/1/0258/8229/6398/files/DFD26000318000WHITEBACK.jpg?v=1782486642,DELTA PHI EPSILON
DPHIE Designs,Street Sign Pocket Tee,DFD260004,Shirts > Short sleeve t-shirts,https://cdn.shopify.com/s/files/1/0258/8229/6398/files/DFD2600046030VIOLETBACK.jpg?v=1782486736,DELTA PHI EPSILON
DPHIE Designs,Pattern DPhiE Tee,DFD260005,Shirts > Short sleeve t-shirts,https://cdn.shopify.com/s/files/1/0258/8229/6398/files/DFD2600051717IVORY.jpg?v=1782486866,DELTA PHI EPSILON
DPHIE Designs,Grey Cardigan,DFD260012,Apparel > Sweaters,https://cdn.shopify.com/s/files/1/0258/8229/6398/files/DFD260012LSW2870CHARHTREMB.jpg?v=1782486965,DELTA PHI EPSILON
DPHIE Designs,Black 1/4 Zip,DFD260013,Apparel > Sweaters,https://cdn.shopify.com/s/files/1/0258/8229/6398/files/DFD260013MM3041blackemb.jpg?v=1782487608,DELTA PHI EPSILON
DPHIE Designs,Blazer,DFD260014,Outerwear > Jackets,https://cdn.shopify.com/s/files/1/0258/8229/6398/files/DFD260014LM2000BLACKemb.jpg?v=1782487755,DELTA PHI EPSILON
DPHIE Designs,Purple Beanie,UPI2606181220,Headwear > Beanies,https://cdn.shopify.com/s/files/1/0258/8229/6398/files/DFD26GL1061501KCPURPLEemb.jpg?v=1767974163,DELTA PHI EPSILON
DPHIE Designs,Crewneck & Beanie Bundle,UPI2606189412,Sweatshirts > Crewneck sweatshirts,https://cdn.shopify.com/s/files/1/0258/8229/6398/files/DFD26GL10618000SPORTSGREY1501KCPURPLE.jpg?v=1767974272,DELTA PHI EPSILON
DPHIE Designs,Simple Bow Crewneck,UPI26061800841,Sweatshirts > Crewneck sweatshirts,https://cdn.shopify.com/s/files/1/0258/8229/6398/files/DFD26GL30118000RED.jpg?v=1769622846,DELTA PHI EPSILON
DPHIE Designs,Patched Bow Hoodie,UPI26061830441,Sweatshirts > Hooded sweatshirts,https://cdn.shopify.com/s/files/1/0258/8229/6398/files/DFD26GL30218500ASHBACK.jpg?v=1769623037,DELTA PHI EPSILON
DPHIE Designs,Graphic Galentine Tee,UPI2606180916,Shirts > Short sleeve t-shirts,https://cdn.shopify.com/s/files/1/0258/8229/6398/files/DFD26GL3031717BLOSSOM_cef90067-5027-470f-8272-33e1d9eb49b0.jpg?v=1769800859,DELTA PHI EPSILON
DPHIE Designs,Paradise Tee,UPI2606180356,Shirts > Short sleeve t-shirts,https://cdn.shopify.com/s/files/1/0258/8229/6398/files/DFD26GL4011717IVORYback.jpg?v=1771261815,DELTA PHI EPSILON
DPHIE Designs,Beach Mode Trucker Hat,UPI26061858122,Headwear > Billed hats,https://cdn.shopify.com/s/files/1/0258/8229/6398/files/DFD26GL402VC700BLACK_WHITE.jpg?v=1771262552,DELTA PHI EPSILON
DPHIE Designs,Tidal Wave Crewneck,UPI2606184564,Sweatshirts > Crewneck sweatshirts,https://cdn.shopify.com/s/files/1/0258/8229/6398/files/DFD26GL4031545AMETHYST.jpg?v=1771262681,DELTA PHI EPSILON
DPHIE Designs,Volunteer Script Tee,UPI2606188388,Shirts > Short sleeve t-shirts,https://cdn.shopify.com/s/files/1/0258/8229/6398/files/DFD26GL6011717WHITE.jpg?v=1774461805,DELTA PHI EPSILON
DPHIE Designs,Volunteer Cake Hoodie,UPI2606184932,Sweatshirts > Hooded sweatshirts,https://cdn.shopify.com/s/files/1/0258/8229/6398/files/DFD26GL60218500ORCHIDBACK.jpg?v=1774462025,DELTA PHI EPSILON
DPHIE Designs,Full Zip Jacket,UPI2606180036,Outerwear > Jackets,https://cdn.shopify.com/s/files/1/0258/8229/6398/files/DFD26GL603F217BLACK.jpg?v=1774462533,DELTA PHI EPSILON
DPHIE Designs,Crest !/4 Zip,UPI2606189428,Sweatshirts > 1/4 zip sweatshirts,https://cdn.shopify.com/s/files/1/0258/8229/6398/files/DFD26GL604ST253ATHHTR.jpg?v=1774462747,DELTA PHI EPSILON
DPHIE Designs,Delta Phi Epsilon Hand Held Flag,UPI2606185444,Household items > Flags,https://cdn.shopify.com/s/files/1/0258/8229/6398/files/DFD-BDP-FLAG.jpg?v=1754584786,DELTA PHI EPSILON
DPHIE Designs,Locker Key Chain,UPI26061827721,Promotional > Key chains,https://cdn.shopify.com/s/files/1/0258/8229/6398/files/DFD-BDP-KEYCHAIN.jpg?v=1735840461,DELTA PHI EPSILON
DPHIE Designs,Delta Phi Epsilon - Heart Tag Necklace,UPI2606182916,Jewelry > Necklaces,https://cdn.shopify.com/s/files/1/0258/8229/6398/files/dfe1.jpg?v=1742402291,DELTA PHI EPSILON
DPHIE Designs,Delta Phi Epsilon- Bead Bracelet - Heart Tag,UPI26061876521,Jewelry > Bracelets,https://cdn.shopify.com/s/files/1/0258/8229/6398/files/dfe2.jpg?v=1742402389,DELTA PHI EPSILON
DPHIE Designs,Beach Towel,UPI2606185540,Towels > Beach towels,https://cdn.shopify.com/s/files/1/0258/8229/6398/files/DPHIE_BEACH_TOWEL_2.jpg?v=1771345619,DELTA PHI EPSILON
DPHIE Designs,Clear tote bag,UPI2606180292,Bags > Tote bags,https://cdn.shopify.com/s/files/1/0258/8229/6398/files/DPHIEBAG_f0c90689-26ea-4242-996a-f168b434e8c2.jpg?v=1770835701,DELTA PHI EPSILON
DPHIE Designs,Flip-Flops,UPI2606180836,Footwear > Flip flops,https://cdn.shopify.com/s/files/1/0258/8229/6398/files/DPHIEFF1.jpg?v=1770835660,DELTA PHI EPSILON
DPHIE Designs,IPAY - Univ of North GA,UPI2606180276,Professional services > Financial management services,https://cdn.shopify.com/s/files/1/0258/8229/6398/files/DROPPING_2426122.png?v=1727492517,DELTA PHI EPSILON
DPHIE Designs,Black Tee with Purple and Gold Glitter Sewn On Letters,UPI2606185556,Shirts > Short sleeve t-shirts,https://cdn.shopify.com/s/files/1/0258/8229/6398/files/FDE_2.jpg?v=1735840462,DELTA PHI EPSILON
DPHIE Designs,IPAY - Univ of North Georgia - Semi Formal,UPI2606185812,Shirts > Short sleeve t-shirts,https://cdn.shopify.com/s/files/1/0258/8229/6398/files/FESTIVAL_2326324.png?v=1697575978,DELTA PHI EPSILON
DPHIE Designs,Lacy Bow Knitted Sweater,UPI26061847241,Apparel > Sweaters,https://cdn.shopify.com/s/files/1/0258/8229/6398/files/Front.jpg?v=1759427928,DELTA PHI EPSILON
DPHIE Designs,Ugly Knitted Sweater,UPI2606180692,Apparel > Sweaters,https://cdn.shopify.com/s/files/1/0258/8229/6398/files/Front_9b4429d5-0c27-49db-a89f-c7a9d20bc49f.jpg?v=1763058251,DELTA PHI EPSILON
DPHIE Designs,Esse Quam Videri Water Bottle,UPI2606187332,Water bottles > Plastic water bottles,https://cdn.shopify.com/s/files/1/0258/8229/6398/files/IMG_2519.jpg?v=1735840477,DELTA PHI EPSILON
DPHIE Designs,Fanny Pack,UPI2606188500,Bags > Fanny packs,https://cdn.shopify.com/s/files/1/0258/8229/6398/files/IMG_2521.jpg?v=1735840476,DELTA PHI EPSILON
DPHIE Designs,Classic DPhiE Decal,UPI2606186782,Promotional > Stickers,https://cdn.shopify.com/s/files/1/0258/8229/6398/files/IMG_2717_1.jpg?v=1735840580,DELTA PHI EPSILON
DPHIE Designs,Butterfly You Had Me at DPHIE Button,UPI2606180868,Apparel > Buttons,https://cdn.shopify.com/s/files/1/0258/8229/6398/files/IMG_2720.jpg?v=1735840466,DELTA PHI EPSILON
DPHIE Designs,White Delta Phi Epsilon Tote,UPI2606184148,Bags > Tote bags,https://cdn.shopify.com/s/files/1/0258/8229/6398/files/IMG_2724.jpg?v=1690824272,DELTA PHI EPSILON
DPHIE Designs,Medieval Water Bottle,UPI2606180180,Water bottles > Plastic water bottles,https://cdn.shopify.com/s/files/1/0258/8229/6398/files/IMG_2727.jpg?v=1735840465,DELTA PHI EPSILON
DPHIE Designs,Retro Sticker,UPI2606183220,Promotional > Stickers,https://cdn.shopify.com/s/files/1/0258/8229/6398/files/IMG_3762_8a80eafe-9b4f-40ac-81d5-b722c8a6d371.jpg?v=1754935514,DELTA PHI EPSILON
DPHIE Designs,IPAY - North GA Sisterhood,UPI2606183924,Professional services > Fundraising,https://cdn.shopify.com/s/files/1/0258/8229/6398/files/NOURISHES_2426320.png?v=1735840430,DELTA PHI EPSILON
DPHIE Designs,IPAY - D Phi E North Georgia - Semi Formal Hats,UPI2606181380,Headwear > Billed hats,https://cdn.shopify.com/s/files/1/0258/8229/6398/files/SEMI_2427007.png?v=1735840429,DELTA PHI EPSILON
DPHIE Designs,Black Classic Letter Long Sleeve,UPI2606182782,Shirts > Long sleeve t-shirts,https://cdn.shopify.com/s/files/1/0258/8229/6398/products/17018-1.jpg?v=1652281515,DELTA PHI EPSILON
DPHIE Designs,Dark Grey Calvin Tee,UPI26061854701,Shirts > Short sleeve t-shirts,https://cdn.shopify.com/s/files/1/0258/8229/6398/products/19321.jpg?v=1652280588,DELTA PHI EPSILON
DPHIE Designs,Grey Sherpa,UPI2606189150,Outerwear > Jackets,https://cdn.shopify.com/s/files/1/0258/8229/6398/products/94a451bb-9788-47a4-9802-aea00f92566d.jpg?v=1621355862,DELTA PHI EPSILON
DPHIE Designs,Big Year Decal,UPI2606186862,Promotional > Stickers,https://cdn.shopify.com/s/files/1/0258/8229/6398/products/bigyeardecal.jpg?v=1735840593,DELTA PHI EPSILON
DPHIE Designs,White Block Frame,UPI2606182814,Household items > Picture frames,https://cdn.shopify.com/s/files/1/0258/8229/6398/products/blockframe.jpg?v=1735840596,DELTA PHI EPSILON
DPHIE Designs,Purple 1917 Corded Crew,UPI2606187534,Shirts > Long sleeve t-shirts,https://cdn.shopify.com/s/files/1/0258/8229/6398/products/corded.jpg?v=1735840594,DELTA PHI EPSILON
DPHIE Designs,DPHIE: York College Pen,UPI26061858221,Office products > Pens,https://cdn.shopify.com/s/files/1/0258/8229/6398/products/CREW_2222121.png?v=1660841842,DELTA PHI EPSILON
DPHIE Designs,Deepher Rolled Cuff Muscle Tee,UPI2606181502,Shirts > Short sleeve t-shirts,https://cdn.shopify.com/s/files/1/0258/8229/6398/products/DEEPHER.jpg?v=1621356317,DELTA PHI EPSILON
DPHIE Designs,Purple Rainbow Tee (Day1),UPI2606186046,Shirts > Short sleeve t-shirts,https://cdn.shopify.com/s/files/1/0258/8229/6398/products/DFD_12DOS_-_DAY_1.jpg?v=1575245270,DELTA PHI EPSILON
DPHIE Designs,Purple DPhiE Tee,UPI2606183454,Shirts > Short sleeve t-shirts,https://cdn.shopify.com/s/files/1/0258/8229/6398/products/DFD_12DOS_-_DAY_10.jpg?v=1576082485,DELTA PHI EPSILON
DPHIE Designs,DPHIE Color Shadow,UPI2606183006,Shirts > Short sleeve t-shirts,https://cdn.shopify.com/s/files/1/0258/8229/6398/products/DFD_12DOS_-_DAY_11.jpg?v=1576089247,DELTA PHI EPSILON
DPHIE Designs,Dusk Blue Script Tee (day12),UPI2606185342,Shirts > Short sleeve t-shirts,https://cdn.shopify.com/s/files/1/0258/8229/6398/products/DFD_12DOS_-_DAY_12.jpg?v=1576089420,DELTA PHI EPSILON
DPHIE Designs,Simply DPhiE,UPI2606187710,Shirts > Short sleeve t-shirts,https://cdn.shopify.com/s/files/1/0258/8229/6398/products/DFD_12DOS_-_DAY_2.jpg?v=1575336881,DELTA PHI EPSILON
DPHIE Designs,Golden Star Tee (day3),UPI2606189822,Shirts > Short sleeve t-shirts,https://cdn.shopify.com/s/files/1/0258/8229/6398/products/DFD_12DOS_-_DAY_3.jpg?v=1735840623,DELTA PHI EPSILON
DPHIE Designs,Women Support Women in Pink,UPI2606187150,Shirts > Short sleeve t-shirts,https://cdn.shopify.com/s/files/1/0258/8229/6398/products/DFD_12DOS_-_DAY_4.jpg?v=1735840623,DELTA PHI EPSILON
DPHIE Designs,DPhiE EKG,UPI2606188846,Shirts > Short sleeve t-shirts,https://cdn.shopify.com/s/files/1/0258/8229/6398/products/DFD_12DOS_-_DAY_5.jpg?v=1575570610,DELTA PHI EPSILON
DPHIE Designs,Unicorn Magic (day 6),UPI2606188318,Shirts > Short sleeve t-shirts,https://cdn.shopify.com/s/files/1/0258/8229/6398/products/DFD_12DOS_-_DAY_6.jpg?v=1575570659,DELTA PHI EPSILON
DPHIE Designs,Ice Grey Delta Phi Epsilon Tee,UPI26061892141,Shirts > Short sleeve t-shirts,https://cdn.shopify.com/s/files/1/0258/8229/6398/products/DFD_12DOS_-_DAY_7.jpg?v=1575570731,DELTA PHI EPSILON
DPHIE Designs,Cast the Anchor (day8),UPI2606187310,Apparel > Patches,https://cdn.shopify.com/s/files/1/0258/8229/6398/products/DFD_12DOS_-_DAY_8.jpg?v=1575914457,DELTA PHI EPSILON
DPHIE Designs,Orchid Script Tee,UPI2606180670,Shirts > Short sleeve t-shirts,https://cdn.shopify.com/s/files/1/0258/8229/6398/products/DFD_12DOS_-_DAY_9.jpg?v=1575991944,DELTA PHI EPSILON
DPHIE Designs,Navy Tone on Tone Dad Hat,UPI2606181054,Headwear > Billed hats,https://cdn.shopify.com/s/files/1/0258/8229/6398/products/DFD_17302.jpg?v=1572295054,DELTA PHI EPSILON
DPHIE Designs,Iris Alumna Decal,UPI2606188430,Promotional > Stickers,https://cdn.shopify.com/s/files/1/0258/8229/6398/products/DFD_17403-2.jpg?v=1572295688,DELTA PHI EPSILON
DPHIE Designs,Black Sherpa 1/4 Zip,UPI26061830061,Sweatshirts > 1/4 zip sweatshirts,https://cdn.shopify.com/s/files/1/0258/8229/6398/products/DFD_17501-2.jpg?v=1572295903,DELTA PHI EPSILON
DPHIE Designs,Purple Cozy Crew Sweatshirt,UPI2606188942,Sweatshirts > Crewneck sweatshirts,https://cdn.shopify.com/s/files/1/0258/8229/6398/products/DFD_17503-2.jpg?v=1572307126,DELTA PHI EPSILON
DPHIE Designs,Tiny Embroidery Crew Sweatshirt,UPI2606181214,Sweatshirts > Crewneck sweatshirts,https://cdn.shopify.com/s/files/1/0258/8229/6398/products/DFD_17504-2.jpg?v=1572307740,DELTA PHI EPSILON
DPHIE Designs,Heather Grey Classic Long Sleeve,UPI26061889901,Shirts > Long sleeve t-shirts,https://cdn.shopify.com/s/files/1/0258/8229/6398/products/DFD_17505-2.jpg?v=1572307891,DELTA PHI EPSILON
DPHIE Designs,Script Pigment Washed Hat,UPI2606185326,Headwear > Billed hats,https://cdn.shopify.com/s/files/1/0258/8229/6398/products/DFD_17506C.jpg?v=1572309354,DELTA PHI EPSILON
DPHIE Designs,Aubergine Tri-blend Shirt,UPI2606185070,Shirts > Short sleeve t-shirts,https://cdn.shopify.com/s/files/1/0258/8229/6398/products/DFD_17507.jpg?v=1735840642,DELTA PHI EPSILON
DPHIE Designs,Heather Purple Short Sleeve,UPI2606189918,Shirts > Short sleeve t-shirts,https://cdn.shopify.com/s/files/1/0258/8229/6398/products/DFD_17510-2.jpg?v=1572309861,DELTA PHI EPSILON
DPHIE Designs,Black Fleck V-neck,UPI2606186014,Shirts > Short sleeve t-shirts,https://cdn.shopify.com/s/files/1/0258/8229/6398/products/DFD_17511-2.jpg?v=1572310055,DELTA PHI EPSILON
DPHIE Designs,Violet Short Sleeve Shirt,UPI2606186670,Shirts > Short sleeve t-shirts,https://cdn.shopify.com/s/files/1/0258/8229/6398/products/DFD_17512-2.jpg?v=1572310323,DELTA PHI EPSILON
DPHIE Designs,Italics Shirt,UPI2606181630,Shirts > Short sleeve t-shirts,https://cdn.shopify.com/s/files/1/0258/8229/6398/products/DFD_18103_dd16f537-cc54-4a19-b102-694f5bad2a1d.jpg?v=1735840641,DELTA PHI EPSILON
DPHIE Designs,Vaca Sunset Tank,UPI2606181822,Shirts > Tank tops,https://cdn.shopify.com/s/files/1/0258/8229/6398/products/DFD_18104-2.jpg?v=1735840640,DELTA PHI EPSILON
DPHIE Designs,Deepher Stamp,UPI2606186766,Shirts > Short sleeve t-shirts,https://cdn.shopify.com/s/files/1/0258/8229/6398/products/DFD_18109-2.jpg?v=1735840640,DELTA PHI EPSILON
DPHIE Designs,The 1917 Longline,UPI2606182942,Shirts > Short sleeve t-shirts,https://cdn.shopify.com/s/files/1/0258/8229/6398/products/DFD_18112-2.jpg?v=1572311343,DELTA PHI EPSILON
DPHIE Designs,Spell It Out Tank,UPI2606181486,Shirts > Tank tops,https://cdn.shopify.com/s/files/1/0258/8229/6398/products/DFD_19301-2.jpg?v=1735840648,DELTA PHI EPSILON
DPHIE Designs,Slant Tank,UPI2606186366,Shirts > Tank tops,https://cdn.shopify.com/s/files/1/0258/8229/6398/products/DFD_19302.jpg?v=1735840647,DELTA PHI EPSILON
DPHIE Designs,Fresh Prints Tank,UPI2606186542,Shirts > Tank tops,https://cdn.shopify.com/s/files/1/0258/8229/6398/products/DFD_19303-2.jpg?v=1735840646,DELTA PHI EPSILON
DPHIE Designs,Established Tank,UPI2606181518,Shirts > Tank tops,https://cdn.shopify.com/s/files/1/0258/8229/6398/products/DFD_19304.jpg?v=1735840646,DELTA PHI EPSILON
DPHIE Designs,Women Support Women Tee,UPI2606186382,Shirts > Short sleeve t-shirts,https://cdn.shopify.com/s/files/1/0258/8229/6398/products/DFD_19306.jpg?v=1571676134,DELTA PHI EPSILON
DPHIE Designs,Citrus Tee,UPI2606189790,Shirts > Short sleeve t-shirts,https://cdn.shopify.com/s/files/1/0258/8229/6398/products/DFD_19307-2.jpg?v=1571676912,DELTA PHI EPSILON
DPHIE Designs,Script Tee,UPI2606188734,Shirts > Short sleeve t-shirts,https://cdn.shopify.com/s/files/1/0258/8229/6398/products/DFD_19308-2.jpg?v=1571677046,DELTA PHI EPSILON
DPHIE Designs,Script Tank,UPI2606188862,Shirts > Tank tops,https://cdn.shopify.com/s/files/1/0258/8229/6398/products/DFD_19309-2.jpg?v=1571677361,DELTA PHI EPSILON
DPHIE Designs,Stacked Tank,UPI26061853261,Shirts > Tank tops,https://cdn.shopify.com/s/files/1/0258/8229/6398/products/DFD_19310-2.jpg?v=1735840645,DELTA PHI EPSILON
DPHIE Designs,Neon Repeater Tank,UPI2606188574,Shirts > Tank tops,https://cdn.shopify.com/s/files/1/0258/8229/6398/products/DFD_19312.jpg?v=1735840644,DELTA PHI EPSILON
DPHIE Designs,Purple Stack Tank,UPI2606188798,Shirts > Tank tops,https://cdn.shopify.com/s/files/1/0258/8229/6398/products/DFD_19313-2.jpg?v=1571681961,DELTA PHI EPSILON
DPHIE Designs,In Love With Tie Dye Tee,UPI2606189710,Shirts > Short sleeve t-shirts,https://cdn.shopify.com/s/files/1/0258/8229/6398/products/DFD_19314.jpg?v=1735840644,DELTA PHI EPSILON
DPHIE Designs,Unicorn Tee,UPI2606185710,Shirts > Short sleeve t-shirts,https://cdn.shopify.com/s/files/1/0258/8229/6398/products/DFD_19315-2.jpg?v=1735840643,DELTA PHI EPSILON
DPHIE Designs,Birthday Balloons Tank,UPI26061884141,Shirts > Tank tops,https://cdn.shopify.com/s/files/1/0258/8229/6398/products/DFD_19316-2.jpg?v=1735840643,DELTA PHI EPSILON
DPHIE Designs,Watercolor Tank,UPI2606188174,Shirts > Tank tops,https://cdn.shopify.com/s/files/1/0258/8229/6398/products/DFD_19317-2.jpg?v=1735840642,DELTA PHI EPSILON
DPHIE Designs,DPHIE Established Tee,UPI2606185086,Shirts > Short sleeve t-shirts,https://cdn.shopify.com/s/files/1/0258/8229/6398/products/DFD_19318-2.jpg?v=1571682637,DELTA PHI EPSILON
DPHIE Designs,Rainbow Wave Tee,UPI26061879661,Shirts > Short sleeve t-shirts,https://cdn.shopify.com/s/files/1/0258/8229/6398/products/DFD_19319-2.jpg?v=1571682724,DELTA PHI EPSILON
DPHIE Designs,DPHIE Classic Henley,UPI2606180542,Shirts > Short sleeve t-shirts,https://cdn.shopify.com/s/files/1/0258/8229/6398/products/DFD_19320.jpg?v=1571682961,DELTA PHI EPSILON
DPHIE Designs,Calvin Tee,UPI2606180142,Shirts > Short sleeve t-shirts,https://cdn.shopify.com/s/files/1/0258/8229/6398/products/DFD_19321-2.jpg?v=1571683125,DELTA PHI EPSILON
DPHIE Designs,Rainbow Tee,UPI2606183678,Shirts > Short sleeve t-shirts,https://cdn.shopify.com/s/files/1/0258/8229/6398/products/DFD_19322.jpg?v=1735840632,DELTA PHI EPSILON
DPHIE Designs,Star Tee,UPI2606189774,Shirts > Short sleeve t-shirts,https://cdn.shopify.com/s/files/1/0258/8229/6398/products/DFD_19323.jpg?v=1572562602,DELTA PHI EPSILON
DPHIE Designs,Video Crewneck,UPI26061855661,Sweatshirts > Crewneck sweatshirts,https://cdn.shopify.com/s/files/1/0258/8229/6398/products/DFD_19324.jpg?v=1735840632,DELTA PHI EPSILON
DPHIE Designs,Classic Letters Tee,UPI2606183726,Shirts > Short sleeve t-shirts,https://cdn.shopify.com/s/files/1/0258/8229/6398/products/DFD_19327.jpg?v=1735840631,DELTA PHI EPSILON
DPHIE Designs,Alumna Print Tee,UPI2606182606,Shirts > Short sleeve t-shirts,https://cdn.shopify.com/s/files/1/0258/8229/6398/products/DFD_19328.jpg?v=1735840630,DELTA PHI EPSILON
DPHIE Designs,The More You Know Tee,UPI2606183966,Shirts > Short sleeve t-shirts,https://cdn.shopify.com/s/files/1/0258/8229/6398/products/DFD_19329.jpg?v=1735840629,DELTA PHI EPSILON
DPHIE Designs,Collegiate Tee,UPI2606186126,Shirts > Short sleeve t-shirts,https://cdn.shopify.com/s/files/1/0258/8229/6398/products/DFD_19330.jpg?v=1685301895,DELTA PHI EPSILON
DPHIE Designs,Vintage Tee,UPI2606183278,Shirts > Short sleeve t-shirts,https://cdn.shopify.com/s/files/1/0258/8229/6398/products/DFD_19332.jpg?v=1648472320,DELTA PHI EPSILON
DPHIE Designs,Alumnae Logo Tee,UPI2606185166,Shirts > Short sleeve t-shirts,https://cdn.shopify.com/s/files/1/0258/8229/6398/products/DFD_19333.jpg?v=1735840628,DELTA PHI EPSILON
DPHIE Designs,Thank You Tee,UPI2606184190,Shirts > Short sleeve t-shirts,https://cdn.shopify.com/s/files/1/0258/8229/6398/products/DFD_19334.jpg?v=1735840628,DELTA PHI EPSILON
DPHIE Designs,Simple Tee,UPI2606184734,Shirts > Short sleeve t-shirts,https://cdn.shopify.com/s/files/1/0258/8229/6398/products/DFD_19335.jpg?v=1572569877,DELTA PHI EPSILON
DPHIE Designs,Neon Tee,UPI2606189742,Shirts > Short sleeve t-shirts,https://cdn.shopify.com/s/files/1/0258/8229/6398/products/DFD_19336.jpg?v=1572569996,DELTA PHI EPSILON
DPHIE Designs,Letters Crewneck Sweatshirt,UPI2606185294,Sweatshirts > Crewneck sweatshirts,https://cdn.shopify.com/s/files/1/0258/8229/6398/products/DFD_19337.jpg?v=1572570258,DELTA PHI EPSILON
DPHIE Designs,Bubble Crew,UPI26061870861,Shirts > Long sleeve t-shirts,https://cdn.shopify.com/s/files/1/0258/8229/6398/products/DFD_19338.jpg?v=1572570426,DELTA PHI EPSILON
DPHIE Designs,Waves Longsleeve,UPI2606181918,Shirts > Long sleeve t-shirts,https://cdn.shopify.com/s/files/1/0258/8229/6398/products/DFD_19339.jpg?v=1572570604,DELTA PHI EPSILON
DPHIE Designs,Unicorn Longsleeve,UPI2606183086,Shirts > Long sleeve t-shirts,https://cdn.shopify.com/s/files/1/0258/8229/6398/products/DFD_19340.jpg?v=1735840627,DELTA PHI EPSILON
DPHIE Designs,Stacked Sweatshirt,UPI26061892621,Sweatshirts > Crewneck sweatshirts,https://cdn.shopify.com/s/files/1/0258/8229/6398/products/DFD_19341.jpg?v=1572570936,DELTA PHI EPSILON
DPHIE Designs,Big Year Crew,UPI2606189982,Sweatshirts > Crewneck sweatshirts,https://cdn.shopify.com/s/files/1/0258/8229/6398/products/DFD_19342-2.jpg?v=1572571065,DELTA PHI EPSILON
DPHIE Designs,Pink Stitched Crew,UPI2606188830,Sweatshirts > Crewneck sweatshirts,https://cdn.shopify.com/s/files/1/0258/8229/6398/products/DFD_19343-2.jpg?v=1572571193,DELTA PHI EPSILON
DPHIE Designs,DEEPHER Hat,UPI2606180622,Headwear > Billed hats,https://cdn.shopify.com/s/files/1/0258/8229/6398/products/DFD_19344-2.jpg?v=1735840626,DELTA PHI EPSILON
DPHIE Designs,DPHIE Crewneck Sweatshirt,UPI2606180094,Sweatshirts > Crewneck sweatshirts,https://cdn.shopify.com/s/files/1/0258/8229/6398/products/DFD_19345-2.jpg?v=1572571432,DELTA PHI EPSILON
DPHIE Designs,White and Gold Water Bottle,UPI2606188238,Food/drink > Water bottles with custom label,https://cdn.shopify.com/s/files/1/0258/8229/6398/products/DFD_AA3001DPE.jpg?v=1572311557,DELTA PHI EPSILON
DPHIE Designs,Sublimated Flag,UPI2606185150,Household items > Flags,https://cdn.shopify.com/s/files/1/0258/8229/6398/products/DFD_AA3018DPE.jpg?v=1572311857,DELTA PHI EPSILON
DPHIE Designs,Heart Letters Necklace,UPI2606189214,Jewelry > Necklaces,https://cdn.shopify.com/s/files/1/0258/8229/6398/products/DFD_CID620014SC.jpg?v=1735840638,DELTA PHI EPSILON
DPHIE Designs,Monogram Letters Necklace,UPI2606182974,Jewelry > Necklaces,https://cdn.shopify.com/s/files/1/0258/8229/6398/products/DFD_CID621014SC.jpg?v=1735840637,DELTA PHI EPSILON
DPHIE Designs,Monogram Link Bracelet,UPI2606185518,Jewelry > Bracelets,https://cdn.shopify.com/s/files/1/0258/8229/6398/products/DFD_CID621LNK014.jpg?v=1735840639,DELTA PHI EPSILON
DPHIE Designs,Monogram Pendant Necklace,UPI2606186558,Jewelry > Necklaces,https://cdn.shopify.com/s/files/1/0258/8229/6398/products/DFD_CID622014SC.jpg?v=1735840637,DELTA PHI EPSILON
DPHIE Designs,Letter LinkBracelet,UPI2606180078,Jewelry > Bracelets,https://cdn.shopify.com/s/files/1/0258/8229/6398/products/DFD_CID635LNK014.jpg?v=1735840639,DELTA PHI EPSILON
DPHIE Designs,Tear Drop Charm Necklace,UPI2606186702,Jewelry > Necklaces,https://cdn.shopify.com/s/files/1/0258/8229/6398/products/DFD_CID655P014SC.jpg?v=1735840638,DELTA PHI EPSILON
DPHIE Designs,Horizontal Greek Letters Necklace,UPI2606184622,Jewelry > Necklaces,https://cdn.shopify.com/s/files/1/0258/8229/6398/products/DFD_CID680014.jpg?v=1735840637,DELTA PHI EPSILON
DPHIE Designs,Purple with Gold Trim Graduation Stole,UPI2606180270,Apparel > Graduation cords,https://cdn.shopify.com/s/files/1/0258/8229/6398/products/DFD_DCS18901.jpg?v=1735840635,DELTA PHI EPSILON
DPHIE Designs,Purple and White Graduation Cord,UPI2606189326,Apparel > Graduation cords,https://cdn.shopify.com/s/files/1/0258/8229/6398/products/DFD_GMS1555WP.jpg?v=1572313232,DELTA PHI EPSILON
DPHIE Designs,"Justice, Sisterhood, Love Gold Bracelet",UPI2606186654,Jewelry > Necklaces,https://cdn.shopify.com/s/files/1/0258/8229/6398/products/DFD_GMS1565J.jpg?v=1572313298,DELTA PHI EPSILON
DPHIE Designs,Multicolored Paisley Ornament,UPI2606187022,Promotional > Ornaments,https://cdn.shopify.com/s/files/1/0258/8229/6398/products/DFD_GMS1590P.jpg?v=1572313386,DELTA PHI EPSILON
DPHIE Designs,Purple Holiday Ornament,UPI2606189390,Promotional > Ornaments,https://cdn.shopify.com/s/files/1/0258/8229/6398/products/DFD_GMS17001.jpg?v=1572313741,DELTA PHI EPSILON
DPHIE Designs,On the Go Mug White with Black Lid,UPI2606188510,Drinkware > Travel mugs,https://cdn.shopify.com/s/files/1/0258/8229/6398/products/DFD_GMS17203-2.jpg?v=1572313866,DELTA PHI EPSILON
DPHIE Designs,Graduation Stoles,UPI2606183998,Apparel > Stoles,https://cdn.shopify.com/s/files/1/0258/8229/6398/products/DFD_GMS2025.jpg?v=1572313483,DELTA PHI EPSILON
DPHIE Designs,Seafoam Preppy Hat,UPI2606187326,Headwear > Billed hats,https://cdn.shopify.com/s/files/1/0258/8229/6398/products/DFD_GMS2097SF.jpg?v=1735840634,DELTA PHI EPSILON
DPHIE Designs,Be DPHIE Pen,UPI2606184862,Office products > Pens,https://cdn.shopify.com/s/files/1/0258/8229/6398/products/DFD_GMSPEN.jpg?v=1572359747,DELTA PHI EPSILON
DPHIE Designs,Holiday Beanie,UPI2606189518,Headwear > Beanies,https://cdn.shopify.com/s/files/1/0258/8229/6398/products/DFD_HOLIDAYBEANIE.jpg?v=1575927088,DELTA PHI EPSILON
DPHIE Designs,Holiday Ornament (2019),UPI2606186270,Promotional > Ornaments,https://cdn.shopify.com/s/files/1/0258/8229/6398/products/DFD_HOLIDAYORNAMENT.jpg?v=1735840624,DELTA PHI EPSILON
DPHIE Designs,Holiday Scarf,UPI2606187086,Apparel > Scarves,https://cdn.shopify.com/s/files/1/0258/8229/6398/products/DFD_HOLIDAYSCARF.jpg?v=1575926978,DELTA PHI EPSILON
DPHIE Designs,Holiday Sweater,UPI2606183582,Sweatshirts > Crewneck sweatshirts,https://cdn.shopify.com/s/files/1/0258/8229/6398/products/DFD_HOLIDAYSWEATER.jpg?v=1735840622,DELTA PHI EPSILON
DPHIE Designs,Oval Necklace,UPI26061875981,Jewelry > Necklaces,https://cdn.shopify.com/s/files/1/0258/8229/6398/products/DFD_spnecklacegold.jpg?v=1735840616,DELTA PHI EPSILON
DPHIE Designs,White Angle Stole with Purple Stitch,UPI2606188750,Apparel > Stoles,https://cdn.shopify.com/s/files/1/0258/8229/6398/products/DFD_WHITE_ANGLE_STOLE.jpg?v=1581704460,DELTA PHI EPSILON
DPHIE Designs,$15 Classic Bid Day Pack,UPI2606188654,Bundles > Gift sets,https://cdn.shopify.com/s/files/1/0258/8229/6398/products/DFD-15CLASSICPACK.jpg?v=1621884620,DELTA PHI EPSILON
DPHIE Designs,$15 Fun Bid Day Pack,UPI2606181870,Bundles > Gift sets,https://cdn.shopify.com/s/files/1/0258/8229/6398/products/DFD-15FUNPACK.jpg?v=1621884632,DELTA PHI EPSILON
DPHIE Designs,DPhiE Since 1917 Longsleeve,UPI2606181662,Shirts > Long sleeve t-shirts,https://cdn.shopify.com/s/files/1/0258/8229/6398/products/DFD200101-HCardinal-3501.jpg?v=1735840619,DELTA PHI EPSILON
DPHIE Designs,Tiny DPhiE Pom Beanie,UPI2606184878,Headwear > Beanies,https://cdn.shopify.com/s/files/1/0258/8229/6398/products/DFD200102-Black-SP15.jpg?v=1735840618,DELTA PHI EPSILON
DPHIE Designs,Medieval Butterfly Tee,UPI26061866701,Shirts > Short sleeve t-shirts,https://cdn.shopify.com/s/files/1/0258/8229/6398/products/DFD200201-Pink-3001.jpg?v=1735840618,DELTA PHI EPSILON
DPHIE Designs,Reflecting Rainbow Hoodie,UPI2606189086,Sweatshirts > Hooded sweatshirts,https://cdn.shopify.com/s/files/1/0258/8229/6398/products/DFD200202-White-18500.jpg?v=1735840617,DELTA PHI EPSILON
DPHIE Designs,DPhiE Founders Tee,UPI26061897101,Shirts > Short sleeve t-shirts,https://cdn.shopify.com/s/files/1/0258/8229/6398/products/DFD200301-Lilac-3001.jpg?v=1735840622,DELTA PHI EPSILON
DPHIE Designs,The Unicorn Founders Tee,UPI2606180718,Shirts > Short sleeve t-shirts,https://cdn.shopify.com/s/files/1/0258/8229/6398/products/DFD200302-Black-3001.jpg?v=1735840621,DELTA PHI EPSILON
DPHIE Designs,The Classic Alumna Hat,UPI2606180366,Headwear > Billed hats,https://cdn.shopify.com/s/files/1/0258/8229/6398/products/DFD200304-CharGrey-18-202.jpg?v=1735840621,DELTA PHI EPSILON
DPHIE Designs,The Preppy Alumna Hat,UPI2606188590,Headwear > Billed hats,https://cdn.shopify.com/s/files/1/0258/8229/6398/products/DFD200305-White-18-202.jpg?v=1735840620,DELTA PHI EPSILON
DPHIE Designs,The Modern Alumna Hat,UPI2606188414,Headwear > Billed hats,https://cdn.shopify.com/s/files/1/0258/8229/6398/products/DFD200306-Maroon-18-202.jpg?v=1735840620,DELTA PHI EPSILON
DPHIE Designs,DPhiE Established Tee,UPI2606189262,Shirts > Short sleeve t-shirts,https://cdn.shopify.com/s/files/1/0258/8229/6398/products/DFD200403-White-8816.jpg?v=1735840617,DELTA PHI EPSILON
DPHIE Designs,The Classy Alumna Tee,UPI2606180766,Shirts > Short sleeve t-shirts,https://cdn.shopify.com/s/files/1/0258/8229/6398/products/DFD200701-Storm-3001.jpg?v=1735840613,DELTA PHI EPSILON
DPHIE Designs,Sisterhood Can Overcome Anything Tee,UPI2606185774,Shirts > Short sleeve t-shirts,https://cdn.shopify.com/s/files/1/0258/8229/6398/products/DFD200702-White-3001.jpg?v=1735840612,DELTA PHI EPSILON
DPHIE Designs,Outline Alumna Tee,UPI26061852461,Shirts > Short sleeve t-shirts,https://cdn.shopify.com/s/files/1/0258/8229/6398/products/DFD200703-Orchid-1717.jpg?v=1735840612,DELTA PHI EPSILON
DPHIE Designs,Orchid Alumna Decal,UPI26061810541,Promotional > Decals,https://cdn.shopify.com/s/files/1/0258/8229/6398/products/DFD200704-Decal.jpg?v=1586460318,DELTA PHI EPSILON
DPHIE Designs,Oldschool Alumna Hat,UPI2606184382,Headwear > Billed hats,https://cdn.shopify.com/s/files/1/0258/8229/6398/products/DFD200705-White-18-098.jpg?v=1735840611,DELTA PHI EPSILON
DPHIE Designs,Alumna Totebag,UPI2606187006,Bags > Tote bags,https://cdn.shopify.com/s/files/1/0258/8229/6398/products/DFD200706-Natural-8502.jpg?v=1586460761,DELTA PHI EPSILON
DPHIE Designs,Delta Phi Epsilon Mom Tee,UPI2606188702,Shirts > Short sleeve t-shirts,https://cdn.shopify.com/s/files/1/0258/8229/6398/products/DFD200801-3001-White.jpg?v=1735840563,DELTA PHI EPSILON
DPHIE Designs,DPhiE Mom Flowy Tee,UPI2606181198,Shirts > Short sleeve t-shirts,https://cdn.shopify.com/s/files/1/0258/8229/6398/products/DFD200801-White-8816.jpg?v=1735840611,DELTA PHI EPSILON
DPHIE Designs,DPhiE Mom Hat,UPI2606183774,Headwear > Billed hats,https://cdn.shopify.com/s/files/1/0258/8229/6398/products/DFD200802-Purple-18202.jpg?v=1735840610,DELTA PHI EPSILON
DPHIE Designs,DPhiE Mom Tote,UPI2606188990,Bags > Market tote bags,https://cdn.shopify.com/s/files/1/0258/8229/6398/products/DFD200803-White-Q800.jpg?v=1735840608,DELTA PHI EPSILON
DPHIE Designs,DPhiE Dad Tee,UPI2606183806,Shirts > Short sleeve t-shirts,https://cdn.shopify.com/s/files/1/0258/8229/6398/products/DFD200804-GraphiteHeather-5000.jpg?v=1735840610,DELTA PHI EPSILON
DPHIE Designs,DPhiE Dad Hat,UPI2606181294,Headwear > Billed hats,https://cdn.shopify.com/s/files/1/0258/8229/6398/products/DFD200805-White-18202.jpg?v=1735840609,DELTA PHI EPSILON
DPHIE Designs,Grandparents Hat,UPI2606188542,Headwear > Billed hats,https://cdn.shopify.com/s/files/1/0258/8229/6398/products/DFD200807-White-18202.jpg?v=1735840599,DELTA PHI EPSILON
DPHIE Designs,Desert Deepher Tank,UPI2606180126,Shirts > Tank tops,https://cdn.shopify.com/s/files/1/0258/8229/6398/products/DFD201001-Indigo-6733.jpg?v=1735840608,DELTA PHI EPSILON
DPHIE Designs,Sunrise Script Tank,UPI26061862541,Shirts > Tank tops,https://cdn.shopify.com/s/files/1/0258/8229/6398/products/DFD201002-VintageLightOrange-6733.jpg?v=1735840607,DELTA PHI EPSILON
DPHIE Designs,Mystic Forest Tank,UPI2606187822,Shirts > Tank tops,https://cdn.shopify.com/s/files/1/0258/8229/6398/products/DFD201003-DustyBlue-8838.jpg?v=1735840607,DELTA PHI EPSILON
DPHIE Designs,Snake Skin Tank,UPI2606182894,Shirts > Tank tops,https://cdn.shopify.com/s/files/1/0258/8229/6398/products/DFD201004-Black-8838.jpg?v=1735840606,DELTA PHI EPSILON
DPHIE Designs,Embroidered Twill Beanie,UPI2606186878,Headwear > Beanies,https://cdn.shopify.com/s/files/1/0258/8229/6398/products/DFD201401-White-TW5003.jpg?v=1735840603,DELTA PHI EPSILON
DPHIE Designs,Sandwash Crew,UPI26061898381,Sweatshirts > Crewneck sweatshirts,https://cdn.shopify.com/s/files/1/0258/8229/6398/products/DFD201403-Maroon-7760.jpg?v=1735840602,DELTA PHI EPSILON
DPHIE Designs,Striped Scarf,UPI2606187454,Apparel > Scarves,https://cdn.shopify.com/s/files/1/0258/8229/6398/products/DFD201406-Maroon-STA02.jpg?v=1605656900,DELTA PHI EPSILON
DPHIE Designs,PJ Pants,UPI2606185406,Pajamas > Pajama bottom pants,https://cdn.shopify.com/s/files/1/0258/8229/6398/products/DFD201407-Navy-DT2800.jpg?v=1605657174,DELTA PHI EPSILON
DPHIE Designs,Reindeer Games Crew,UPI2606181838,Sweatshirts > Crewneck sweatshirts,https://cdn.shopify.com/s/files/1/0258/8229/6398/products/DFD201408-Forest-18000.jpg?v=1735840601,DELTA PHI EPSILON
DPHIE Designs,Stitch It Crew,UPI2606186846,Sweatshirts > Crewneck sweatshirts,https://cdn.shopify.com/s/files/1/0258/8229/6398/products/DFD201409-Ash-18000.jpg?v=1735840601,DELTA PHI EPSILON
DPHIE Designs,Script Hoodie,UPI2606187294,Sweatshirts > Hooded sweatshirts,https://cdn.shopify.com/s/files/1/0258/8229/6398/products/DFD201410-HSpDkGreen-18500.jpg?v=1735840600,DELTA PHI EPSILON
DPHIE Designs,Outside The Lines Hoodie,UPI26061853421,Sweatshirts > Hooded sweatshirts,https://cdn.shopify.com/s/files/1/0258/8229/6398/products/DFD201411-LightBlue-18500.jpg?v=1735840600,DELTA PHI EPSILON
DPHIE Designs,Trees on Tees,UPI2606189534,Shirts > Short sleeve t-shirts,https://cdn.shopify.com/s/files/1/0258/8229/6398/products/DFD201412-Hcardinal-3001CVC.jpg?v=1735840603,DELTA PHI EPSILON
DPHIE Designs,Volunteer Quarter Zip,UPI2606189662,Sweatshirts > 1/4 zip sweatshirts,https://cdn.shopify.com/s/files/1/0258/8229/6398/products/DFD210201-995M-ASH-EMB.jpg?v=1735840598,DELTA PHI EPSILON
DPHIE Designs,Volunteer Pocket Tee,UPI26061807341,Shirts > Short sleeve t-shirts,https://cdn.shopify.com/s/files/1/0258/8229/6398/products/DFD210202-6030-IVORY.jpg?v=1735840598,DELTA PHI EPSILON
DPHIE Designs,Volunteer Embroidered Hat,UPI2606182254,Headwear > Billed hats,https://cdn.shopify.com/s/files/1/0258/8229/6398/products/DFD210203-LP101-Purple-EMB.jpg?v=1735840597,DELTA PHI EPSILON
DPHIE Designs,Pastel Delta Phi Epsilon Tee,UPI2606183038,Shirts > Short sleeve t-shirts,https://cdn.shopify.com/s/files/1/0258/8229/6398/products/DFD210301-White-3001.jpg?v=1735840591,DELTA PHI EPSILON
DPHIE Designs,Sand Crew,UPI2606180190,Sweatshirts > Crewneck sweatshirts,https://cdn.shopify.com/s/files/1/0258/8229/6398/products/DFD210302-Sand-18000.jpg?v=1735840591,DELTA PHI EPSILON
DPHIE Designs,Block DPhiE Tee,UPI2606188766,Shirts > Short sleeve t-shirts,https://cdn.shopify.com/s/files/1/0258/8229/6398/products/DFD210303-Lilac-3001.jpg?v=1735840590,DELTA PHI EPSILON
DPHIE Designs,DPhiE Bucket Hat,UPI26061873421,Headwear > Bucket hats,https://cdn.shopify.com/s/files/1/0258/8229/6398/products/DFD210304-White-BX003-EMB.jpg?v=1735840590,DELTA PHI EPSILON
DPHIE Designs,Happy to be DPhiE Tee,UPI2606185470,Shirts > Short sleeve t-shirts,https://cdn.shopify.com/s/files/1/0258/8229/6398/products/DFD210305-Mint-5000.jpg?v=1735840589,DELTA PHI EPSILON
DPHIE Designs,Butterfly DPhiE Tank,UPI2606184222,Shirts > Tank tops,https://cdn.shopify.com/s/files/1/0258/8229/6398/products/DFD210306-Black-1080.jpg?v=1735840588,DELTA PHI EPSILON
DPHIE Designs,Sky Blue Tie-Dye Tee,UPI26061885101,Shirts > Short sleeve t-shirts,https://cdn.shopify.com/s/files/1/0258/8229/6398/products/DFD210307-SkyBlue-PC145.jpg?v=1735840588,DELTA PHI EPSILON
DPHIE Designs,Happy to be DPhiE Hoodie,UPI26061878861,Sweatshirts > Hooded sweatshirts,https://cdn.shopify.com/s/files/1/0258/8229/6398/products/DFD210308-Lavender-SS4500.jpg?v=1735840587,DELTA PHI EPSILON
DPHIE Designs,Butterfly Script Tee,UPI26061821741,Shirts > Short sleeve t-shirts,https://cdn.shopify.com/s/files/1/0258/8229/6398/products/DFD210309-Natural-3001.jpg?v=1735840587,DELTA PHI EPSILON
DPHIE Designs,Delta Phi Epsilon Angel Tank,UPI2606180926,Shirts > Tank tops,https://cdn.shopify.com/s/files/1/0258/8229/6398/products/DFD210310-Whiet-1080.jpg?v=1735840586,DELTA PHI EPSILON
DPHIE Designs,Light Blue Crew,UPI2606185214,Sweatshirts > Crewneck sweatshirts,https://cdn.shopify.com/s/files/1/0258/8229/6398/products/DFD210311-LightBlue-18000.jpg?v=1735840585,DELTA PHI EPSILON
DPHIE Designs,Black Crystal Tie-Dye Tee,UPI26061884301,Shirts > Short sleeve t-shirts,https://cdn.shopify.com/s/files/1/0258/8229/6398/products/DFD210312-Black-PC145-Back.jpg?v=1735840585,DELTA PHI EPSILON
DPHIE Designs,Pink Longhorn Tank,UPI26061865581,Shirts > Tank tops,https://cdn.shopify.com/s/files/1/0258/8229/6398/products/DFD210313-Pink-1080.jpg?v=1622063312,DELTA PHI EPSILON
DPHIE Designs,Banana Cream Tee,UPI26061897741,Shirts > Short sleeve t-shirts,https://cdn.shopify.com/s/files/1/0258/8229/6398/products/DFD210314-BananaCream-3600.jpg?v=1735840583,DELTA PHI EPSILON
DPHIE Designs,Citrus Tank,UPI2606187598,Shirts > Tank tops,https://cdn.shopify.com/s/files/1/0258/8229/6398/products/DFD210401-Yellow-4000.jpg?v=1624388136,DELTA PHI EPSILON
DPHIE Designs,A Little Smiley Tank,UPI2606183134,Shirts > Tank tops,https://cdn.shopify.com/s/files/1/0258/8229/6398/products/DFD210402-Lime-1080.jpg?v=1624388173,DELTA PHI EPSILON
DPHIE Designs,Fire Tank,UPI2606181886,Shirts > Tank tops,https://cdn.shopify.com/s/files/1/0258/8229/6398/products/DFD210403-Black-1080.jpg?v=1735840583,DELTA PHI EPSILON
DPHIE Designs,Flower Petals Tank,UPI2606184030,Shirts > Tank tops,https://cdn.shopify.com/s/files/1/0258/8229/6398/products/DFD210404-Turq-4070.jpg?v=1624388320,DELTA PHI EPSILON
DPHIE Designs,Marquee Tank,UPI2606187246,Shirts > Tank tops,https://cdn.shopify.com/s/files/1/0258/8229/6398/products/DFD210405-Berry-1080.jpg?v=1624388381,DELTA PHI EPSILON
DPHIE Designs,Classic Cherry Tank,UPI2606189838,Shirts > Tank tops,https://cdn.shopify.com/s/files/1/0258/8229/6398/products/DFD210406-White-1080.jpg?v=1735840582,DELTA PHI EPSILON
DPHIE Designs,Real Thing Tank,UPI2606181982,Shirts > Tank tops,https://cdn.shopify.com/s/files/1/0258/8229/6398/products/DFD210407-Red-4070.jpg?v=1624388604,DELTA PHI EPSILON
DPHIE Designs,Miami Tank,UPI2606187342,Shirts > Tank tops,https://cdn.shopify.com/s/files/1/0258/8229/6398/products/DFD210408-Pin-1080.jpg?v=1624388670,DELTA PHI EPSILON
DPHIE Designs,Crest Crew Sweatshirt,UPI2606185422,Sweatshirts > Crewneck sweatshirts,https://cdn.shopify.com/s/files/1/0258/8229/6398/products/DFD210501-PRM3500-pigmentbalck_1.jpg?v=1735840573,DELTA PHI EPSILON
DPHIE Designs,Crest Crew Alumna Sweatshirt,UPI26061841741,Sweatshirts > Crewneck sweatshirts,https://cdn.shopify.com/s/files/1/0258/8229/6398/products/DFD210502-PRM3500-Sandstone.jpg?v=1735840572,DELTA PHI EPSILON
DPHIE Designs,Crest Hoodie,UPI26061850701,Sweatshirts > Hooded sweatshirts,https://cdn.shopify.com/s/files/1/0258/8229/6398/products/DFD210503-18500-White-Back.jpg?v=1735840571,DELTA PHI EPSILON
DPHIE Designs,DPHIE Corduroy Hat,UPI26061815021,Headwear > Billed hats,https://cdn.shopify.com/s/files/1/0258/8229/6398/products/DFD210504-BA703-Black-EMB.jpg?v=1633378619,DELTA PHI EPSILON
DPHIE Designs,DPHIE Alumna Corduroy Hat,UPI2606181326,Headwear > Billed hats,https://cdn.shopify.com/s/files/1/0258/8229/6398/products/DFD210505-BA703-Olive-EMB.jpg?v=1633378869,DELTA PHI EPSILON
DPHIE Designs,Lettered Hat,UPI2606181598,Headwear > Billed hats,https://cdn.shopify.com/s/files/1/0258/8229/6398/products/DFD210506-BA703-Burgundy-EMB.jpg?v=1735840570,DELTA PHI EPSILON
DPHIE Designs,Alumna Script Corduroy Hat,UPI2606188478,Headwear > Billed hats,https://cdn.shopify.com/s/files/1/0258/8229/6398/products/DFD210507-BA703-Black-EMB_1.jpg?v=1633379582,DELTA PHI EPSILON
DPHIE Designs,Established Beanie,UPI2606180798,Headwear > Beanies,https://cdn.shopify.com/s/files/1/0258/8229/6398/products/DFD210508-SP15-Black-EMB.jpg?v=1735840570,DELTA PHI EPSILON
DPHIE Designs,Alumna Hooded Cardigan,UPI2606187230,Apparel > Sweaters,https://cdn.shopify.com/s/files/1/0258/8229/6398/products/DFD210509-DT156-GreyFrost-EMB.jpg?v=1735840569,DELTA PHI EPSILON
DPHIE Designs,Hooded Cardigan,UPI26061802701,Apparel > Sweaters,https://cdn.shopify.com/s/files/1/0258/8229/6398/products/DFD210510-DT156-BlackFrost-EMB.jpg?v=1735840568,DELTA PHI EPSILON
DPHIE Designs,Large Letter Crew Sweatshirt,UPI26061891181,Sweatshirts > Crewneck sweatshirts,https://cdn.shopify.com/s/files/1/0258/8229/6398/products/DFD210511-18000-Maroon.jpg?v=1735840567,DELTA PHI EPSILON
DPHIE Designs,Large Letter Alumna Sweatshirt,UPI2606180910,Sweatshirts > Crewneck sweatshirts,https://cdn.shopify.com/s/files/1/0258/8229/6398/products/DFD210512-18000-Maroon.jpg?v=1735840567,DELTA PHI EPSILON
DPHIE Designs,Crest Button,UPI2606187166,Promotional > Pin-back buttons,https://cdn.shopify.com/s/files/1/0258/8229/6398/products/DFD210513-Button.jpg?v=1735840566,DELTA PHI EPSILON
DPHIE Designs,1917 Square Decal,UPI2606183150,Promotional > Stickers,https://cdn.shopify.com/s/files/1/0258/8229/6398/products/DFD210514-Sticker.jpg?v=1735840565,DELTA PHI EPSILON
DPHIE Designs,Kindness is DPhiE Button,UPI2606188686,Promotional > Pin-back buttons,https://cdn.shopify.com/s/files/1/0258/8229/6398/products/DFD210515-Button.jpg?v=1735840565,DELTA PHI EPSILON
DPHIE Designs,World Kindness Day Decals,UPI26061846701,Promotional > Stickers,https://cdn.shopify.com/s/files/1/0258/8229/6398/products/DFD210520.jpg?v=1735840564,DELTA PHI EPSILON
DPHIE Designs,Shadow Block Sweatshirt,UPI26061872301,Sweatshirts > Crewneck sweatshirts,https://cdn.shopify.com/s/files/1/0258/8229/6398/products/DFD-220001-PURPLE-18000_1.jpg?v=1735840558,DELTA PHI EPSILON
DPHIE Designs,Zapped DPhiE,UPI2606180446,Shirts > Short sleeve t-shirts,https://cdn.shopify.com/s/files/1/0258/8229/6398/products/DFD-220002-YELLOWHZ-5000.jpg?v=1735840558,DELTA PHI EPSILON
DPHIE Designs,Floral Trio,UPI2606180894,Shirts > Short sleeve t-shirts,https://cdn.shopify.com/s/files/1/0258/8229/6398/products/DFD-220003-VIOLET-5000.jpg?v=1735840557,DELTA PHI EPSILON
DPHIE Designs,I Am Enough Tote,UPI2606185806,Bags > Market tote bags,https://cdn.shopify.com/s/files/1/0258/8229/6398/products/DFD-220004-WHITE-Q800.jpg?v=1735840556,DELTA PHI EPSILON
DPHIE Designs,Three Tone Hat,UPI2606186254,Headwear > Billed hats,https://cdn.shopify.com/s/files/1/0258/8229/6398/products/DFD-220005-WHITE-VC300A-EMB.jpg?v=1735840556,DELTA PHI EPSILON
DPHIE Designs,DPhiE Sand Bucket Hat,UPI2606183934,Headwear > Bucket hats,https://cdn.shopify.com/s/files/1/0258/8229/6398/products/DFD-220006-STONE-BX003-EMB.jpg?v=1658848437,DELTA PHI EPSILON
DPHIE Designs,Trucker Hat,UPI2606187966,Headwear > Billed hats,https://cdn.shopify.com/s/files/1/0258/8229/6398/products/DFD-220007-PINK-6006W-EMB.jpg?v=1658848726,DELTA PHI EPSILON
DPHIE Designs,Script Meets Print Tee,UPI26061888621,Shirts > Short sleeve t-shirts,https://cdn.shopify.com/s/files/1/0258/8229/6398/products/DFD-220009-SOFTCREAM-3001.jpg?v=1735840555,DELTA PHI EPSILON
DPHIE Designs,Offline Tee,UPI2606182078,Shirts > Short sleeve t-shirts,https://cdn.shopify.com/s/files/1/0258/8229/6398/products/DFD-220010-CHARCOAL-6413.jpg?v=1735840554,DELTA PHI EPSILON
DPHIE Designs,Always Crop Tank,UPI26061897582,Shirts > Tank tops,https://cdn.shopify.com/s/files/1/0258/8229/6398/products/DFD-220011-MAUVE-6682.jpg?v=1735840554,DELTA PHI EPSILON
DPHIE Designs,Four Star Slouchy Tee,UPI26061829741,Shirts > Short sleeve t-shirts,https://cdn.shopify.com/s/files/1/0258/8229/6398/products/DFD-220012-BLACK-8816.jpg?v=1735840553,DELTA PHI EPSILON
DPHIE Designs,Unicorn Hoodie,UPI26061806541,Sweatshirts > Hooded sweatshirts,https://cdn.shopify.com/s/files/1/0258/8229/6398/products/DFD-220013-UNICORN-CD8600.jpg?v=1735840553,DELTA PHI EPSILON
DPHIE Designs,Butterfly Ring Tank,UPI2606184494,Shirts > Tank tops,https://cdn.shopify.com/s/files/1/0258/8229/6398/products/DFD-220014-WHITE-8809.jpg?v=1735840552,DELTA PHI EPSILON
DPHIE Designs,DFE POLO,UPI2606188558,Shirts > Short sleeve polo shirts,https://cdn.shopify.com/s/files/1/0258/8229/6398/products/DFD220015-OXFORD-437MSR-EMB.jpg?v=1656872187,DELTA PHI EPSILON
DPHIE Designs,Logo Tee,UPI2606185220,Shirts > Short sleeve t-shirts,https://cdn.shopify.com/s/files/1/0258/8229/6398/products/DFD220201-TEAMPURPLE-3001_1.jpg?v=1735840506,DELTA PHI EPSILON
DPHIE Designs,Official Logo Crewneck,UPI2606188356,Sweatshirts > Crewneck sweatshirts,https://cdn.shopify.com/s/files/1/0258/8229/6398/products/DFD220202-WHITE-18000.jpg?v=1735840505,DELTA PHI EPSILON
DPHIE Designs,Unicorn Polo,UPI2606187204,Shirts > Short sleeve polo shirts,https://cdn.shopify.com/s/files/1/0258/8229/6398/products/DFD220203-GRAPE-DG20W-EMB.jpg?v=1735840504,DELTA PHI EPSILON
DPHIE Designs,Crest Polo,UPI2606183908,Shirts > Short sleeve polo shirts,https://cdn.shopify.com/s/files/1/0258/8229/6398/products/DFD220204-BLACK-DG20W-EMB.jpg?v=1735840503,DELTA PHI EPSILON
DPHIE Designs,Unicorn Rain Jacket,UPI2606180612,Outerwear > Jackets,https://cdn.shopify.com/s/files/1/0258/8229/6398/products/DFD220205-VIOLET-5099-EMB.jpg?v=1735840502,DELTA PHI EPSILON
DPHIE Designs,Official Logo T-Shirt,UPI2606183476,Shirts > Short sleeve t-shirts,https://cdn.shopify.com/s/files/1/0258/8229/6398/products/DFD220206-WHITE-3001.jpg?v=1735840501,DELTA PHI EPSILON
DPHIE Designs,Repeat Hoodie,UPI2606183668,Sweatshirts > Hooded sweatshirts,https://cdn.shopify.com/s/files/1/0258/8229/6398/products/DFD220207-WHITE-18500.jpg?v=1735840500,DELTA PHI EPSILON
DPHIE Designs,Official Logo Tee,UPI2606182068,Shirts > Short sleeve t-shirts,https://cdn.shopify.com/s/files/1/0258/8229/6398/products/DFD220208-DARKLAVENDAR-3001.jpg?v=1735840499,DELTA PHI EPSILON
DPHIE Designs,Esse Quam Virderi Crewneck,UPI2606184132,Sweatshirts > Crewneck sweatshirts,https://cdn.shopify.com/s/files/1/0258/8229/6398/products/DFD220209-PURPLE-18000.jpg?v=1735840498,DELTA PHI EPSILON
DPHIE Designs,Straight Outta Manhattan Tee,UPI26061863881,Shirts > Short sleeve t-shirts,https://cdn.shopify.com/s/files/1/0258/8229/6398/products/DFD2202101-STORM-3001.jpg?v=1735840510,DELTA PHI EPSILON
DPHIE Designs,Founder's Names Tee,UPI2606189524,Shirts > Short sleeve t-shirts,https://cdn.shopify.com/s/files/1/0258/8229/6398/products/DFD2202102-VINTAGEWHITE-3001.jpg?v=1735840509,DELTA PHI EPSILON
DPHIE Designs,March 17th Crewneck,UPI2606187844,Sweatshirts > Crewneck sweatshirts,https://cdn.shopify.com/s/files/1/0258/8229/6398/products/DFD2202103-VIOLET-1566_24e7aad3-58f6-4176-8ad0-afb800c35a28.jpg?v=1735840509,DELTA PHI EPSILON
DPHIE Designs,Unicorn Cardigan,UPI2606183428,Apparel > Sweaters,https://cdn.shopify.com/s/files/1/0258/8229/6398/products/DFD220210-GREYHEATHER-M425W-EMB.jpg?v=1735840498,DELTA PHI EPSILON
DPHIE Designs,Logo Cardigan,UPI2606187732,Apparel > Sweaters,https://cdn.shopify.com/s/files/1/0258/8229/6398/products/DFD220211-BLACK-M425W-EMB.jpg?v=1735840497,DELTA PHI EPSILON
DPHIE Designs,Coat of Arms Nylon Pullover,UPI2606180148,Shirts > Wind shirts,https://cdn.shopify.com/s/files/1/0258/8229/6398/products/DFD220212-PURPLE-9905-EMB.jpg?v=1735840496,DELTA PHI EPSILON
DPHIE Designs,DPHIE Pride Tee,UPI2606185732,Shirts > Short sleeve t-shirts,https://cdn.shopify.com/s/files/1/0258/8229/6398/products/DFD2202136-WHITE-3001.jpg?v=1735840495,DELTA PHI EPSILON
DPHIE Designs,Colorful DPHIE Tee,UPI2606187796,Shirts > Short sleeve t-shirts,https://cdn.shopify.com/s/files/1/0258/8229/6398/products/DFD2202137-WHITE-3001.jpg?v=1735840494,DELTA PHI EPSILON
DPHIE Designs,Love and Peace Tee,UPI2606182110,Shirts > Short sleeve t-shirts,https://cdn.shopify.com/s/files/1/0258/8229/6398/products/DFD2202138-CHAMBRAY-1717.jpg?v=1735840526,DELTA PHI EPSILON
DPHIE Designs,Happy Hanukkah Tee,UPI2606185950,Shirts > Short sleeve t-shirts,https://cdn.shopify.com/s/files/1/0258/8229/6398/products/DFD2202139-WHITE-1717.jpg?v=1735840525,DELTA PHI EPSILON
DPHIE Designs,Classic V-neck,UPI26061891721,Shirts > Short sleeve t-shirts,https://cdn.shopify.com/s/files/1/0258/8229/6398/products/DFD220213-PURPLE-6405.jpg?v=1735840496,DELTA PHI EPSILON
DPHIE Designs,Sweet Heart Tee,UPI26061884361,Shirts > Short sleeve t-shirts,https://cdn.shopify.com/s/files/1/0258/8229/6398/products/DFD2202140-WHITE-1717.jpg?v=1735840494,DELTA PHI EPSILON
DPHIE Designs,Merry and Bright Tee,UPI2606188094,Shirts > Short sleeve t-shirts,https://cdn.shopify.com/s/files/1/0258/8229/6398/products/DFD2202141-CRIMSON-1717.jpg?v=1735840525,DELTA PHI EPSILON
DPHIE Designs,American Tee,UPI2606184884,Shirts > Short sleeve t-shirts,https://cdn.shopify.com/s/files/1/0258/8229/6398/products/DFD2202142-FLOBLUE-1717.jpg?v=1735840493,DELTA PHI EPSILON
DPHIE Designs,What's in Your Heart Tee,UPI2606182484,Shirts > Short sleeve t-shirts,https://cdn.shopify.com/s/files/1/0258/8229/6398/products/DFD2202143-BLOSSOM.jpg?v=1735840493,DELTA PHI EPSILON
DPHIE Designs,Stitch It Tee,UPI2606186398,Shirts > Short sleeve t-shirts,https://cdn.shopify.com/s/files/1/0258/8229/6398/products/DFD2202144-EMERALD-1717.jpg?v=1735840524,DELTA PHI EPSILON
DPHIE Designs,Candy Corn Tee,UPI2606180260,Shirts > Short sleeve t-shirts,https://cdn.shopify.com/s/files/1/0258/8229/6398/products/DFD2202145-YAM-1717.jpg?v=1735840492,DELTA PHI EPSILON
DPHIE Designs,Colorful DPHIE Crewneck,UPI2606187140,Sweatshirts > Crewneck sweatshirts,https://cdn.shopify.com/s/files/1/0258/8229/6398/products/DFD2202146-WHITE-18000.jpg?v=1735840492,DELTA PHI EPSILON
DPHIE Designs,American Crewneck,UPI2606185988,Sweatshirts > Crewneck sweatshirts,https://cdn.shopify.com/s/files/1/0258/8229/6398/products/DFD2202147-NAVY-18000.jpg?v=1735840491,DELTA PHI EPSILON
DPHIE Designs,Reindeer Games Crewneck,UPI26061851501,Sweatshirts > Crewneck sweatshirts,https://cdn.shopify.com/s/files/1/0258/8229/6398/products/DFD2202148-RED.jpg?v=1735840523,DELTA PHI EPSILON
DPHIE Designs,Esse Quam Videri V-neck,UPI2606183732,Shirts > Short sleeve t-shirts,https://cdn.shopify.com/s/files/1/0258/8229/6398/products/DFD220214-WHITE-6405.jpg?v=1735840495,DELTA PHI EPSILON
DPHIE Designs,Merry and Bright Crewneck,UPI2606180062,Sweatshirts > Crewneck sweatshirts,https://cdn.shopify.com/s/files/1/0258/8229/6398/products/DFD2202150-FOREST-18000.jpg?v=1735840523,DELTA PHI EPSILON
DPHIE Designs,Candy Corn Crewneck,UPI2606183140,Sweatshirts > Crewneck sweatshirts,https://cdn.shopify.com/s/files/1/0258/8229/6398/products/DFD2202151-BLACK-18000.jpg?v=1735840491,DELTA PHI EPSILON
DPHIE Designs,Sweet Heart Crewneck,UPI2606182164,Sweatshirts > Crewneck sweatshirts,https://cdn.shopify.com/s/files/1/0258/8229/6398/products/DFD2202152-LIGHTPINK-18000.jpg?v=1735840490,DELTA PHI EPSILON
DPHIE Designs,Take Pride Crewneck,UPI2606182020,Sweatshirts > Crewneck sweatshirts,https://cdn.shopify.com/s/files/1/0258/8229/6398/products/DFD2202153-WHITE-18000.jpg?v=1735840489,DELTA PHI EPSILON
DPHIE Designs,It's What's Inside That Counts Tee,UPI2606182740,Shirts > Short sleeve t-shirts,https://cdn.shopify.com/s/files/1/0258/8229/6398/products/DFD2202154-WHITE-3001.jpg?v=1735840489,DELTA PHI EPSILON
DPHIE Designs,It's a Good Day Crewneck,UPI2606180068,Sweatshirts > Crewneck sweatshirts,https://cdn.shopify.com/s/files/1/0258/8229/6398/products/DFD2202155-BUTTER-1566.jpg?v=1735840488,DELTA PHI EPSILON
DPHIE Designs,Many Faces Crewneck,UPI2606180788,Sweatshirts > Crewneck sweatshirts,https://cdn.shopify.com/s/files/1/0258/8229/6398/products/DFD2202156-WHITE-1566.jpg?v=1735840488,DELTA PHI EPSILON
DPHIE Designs,Barcode Hoodie,UPI2606185348,Sweatshirts > Hooded sweatshirts,https://cdn.shopify.com/s/files/1/0258/8229/6398/products/DFD2202157-BLACK-18500.jpg?v=1735840487,DELTA PHI EPSILON
DPHIE Designs,Bold Crest Tee,UPI2606185966,Shirts > Short sleeve t-shirts,https://cdn.shopify.com/s/files/1/0258/8229/6398/products/DFD220215-LILAC-3001.jpg?v=1735840551,DELTA PHI EPSILON
DPHIE Designs,1917 Shield Crewneck,UPI2606189630,Sweatshirts > Crewneck sweatshirts,https://cdn.shopify.com/s/files/1/0258/8229/6398/products/DFD220216-ATHLHTHR-3901.jpg?v=1735840550,DELTA PHI EPSILON
DPHIE Designs,A Diamond is Just a Piece of Charcoal,UPI2606186062,Sweatshirts > Crewneck sweatshirts,https://cdn.shopify.com/s/files/1/0258/8229/6398/products/DFD220217-CHARCOAL-18000.jpg?v=1735840549,DELTA PHI EPSILON
DPHIE Designs,DPhiE Pennant Tee,UPI2606183118,Shirts > Short sleeve t-shirts,https://cdn.shopify.com/s/files/1/0258/8229/6398/products/DFD220218-NAVY-1717.jpg?v=1735840549,DELTA PHI EPSILON
DPHIE Designs,Ivory Seal Long Sleeve,UPI2606184638,Shirts > Long sleeve t-shirts,https://cdn.shopify.com/s/files/1/0258/8229/6398/products/DFD220219-IVORY-6014.jpg?v=1735840548,DELTA PHI EPSILON
DPHIE Designs,Bold Crest Crewneck,UPI26061855341,Sweatshirts > Crewneck sweatshirts,https://cdn.shopify.com/s/files/1/0258/8229/6398/products/DFD220220-ASH-18000.jpg?v=1735840548,DELTA PHI EPSILON
DPHIE Designs,Bottlecap Crewneck,UPI2606187502,Sweatshirts > Crewneck sweatshirts,https://cdn.shopify.com/s/files/1/0258/8229/6398/products/DFD220221-BLACK-3901.jpg?v=1735840547,DELTA PHI EPSILON
DPHIE Designs,Script to Print High Neck Tank,UPI2606183310,Shirts > Tank tops,https://cdn.shopify.com/s/files/1/0258/8229/6398/products/DFD220222-DRKGREYHTHR.jpg?v=1735840546,DELTA PHI EPSILON
DPHIE Designs,Grey Seal Tee,UPI2606189118,Shirts > Short sleeve t-shirts,https://cdn.shopify.com/s/files/1/0258/8229/6398/products/DFD220223-ATHHTHR-3001CVC.jpg?v=1735840546,DELTA PHI EPSILON
DPHIE Designs,Script to Print Hoodie,UPI26061879662,Sweatshirts > Hooded sweatshirts,https://cdn.shopify.com/s/files/1/0258/8229/6398/products/DFD220224-HTHRGREY-JHA001.jpg?v=1735840545,DELTA PHI EPSILON
DPHIE Designs,Basically DPHIE Hoodie,UPI2606187790,Sweatshirts > Hooded sweatshirts,https://cdn.shopify.com/s/files/1/0258/8229/6398/products/DFD220225-PURPLE-JHA001.jpg?v=1735840544,DELTA PHI EPSILON
DPHIE Designs,Script to Print Orchid Tee,UPI26061817261,Shirts > Short sleeve t-shirts,https://cdn.shopify.com/s/files/1/0258/8229/6398/products/DFD220226-ORCHID-1717.jpg?v=1735840544,DELTA PHI EPSILON
DPHIE Designs,Standard Crest Crewneck,UPI26061809261,Sweatshirts > Crewneck sweatshirts,https://cdn.shopify.com/s/files/1/0258/8229/6398/products/DFD220227-PURPLE-18000.jpg?v=1735840543,DELTA PHI EPSILON
DPHIE Designs,Basically DPHIE Long Sleeve,UPI2606185310,Shirts > Long sleeve t-shirts,https://cdn.shopify.com/s/files/1/0258/8229/6398/products/DFD220228-NAVY-6014.jpg?v=1735840543,DELTA PHI EPSILON
DPHIE Designs,Stamp of Approval,UPI2606182638,Shirts > Short sleeve t-shirts,https://cdn.shopify.com/s/files/1/0258/8229/6398/products/DFD220229-HTHRORCHID-3001CVC_2.jpg?v=1735840542,DELTA PHI EPSILON
DPHIE Designs,Local Team Tank,UPI26061875982,Shirts > Tank tops,https://cdn.shopify.com/s/files/1/0258/8229/6398/products/DFD220230-SHIRAZ-5033.jpg?v=1735840541,DELTA PHI EPSILON
DPHIE Designs,Grape Monogram Tee,UPI26061869741,Shirts > Short sleeve t-shirts,https://cdn.shopify.com/s/files/1/0258/8229/6398/products/DFD220231-GRAPE-1717.jpg?v=1735840541,DELTA PHI EPSILON
DPHIE Designs,The Official Pocket Tee,UPI2606186622,Shirts > Short sleeve t-shirts,https://cdn.shopify.com/s/files/1/0258/8229/6398/products/DFD220232-WHITE-6030-BACK.jpg?v=1735840540,DELTA PHI EPSILON
DPHIE Designs,Local Team Tee,UPI2606185374,Shirts > Short sleeve t-shirts,https://cdn.shopify.com/s/files/1/0258/8229/6398/products/DFD220233-VIOLET-6030-BACK.jpg?v=1735840539,DELTA PHI EPSILON
DPHIE Designs,Ivory Stamp of Approval,UPI2606181182,Shirts > Short sleeve t-shirts,https://cdn.shopify.com/s/files/1/0258/8229/6398/products/DFD220234-IVORY-6030-BACK.jpg?v=1735840539,DELTA PHI EPSILON
DPHIE Designs,Outline Crewneck,UPI26061882381,Sweatshirts > Crewneck sweatshirts,https://cdn.shopify.com/s/files/1/0258/8229/6398/products/DFD220235-WHITE-18000.jpg?v=1735840538,DELTA PHI EPSILON
DPHIE Designs,Classic Athletic Tee,UPI26061831501,Shirts > Short sleeve t-shirts,https://cdn.shopify.com/s/files/1/0258/8229/6398/products/DFD220236-WHITE-3001.jpg?v=1735840537,DELTA PHI EPSILON
DPHIE Designs,Your Spirit is Your Shield Tee,UPI2606186814,Shirts > Short sleeve t-shirts,https://cdn.shopify.com/s/files/1/0258/8229/6398/products/DFD220237-SOFTCREAM-3001.jpg?v=1735840537,DELTA PHI EPSILON
DPHIE Designs,Silver Trophy Tee,UPI2606188334,Shirts > Short sleeve t-shirts,https://cdn.shopify.com/s/files/1/0258/8229/6398/products/DFD220238-SILVER-3001.jpg?v=1735840536,DELTA PHI EPSILON
DPHIE Designs,Convex Tee,UPI2606188782,Shirts > Short sleeve t-shirts,https://cdn.shopify.com/s/files/1/0258/8229/6398/products/DFD220239-IVORY-1717.jpg?v=1735840535,DELTA PHI EPSILON
DPHIE Designs,Team Script Tee,UPI2606181998,Shirts > Short sleeve t-shirts,https://cdn.shopify.com/s/files/1/0258/8229/6398/products/DFD220240-ORCHID-1717.jpg?v=1735840535,DELTA PHI EPSILON
DPHIE Designs,Draw the Line Tee,UPI2606186286,Shirts > Short sleeve t-shirts,https://cdn.shopify.com/s/files/1/0258/8229/6398/products/DFD220241-PEPPER-1717.jpg?v=1735840534,DELTA PHI EPSILON
DPHIE Designs,Established Script Crewneck,UPI2606185662,Sweatshirts > Crewneck sweatshirts,https://cdn.shopify.com/s/files/1/0258/8229/6398/products/DFD220242-WHITE-18000.jpg?v=1735840533,DELTA PHI EPSILON
DPHIE Designs,Pink Panther Crewneck,UPI2606188878,Sweatshirts > Crewneck sweatshirts,https://cdn.shopify.com/s/files/1/0258/8229/6398/products/DFD220243-BLACK-18000.jpg?v=1735840533,DELTA PHI EPSILON
DPHIE Designs,Classic Greek Crewneck,UPI2606182718,Sweatshirts > Crewneck sweatshirts,https://cdn.shopify.com/s/files/1/0258/8229/6398/products/DFD220244-DARKHTHR-18000.jpg?v=1735840532,DELTA PHI EPSILON
DPHIE Designs,Set the Bar Crewneck,UPI2606183166,Sweatshirts > Crewneck sweatshirts,https://cdn.shopify.com/s/files/1/0258/8229/6398/products/DFD220246-LTASH-3901.jpg?v=1735840532,DELTA PHI EPSILON
DPHIE Designs,Team Script Crewneck,UPI26061897742,Sweatshirts > Crewneck sweatshirts,https://cdn.shopify.com/s/files/1/0258/8229/6398/products/DFD220247-HTHRDUST-3901.jpg?v=1735840531,DELTA PHI EPSILON
DPHIE Designs,Classic Greek Hoodie,UPI26061891501,Sweatshirts > Hooded sweatshirts,https://cdn.shopify.com/s/files/1/0258/8229/6398/products/DFD220248-DESERTSAND-JHA001.jpg?v=1735840530,DELTA PHI EPSILON
DPHIE Designs,DPHIE Trophy Long Sleeve,UPI26061828141,Shirts > Long sleeve t-shirts,https://cdn.shopify.com/s/files/1/0258/8229/6398/products/DFD220252-WHITE-6014.jpg?v=1735840530,DELTA PHI EPSILON
DPHIE Designs,Grape Long Sleeve,UPI2606180494,Shirts > Long sleeve t-shirts,https://cdn.shopify.com/s/files/1/0258/8229/6398/products/DFD220253-GRAPE-6014.jpg?v=1735840529,DELTA PHI EPSILON
DPHIE Designs,Local Team Pocket Tee,UPI2606181390,Shirts > Short sleeve t-shirts,https://cdn.shopify.com/s/files/1/0258/8229/6398/products/DFD220254-BLUEJEAN-6030-BACK.jpg?v=1735840528,DELTA PHI EPSILON
DPHIE Designs,Pepper Tee,UPI2606186302,Shirts > Short sleeve t-shirts,https://cdn.shopify.com/s/files/1/0258/8229/6398/products/DFD220255-GRAPHITE-1717-BACK.jpg?v=1735840528,DELTA PHI EPSILON
DPHIE Designs,Unicorn LED Lights Tee,UPI26061816621,Shirts > Short sleeve t-shirts,https://cdn.shopify.com/s/files/1/0258/8229/6398/products/DFD220256-VIOLET-1717-BACK.jpg?v=1735840527,DELTA PHI EPSILON
DPHIE Designs,Signature Alumna Tee,UPI2606184676,Shirts > Short sleeve t-shirts,https://cdn.shopify.com/s/files/1/0258/8229/6398/products/DFD220257-VIOLET-1717.jpg?v=1735840487,DELTA PHI EPSILON
DPHIE Designs,Lined Alumna Tee,UPI2606186820,Shirts > Short sleeve t-shirts,https://cdn.shopify.com/s/files/1/0258/8229/6398/products/DFD220258-ORCHID-1717.jpg?v=1735840486,DELTA PHI EPSILON
DPHIE Designs,Asphalt Alumna Tee,UPI2606184772,Shirts > Short sleeve t-shirts,https://cdn.shopify.com/s/files/1/0258/8229/6398/products/DFD220259-ASPHALT-3001.jpg?v=1735840486,DELTA PHI EPSILON
DPHIE Designs,DFE Alumna Script Tee,UPI2606180580,Shirts > Short sleeve t-shirts,https://cdn.shopify.com/s/files/1/0258/8229/6398/products/DFD220260-WHITE-3001.jpg?v=1735840485,DELTA PHI EPSILON
DPHIE Designs,Alumna Script Polo,UPI2606181476,Shirts > Short sleeve polo shirts,https://cdn.shopify.com/s/files/1/0258/8229/6398/products/DFD220261-WHITE-DG20W-EMB.jpg?v=1735840484,DELTA PHI EPSILON
DPHIE Designs,Lined Alumna Polo,UPI26061877321,Shirts > Short sleeve polo shirts,https://cdn.shopify.com/s/files/1/0258/8229/6398/products/DFD220262-GRAPE-DG20W-EMB.jpg?v=1735840484,DELTA PHI EPSILON
DPHIE Designs,Signature Alumna Cardigan,UPI2606189076,Apparel > Sweaters,https://cdn.shopify.com/s/files/1/0258/8229/6398/products/DFD220263-BLACK-M425W-EMB.jpg?v=1735840483,DELTA PHI EPSILON
DPHIE Designs,Lined Alumna Cardigan,UPI2606189172,Apparel > Sweaters,https://cdn.shopify.com/s/files/1/0258/8229/6398/products/DFD220264-GREYHTHR-M425W-EMB.jpg?v=1735840483,DELTA PHI EPSILON
DPHIE Designs,Be Bold Alumna Crewneck,UPI2606182212,Sweatshirts > Crewneck sweatshirts,https://cdn.shopify.com/s/files/1/0258/8229/6398/products/DFD220265-HTHRGREY-JHA001.jpg?v=1735840482,DELTA PHI EPSILON
DPHIE Designs,Signature Alumna Crewneck,UPI2606180164,Sweatshirts > Crewneck sweatshirts,https://cdn.shopify.com/s/files/1/0258/8229/6398/products/DFD220266-PURPLE-JHA001.jpg?v=1735840482,DELTA PHI EPSILON
DPHIE Designs,Artic Alumna Crewneck,UPI2606182132,Sweatshirts > Crewneck sweatshirts,https://cdn.shopify.com/s/files/1/0258/8229/6398/products/DFD220267-ARCTICWHITE-JHA001.jpg?v=1735840481,DELTA PHI EPSILON
DPHIE Designs,Signature Alumna Fleece Jacket,UPI2606182228,Outerwear > Jackets,https://cdn.shopify.com/s/files/1/0258/8229/6398/products/DFD220268-FUSHIA-5250-EMB.jpg?v=1735840481,DELTA PHI EPSILON
DPHIE Designs,Lined Alumna Fleece Jacket,UPI2606182772,Outerwear > Jackets,https://cdn.shopify.com/s/files/1/0258/8229/6398/products/DFD220269-LTGREYHTHR-5250-EMB.jpg?v=1735840480,DELTA PHI EPSILON
DPHIE Designs,DPHIE Alumna Tank,UPI26061858121,Shirts > Tank tops,https://cdn.shopify.com/s/files/1/0258/8229/6398/products/DFD220280-WHITE-8838.jpg?v=1735840480,DELTA PHI EPSILON
DPHIE Designs,With Love DPHIE Tee,UPI26061842121,Shirts > Short sleeve t-shirts,https://cdn.shopify.com/s/files/1/0258/8229/6398/products/DFD220281-PURPLE-1390.jpg?v=1735840522,DELTA PHI EPSILON
DPHIE Designs,I Love Cotton Candy Tee,UPI2606185044,Shirts > Short sleeve t-shirts,https://cdn.shopify.com/s/files/1/0258/8229/6398/products/DFD220282-COTTONCANDY-CD100.jpg?v=1735840521,DELTA PHI EPSILON
DPHIE Designs,Between the Lines Football Tee,UPI2606187252,Shirts > Short sleeve t-shirts,https://cdn.shopify.com/s/files/1/0258/8229/6398/products/DFD220284-PURPLE-6937.jpg?v=1735840521,DELTA PHI EPSILON
DPHIE Designs,Shiraz Festival Tank,UPI2606188884,Shirts > Tank tops,https://cdn.shopify.com/s/files/1/0258/8229/6398/products/DFD220285-SHIRAZ-5033.jpg?v=1735840520,DELTA PHI EPSILON
DPHIE Designs,Smile Through the Storm Muscle Tee,UPI2606180340,Shirts > Tank tops,https://cdn.shopify.com/s/files/1/0258/8229/6398/products/DFD220286-STORM-8804.jpg?v=1735840519,DELTA PHI EPSILON
DPHIE Designs,Vintage Corded Crew,UPI2606181700,Sweatshirts > Crewneck sweatshirts,https://cdn.shopify.com/s/files/1/0258/8229/6398/products/DFD220287-VINBLACK-9930.jpg?v=1735840518,DELTA PHI EPSILON
DPHIE Designs,Corded Crop Crew,UPI26061880681,Sweatshirts > Crewneck sweatshirts,https://cdn.shopify.com/s/files/1/0258/8229/6398/products/DFD220288-STORM-9031.jpg?v=1735840517,DELTA PHI EPSILON
DPHIE Designs,Etched in Sand Crewneck,UPI26061827401,Sweatshirts > Crewneck sweatshirts,https://cdn.shopify.com/s/files/1/0258/8229/6398/products/DFD220289-SAND-18000-BACK.jpg?v=1735840517,DELTA PHI EPSILON
DPHIE Designs,Text Me Hoodie,UPI2606187412,Sweatshirts > Hooded sweatshirts,https://cdn.shopify.com/s/files/1/0258/8229/6398/products/DFD220290-WHITE-18500-BACK.jpg?v=1735840516,DELTA PHI EPSILON
DPHIE Designs,Unicorn Times Nine Hoodie,UPI2606189764,Sweatshirts > Hooded sweatshirts,https://cdn.shopify.com/s/files/1/0258/8229/6398/products/DFD220291-ORCHID-18500-BACK.jpg?v=1735840515,DELTA PHI EPSILON
DPHIE Designs,Outline Butterfly Crewneck,UPI2606183092,Sweatshirts > Crewneck sweatshirts,https://cdn.shopify.com/s/files/1/0258/8229/6398/products/DFD220292-WHITE-18000.jpg?v=1735840515,DELTA PHI EPSILON
DPHIE Designs,Silver Grin Tee,UPI2606184276,Shirts > Short sleeve t-shirts,https://cdn.shopify.com/s/files/1/0258/8229/6398/products/DFD220293-SILVER-3001.jpg?v=1735840514,DELTA PHI EPSILON
DPHIE Designs,Retro Unicorn Tee,UPI2606186356,Shirts > Short sleeve t-shirts,https://cdn.shopify.com/s/files/1/0258/8229/6398/products/DFD220294-WHITE-3001.jpg?v=1735840514,DELTA PHI EPSILON
DPHIE Designs,DPhiE in 1917 Tank,UPI2606189716,Shirts > Tank tops,https://cdn.shopify.com/s/files/1/0258/8229/6398/products/DFD220295-HTHRDUST-8838.jpg?v=1735840513,DELTA PHI EPSILON
DPHIE Designs,Flip It and Reverse It Tee,UPI2606186804,Shirts > Short sleeve t-shirts,https://cdn.shopify.com/s/files/1/0258/8229/6398/products/DFD220296-BLACK-3001-BACK.jpg?v=1735840513,DELTA PHI EPSILON
DPHIE Designs,Charcoal Grin Crewneck,UPI2606180404,Sweatshirts > Crewneck sweatshirts,https://cdn.shopify.com/s/files/1/0258/8229/6398/products/DFD220297-Charcoal-18000-FRONT.jpg?v=1735840512,DELTA PHI EPSILON
DPHIE Designs,Homerun Baseball Tee,UPI2606189892,Shirts > 3/4 sleeve t-shirts,https://cdn.shopify.com/s/files/1/0258/8229/6398/products/DFD220298-WHITEPURPLE-5700.jpg?v=1735840511,DELTA PHI EPSILON
DPHIE Designs,Manhattan Long Sleeve,UPI2606188964,Shirts > Long sleeve t-shirts,https://cdn.shopify.com/s/files/1/0258/8229/6398/products/DFD220299-GRAPE-6014-BACK_1.jpg?v=1735840510,DELTA PHI EPSILON
DPHIE Designs,$25 Classic Bid Day Pack,UPI2606185134,Bundles > Gift sets,https://cdn.shopify.com/s/files/1/0258/8229/6398/products/DFD-25CLASSICPACK.jpg?v=1621884643,DELTA PHI EPSILON
DPHIE Designs,$25 Fun Bid Day Pack,UPI2606184462,Bundles > Gift sets,https://cdn.shopify.com/s/files/1/0258/8229/6398/products/DFD-25FUNPACK.jpg?v=1621884652,DELTA PHI EPSILON
DPHIE Designs,DPhiE Cotton Mask,UPI2606189934,Apparel > Face masks,https://cdn.shopify.com/s/files/1/0258/8229/6398/products/DFDCottonMask1.jpg?v=1735840604,DELTA PHI EPSILON
DPHIE Designs,Recruitment Name Badges- NOT SOLD OUT!- See product description for details,UPI2606183182,Paper/print goods > Name tags,https://cdn.shopify.com/s/files/1/0258/8229/6398/products/DFD-Custom-NameTags.jpg?v=1735840625,DELTA PHI EPSILON
DPHIE Designs,DPhiE Purple Logo Neck Gaiter,UPI2606180462,Apparel > Neck gaiters,https://cdn.shopify.com/s/files/1/0258/8229/6398/products/DFDGaiter1.jpg?v=1735840605,DELTA PHI EPSILON
DPHIE Designs,DPhiE Mask,UPI26061872461,Apparel > Face masks,https://cdn.shopify.com/s/files/1/0258/8229/6398/products/DFDMASK1.jpg?v=1735840606,DELTA PHI EPSILON
DPHIE Designs,White Holiday Ornament,UPI2606189758,Promotional > Ornaments,https://cdn.shopify.com/s/files/1/0258/8229/6398/products/dfd-ornament-1.jpg?v=1735840624,DELTA PHI EPSILON
DPHIE Designs,Gold Plated Script Necklace,UPI2606185934,Jewelry > Necklaces,https://cdn.shopify.com/s/files/1/0258/8229/6398/products/DFD-ScriptNecklace_1.jpg?v=1735840597,DELTA PHI EPSILON
DPHIE Designs,$25 Senior Sendoff Pack,UPI2606182174,Bundles > Gift sets,https://cdn.shopify.com/s/files/1/0258/8229/6398/products/DFDSenior1.jpg?v=1588014524,DELTA PHI EPSILON
DPHIE Designs,$50 Senior Sendoff Pack,UPI2606182910,Bundles > Gift sets,https://cdn.shopify.com/s/files/1/0258/8229/6398/products/DFDSenior2.jpg?v=1588015527,DELTA PHI EPSILON
DPHIE Designs,Black Sweatshirt with Purple and White Sewn on Letters,UPI2606180734,Sweatshirts > Crewneck sweatshirts,https://cdn.shopify.com/s/files/1/0258/8229/6398/products/dfeletters.jpg?v=1655045461,DELTA PHI EPSILON
DPHIE Designs,Purple and Grey Block Pen,UPI2606183326,Office products > Pens,https://cdn.shopify.com/s/files/1/0258/8229/6398/products/dfepen.jpg?v=1735840561,DELTA PHI EPSILON
DPHIE Designs,Blue Repeater Tank,UPI2606188142,Shirts > Tank tops,https://cdn.shopify.com/s/files/1/0258/8229/6398/products/dfetank_1.jpg?v=1655045061,DELTA PHI EPSILON
DPHIE Designs,Expandable Ring,UPI26061870441,Jewelry > Rings,https://cdn.shopify.com/s/files/1/0258/8229/6398/products/dpe-1r.jpg?v=1735840479,DELTA PHI EPSILON
DPHIE Designs,Bar Necklace,UPI2606185268,Jewelry > Necklaces,https://cdn.shopify.com/s/files/1/0258/8229/6398/products/dpe-3n-g.webp?v=1735840478,DELTA PHI EPSILON
DPHIE Designs,Purity Bracelet,UPI2606185076,Jewelry > Bracelets,https://cdn.shopify.com/s/files/1/0258/8229/6398/products/dpe-9b.jpg?v=1735840479,DELTA PHI EPSILON
DPHIE Designs,Gift Card,UPI2606189278,Paper/print goods > Plastic cards,https://cdn.shopify.com/s/files/1/0258/8229/6398/products/e38bd83af578077b65a31424bd24d085.png?v=1735840615,DELTA PHI EPSILON
DPHIE Designs,DPhiE Founder V-Neck,UPI26061847501,Shirts > Short sleeve t-shirts,https://cdn.shopify.com/s/files/1/0258/8229/6398/products/FOUNDER.jpg?v=1735840595,DELTA PHI EPSILON
DPHIE Designs,White Henley,UPI2606185822,Shirts > Short sleeve t-shirts,https://cdn.shopify.com/s/files/1/0258/8229/6398/products/henley.jpg?v=1621354479,DELTA PHI EPSILON
DPHIE Designs,Honeycomb Notebook,UPI26061887981,Paper/print goods > Notebooks,https://cdn.shopify.com/s/files/1/0258/8229/6398/products/HONEYCOMBNP.jpg?v=1621523993,DELTA PHI EPSILON
DPHIE Designs,Delta Phi Epsilon Gold Bar Necklace,UPI2606184910,Jewelry > Necklaces,https://cdn.shopify.com/s/files/1/0258/8229/6398/products/image004_4.jpg?v=1735840604,DELTA PHI EPSILON
DPHIE Designs,Black Script Back Pack,UPI2606184334,Bags > Backpacks,https://cdn.shopify.com/s/files/1/0258/8229/6398/products/IMG_09271.jpg?v=1621436893,DELTA PHI EPSILON
DPHIE Designs,Fun Script Decal,UPI26061886541,Promotional > Stickers,https://cdn.shopify.com/s/files/1/0258/8229/6398/products/IMG_13641.jpg?v=1735840581,DELTA PHI EPSILON
DPHIE Designs,You Had Me At DPhiE Button,UPI2606186606,Promotional > Pin-back buttons,https://cdn.shopify.com/s/files/1/0258/8229/6398/products/IMG_13661.jpg?v=1735840579,DELTA PHI EPSILON
DPHIE Designs,Classic Delta Phi Epsilon Button,UPI26061858061,Promotional > Pin-back buttons,https://cdn.shopify.com/s/files/1/0258/8229/6398/products/IMG_13671_1.jpg?v=1759506099,DELTA PHI EPSILON
DPHIE Designs,Purple and Grey Script DPhiE Pen,UPI26061873261,Office products > Pens,https://cdn.shopify.com/s/files/1/0258/8229/6398/products/IMG_13681.jpg?v=1735840577,DELTA PHI EPSILON
DPHIE Designs,Purple DPhiE Cup,UPI2606182686,Drinkware > Plastic cups,https://cdn.shopify.com/s/files/1/0258/8229/6398/products/IMG_13691_1.jpg?v=1735840576,DELTA PHI EPSILON
DPHIE Designs,Fun Canvas Tote,UPI2606185902,Bags > Tote bags,https://cdn.shopify.com/s/files/1/0258/8229/6398/products/IMG_13701.jpg?v=1624738041,DELTA PHI EPSILON
DPHIE Designs,Shadow Decal,UPI2606180382,Promotional > Stickers,https://cdn.shopify.com/s/files/1/0258/8229/6398/products/IMG_13711.jpg?v=1735840575,DELTA PHI EPSILON
DPHIE Designs,Fun Shadow Button,UPI2606184670,Promotional > Pin-back buttons,https://cdn.shopify.com/s/files/1/0258/8229/6398/products/IMG_13721.jpg?v=1753464272,DELTA PHI EPSILON
DPHIE Designs,Monogram Notepad,UPI2606187886,Paper/print goods > Note pads,https://cdn.shopify.com/s/files/1/0258/8229/6398/products/IMG_13741.jpg?v=1735840574,DELTA PHI EPSILON
DPHIE Designs,Purple Script Hat,UPI2606185566,Headwear > Billed hats,https://cdn.shopify.com/s/files/1/0258/8229/6398/products/IMG_13751.jpg?v=1735840573,DELTA PHI EPSILON
DPHIE Designs,White DPHIE hat,UPI2606185246,Headwear > Billed hats,https://cdn.shopify.com/s/files/1/0258/8229/6398/products/IMG_1640.jpg?v=1630345687,DELTA PHI EPSILON
DPHIE Designs,White Hat with Purple DPhiE Script,UPI26061874541,Headwear > Billed hats,https://cdn.shopify.com/s/files/1/0258/8229/6398/products/IMG_1898.jpg?v=1735840562,DELTA PHI EPSILON
DPHIE Designs,Galaxy Letter V-Neck,UPI2606180654,Shirts > Short sleeve t-shirts,https://cdn.shopify.com/s/files/1/0258/8229/6398/products/IMG_1943.jpg?v=1652280815,DELTA PHI EPSILON
DPHIE Designs,American Lips Decal,UPI2606187982,Promotional > Decals,https://cdn.shopify.com/s/files/1/0258/8229/6398/products/IMG_1944_1.jpg?v=1652281179,DELTA PHI EPSILON
DPHIE Designs,Esse Quam Videri Gold Bracelet,UPI2606180782,Jewelry > Bracelets,https://cdn.shopify.com/s/files/1/0258/8229/6398/products/IMG_2217.jpg?v=1657853627,DELTA PHI EPSILON
DPHIE Designs,Purple Classic Line Button,UPI2606189454,Promotional > Pin-back buttons,https://cdn.shopify.com/s/files/1/0258/8229/6398/products/IMG_2223.jpg?v=1735840561,DELTA PHI EPSILON
DPHIE Designs,On the Block Hoodie,UPI26061862542,Sweatshirts > Hooded sweatshirts,https://cdn.shopify.com/s/files/1/0258/8229/6398/products/IMG_2229.jpg?v=1657855837,DELTA PHI EPSILON
DPHIE Designs,Four Star 1917 Tee,UPI2606186974,Shirts > Short sleeve t-shirts,https://cdn.shopify.com/s/files/1/0258/8229/6398/products/IMG_2230.jpg?v=1735840560,DELTA PHI EPSILON
DPHIE Designs,Long Sleeve Block Letter Tee,UPI26061884781,Shirts > Long sleeve t-shirts,https://cdn.shopify.com/s/files/1/0258/8229/6398/products/IMG_2232001.jpg?v=1659537413,DELTA PHI EPSILON
DPHIE Designs,Bold Crew Neck Sweatshirt,UPI2606185982,Sweatshirts > Crewneck sweatshirts,https://cdn.shopify.com/s/files/1/0258/8229/6398/products/IMG_2233.jpg?v=1659537811,DELTA PHI EPSILON
DPHIE Designs,DPhiE Script Tee,UPI2606180638,Shirts > Short sleeve t-shirts,https://cdn.shopify.com/s/files/1/0258/8229/6398/products/IMG_2234.jpg?v=1735840559,DELTA PHI EPSILON
DPHIE Designs,Periwinkle Alumna Script Hat,UPI2606189182,Headwear > Billed hats,https://cdn.shopify.com/s/files/1/0258/8229/6398/products/IMG_2282.jpg?v=1735840551,DELTA PHI EPSILON
DPHIE Designs,Bid Day Notecards,UPI2606184990,Stationery > Note cards,https://cdn.shopify.com/s/files/1/0258/8229/6398/products/IMG_2470.jpg?v=1735840636,DELTA PHI EPSILON
DPHIE Designs,Midnight Embroidered Hat,UPI2606181422,Headwear > Billed hats,https://cdn.shopify.com/s/files/1/0258/8229/6398/products/LINEHATMID.jpg?v=1735840634,DELTA PHI EPSILON
DPHIE Designs,A Deepher Loves Me Onesie,UPI2606186926,Baby > Baby bodysuits,https://cdn.shopify.com/s/files/1/0258/8229/6398/products/LOVESME.jpg?v=1735840595,DELTA PHI EPSILON
DPHIE Designs,A Deepher Loves Me (Polka Dot),UPI2606188190,Baby > Baby bodysuits,https://cdn.shopify.com/s/files/1/0258/8229/6398/products/LOVESMEPD.jpg?v=1621357552,DELTA PHI EPSILON
DPHIE Designs,Purple Delta Phi Epsilon Button,UPI2606188494,Promotional > Pin-back buttons,https://cdn.shopify.com/s/files/1/0258/8229/6398/products/OLDBDP25.jpg?v=1735840592,DELTA PHI EPSILON
DPHIE Designs,Grey Pennant Crew,UPI2606184750,Sweatshirts > Crewneck sweatshirts,https://cdn.shopify.com/s/files/1/0258/8229/6398/products/PENNANT.jpg?v=1621356822,DELTA PHI EPSILON
DPHIE Designs,Purple and Gold Cord,UPI26061854061,Apparel > Graduation cords,https://cdn.shopify.com/s/files/1/0258/8229/6398/products/purplr_gold_cord.jpg?v=1735840562,DELTA PHI EPSILON
DPHIE Designs,Purple Script Decal,UPI2606186734,Promotional > Decals,https://cdn.shopify.com/s/files/1/0258/8229/6398/products/senior1decal.jpg?v=1621523360,DELTA PHI EPSILON
DPHIE Designs,DPhiE Pink Shadow Script,UPI26061897581,Shirts > Short sleeve t-shirts,https://cdn.shopify.com/s/files/1/0258/8229/6398/products/SHADOW.jpg?v=1735840594,DELTA PHI EPSILON
DPHIE Designs,Sleep Mask,UPI2606182142,Sleepwear > Eye masks,https://cdn.shopify.com/s/files/1/0258/8229/6398/products/sleepmask.jpg?v=1621353061,DELTA PHI EPSILON
DPHIE Designs,Swirl Button,UPI26061868781,Promotional > Pin-back buttons,https://cdn.shopify.com/s/files/1/0258/8229/6398/products/swrilbutton.jpg?v=1621355334,DELTA PHI EPSILON
DPHIE Designs,Round Travel Case,UPI2606184174,Bags > Cosmetic cases,https://cdn.shopify.com/s/files/1/0258/8229/6398/products/TRAVELCASE.jpg?v=1735840596,DELTA PHI EPSILON
DPHIE Designs,Purple Delta Phi Epsilon Tumbler,UPI2606185230,Drinkware > Tumblers,https://cdn.shopify.com/s/files/1/0258/8229/6398/products/TUMBLERBDP20.jpg?v=1621524249,DELTA PHI EPSILON
DPHIE Designs,Watercolor Script Decal,UPI2606181726,Promotional > Decals,https://cdn.shopify.com/s/files/1/0258/8229/6398/products/watercolordecal.jpg?v=1621523002,DELTA PHI EPSILON
DPHIE Designs,Wave Decal,UPI2606180158,Promotional > Stickers,https://cdn.shopify.com/s/files/1/0258/8229/6398/products/WAVEDECAL.jpg?v=1735840593,DELTA PHI EPSILON
DPHIE Designs,Classic White Decal,UPI2606185534,Promotional > Stickers,https://cdn.shopify.com/s/files/1/0258/8229/6398/products/WHITEDECAL.jpg?v=1735840592,DELTA PHI EPSILON
DPHIE Designs,Embroidered Greek Letter Hats,UPI26061891821,Headwear > Billed hats,https://cdn.shopify.com/s/files/1/0258/8229/6398/products/WHITEPURPHAT.jpg?v=1645731142,DELTA PHI EPSILON
DPHIE Designs,Yellow Script Button,UPI2606183230,Promotional > Pin-back buttons,https://cdn.shopify.com/s/files/1/0258/8229/6398/products/YELLOWBUTTON.jpg?v=1621355456,DELTA PHI EPSILON
The Delt Store,IPAY - Univ of CT - Shirt Order,UPI26061875592,Bundles > Apparel bundles,https://cdn.shopify.com/s/files/1/0353/4536/7177/files/BLANKET_2402924_IMAGE.png?v=1707760781,DELTA TAU DELTA
The Delt Store,IPAY - Univ of Southern Mississippi - Bid Day 2024,UPI26061861511,Bundles > Apparel bundles,https://cdn.shopify.com/s/files/1/0353/4536/7177/files/COWBOY_2401912.png?v=1706844664,DELTA TAU DELTA
The Delt Store,Camp Delta Tau Delta Sweatshirt,UPI2606187015,Sweatshirts > Crewneck sweatshirts,https://cdn.shopify.com/s/files/1/0353/4536/7177/files/DTD_CAMP_COLLARED_SWEATSHIRT.jpg?v=1735857353,DELTA TAU DELTA
The Delt Store,Crest Patch Hat,UPI26061853032,Headwear > Billed hats,https://cdn.shopify.com/s/files/1/0353/4536/7177/files/DTD2204107-GREY-VC300A-EMB.jpg?v=1735857402,DELTA TAU DELTA
The Delt Store,Crest Patch Anorak Jacket,UPI2606189863,Outerwear > Jackets,https://cdn.shopify.com/s/files/1/0353/4536/7177/files/DTD2204129-BLACKWHITE-9908-EMB.jpg?v=1735857400,DELTA TAU DELTA
The Delt Store,Basic Sport Pack,UPI2606187639,Bundles > Non-apparel bundles,https://cdn.shopify.com/s/files/1/0353/4536/7177/files/DTD2204150-WHITE-Q4500.jpg?v=1735857399,DELTA TAU DELTA
The Delt Store,Seal Sport Pack,UPI2606180231,Bundles > Non-apparel bundles,https://cdn.shopify.com/s/files/1/0353/4536/7177/files/DTD2204151-PURPLE-Q4500.jpg?v=1735857398,DELTA TAU DELTA
The Delt Store,Black DTD Sport Pack,UPI26061883591,Bundles > Non-apparel bundles,https://cdn.shopify.com/s/files/1/0353/4536/7177/files/DTD2204153-BLACK-Q4500.jpg?v=1735857397,DELTA TAU DELTA
The Delt Store,Delts Sport Pack,UPI2606188807,Bundles > Non-apparel bundles,https://cdn.shopify.com/s/files/1/0353/4536/7177/files/DTD2204154-CHARCOAL-Q4500.jpg?v=1735857395,DELTA TAU DELTA
The Delt Store,Be Bold Alumnus Crewneck,UPI26061844711,Sweatshirts > Crewneck sweatshirts,https://cdn.shopify.com/s/files/1/0353/4536/7177/files/DTD220465-JHA030-HTHRGREY.jpg?v=1735857410,DELTA TAU DELTA
The Delt Store,Polar Fleece Full Zip,UPI2606182103,Outerwear > Jackets,https://cdn.shopify.com/s/files/1/0353/4536/7177/files/DTD23GL0201_3062-HEATHER-CHARCOAL-EMB.jpg?v=1735857391,DELTA TAU DELTA
The Delt Store,Houndsooth Hooded Sweatshirt,UPI2606187735,Sweatshirts > Crewneck sweatshirts,https://cdn.shopify.com/s/files/1/0353/4536/7177/files/DTD23GL0202_IND4000-HOUNDSOOTH-PUFFINK.jpg?v=1735857390,DELTA TAU DELTA
The Delt Store,Excellence Trucker Hat,UPI26061836391,Headwear > Billed hats,https://cdn.shopify.com/s/files/1/0353/4536/7177/files/DTD23GL0204_112-RICHARDSON-BLACK-HP.jpg?v=1700743352,DELTA TAU DELTA
The Delt Store,Packable Quarter Zip Jacket,UPI2606188647,Outerwear > Jackets,https://cdn.shopify.com/s/files/1/0353/4536/7177/files/DTD23GL0205_CO200-CHAMPION-BLACK-EM.jpg?v=1735857389,DELTA TAU DELTA
The Delt Store,Packable Quarter Zip Jacket,UPI2606182935,Outerwear > Jackets,https://cdn.shopify.com/s/files/1/0353/4536/7177/files/DTD23GL0205_CO200-CHAMPION-GOLD-EM.jpg?v=1735857387,DELTA TAU DELTA
The Delt Store,Packable Quarter Zip Jacket,UPI26061841831,Outerwear > Jackets,https://cdn.shopify.com/s/files/1/0353/4536/7177/files/DTD23GL0205_CO200-CHAMPION-PURPLE-EM.jpg?v=1735857388,DELTA TAU DELTA
The Delt Store,Core Soft Shell Vest,UPI2606184983,Outerwear > Vests,https://cdn.shopify.com/s/files/1/0353/4536/7177/files/DTD240001-J325-BlackCharcoalH-EMB.jpg?v=1735857386,DELTA TAU DELTA
The Delt Store,Core Soft Shell Vest,UPI26061806951,Outerwear > Vests,https://cdn.shopify.com/s/files/1/0353/4536/7177/files/DTD240001-J325-BLACK-EMB.jpg?v=1735857386,DELTA TAU DELTA
The Delt Store,Core Soft Shell Vest,UPI2606182311,Outerwear > Vests,https://cdn.shopify.com/s/files/1/0353/4536/7177/files/DTD240001-J325-NAVY-EMB.jpg?v=1735857385,DELTA TAU DELTA
The Delt Store,Sweater Fleece Vest,UPI26061862472,Outerwear > Vests,https://cdn.shopify.com/s/files/1/0353/4536/7177/files/DTD240002-F236-GREYHEATHER-EMB.jpg?v=1735857384,DELTA TAU DELTA
The Delt Store,Colorblocked Hoodie,UPI26061841192,Sweatshirts > Hooded sweatshirts,https://cdn.shopify.com/s/files/1/0353/4536/7177/files/DTD24GL10196CROXFORD_NAVY.jpg?v=1735857381,DELTA TAU DELTA
The Delt Store,Common Varsity Tee,UPI2606187799,Shirts > Short sleeve t-shirts,https://cdn.shopify.com/s/files/1/0353/4536/7177/files/DTD24GL1021717GRAPE.jpg?v=1735857380,DELTA TAU DELTA
The Delt Store,Sandstone Hoodie,UPI26061807432,Sweatshirts > Hooded sweatshirts,https://cdn.shopify.com/s/files/1/0353/4536/7177/files/DTD24GL103IND280SLSANDSTONE.jpg?v=1735857379,DELTA TAU DELTA
The Delt Store,1858 Mustard Tee,UPI26061816871,Shirts > Short sleeve t-shirts,https://cdn.shopify.com/s/files/1/0353/4536/7177/files/DTD24GL1041717MUSTARD.jpg?v=1735857378,DELTA TAU DELTA
The Delt Store,Ashton Crewneck,UPI26061881351,Sweatshirts > Crewneck sweatshirts,https://cdn.shopify.com/s/files/1/0353/4536/7177/files/DTD24GL10518000ASH.jpg?v=1735857377,DELTA TAU DELTA
The Delt Store,Approved Long Sleeve,UPI2606187431,Shirts > Long sleeve t-shirts,https://cdn.shopify.com/s/files/1/0353/4536/7177/files/DTD24GL1066014BLACK.jpg?v=1735857376,DELTA TAU DELTA
The Delt Store,Lined Sand Crewneck,UPI26061853992,Sweatshirts > Crewneck sweatshirts,https://cdn.shopify.com/s/files/1/0353/4536/7177/files/DTD24GL10718000SAND.jpg?v=1735857374,DELTA TAU DELTA
The Delt Store,3D Crewneck,UPI26061848711,Sweatshirts > Crewneck sweatshirts,https://cdn.shopify.com/s/files/1/0353/4536/7177/files/DTD24GL108SS3000NAVY.jpg?v=1735857373,DELTA TAU DELTA
The Delt Store,Purple Crewneck,UPI26061881672,Sweatshirts > Crewneck sweatshirts,https://cdn.shopify.com/s/files/1/0353/4536/7177/files/DTD24GL10918000PURPLE.jpg?v=1735857372,DELTA TAU DELTA
The Delt Store,Shake Shadow Tee,UPI2606181399,Shirts > Short sleeve t-shirts,https://cdn.shopify.com/s/files/1/0353/4536/7177/files/DTD24GL110SHGDDSHAKASHADOWOVERSIZEDSTREETWEARTEEFRONT.jpg?v=1735857370,DELTA TAU DELTA
The Delt Store,Established Shield Tee,UPI2606181751,Shirts > Short sleeve t-shirts,https://cdn.shopify.com/s/files/1/0353/4536/7177/files/DTD24GL11131717BLACK.jpg?v=1735857364,DELTA TAU DELTA
The Delt Store,Since 1858 Hoodie,UPI26061817671,Sweatshirts > Hooded sweatshirts,https://cdn.shopify.com/s/files/1/0353/4536/7177/files/DTD24GL111IND280SLBLACKFRONT.jpg?v=1735857369,DELTA TAU DELTA
The Delt Store,Etched in Snow Hoodie,UPI2606183223,Sweatshirts > Hooded sweatshirts,https://cdn.shopify.com/s/files/1/0353/4536/7177/files/DTD24GL11218500WHITEBACK.jpg?v=1735857368,DELTA TAU DELTA
The Delt Store,Roped Hat,UPI2606188247,Headwear > Billed hats,https://cdn.shopify.com/s/files/1/0353/4536/7177/files/DTD24GL114256ROPESNAP.jpg?v=1721238963,DELTA TAU DELTA
The Delt Store,White Foam Trucker Hat,UPI26061827271,Headwear > Billed hats,https://cdn.shopify.com/s/files/1/0353/4536/7177/files/DTD24GL116PURPLE_WHTIEFOAMTRUCKER.jpg?v=1721239177,DELTA TAU DELTA
The Delt Store,Rugby Polo,UPI2606188007,Shirts > Short sleeve polo shirts,https://cdn.shopify.com/s/files/1/0353/4536/7177/files/DTD24GL117ST301RUGBYPOLO.jpg?v=1721239288,DELTA TAU DELTA
The Delt Store,Soft Shell Letter Vest,UPI2606181319,Outerwear > Vests,https://cdn.shopify.com/s/files/1/0353/4536/7177/files/DTD24GL118J325SOFTSHELLDRESSBLUENAVY.jpg?v=1735857367,DELTA TAU DELTA
The Delt Store,Shield Nike Polo,UPI26061876391,Shirts > Short sleeve polo shirts,https://cdn.shopify.com/s/files/1/0353/4536/7177/files/DTD24GL120_NKDC1963_NIKE_WHITE.jpg?v=1735857365,DELTA TAU DELTA
The Delt Store,Paddington Crewneck,UPI26061867271,Sweatshirts > Crewneck sweatshirts,https://cdn.shopify.com/s/files/1/0353/4536/7177/files/DTD24GL20118000forest.jpg?v=1735857358,DELTA TAU DELTA
The Delt Store,Paddington Crewneck,UPI26061818151,Sweatshirts > Crewneck sweatshirts,https://cdn.shopify.com/s/files/1/0353/4536/7177/files/DTD24GL20118000maroon.jpg?v=1735857359,DELTA TAU DELTA
The Delt Store,Paddington Crewneck,UPI2606187527,Sweatshirts > Crewneck sweatshirts,https://cdn.shopify.com/s/files/1/0353/4536/7177/files/DTD24GL20118000SPORTSGRAY.jpg?v=1735857360,DELTA TAU DELTA
The Delt Store,Seal Crewneck,UPI26061846791,Sweatshirts > Crewneck sweatshirts,https://cdn.shopify.com/s/files/1/0353/4536/7177/files/DTD24GL20218000SPORTSGRA_1.jpg?v=1735857357,DELTA TAU DELTA
The Delt Store,Team Delts Tee,UPI26061845832,Shirts > Short sleeve t-shirts,https://cdn.shopify.com/s/files/1/0353/4536/7177/files/DTD2500011717IVORY.jpg?v=1745520180,DELTA TAU DELTA
The Delt Store,Block Tee,UPI26061851271,Shirts > Short sleeve t-shirts,https://cdn.shopify.com/s/files/1/0353/4536/7177/files/DTD2500021717WINE.jpg?v=1745520328,DELTA TAU DELTA
The Delt Store,Golden One Hoodie,UPI26061800391,Sweatshirts > Hooded sweatshirts,https://cdn.shopify.com/s/files/1/0353/4536/7177/files/DTD250003-18500-GOLD.jpg?v=1745520459,DELTA TAU DELTA
The Delt Store,We're a Catch Tee,UPI2606181559,Shirts > Short sleeve t-shirts,https://cdn.shopify.com/s/files/1/0353/4536/7177/files/DTD250004-1717-GRANITE.jpg?v=1745520687,DELTA TAU DELTA
The Delt Store,Ride the Wave Tee,UPI2606180311,Shirts > Short sleeve t-shirts,https://cdn.shopify.com/s/files/1/0353/4536/7177/files/DTD2500051717MUSTARD.jpg?v=1745520812,DELTA TAU DELTA
The Delt Store,See You Outside Hoodie,UPI26061801352,Sweatshirts > Hooded sweatshirts,https://cdn.shopify.com/s/files/1/0353/4536/7177/files/DTD25000618500PURPLEback.jpg?v=1745520985,DELTA TAU DELTA
The Delt Store,Team Delts Hat,UPI2606184423,Headwear > Billed hats,https://cdn.shopify.com/s/files/1/0353/4536/7177/files/DTD250007112FPBLACKfront.jpg?v=1745521430,DELTA TAU DELTA
The Delt Store,Carhartt Watch Cap,UPI26061835271,Headwear > Beanies,https://cdn.shopify.com/s/files/1/0353/4536/7177/files/DTD250301CT104597BLACK.jpg?v=1757716208,DELTA TAU DELTA
The Delt Store,Nike Club Fleece Pullover Hoodie,UPI2606186119,Sweatshirts > Hooded sweatshirts,https://cdn.shopify.com/s/files/1/0353/4536/7177/files/DTD250302CJ1611DKGRYHTHR.jpg?v=1757716443,DELTA TAU DELTA
The Delt Store,OGIOB. Command 1/4-Snap,UPI2606189735,Shirts > 1/4 zip performance shirts,https://cdn.shopify.com/s/files/1/0353/4536/7177/files/DTD250303OG151SPARBLUE.jpg?v=1757768728,DELTA TAU DELTA
The Delt Store,The North FaceB. Glacier 1/4-Zip Fleece,UPI2606182599,Sweatshirts > 1/4 zip sweatshirts,https://cdn.shopify.com/s/files/1/0353/4536/7177/files/DTD250304NF0A7V4LASPHTGRY_BLK.jpg?v=1757769113,DELTA TAU DELTA
The Delt Store,The North FaceB. Skyline Full-Zip Fleece Jacket,UPI26061841191,Outerwear > Jackets,https://cdn.shopify.com/s/files/1/0353/4536/7177/files/DTD250305NF0A7V64BLK.jpg?v=1757769352,DELTA TAU DELTA
The Delt Store,Travis Mathew Coto Performance Polo,UPI2606188407,Shirts > Short sleeve polo shirts,https://cdn.shopify.com/s/files/1/0353/4536/7177/files/DTD250306TM1MU410BRYLGRNHTHR_1.jpg?v=1757769886,DELTA TAU DELTA
The Delt Store,Travis Mathew Coto Performance Polo,UPI26061845671,Shirts > Short sleeve polo shirts,https://cdn.shopify.com/s/files/1/0353/4536/7177/files/DTD250306TM1MU410WHITE.jpg?v=1757769702,DELTA TAU DELTA
The Delt Store,Travis Mathew Blocked Polo,UPI2606182071,Shirts > Short sleeve polo shirts,https://cdn.shopify.com/s/files/1/0353/4536/7177/files/DTD250307TM1MU414BLKHTHR_BLK.jpg?v=1757770143,DELTA TAU DELTA
The Delt Store,Battleship Vest,UPI2606181959,Outerwear > Jackets,https://cdn.shopify.com/s/files/1/0353/4536/7177/files/DTD2524803-BattleshipGrey-J325.jpg?v=1761591708,DELTA TAU DELTA
The Delt Store,Nike Textured 1/2-Zip Cover-Up,UPI26061863112,Outerwear > Jackets,https://cdn.shopify.com/s/files/1/0353/4536/7177/files/DTD25NOV1NKDX6702DARKGREY.jpg?v=1762794208,DELTA TAU DELTA
The Delt Store,Travis Mathew Patch Performance Polo,UPI26061867591,Shirts > Short sleeve polo shirts,https://cdn.shopify.com/s/files/1/0353/4536/7177/files/DTD25NOV2TM1MU410QuietShadeGreyHeather.jpg?v=1762794329,DELTA TAU DELTA
The Delt Store,Patch Nike Therma-FIT Full-Zip Fleece Hoodie,UPI2606184263,Outerwear > Jackets,https://cdn.shopify.com/s/files/1/0353/4536/7177/files/DTD25NOV3NKAH6259BLACK.jpg?v=1762794439,DELTA TAU DELTA
The Delt Store,Purple Patch Polo,UPI2606181047,Shirts > Short sleeve polo shirts,https://cdn.shopify.com/s/files/1/0353/4536/7177/files/DTD25NOV4ST640PURPLE.jpg?v=1762451095,DELTA TAU DELTA
The Delt Store,Convex Crewneck- Quick Ship,UPI2606188503,Sweatshirts > Crewneck sweatshirts,https://cdn.shopify.com/s/files/1/0353/4536/7177/files/DTD25QS0218000ASH.jpg?v=1749061174,DELTA TAU DELTA
The Delt Store,DTD Grid Crewneck- Quick Ship,UPI26061877031,Sweatshirts > Crewneck sweatshirts,https://cdn.shopify.com/s/files/1/0353/4536/7177/files/DTD25QS04-18000-PURPLE.jpg?v=1749061326,DELTA TAU DELTA
The Delt Store,Star Delts Tee- Quick Ship,UPI26061882472,Shirts > Short sleeve t-shirts,https://cdn.shopify.com/s/files/1/0353/4536/7177/files/DTD25QS051717WHITE.jpg?v=1749061444,DELTA TAU DELTA
The Delt Store,Wilson Hat,UPI26061853031,Bags > Tote bags,https://cdn.shopify.com/s/files/1/0353/4536/7177/files/DTD26GL501WILSONLOCALECAMELEMB_acd152fa-6e9b-426f-82ef-f974a036f0f5.jpg?v=1772126633,DELTA TAU DELTA
The Delt Store,Peaks Beanie,UPI26061834311,Headwear > Beanies,https://cdn.shopify.com/s/files/1/0353/4536/7177/files/DTD26GL502MistyPeaks_BlackLOCALEEMB.jpg?v=1772126812,DELTA TAU DELTA
The Delt Store,The North FaceB. Apex Barrier Soft Shell Jacket,UPI26061804871,Outerwear > Jackets,https://cdn.shopify.com/s/files/1/0353/4536/7177/files/DTD26GL503NF0A3LGTTNFMEDGRYHTHREMB.jpg?v=1772127008,DELTA TAU DELTA
The Delt Store,Delts Outdoors Hoodie,UPI26061837032,Sweatshirts > Hooded sweatshirts,https://cdn.shopify.com/s/files/1/0353/4536/7177/files/DTD26GL50418500DKCHOCBACK.jpg?v=1772127169,DELTA TAU DELTA
The Delt Store,Fireside Flannel,UPI2606186215,Shirts > Button-up shirts,https://cdn.shopify.com/s/files/1/0353/4536/7177/files/DTD26GL505EXP50FDKHTR_BLK.jpg?v=1772127427,DELTA TAU DELTA
The Delt Store,Custom Banner - How to order is in the product description,UPI2606309159,Promotional > Banners,https://cdn.shopify.com/s/files/1/0353/4536/7177/files/DTD-BANNER_fc60aec4-5998-42dc-965d-71293189ebd2.png?v=1782837461,DELTA TAU DELTA
The Delt Store,Yellow Repeat Cup,UPI2606184535,Drinkware > Stadium cups,https://cdn.shopify.com/s/files/1/0353/4536/7177/files/DTD-BDP-CUP.jpg?v=1735857382,DELTA TAU DELTA
The Delt Store,Purple and Grey Pen,UPI2606180327,Office products > Pens,https://cdn.shopify.com/s/files/1/0353/4536/7177/files/DTD-BDP-PEN.jpg?v=1735857383,DELTA TAU DELTA
The Delt Store,Delta Tau Delta Colony Founders Cards,UPI2606185095,Stationery > Note cards,https://cdn.shopify.com/s/files/1/0353/4536/7177/files/DTD-BidCard.jpg?v=1735857394,DELTA TAU DELTA
The Delt Store,Delta Tau Delta Bid Cards,UPI2606186935,Stationery > Note cards,https://cdn.shopify.com/s/files/1/0353/4536/7177/files/DTD-BIDCARD-2.jpg?v=1735857393,DELTA TAU DELTA
The Delt Store,IPAY - Delt Crest Stole,UPI2606188151,Apparel > Stoles,https://cdn.shopify.com/s/files/1/0353/4536/7177/files/DTD-STOLE3.jpg?v=1710282596,DELTA TAU DELTA
The Delt Store,Custom Tablecloth- How to order is in the product description,UPI2606304967,Household items > Tablecloths,https://cdn.shopify.com/s/files/1/0353/4536/7177/files/DTDTABLECLOTH.png?v=1782837857,DELTA TAU DELTA
The Delt Store,Mallard Knitted Sweater,UPI2606183911,Apparel > Sweaters,https://cdn.shopify.com/s/files/1/0353/4536/7177/files/Front.jpg?v=1759438422,DELTA TAU DELTA
The Delt Store,Ugly Knitted Sweater,UPI2606181671,Apparel > Sweaters,https://cdn.shopify.com/s/files/1/0353/4536/7177/files/Front_cc5e358b-46b0-456e-bc7f-68bb8566d34d.jpg?v=1763056989,DELTA TAU DELTA
The Delt Store,Delt Tent- How to order is in the product description,UPI2606307911,Promotional > Tents,https://cdn.shopify.com/s/files/1/0353/4536/7177/files/hf_20260629_195304_9a6022c5-04d7-4878-9c38-0ab1e92cf0c3.png?v=1782837773,DELTA TAU DELTA
The Delt Store,Boxes DTD Hoodie,UPI2606189207,Sweatshirts > Hooded sweatshirts,https://cdn.shopify.com/s/files/1/0353/4536/7177/files/IMG_2845.jpg?v=1693270947,DELTA TAU DELTA
The Delt Store,Old English Water Bottle,UPI2606187863,Food/drink > Water bottles with custom label,https://cdn.shopify.com/s/files/1/0353/4536/7177/files/IMG_2847.jpg?v=1693270569,DELTA TAU DELTA
The Delt Store,IPAY LINK - University of Colorado Boulder,UPI26061806311,Bundles > Apparel bundles,https://cdn.shopify.com/s/files/1/0353/4536/7177/files/IMG-6037.jpg?v=1713802593,DELTA TAU DELTA
The Delt Store,University of Michigan - Ann Arbor (Ben Leto),UPI26061827591,Bundles > Apparel bundles,https://cdn.shopify.com/s/files/1/0353/4536/7177/files/IMG-8650.jpg?v=1735857363,DELTA TAU DELTA
The Delt Store,Exclusive NIKE POLO link!!!,UPI26061891271,Shirts > Short sleeve polo shirts,https://cdn.shopify.com/s/files/1/0353/4536/7177/files/IMG-8677.jpg?v=1735857362,DELTA TAU DELTA
The Delt Store,Senior Stoles b IPAY LINK,UPI2606180935,Apparel > Stoles,https://cdn.shopify.com/s/files/1/0353/4536/7177/files/IMG-9921.jpg?v=1727705232,DELTA TAU DELTA
The Delt Store,Southeastern Louisiana University - IPAY LINK,UPI2606187415,Bundles > Apparel bundles,https://cdn.shopify.com/s/files/1/0353/4536/7177/files/Screenshot2024-10-21at8.23.51PM.png?v=1729556926,DELTA TAU DELTA
The Delt Store,UNIVERSITY OF SOUTH CAROLINA - COLUMBIA -- IPAY LINK,UPI2606184519,Bundles > Apparel bundles,https://cdn.shopify.com/s/files/1/0353/4536/7177/files/Screenshot2024-10-27at7.02.02PM.png?v=1730070296,DELTA TAU DELTA
The Delt Store,"""I am my brother's keeper"" CREWNECK - IPAY LINK",UPI26061894311,Sweatshirts > Crewneck sweatshirts,https://cdn.shopify.com/s/files/1/0353/4536/7177/files/Screenshot2024-11-04at9.28.36AM.png?v=1730730577,DELTA TAU DELTA
The Delt Store,University of South Carolina-Columbia -- Semi Formal IPAY LINK,UPI26061821351,Bundles > Apparel bundles,https://cdn.shopify.com/s/files/1/0353/4536/7177/files/Screenshot2024-11-13at12.16.43PM.png?v=1731518448,DELTA TAU DELTA
The Delt Store,Southeastern Louisiana University Halloween Shirt -- IPAY LINK,UPI26061894791,Shirts > Short sleeve t-shirts,https://cdn.shopify.com/s/files/1/0353/4536/7177/files/Screenshot2024-11-15at10.17.02AM.png?v=1735857355,DELTA TAU DELTA
The Delt Store,University of Delaware Christmas Hoodie --IPAY LINK,UPI2606186439,Outerwear > Jackets,https://cdn.shopify.com/s/files/1/0353/4536/7177/files/Screenshot2024-11-22at11.33.57AM.png?v=1735857354,DELTA TAU DELTA
The Delt Store,Gift Card,UPI2606181852,Promotional > Membership cards,https://cdn.shopify.com/s/files/1/0353/4536/7177/files/Screenshot2025-01-31at9.15.43AM.png?v=1738333013,DELTA TAU DELTA
The Delt Store,IPAY - University of Connecticut - Halloween Order,UPI2606189799,Bundles > Apparel bundles,https://cdn.shopify.com/s/files/1/0353/4536/7177/files/STRAVAIG_2328302_1.png?v=1697595490,DELTA TAU DELTA
The Delt Store,Happy Delts Tank,UPI26061813721,Shirts > Tank tops,https://cdn.shopify.com/s/files/1/0353/4536/7177/products/10JHFOw.jpg?v=1735857551,DELTA TAU DELTA
The Delt Store,Independence Tee,UPI26061880441,Shirts > Short sleeve t-shirts,https://cdn.shopify.com/s/files/1/0353/4536/7177/products/1v69isOA.jpg?v=1735857547,DELTA TAU DELTA
The Delt Store,2020 VK Shirt,UPI26061897561,Shirts > Short sleeve t-shirts,https://cdn.shopify.com/s/files/1/0353/4536/7177/products/2020VP_SHIRT.jpg?v=1593703135,DELTA TAU DELTA
The Delt Store,DELTS 1858 T-Shirt,UPI26061805351,Shirts > Short sleeve t-shirts,https://cdn.shopify.com/s/files/1/0353/4536/7177/products/210602P.jpg?v=1735857519,DELTA TAU DELTA
The Delt Store,DELTS Hoodie,UPI26061819111,Sweatshirts > Hooded sweatshirts,https://cdn.shopify.com/s/files/1/0353/4536/7177/products/210603-p.jpg?v=1735857521,DELTA TAU DELTA
The Delt Store,Pride Tee,UPI2606185116,Shirts > Short sleeve t-shirts,https://cdn.shopify.com/s/files/1/0353/4536/7177/products/2a_bGgAQ.jpg?v=1735857540,DELTA TAU DELTA
The Delt Store,Crystal Red Tie-Dye Tee,UPI2606187932,Shirts > Short sleeve t-shirts,https://cdn.shopify.com/s/files/1/0353/4536/7177/products/47mintRQ.jpg?v=1735857548,DELTA TAU DELTA
The Delt Store,Delts Bucket Hat,UPI2606188540,Headwear > Billed hats,https://cdn.shopify.com/s/files/1/0353/4536/7177/products/5htb-UCQ.jpg?v=1735857549,DELTA TAU DELTA
The Delt Store,Delta Tau Delta Crest Long Sleeve,UPI26061853671,Shirts > Long sleeve t-shirts,https://cdn.shopify.com/s/files/1/0353/4536/7177/products/91Hdhs-w.jpg?v=1735857522,DELTA TAU DELTA
The Delt Store,Delts White Baseball Jersey,UPI2606185591,Shirts > Jerseys,https://cdn.shopify.com/s/files/1/0353/4536/7177/products/ASB220011-DTD2201-11front.jpg?v=1659041106,DELTA TAU DELTA
The Delt Store,Black Camo Windbreaker Full Zip,UPI2606188679,Outerwear > Jackets,https://cdn.shopify.com/s/files/1/0353/4536/7177/products/bcamo.jpg?v=1661205703,DELTA TAU DELTA
The Delt Store,IPAY- CHICAGO Hooded Sweatshirt,UPI26061810791,Sweatshirts > Hooded sweatshirts,https://cdn.shopify.com/s/files/1/0353/4536/7177/products/CHICAGO-2207011.jpg?v=1649103191,DELTA TAU DELTA
The Delt Store,True Blue JDRF T-Shirt,UPI2606183388,Shirts > Short sleeve t-shirts,https://cdn.shopify.com/s/files/1/0353/4536/7177/products/DTD1.jpg?v=1593610384,DELTA TAU DELTA
The Delt Store,Zip-Up Jacket,UPI26061891291,Outerwear > Jackets,https://cdn.shopify.com/s/files/1/0353/4536/7177/products/DTD200101C-EXP54LWZ-BlackCamo.jpg?v=1735857624,DELTA TAU DELTA
The Delt Store,Small Delt Zip-Up,UPI2606186649,Outerwear > Jackets,https://cdn.shopify.com/s/files/1/0353/4536/7177/products/DTD200102-VHNavy-995MR.jpg?v=1735857622,DELTA TAU DELTA
The Delt Store,Old Delta Hoodie,UPI2606185897,Sweatshirts > Hooded sweatshirts,https://cdn.shopify.com/s/files/1/0353/4536/7177/products/DTD200104C-White-18500.jpg?v=1735857619,DELTA TAU DELTA
The Delt Store,Not Your Average Delts Zip Up Hoodie,UPI26061833851,Sweatshirts > Hooded sweatshirts,https://cdn.shopify.com/s/files/1/0353/4536/7177/products/DTD200105-Black-P180.jpg?v=1735857617,DELTA TAU DELTA
The Delt Store,Established Outline Crewneck,UPI26061818012,Sweatshirts > Crewneck sweatshirts,https://cdn.shopify.com/s/files/1/0353/4536/7177/products/DTD200106B-White-18000.jpg?v=1735857616,DELTA TAU DELTA
The Delt Store,Classic DTD Hoodie,UPI26061832732,Sweatshirts > Hooded sweatshirts,https://cdn.shopify.com/s/files/1/0353/4536/7177/products/DTD200107B-GraphiteHeather-18500.jpg?v=1735857614,DELTA TAU DELTA
The Delt Store,Boxed DTD Crewneck,UPI2606183225,Sweatshirts > Hooded sweatshirts,https://cdn.shopify.com/s/files/1/0353/4536/7177/products/DTD200108C-Black-18000.jpg?v=1735857613,DELTA TAU DELTA
The Delt Store,Home the Brave LS Sport Shirt,UPI26061822332,Shirts > Long sleeve t-shirts,https://cdn.shopify.com/s/files/1/0353/4536/7177/products/DTD200109-White-437MLR.jpg?v=1588879967,DELTA TAU DELTA
The Delt Store,Feelin' Sporty LS Shirt,UPI26061861534,Shirts > Long sleeve t-shirts,https://cdn.shopify.com/s/files/1/0353/4536/7177/products/DTD200110-DarkHeather-72900.jpg?v=1735857612,DELTA TAU DELTA
The Delt Store,Gone Golfing Sport Short Sleeve,UPI2606182377,Shirts > Short sleeve polo shirts,https://cdn.shopify.com/s/files/1/0353/4536/7177/products/DTD200111B-Ash-437MSR.jpg?v=1659707791,DELTA TAU DELTA
The Delt Store,Hole in One Sport Short Sleeve,UPI26061808091,Shirts > Short sleeve t-shirts,https://cdn.shopify.com/s/files/1/0353/4536/7177/products/DTD200112C-Black-437MSR.jpg?v=1735857610,DELTA TAU DELTA
The Delt Store,Delts in the Outfield Tee,UPI26061838651,Shirts > Short sleeve t-shirts,https://cdn.shopify.com/s/files/1/0353/4536/7177/products/DTD200113-WhitePurple-5700.jpg?v=1588971283,DELTA TAU DELTA
The Delt Store,Medieval Mood LS Tee,UPI26061866653,Shirts > Long sleeve t-shirts,https://cdn.shopify.com/s/files/1/0353/4536/7177/products/DTD200114-HBrown-3501.jpg?v=1735857609,DELTA TAU DELTA
The Delt Store,Delt Crossing LS Tee,UPI26061893051,Shirts > Long sleeve t-shirts,https://cdn.shopify.com/s/files/1/0353/4536/7177/products/DTD200115B-White-3501.jpg?v=1735857608,DELTA TAU DELTA
The Delt Store,Boxed DTD Tee,UPI26061801851,Shirts > Short sleeve t-shirts,https://cdn.shopify.com/s/files/1/0353/4536/7177/products/DTD200116-White-3001.jpg?v=1588972945,DELTA TAU DELTA
The Delt Store,Home of the Delts Tee,UPI26061857692,Shirts > Short sleeve t-shirts,https://cdn.shopify.com/s/files/1/0353/4536/7177/products/DTD200117-Black-3001.jpg?v=1735857606,DELTA TAU DELTA
The Delt Store,Tone-on-Tone Tee,UPI2606188137,Shirts > Short sleeve t-shirts,https://cdn.shopify.com/s/files/1/0353/4536/7177/products/DTD200118-Tan-3001.jpg?v=1589491877,DELTA TAU DELTA
The Delt Store,Patriotic Tee,UPI26061856731,Shirts > Short sleeve t-shirts,https://cdn.shopify.com/s/files/1/0353/4536/7177/products/DTD200119-MilitaryGreen-3001.jpg?v=1735857604,DELTA TAU DELTA
The Delt Store,Medieval Days Tee,UPI26061829372,Shirts > Short sleeve t-shirts,https://cdn.shopify.com/s/files/1/0353/4536/7177/products/DTD200120C-White-3001.jpg?v=1735857603,DELTA TAU DELTA
The Delt Store,Graphic Scene Tee,UPI26061832731,Shirts > Short sleeve t-shirts,https://cdn.shopify.com/s/files/1/0353/4536/7177/products/DTD200121-Silver-3001.jpg?v=1735857601,DELTA TAU DELTA
The Delt Store,Outlined Established Hat,UPI2606184937,Headwear > Billed Hats,https://cdn.shopify.com/s/files/1/0353/4536/7177/products/DTD200122C-Purple-18772.jpg?v=1735857600,DELTA TAU DELTA
The Delt Store,Medieval Hat,UPI2606189593,Headwear > Billed Hats,https://cdn.shopify.com/s/files/1/0353/4536/7177/products/DTD200123-Black-18772.jpg?v=1735857598,DELTA TAU DELTA
The Delt Store,Bodly DTD Hat,UPI26061838171,Headwear > Billed Hats,https://cdn.shopify.com/s/files/1/0353/4536/7177/products/DTD200124-Gray-18772.jpg?v=1735857597,DELTA TAU DELTA
The Delt Store,Established Flatbill Hat,UPI26061835451,Headwear > Billed hats,https://cdn.shopify.com/s/files/1/0353/4536/7177/products/DTD200125C-HeatherBlack-6089M.jpg?v=1659706914,DELTA TAU DELTA
The Delt Store,Homerun Flatbill Hat,UPI2606187193,Headwear > Billed hats,https://cdn.shopify.com/s/files/1/0353/4536/7177/products/DTD200126C-Red-5089M.jpg?v=1593530382,DELTA TAU DELTA
The Delt Store,Outlined Flatbill Hat,UPI2606187321,Headwear > Billed hats,https://cdn.shopify.com/s/files/1/0353/4536/7177/products/DTD200127B-MulticamBlack-6089M.jpg?v=1659711187,DELTA TAU DELTA
The Delt Store,Bodly DTD Beanie,UPI2606182921,Headwear > Beanies,https://cdn.shopify.com/s/files/1/0353/4536/7177/products/DTD200128-Purple-SP12.jpg?v=1735857595,DELTA TAU DELTA
The Delt Store,Medieval Days Beanie,UPI26061861851,Headwear > Beanies,https://cdn.shopify.com/s/files/1/0353/4536/7177/products/DTD200129-HGrey-SP12.jpg?v=1735857593,DELTA TAU DELTA
The Delt Store,Established Beanie,UPI26061833531,Headwear > Beanies,https://cdn.shopify.com/s/files/1/0353/4536/7177/products/DTD200130B-Forest-SP12.jpg?v=1735857591,DELTA TAU DELTA
The Delt Store,Outlined Beanie,UPI26061875931,Headwear > Beanies,https://cdn.shopify.com/s/files/1/0353/4536/7177/products/DTD200131C-Camel-SP12.jpg?v=1735857590,DELTA TAU DELTA
The Delt Store,Crest Pullover,UPI26061801531,Apparel > Sweaters,https://cdn.shopify.com/s/files/1/0353/4536/7177/products/DTD200132C-Moss-18800.jpg?v=1696122415,DELTA TAU DELTA
The Delt Store,crest tee,UPI26061868892,Shirts > Short sleeve t-shirts,https://cdn.shopify.com/s/files/1/0353/4536/7177/products/DTD200133-White-1717.jpg?v=1735857588,DELTA TAU DELTA
The Delt Store,Simple Delta Tau Delta Tee,UPI2606182857,Shirts > Short sleeve t-shirts,https://cdn.shopify.com/s/files/1/0353/4536/7177/products/DTD200301-Banana-1717.jpg?v=1735857586,DELTA TAU DELTA
The Delt Store,All Star LS Tee,UPI2606180313,Shirts > Long sleeve t-shirts,https://cdn.shopify.com/s/files/1/0353/4536/7177/products/DTD200302-Navy-8400.jpg?v=1735857584,DELTA TAU DELTA
The Delt Store,Between The Lines Tee,UPI26061807451,Shirts > Short sleeve t-shirts,https://cdn.shopify.com/s/files/1/0353/4536/7177/products/DTD200303B-Brick-1717.jpg?v=1735857583,DELTA TAU DELTA
The Delt Store,Two Toned Jacket,UPI2606189801,Outerwear > Jackets,https://cdn.shopify.com/s/files/1/0353/4536/7177/products/DTD200304C-BlackCamo-EXP54LWZ.jpg?v=1735857581,DELTA TAU DELTA
The Delt Store,At the Gym Zip-Up Jacket,UPI2606182793,Outerwear > Jackets,https://cdn.shopify.com/s/files/1/0353/4536/7177/products/DTD200305-GunmetalHeather-EXP70PTZ.jpg?v=1589582432,DELTA TAU DELTA
The Delt Store,Modern Ages Tee,UPI26061809853,Shirts > Short sleeve t-shirts,https://cdn.shopify.com/s/files/1/0353/4536/7177/products/DTD200308C-Black-1717.jpg?v=1658845241,DELTA TAU DELTA
The Delt Store,Through the Years Tee,UPI2606183257,Shirts > Short sleeve t-shirts,https://cdn.shopify.com/s/files/1/0353/4536/7177/products/DTD200309C-Grape-1717.jpg?v=1735857580,DELTA TAU DELTA
The Delt Store,Classic Crewneck,UPI26061834491,Sweatshirts > Crewneck sweatshirts,https://cdn.shopify.com/s/files/1/0353/4536/7177/products/DTD200310B-Black-18000.jpg?v=1735857578,DELTA TAU DELTA
The Delt Store,Maui Tank,UPI26061814171,Shirts > Tank tops,https://cdn.shopify.com/s/files/1/0353/4536/7177/products/DTD200401-SafetyGreen-2700-2.jpg?v=1589584459,DELTA TAU DELTA
The Delt Store,Sunny Acres Tank,UPI2606186409,Shirts > Tank tops,https://cdn.shopify.com/s/files/1/0353/4536/7177/products/DTD200402-Black-9360-2.jpg?v=1735857577,DELTA TAU DELTA
The Delt Store,Fresh Delts of Bel Air Tank,UPI2606183977,Shirts > Tank tops,https://cdn.shopify.com/s/files/1/0353/4536/7177/products/DTD200403-RoyalCribe-9360-2.jpg?v=1735857576,DELTA TAU DELTA
The Delt Store,We in Miami Tank,UPI2606185609,Shirts > Tank tops,https://cdn.shopify.com/s/files/1/0353/4536/7177/products/DTD200404-White-2700-2.jpg?v=1735857575,DELTA TAU DELTA
The Delt Store,Bermuda Coast Tank,UPI26061884091,Shirts > Tank tops,https://cdn.shopify.com/s/files/1/0353/4536/7177/products/DTD200405-Purple-5200.jpg?v=1735857574,DELTA TAU DELTA
The Delt Store,Rainbow Row Tank,UPI26061899931,Shirts > Tank tops,https://cdn.shopify.com/s/files/1/0353/4536/7177/products/DTD200406-SafetyPink-5200-2.jpg?v=1589584983,DELTA TAU DELTA
The Delt Store,Basic Decal,UPI2606188169,Promotional > Stickers,https://cdn.shopify.com/s/files/1/0353/4536/7177/products/DTD200501-Decal.jpg?v=1735857573,DELTA TAU DELTA
The Delt Store,Crest Decal,UPI2606188185,Promotional > Decals,https://cdn.shopify.com/s/files/1/0353/4536/7177/products/DTD200502-Decal.jpg?v=1589855380,DELTA TAU DELTA
The Delt Store,Simple Sticker,UPI26061809854,Promotional > Stickers,https://cdn.shopify.com/s/files/1/0353/4536/7177/products/DTD200503-Decal.jpg?v=1735857572,DELTA TAU DELTA
The Delt Store,Bermuda Coast Decal,UPI2606182729,Promotional > Stickers,https://cdn.shopify.com/s/files/1/0353/4536/7177/products/DTD200504-Decal.jpg?v=1735857571,DELTA TAU DELTA
The Delt Store,Sunny Acres Sticker,UPI2606183737,Promotional > Stickers,https://cdn.shopify.com/s/files/1/0353/4536/7177/products/DTD200505-Decal.jpg?v=1735857570,DELTA TAU DELTA
The Delt Store,Medieval Days Decal,UPI26061889851,Promotional > Stickers,https://cdn.shopify.com/s/files/1/0353/4536/7177/products/DTD200506-Decal.jpg?v=1735857568,DELTA TAU DELTA
The Delt Store,Vintage Hound Dog Tee,UPI2606181580,Shirts > Short sleeve t-shirts,https://cdn.shopify.com/s/files/1/0353/4536/7177/products/DTD200601-AntiqueGold-3600_1.jpg?v=1735857567,DELTA TAU DELTA
The Delt Store,Mustard Karnea Hat,UPI2606184572,Headwear > Billed hats,https://cdn.shopify.com/s/files/1/0353/4536/7177/products/DTD200602-Mustard-AdamsLP101.jpg?v=1593545883,DELTA TAU DELTA
The Delt Store,White/Purple Ringer Tee with Purple and Gold Embroidered Letters,UPI2606183356,Shirts > Short sleeve t-shirts,https://cdn.shopify.com/s/files/1/0353/4536/7177/products/DTD200603-WhitePurple-710.jpg?v=1593565101,DELTA TAU DELTA
The Delt Store,White and Purple Letter Hat,UPI2606183580,Headwear > Billed hats,https://cdn.shopify.com/s/files/1/0353/4536/7177/products/DTD200604-WhitePurple-112.jpg?v=1593546601,DELTA TAU DELTA
The Delt Store,Dark Grey Karnea Sweatshirt,UPI2606187196,Sweatshirts > Crewneck sweatshirts,https://cdn.shopify.com/s/files/1/0353/4536/7177/products/DTD200605-DarkHeather-18000_69ba0d5f-3b8f-4b19-87d6-610d5936483c.jpg?v=1593696091,DELTA TAU DELTA
The Delt Store,White '20 Karnea Tee,UPI26061876601,Shirts > Short sleeve t-shirts,https://cdn.shopify.com/s/files/1/0353/4536/7177/products/DTD200606-White-1717.jpg?v=1593696028,DELTA TAU DELTA
The Delt Store,Purple Crest Polo,UPI2606184028,Shirts > Short sleeve polo shirts,https://cdn.shopify.com/s/files/1/0353/4536/7177/products/DTD200607-Purple-8800.jpg?v=1593548563,DELTA TAU DELTA
The Delt Store,Embroidered Twill Beanie,UPI26061805561,Headwear > Beanies,https://cdn.shopify.com/s/files/1/0353/4536/7177/products/DTD200802-Grey-TW5003-EMB.jpg?v=1735857564,DELTA TAU DELTA
The Delt Store,Sandwash Crew,UPI2606188412,Sweatshirts > Crewneck sweatshirts,https://cdn.shopify.com/s/files/1/0353/4536/7177/products/DTD200803-Maroon-7760.jpg?v=1735857562,DELTA TAU DELTA
The Delt Store,Striped Scarf,UPI2606185676,Apparel > Scarves,https://cdn.shopify.com/s/files/1/0353/4536/7177/products/DTD200804-Maroon-STA02-EMB.jpg?v=1605825050,DELTA TAU DELTA
The Delt Store,Reindeer Games Crew,UPI2606185164,Sweatshirts > Crewneck sweatshirts,https://cdn.shopify.com/s/files/1/0353/4536/7177/products/DTD200805-Froest-18000.jpg?v=1735857561,DELTA TAU DELTA
The Delt Store,Script Hoodie,UPI2606184108,Sweatshirts > Hooded sweatshirts,https://cdn.shopify.com/s/files/1/0353/4536/7177/products/DTD200806-HSpDkGreen-18500.jpg?v=1605825405,DELTA TAU DELTA
The Delt Store,Trees on Tees,UPI2606183852,Shirts > Short sleeve t-shirts,https://cdn.shopify.com/s/files/1/0353/4536/7177/products/DTD200807-HCardinal-3001CVC.jpg?v=1735857560,DELTA TAU DELTA
The Delt Store,Mystic Blue JDRF Pocket Tee,UPI2606181388,Shirts > Short sleeve t-shirts,https://cdn.shopify.com/s/files/1/0353/4536/7177/products/DTD2-1.jpg?v=1593610636,DELTA TAU DELTA
The Delt Store,Big Delt Hoodie,UPI2606188233,Sweatshirts > Hooded sweatshirts,https://cdn.shopify.com/s/files/1/0353/4536/7177/products/DTD210001-Tan-3719.jpg?v=1735857620,DELTA TAU DELTA
The Delt Store,DTD Mom Tee,UPI26061865991,Shirts > Short sleeve t-shirts,https://cdn.shopify.com/s/files/1/0353/4536/7177/products/DTD210201-3001-White.jpg?v=1735857523,DELTA TAU DELTA
The Delt Store,Delt Mom Flowy Tee,UPI2606182972,Shirts > Short sleeve t-shirts,https://cdn.shopify.com/s/files/1/0353/4536/7177/products/DTD210201-White-8816.jpg?v=1619045822,DELTA TAU DELTA
The Delt Store,Delt Mom Hat,UPI2606186684,Bags > Tote bags,https://cdn.shopify.com/s/files/1/0353/4536/7177/products/DTD210202-VC300A-Lavender-EMB.jpg?v=1735857555,DELTA TAU DELTA
The Delt Store,Delt Mom Tote,UPI2606185724,Bags > Tote bags,https://cdn.shopify.com/s/files/1/0353/4536/7177/products/DTD210203-Q800-Lavender.jpg?v=1735857554,DELTA TAU DELTA
The Delt Store,Delt Dad Tee,UPI2606189676,Shirts > Short sleeve t-shirts,https://cdn.shopify.com/s/files/1/0353/4536/7177/products/DTD210204-5000-Purple.jpg?v=1735857557,DELTA TAU DELTA
The Delt Store,Delt Dad Hat,UPI2606187020,Bags > Tote bags,https://cdn.shopify.com/s/files/1/0353/4536/7177/products/DTD210205-VC300A-White-Emb.jpg?v=1735857556,DELTA TAU DELTA
The Delt Store,White and Purple Delt Spouse T-Shirt,UPI2606180908,Shirts > Short sleeve t-shirts,https://cdn.shopify.com/s/files/1/0353/4536/7177/products/DTD210206-White-5000.jpg?v=1735857554,DELTA TAU DELTA
The Delt Store,Yellow Delta Tau Delta Spouse Tee,UPI2606187372,Shirts > Short sleeve t-shirts,https://cdn.shopify.com/s/files/1/0353/4536/7177/products/DTD210207-Cornsilk-5000.jpg?v=1735857553,DELTA TAU DELTA
The Delt Store,Delt Circle Logo Gold Polo,UPI26061809082,Shirts > Short sleeve polo shirts,https://cdn.shopify.com/s/files/1/0353/4536/7177/products/DTD210401-white-A230-EMB.jpg?v=1626127130,DELTA TAU DELTA
The Delt Store,Delt Golf Adidas Polo,UPI26061893241,Shirts > Short sleeve polo shirts,https://cdn.shopify.com/s/files/1/0353/4536/7177/products/DTD210405-Purple-A230-EMB.jpg?v=1735857539,DELTA TAU DELTA
The Delt Store,Golf Hat,UPI26061841561,Headwear > Billed hats,https://cdn.shopify.com/s/files/1/0353/4536/7177/products/DTD210408-Black-6597-Emb.jpg?v=1653010688,DELTA TAU DELTA
The Delt Store,Golf Club T-Shirt,UPI2606187916,Shirts > Short sleeve t-shirts,https://cdn.shopify.com/s/files/1/0353/4536/7177/products/DTD210409-White-5000-Back.jpg?v=1735857538,DELTA TAU DELTA
The Delt Store,Crest Crew Sweatshirt,UPI2606180476,Sweatshirts > Crewneck sweatshirts,https://cdn.shopify.com/s/files/1/0353/4536/7177/products/DTD210501-PRM2500-SteelBlue.jpg?v=1735857536,DELTA TAU DELTA
The Delt Store,Alumni Crest Crew Sweatshirt,UPI2606188620,Sweatshirts > Crewneck sweatshirts,https://cdn.shopify.com/s/files/1/0353/4536/7177/products/DTD210502-PRM3500-PimentBlack.jpg?v=1735857535,DELTA TAU DELTA
The Delt Store,Crest Hoodie,UPI2606183020,Sweatshirts > Hooded sweatshirts,https://cdn.shopify.com/s/files/1/0353/4536/7177/products/DTD210503-18500-Purple-Back.jpg?v=1735857534,DELTA TAU DELTA
The Delt Store,Hat,UPI2606180396,Headwear > Billed hats,https://cdn.shopify.com/s/files/1/0353/4536/7177/products/DTD210504-BA703-Navy-EMB.jpg?v=1735857532,DELTA TAU DELTA
The Delt Store,Alum Hats,UPI2606181980,Headwear > Billed Hats,https://cdn.shopify.com/s/files/1/0353/4536/7177/products/DTD210507-BA703-Black-EMB.jpg?v=1735857531,DELTA TAU DELTA
The Delt Store,Established Beanie,UPI2606185932,Headwear > Beanies,https://cdn.shopify.com/s/files/1/0353/4536/7177/products/DTD210508-SP15-Black-EMB.jpg?v=1735857530,DELTA TAU DELTA
The Delt Store,Large Letter Sweatshirt,UPI26061848761,Sweatshirts > Crewneck sweatshirts,https://cdn.shopify.com/s/files/1/0353/4536/7177/products/DTD210509-18000-Maroon.jpg?v=1735857529,DELTA TAU DELTA
The Delt Store,Alum Large Letter Sweatshirt,UPI2606188652,Sweatshirts > Crewneck sweatshirts,https://cdn.shopify.com/s/files/1/0353/4536/7177/products/DTD210510-18000-MilitaryGreen.jpg?v=1735857528,DELTA TAU DELTA
The Delt Store,DELT Alum Long Sleeve,UPI2606184764,Shirts > Long sleeve t-shirts,https://cdn.shopify.com/s/files/1/0353/4536/7177/products/DTD210511-6014-Violet.jpg?v=1735857527,DELTA TAU DELTA
The Delt Store,Crest Button,UPI2606183132,Apparel > Buttons,https://cdn.shopify.com/s/files/1/0353/4536/7177/products/DTD210513-Button.jpg?v=1735857526,DELTA TAU DELTA
The Delt Store,Established Square Decal,UPI26061809081,Promotional > Decals,https://cdn.shopify.com/s/files/1/0353/4536/7177/products/DTD210514-Sticker.jpg?v=1735857525,DELTA TAU DELTA
The Delt Store,Boxed Shadow Crew Neck Sweatshirt,UPI26061827432,Sweatshirts > Crewneck sweatshirts,https://cdn.shopify.com/s/files/1/0353/4536/7177/products/DTD220101-18000-PURPLE-01.jpg?v=1735857503,DELTA TAU DELTA
The Delt Store,Zapped Delts T-shirt,UPI26061878631,Shirts > Short sleeve t-shirts,https://cdn.shopify.com/s/files/1/0353/4536/7177/products/DTD220102-5000-YELLOW-HAZE-02.jpg?v=1735857503,DELTA TAU DELTA
The Delt Store,Flash Tee,UPI2606180807,Shirts > Short sleeve t-shirts,https://cdn.shopify.com/s/files/1/0353/4536/7177/products/DTD220103-CC-1717-WINE-03.jpg?v=1735857502,DELTA TAU DELTA
The Delt Store,Two Tone Hat,UPI2606189303,Headwear > Billed hats,https://cdn.shopify.com/s/files/1/0353/4536/7177/products/DTD220104-VC300A---WHITE-04.jpg?v=1735857501,DELTA TAU DELTA
The Delt Store,Square Trucker Hat,UPI2606181911,Headwear > Billed hats,https://cdn.shopify.com/s/files/1/0353/4536/7177/products/DTD220106-104C---PURPLE-06.jpg?v=1659040142,DELTA TAU DELTA
The Delt Store,Trucker Hat,UPI26061868391,Headwear > Billed hats,https://cdn.shopify.com/s/files/1/0353/4536/7177/products/DTD220107-6006W----BLACK-07.jpg?v=1659040309,DELTA TAU DELTA
The Delt Store,Sunset Tank,UPI26061841832,Shirts > Tank tops,https://cdn.shopify.com/s/files/1/0353/4536/7177/products/DTD220108-9330---WHITE-08.jpg?v=1735857500,DELTA TAU DELTA
The Delt Store,Wave Tank,UPI2606180999,Shirts > Tank tops,https://cdn.shopify.com/s/files/1/0353/4536/7177/products/DTD220109-8816-BLACK-09back.jpg?v=1735857499,DELTA TAU DELTA
The Delt Store,Glacier Hoodie,UPI26061805671,Sweatshirts > Hooded sweatshirts,https://cdn.shopify.com/s/files/1/0353/4536/7177/products/DTD220110-CD8600---GLACIER-10.jpg?v=1735857497,DELTA TAU DELTA
The Delt Store,Delts Purple Baseball Jersey,UPI2606181223,Shirts > Jerseys,https://cdn.shopify.com/s/files/1/0353/4536/7177/products/DTD220112-N4184-PURPL-FRONT.jpg?v=1659041178,DELTA TAU DELTA
The Delt Store,Forging the Future Polo- Purple,UPI2606188455,Shirts > Short sleeve polo shirts,https://cdn.shopify.com/s/files/1/0353/4536/7177/products/DTD220301-DEEPPURPLE-437.jpg?v=1735857515,DELTA TAU DELTA
The Delt Store,Forging the Future Polo- Sandstone,UPI2606189015,Shirts > Short sleeve polo shirts,https://cdn.shopify.com/s/files/1/0353/4536/7177/products/DTD220302-SANDSTONE-437_1.jpg?v=1735857514,DELTA TAU DELTA
The Delt Store,Forging the Future Polo- Gold,UPI26061836392,Shirts > Short sleeve polo shirts,https://cdn.shopify.com/s/files/1/0353/4536/7177/products/DTD220303-GOLD-437.jpg?v=1735857515,DELTA TAU DELTA
The Delt Store,Forging the Future Crew Neck Sweatshirt- Purple,UPI2606185847,Sweatshirts > Crewneck sweatshirts,https://cdn.shopify.com/s/files/1/0353/4536/7177/products/DTD220304-PURPLE-18000.jpg?v=1735857513,DELTA TAU DELTA
The Delt Store,Forging the Future Crew Neck Sweatshirt- Sand,UPI2606184167,Sweatshirts > Crewneck sweatshirts,https://cdn.shopify.com/s/files/1/0353/4536/7177/products/DTD220305-SAND-18000.jpg?v=1735857511,DELTA TAU DELTA
The Delt Store,Forging the Future Crew Neck Sweatshirt- Gold,UPI2606184599,Sweatshirts > Crewneck sweatshirts,https://cdn.shopify.com/s/files/1/0353/4536/7177/products/DTD220306-GOLD-18000.jpg?v=1735857512,DELTA TAU DELTA
The Delt Store,Forging the Future Pocket Tee,UPI26061894151,Shirts > Short sleeve t-shirts,https://cdn.shopify.com/s/files/1/0353/4536/7177/products/DTD220307-BACK-BUTTER-6030.jpg?v=1735857510,DELTA TAU DELTA
The Delt Store,Forging the Future Pocket Tee,UPI2606181831,Shirts > Short sleeve t-shirts,https://cdn.shopify.com/s/files/1/0353/4536/7177/products/DTD220308-BACK-GRAPE-6030.jpg?v=1735857509,DELTA TAU DELTA
The Delt Store,Forging the Future Pocket Tee,UPI2606188631,Shirts > Short sleeve t-shirts,https://cdn.shopify.com/s/files/1/0353/4536/7177/products/DTD220309-BACK-6030-KHAKI.jpg?v=1735857508,DELTA TAU DELTA
The Delt Store,Forging the Future Pullover,UPI2606184935,Sweatshirts > Crewneck sweatshirts,https://cdn.shopify.com/s/files/1/0353/4536/7177/products/DTD220310-PURPLE-5102.jpg?v=1658498902,DELTA TAU DELTA
The Delt Store,Forging the Future Pullover,UPI2606180039,Sweatshirts > Crewneck sweatshirts,https://cdn.shopify.com/s/files/1/0353/4536/7177/products/DTD220311-GOLD-2785.jpg?v=1735857507,DELTA TAU DELTA
The Delt Store,Forging the Future Pullover,UPI2606189223,Sweatshirts > Crewneck sweatshirts,https://cdn.shopify.com/s/files/1/0353/4536/7177/products/DTD220312-GRAPHITE-2785.jpg?v=1735857508,DELTA TAU DELTA
The Delt Store,Forging the Future Zephyr 1/2-Zip Pullover,UPI26061861032,Outerwear > Jackets,https://cdn.shopify.com/s/files/1/0353/4536/7177/products/DTD220313-BLACK-J343.jpg?v=1735857506,DELTA TAU DELTA
The Delt Store,Forging the Future Zephyr 1/2-Zip Pullover,UPI26061882471,Outerwear > Jackets,https://cdn.shopify.com/s/files/1/0353/4536/7177/products/DTD220314-STEEL-J343.jpg?v=1735857505,DELTA TAU DELTA
The Delt Store,Delta Tau Delta Basic Tee,UPI26061877831,Shirts > Short sleeve t-shirts,https://cdn.shopify.com/s/files/1/0353/4536/7177/products/DTD220401-TEAMPURPLE-3001.jpg?v=1676389915,DELTA TAU DELTA
The Delt Store,Logo Crewneck,UPI2606188519,Sweatshirts > Crewneck sweatshirts,https://cdn.shopify.com/s/files/1/0353/4536/7177/products/DTD220402-SPORTGREY-18000.jpg?v=1735857438,DELTA TAU DELTA
The Delt Store,Purple Logo Polo,UPI26061804391,Shirts > Short sleeve polo shirts,https://cdn.shopify.com/s/files/1/0353/4536/7177/products/DTD220403-CAMPUSPURPLE-88181-EMB.jpg?v=1676390296,DELTA TAU DELTA
The Delt Store,Black Crest Polo,UPI26061868871,Shirts > Short sleeve polo shirts,https://cdn.shopify.com/s/files/1/0353/4536/7177/products/DTD220404-BLACK-88181-EMB.jpg?v=1676390400,DELTA TAU DELTA
The Delt Store,Torrent Waterproof Jacket,UPI2606185943,Outerwear > Jackets,https://cdn.shopify.com/s/files/1/0353/4536/7177/products/DTD220405-TRUENAVY-J333-EMB.jpg?v=1735857437,DELTA TAU DELTA
The Delt Store,Delta Tau Delta Basic Tee,UPI26061856071,Shirts > Short sleeve t-shirts,https://cdn.shopify.com/s/files/1/0353/4536/7177/products/DTD220406-WHITE-3001.jpg?v=1676391868,DELTA TAU DELTA
The Delt Store,Repeat Hoodie,UPI26061825991,Sweatshirts > Hooded sweatshirts,https://cdn.shopify.com/s/files/1/0353/4536/7177/products/DTD220407-WHITE-18500.jpg?v=1735857436,DELTA TAU DELTA
The Delt Store,Dark Lavender Tee,UPI2606185927,Shirts > Short sleeve t-shirts,https://cdn.shopify.com/s/files/1/0353/4536/7177/products/DTD220408-DARKLAVENDAR-3001.jpg?v=1735857435,DELTA TAU DELTA
The Delt Store,Committed Crewneck,UPI26061800552,Sweatshirts > Crewneck sweatshirts,https://cdn.shopify.com/s/files/1/0353/4536/7177/products/DTD220409-PURPLE-18000.jpg?v=1735857434,DELTA TAU DELTA
The Delt Store,Straight Outta WV Tee,UPI26061807431,Shirts > Short sleeve t-shirts,https://cdn.shopify.com/s/files/1/0353/4536/7177/products/DTD2204100-STORM-3001.jpg?v=1735857441,DELTA TAU DELTA
The Delt Store,Founders Names Tee,UPI2606182711,Shirts > Short sleeve t-shirts,https://cdn.shopify.com/s/files/1/0353/4536/7177/products/DTD2204101-VINTAGE-WHITE-3001.jpg?v=1735857440,DELTA TAU DELTA
The Delt Store,Butter Up Crewneck,UPI2606189143,Sweatshirts > Crewneck sweatshirts,https://cdn.shopify.com/s/files/1/0353/4536/7177/products/DTD2204102-BUTTER-1566.jpg?v=1735857440,DELTA TAU DELTA
The Delt Store,Eight Men Founders Tee,UPI2606181287,Shirts > Short sleeve t-shirts,https://cdn.shopify.com/s/files/1/0353/4536/7177/products/DTD2204103-KHAKI-1717.jpg?v=1735857439,DELTA TAU DELTA
The Delt Store,Grey Cardigan,UPI26061807112,Apparel > Sweaters,https://cdn.shopify.com/s/files/1/0353/4536/7177/products/DTD220410-GREYHEATHER-M425-EMB.jpg?v=1735857433,DELTA TAU DELTA
The Delt Store,Black Cardigan,UPI2606182439,Apparel > Sweaters,https://cdn.shopify.com/s/files/1/0353/4536/7177/products/DTD220411-BLACK-M425-EMB.jpg?v=1735857432,DELTA TAU DELTA
The Delt Store,Logo Nylon Pullover,UPI26061800551,Outerwear > Jackets,https://cdn.shopify.com/s/files/1/0353/4536/7177/products/DTD220412-PURPLE-9905-EMB.jpg?v=1735857431,DELTA TAU DELTA
The Delt Store,Delta Tau Delta Pride Tee,UPI26061897352,Shirts > Short sleeve t-shirts,https://cdn.shopify.com/s/files/1/0353/4536/7177/products/DTD2204135-WHITE-3001.jpg?v=1735857428,DELTA TAU DELTA
The Delt Store,Multicolor Tee,UPI2606184023,Shirts > Short sleeve t-shirts,https://cdn.shopify.com/s/files/1/0353/4536/7177/products/DTD2204136-WHITE-3001.jpg?v=1735857427,DELTA TAU DELTA
The Delt Store,Multicolor Crewneck,UPI26061821511,Sweatshirts > Crewneck sweatshirts,https://cdn.shopify.com/s/files/1/0353/4536/7177/products/DTD2204137-WHITE-18000.jpg?v=1735857427,DELTA TAU DELTA
The Delt Store,Happy Hanukkah Tee,UPI26061816391,Shirts > Short sleeve t-shirts,https://cdn.shopify.com/s/files/1/0353/4536/7177/products/DTD2204138-BLACK-1717.jpg?v=1735857492,DELTA TAU DELTA
The Delt Store,Reindeer Games Crewneck,UPI26061875271,Sweatshirts > Crewneck sweatshirts,https://cdn.shopify.com/s/files/1/0353/4536/7177/products/DTD2204139-RED-18000.jpg?v=1735857495,DELTA TAU DELTA
The Delt Store,DTD V-Neck Tee,UPI26061886471,Shirts > Short sleeve t-shirts,https://cdn.shopify.com/s/files/1/0353/4536/7177/products/DTD220413-PURPLERUSH-6240.jpg?v=1735857430,DELTA TAU DELTA
The Delt Store,Reindeer Games Tee,UPI2606183511,Shirts > Short sleeve t-shirts,https://cdn.shopify.com/s/files/1/0353/4536/7177/products/DTD2204140-EMERALD-1717.jpg?v=1735857494,DELTA TAU DELTA
The Delt Store,Skeleton Crewneck,UPI26061830471,Sweatshirts > Crewneck sweatshirts,https://cdn.shopify.com/s/files/1/0353/4536/7177/products/DTD2204141-BLACK-18000.jpg?v=1735857426,DELTA TAU DELTA
The Delt Store,Frankenstein Tee,UPI2606186263,Shirts > Short sleeve t-shirts,https://cdn.shopify.com/s/files/1/0353/4536/7177/products/DTD2204142-YAM-1717.jpg?v=1735857425,DELTA TAU DELTA
The Delt Store,Delta Tau Delta at Heart Tee,UPI26061839431,Shirts > Short sleeve t-shirts,https://cdn.shopify.com/s/files/1/0353/4536/7177/products/DTD2204143-WHITE-3001.jpg?v=1735857424,DELTA TAU DELTA
The Delt Store,American Crewneck,UPI26061809991,Sweatshirts > Crewneck sweatshirts,https://cdn.shopify.com/s/files/1/0353/4536/7177/products/DTD2204144-NAVY-18000.jpg?v=1735857423,DELTA TAU DELTA
The Delt Store,American Tee,UPI2606180823,Shirts > Short sleeve t-shirts,https://cdn.shopify.com/s/files/1/0353/4536/7177/products/DTD2204145-FLOBLUE-1717.jpg?v=1735857422,DELTA TAU DELTA
The Delt Store,Take Pride In Crewneck,UPI26061844871,Sweatshirts > Crewneck sweatshirts,https://cdn.shopify.com/s/files/1/0353/4536/7177/products/DTD2204146-WHITE-18000.jpg?v=1735857421,DELTA TAU DELTA
The Delt Store,It's a Good Day Crewneck,UPI26061892231,Sweatshirts > Crewneck sweatshirts,https://cdn.shopify.com/s/files/1/0353/4536/7177/products/DTD2204147-BUTTER-1566_1.jpg?v=1735857420,DELTA TAU DELTA
The Delt Store,Many Faces Crewneck,UPI2606186903,Sweatshirts > Crewneck sweatshirts,https://cdn.shopify.com/s/files/1/0353/4536/7177/products/DTD2204148-WHITE-1566.jpg?v=1735857419,DELTA TAU DELTA
The Delt Store,Barcode Hoodie,UPI26061867272,Sweatshirts > Hooded sweatshirts,https://cdn.shopify.com/s/files/1/0353/4536/7177/products/DTD2204149-BLACK-18500.jpg?v=1735857418,DELTA TAU DELTA
The Delt Store,Committed V-Neck Tee,UPI26061897351,Shirts > Short sleeve t-shirts,https://cdn.shopify.com/s/files/1/0353/4536/7177/products/DTD220414-WHITE-6240.jpg?v=1735857429,DELTA TAU DELTA
The Delt Store,Be Bold Tee,UPI2606181271,Shirts > Short sleeve t-shirts,https://cdn.shopify.com/s/files/1/0353/4536/7177/products/DTD220415-TEAMPURPLE-3001_1.jpg?v=1668702936,DELTA TAU DELTA
The Delt Store,1858 Crest Crewneck,UPI2606187703,Sweatshirts > Crewneck sweatshirts,https://cdn.shopify.com/s/files/1/0353/4536/7177/products/DTD220416-ATHLHTHR-3901.jpg?v=1735857491,DELTA TAU DELTA
The Delt Store,Charcoal Turns to Diamonds Crewneck,UPI2606182887,Sweatshirts > Crewneck sweatshirts,https://cdn.shopify.com/s/files/1/0353/4536/7177/products/DTD220417-CHARCOAL-18000.jpg?v=1735857489,DELTA TAU DELTA
The Delt Store,Delta Pennant Tee,UPI2606187927,Shirts > Short sleeve t-shirts,https://cdn.shopify.com/s/files/1/0353/4536/7177/products/DTD220418-NAVY-1717.jpg?v=1735857488,DELTA TAU DELTA
The Delt Store,Ivory Seal Long Sleeve,UPI2606180167,Shirts > Long sleeve t-shirts,https://cdn.shopify.com/s/files/1/0353/4536/7177/products/DTD220419-IVORY-6014.jpg?v=1735857487,DELTA TAU DELTA
The Delt Store,Be Bold Crewneck,UPI2606181159,Sweatshirts > Crewneck sweatshirts,https://cdn.shopify.com/s/files/1/0353/4536/7177/products/DTD220420-ASH-18000.jpg?v=1735857486,DELTA TAU DELTA
The Delt Store,Bottle Cap Crewneck,UPI2606182151,Sweatshirts > Crewneck sweatshirts,https://cdn.shopify.com/s/files/1/0353/4536/7177/products/DTD220421-BLACK-3901.jpg?v=1735857486,DELTA TAU DELTA
The Delt Store,Classic Statement Tee,UPI26061852872,Shirts > Short sleeve t-shirts,https://cdn.shopify.com/s/files/1/0353/4536/7177/products/DTD220423-ATHHTHR-3001.jpg?v=1735857485,DELTA TAU DELTA
The Delt Store,Excellence Hoodie,UPI26061885191,Sweatshirts > Hooded sweatshirts,https://cdn.shopify.com/s/files/1/0353/4536/7177/products/DTD220424-HTRGREY-JHA001.jpg?v=1735857484,DELTA TAU DELTA
The Delt Store,Varsity Hoodie,UPI2606187991,Sweatshirts > Hooded sweatshirts,https://cdn.shopify.com/s/files/1/0353/4536/7177/products/DTD220425-PURPLE-JHA001.jpg?v=1735857483,DELTA TAU DELTA
The Delt Store,Classic Statement Tee,UPI2606185415,Shirts > Short sleeve t-shirts,https://cdn.shopify.com/s/files/1/0353/4536/7177/products/DTD220426-MUSTARD-1717.jpg?v=1735857482,DELTA TAU DELTA
The Delt Store,Bold Crest Crewneck,UPI26061824871,Sweatshirts > Crewneck sweatshirts,https://cdn.shopify.com/s/files/1/0353/4536/7177/products/DTD220427-PURPLE-18000.jpg?v=1735857481,DELTA TAU DELTA
The Delt Store,Varsity Long Sleeve,UPI26061874151,Shirts > Long sleeve t-shirts,https://cdn.shopify.com/s/files/1/0353/4536/7177/products/DTD220428-NAVY-6014.jpg?v=1735857481,DELTA TAU DELTA
The Delt Store,Eye on the Prize Tee,UPI2606187463,Shirts > Short sleeve t-shirts,https://cdn.shopify.com/s/files/1/0353/4536/7177/products/DTD220429-MUSTARD-1717.jpg?v=1735857480,DELTA TAU DELTA
The Delt Store,Grape Monogram Tee,UPI2606187207,Shirts > Short sleeve t-shirts,https://cdn.shopify.com/s/files/1/0353/4536/7177/products/DTD220431-GRAPE-1717.jpg?v=1735857479,DELTA TAU DELTA
The Delt Store,Excellence Pocket Tee,UPI2606187127,Shirts > Short sleeve t-shirts,https://cdn.shopify.com/s/files/1/0353/4536/7177/products/DTD220432-WHITE-6030-BACK.jpg?v=1735857478,DELTA TAU DELTA
The Delt Store,Local Team Pocket Tee,UPI2606186423,Shirts > Short sleeve t-shirts,https://cdn.shopify.com/s/files/1/0353/4536/7177/products/DTD220433-VIOLET-6030-BACK.jpg?v=1735857477,DELTA TAU DELTA
The Delt Store,Eye on the Prize Pocket Tee,UPI2606184471,Shirts > Short sleeve t-shirts,https://cdn.shopify.com/s/files/1/0353/4536/7177/products/DTD220434-IVORY-6030-BACK.jpg?v=1735857476,DELTA TAU DELTA
The Delt Store,Outline Crewneck,UPI26061894792,Sweatshirts > Crewneck sweatshirts,https://cdn.shopify.com/s/files/1/0353/4536/7177/products/DTD220435-WHITE-18000.jpg?v=1735857475,DELTA TAU DELTA
The Delt Store,Classic Club Athletics Tee,UPI2606185831,Shirts > Short sleeve t-shirts,https://cdn.shopify.com/s/files/1/0353/4536/7177/products/DTD220436-WHITE-3001.jpg?v=1735857474,DELTA TAU DELTA
The Delt Store,Shield Tee,UPI2606182087,Shirts > Short sleeve t-shirts,https://cdn.shopify.com/s/files/1/0353/4536/7177/products/DTD220437-SOFTCREAM-3001.jpg?v=1735857473,DELTA TAU DELTA
The Delt Store,Shield Tee,UPI260618843024,Shirts > Short sleeve t-shirts,https://cdn.shopify.com/s/files/1/0353/4536/7177/products/DTD220437-SOFTCREAM-3001.jpg?v=1735857473,DELTA TAU DELTA
The Delt Store,1858 Tee,UPI26061875593,Shirts > Short sleeve t-shirts,https://cdn.shopify.com/s/files/1/0353/4536/7177/products/DTD220438-SILVER-3001.jpg?v=1735857473,DELTA TAU DELTA
The Delt Store,Convex Tee,UPI26061831911,Shirts > Short sleeve t-shirts,https://cdn.shopify.com/s/files/1/0353/4536/7177/products/DTD220439-IVORY-1717.jpg?v=1735857472,DELTA TAU DELTA
The Delt Store,Team Script Tee,UPI26061897191,Shirts > Short sleeve t-shirts,https://cdn.shopify.com/s/files/1/0353/4536/7177/products/DTD220440-EVERGREEN-3001.jpg?v=1735857471,DELTA TAU DELTA
The Delt Store,Fine Line Tee,UPI2606185975,Shirts > Short sleeve t-shirts,https://cdn.shopify.com/s/files/1/0353/4536/7177/products/DTD220441-PEPPER-1717.jpg?v=1735857470,DELTA TAU DELTA
The Delt Store,Script Est. Crewneck,UPI26061883911,Sweatshirts > Crewneck sweatshirts,https://cdn.shopify.com/s/files/1/0353/4536/7177/products/DTD220442-WHITE-18000.jpg?v=1735857469,DELTA TAU DELTA
The Delt Store,Skywalker Crewneck,UPI26061892071,Sweatshirts > Crewneck sweatshirts,https://cdn.shopify.com/s/files/1/0353/4536/7177/products/DTD220443-BLACK-18000.jpg?v=1735857468,DELTA TAU DELTA
The Delt Store,Classic Greek Crewneck,UPI26061876071,Sweatshirts > Crewneck sweatshirts,https://cdn.shopify.com/s/files/1/0353/4536/7177/products/DTD220444-DARKHTHR-18000.jpg?v=1735857467,DELTA TAU DELTA
The Delt Store,Set the Bar Crewneck,UPI26061835111,Sweatshirts > Crewneck sweatshirts,https://cdn.shopify.com/s/files/1/0353/4536/7177/products/DTD220446-LTASH-3901.jpg?v=1735857466,DELTA TAU DELTA
The Delt Store,Team Script Crewneck,UPI2606186023,Sweatshirts > Crewneck sweatshirts,https://cdn.shopify.com/s/files/1/0353/4536/7177/products/DTD220447-HTHRDUST-3901.jpg?v=1668715103,DELTA TAU DELTA
The Delt Store,Classic Greek Hoodie,UPI26061863911,Sweatshirts > Hooded sweatshirts,https://cdn.shopify.com/s/files/1/0353/4536/7177/products/DTD220448-AIRFORCEBLUE-JHA001.jpg?v=1735857465,DELTA TAU DELTA
The Delt Store,Est. Hoodie,UPI26061813191,Sweatshirts > Hooded sweatshirts,https://cdn.shopify.com/s/files/1/0353/4536/7177/products/DTD220449-PURPLE-JHA001.jpg?v=1735857464,DELTA TAU DELTA
The Delt Store,1858 Long Sleeve,UPI2606185799,Shirts > Long sleeve t-shirts,https://cdn.shopify.com/s/files/1/0353/4536/7177/products/DTD220452-WHITE-6014.jpg?v=1735857463,DELTA TAU DELTA
The Delt Store,Delts 1858 Long Sleeve,UPI2606184647,Shirts > Long sleeve t-shirts,https://cdn.shopify.com/s/files/1/0353/4536/7177/products/DTD220453-GRAPE-6014.jpg?v=1735857462,DELTA TAU DELTA
The Delt Store,Blue Jean Pocket Tee,UPI26061817511,Shirts > Short sleeve t-shirts,https://cdn.shopify.com/s/files/1/0353/4536/7177/products/DTD220454-BLUEJEAN-6030-BACK.jpg?v=1735857461,DELTA TAU DELTA
The Delt Store,Peppered Pocket Tee,UPI2606181239,Shirts > Short sleeve t-shirts,https://cdn.shopify.com/s/files/1/0353/4536/7177/products/DTD220455-GRAPHITE-1717-BACK.jpg?v=1735857460,DELTA TAU DELTA
The Delt Store,Violet LED Pocket Tee,UPI26061847112,Shirts > Short sleeve t-shirts,https://cdn.shopify.com/s/files/1/0353/4536/7177/products/DTD220456-VIOLET-1717-BACK_1.jpg?v=1735857459,DELTA TAU DELTA
The Delt Store,Purple and Gold Alumnus T-Shirt,UPI2606185623,Shirts > Short sleeve t-shirts,https://cdn.shopify.com/s/files/1/0353/4536/7177/products/DTD220457-TEAMPURPLE-3001_1.jpg?v=1735857417,DELTA TAU DELTA
The Delt Store,Lined Alumnus Tee,UPI26061894631,Shirts > Short sleeve t-shirts,https://cdn.shopify.com/s/files/1/0353/4536/7177/products/DTD220458-MUSTARD-1717.jpg?v=1735857416,DELTA TAU DELTA
The Delt Store,Asphalt Alumnus Tee,UPI2606187767,Shirts > Short sleeve t-shirts,https://cdn.shopify.com/s/files/1/0353/4536/7177/products/DTD220459-ASPHALT-3001.jpg?v=1735857415,DELTA TAU DELTA
The Delt Store,Layered Alumnus Tee,UPI2606189911,Shirts > Short sleeve t-shirts,https://cdn.shopify.com/s/files/1/0353/4536/7177/products/DTD220460-WHITE-3001.jpg?v=1735857414,DELTA TAU DELTA
The Delt Store,Layered Alumnus Polo,UPI26061831271,Shirts > Short sleeve polo shirts,https://cdn.shopify.com/s/files/1/0353/4536/7177/products/DTD220461-WHITE-88181.jpg?v=1735857414,DELTA TAU DELTA
The Delt Store,Lined Alumnus Polo,UPI2606189111,Shirts > Short sleeve polo shirts,https://cdn.shopify.com/s/files/1/0353/4536/7177/products/DTD220462-CAMPUSPURPLE-88181-EMB.jpg?v=1735857413,DELTA TAU DELTA
The Delt Store,DTD Alumnus Cardigan,UPI26061829511,Apparel > Sweaters,https://cdn.shopify.com/s/files/1/0353/4536/7177/products/DTD220463-BLACK-M425-EMB.jpg?v=1735857412,DELTA TAU DELTA
The Delt Store,Lined Alumnus Cardigan,UPI2606180631,Apparel > Sweaters,https://cdn.shopify.com/s/files/1/0353/4536/7177/products/DTD220464-GREYHTHR-M425-EMB.jpg?v=1735857411,DELTA TAU DELTA
The Delt Store,Purple and Gold Alumnus Crewneck,UPI2606186615,Sweatshirts > Crewneck sweatshirts,https://cdn.shopify.com/s/files/1/0353/4536/7177/products/DTD220466-PURPLE-JHA030.jpg?v=1735857409,DELTA TAU DELTA
The Delt Store,Artic Alumnus Crewneck,UPI2606185991,Sweatshirts > Crewneck sweatshirts,https://cdn.shopify.com/s/files/1/0353/4536/7177/products/DTD220467-ARCTICWHITE-JHA030.jpg?v=1735857408,DELTA TAU DELTA
The Delt Store,DTD Alumnus Microfleece Jacket,UPI2606188135,Outerwear > Jackets,https://cdn.shopify.com/s/files/1/0353/4536/7177/products/DTD220468-SPORTDRKNAVY-TT90-EMB.jpg?v=1735857407,DELTA TAU DELTA
The Delt Store,Lined Alumnus Microfleece Jacket,UPI26061802792,Outerwear > Jackets,https://cdn.shopify.com/s/files/1/0353/4536/7177/products/DTD220469-SPORTGRAPHITE-TT90-EMB.jpg?v=1735857406,DELTA TAU DELTA
The Delt Store,Delt Dad Tee,UPI2606181351,Shirts > Short sleeve t-shirts,https://cdn.shopify.com/s/files/1/0353/4536/7177/products/DTD220470-DARKGREY-3001.jpg?v=1735857405,DELTA TAU DELTA
The Delt Store,DTD Mom Tee,UPI26061801031,Shirts > Short sleeve t-shirts,https://cdn.shopify.com/s/files/1/0353/4536/7177/products/DTD220471-LILAC-3001.jpg?v=1735857404,DELTA TAU DELTA
The Delt Store,DTD Script Mom Crewneck,UPI2606183319,Sweatshirts > Crewneck sweatshirts,https://cdn.shopify.com/s/files/1/0353/4536/7177/products/DTD220472-PURPLE-JHA030.jpg?v=1735857403,DELTA TAU DELTA
The Delt Store,DTD Dad Crewneck,UPI26061871591,Sweatshirts > Crewneck sweatshirts,https://cdn.shopify.com/s/files/1/0353/4536/7177/products/DTD220473-DARKHEATHER-18000.jpg?v=1735857403,DELTA TAU DELTA
The Delt Store,Crystal Wash Purple Tee,UPI26061849671,Shirts > Short sleeve t-shirts,https://cdn.shopify.com/s/files/1/0353/4536/7177/products/DTD220481-PURPLE-1390.jpg?v=1674234179,DELTA TAU DELTA
The Delt Store,Delts Wave tee,UPI26061823111,Shirts > Short sleeve t-shirts,https://cdn.shopify.com/s/files/1/0353/4536/7177/products/DTD220482-ZEROG-CD100.jpg?v=1735857458,DELTA TAU DELTA
The Delt Store,Touchdown Tee,UPI26061825031,Shirts > Short sleeve t-shirts,https://cdn.shopify.com/s/files/1/0353/4536/7177/products/DTD220484-VINTAGESMKEWHT-6937.jpg?v=1735857456,DELTA TAU DELTA
The Delt Store,Touchdown Tee,UPI260618710217,Shirts > Short sleeve t-shirts,https://cdn.shopify.com/s/files/1/0353/4536/7177/products/DTD220484-VINTAGESMKEWHT-6937.jpg?v=1735857456,DELTA TAU DELTA
The Delt Store,Purple Triblend Tank,UPI26061863592,Shirts > Tank tops,https://cdn.shopify.com/s/files/1/0353/4536/7177/products/DTD220485-PURPLETRIBLEND-3480.jpg?v=1735857455,DELTA TAU DELTA
The Delt Store,Since 1858 Crewneck,UPI26061861031,Sweatshirts > Crewneck sweatshirts,https://cdn.shopify.com/s/files/1/0353/4536/7177/products/DTD220486-DARKHEATHER-18000.jpg?v=1674239283,DELTA TAU DELTA
The Delt Store,Established Excellence Crewneck,UPI2606186199,Sweatshirts > Crewneck sweatshirts,https://cdn.shopify.com/s/files/1/0353/4536/7177/products/DTD220487-PURPLE-18000.jpg?v=1735857454,DELTA TAU DELTA
The Delt Store,Etched in Sand Crewneck,UPI26061873671,Sweatshirts > Crewneck sweatshirts,https://cdn.shopify.com/s/files/1/0353/4536/7177/products/DTD220488-SAND-18000-BACK.jpg?v=1735857453,DELTA TAU DELTA
The Delt Store,Sway Hoodie,UPI2606185767,Sweatshirts > Hooded sweatshirts,https://cdn.shopify.com/s/files/1/0353/4536/7177/products/DTD220489-WHITE-18500-BACK.jpg?v=1735857452,DELTA TAU DELTA
The Delt Store,Twelve Hoodie,UPI26061897031,Sweatshirts > Hooded sweatshirts,https://cdn.shopify.com/s/files/1/0353/4536/7177/products/DTD220490-GOLD-18500-BACK.jpg?v=1735857451,DELTA TAU DELTA
The Delt Store,Another Outline Crewneck,UPI26061847113,Sweatshirts > Crewneck sweatshirts,https://cdn.shopify.com/s/files/1/0353/4536/7177/products/DTD220491-WHITE-18000.jpg?v=1735857450,DELTA TAU DELTA
The Delt Store,Paleography Tee,UPI2606181415,Shirts > Short sleeve t-shirts,https://cdn.shopify.com/s/files/1/0353/4536/7177/products/DTD220492-SILVER-3001.jpg?v=1735857449,DELTA TAU DELTA
The Delt Store,Paleography Tee,UPI2606185703,Shirts > Short sleeve t-shirts,https://cdn.shopify.com/s/files/1/0353/4536/7177/products/DTD220493-WHITE-3001_1.jpg?v=1735857448,DELTA TAU DELTA
The Delt Store,DTD in 1858 Tank,UPI26061899111,Shirts > Tank tops,https://cdn.shopify.com/s/files/1/0353/4536/7177/products/DTD220494-ASH-3480.jpg?v=1735857447,DELTA TAU DELTA
The Delt Store,Flip It and Reverse It Tee,UPI2606184295,Shirts > Short sleeve t-shirts,https://cdn.shopify.com/s/files/1/0353/4536/7177/products/DTD220495-BLAC-3001-BACK.jpg?v=1735857446,DELTA TAU DELTA
The Delt Store,Etched in Charcoal Crewneck,UPI26061805511,Sweatshirts > Crewneck sweatshirts,https://cdn.shopify.com/s/files/1/0353/4536/7177/products/DTD220496-CHARCOAL-18000-BACK.jpg?v=1735857445,DELTA TAU DELTA
The Delt Store,Homerun Tee,UPI26061855591,Shirts > Short sleeve t-shirts,https://cdn.shopify.com/s/files/1/0353/4536/7177/products/DTD220497-WHITEPURPLE-5700.jpg?v=1674240626,DELTA TAU DELTA
The Delt Store,Bethany WV Long Sleeve,UPI26061836871,Shirts > Long sleeve t-shirts,https://cdn.shopify.com/s/files/1/0353/4536/7177/products/DTD220498-GRAPE-6014-BACK.jpg?v=1735857444,DELTA TAU DELTA
The Delt Store,Portrait Crewneck,UPI26061885991,Sweatshirts > Crewneck sweatshirts,https://cdn.shopify.com/s/files/1/0353/4536/7177/products/DTD220499-CHARCOAL-18000.jpg?v=1735857443,DELTA TAU DELTA
The Delt Store,Walking JDRF Pocket Tee,UPI2606181692,Shirts > Short sleeve t-shirts,https://cdn.shopify.com/s/files/1/0353/4536/7177/products/DTD3.jpg?v=1593610801,DELTA TAU DELTA
The Delt Store,Graduation Cord,UPI2606184940,Apparel > Graduation cords,https://cdn.shopify.com/s/files/1/0353/4536/7177/products/DTD-Cords.jpg?v=1735857524,DELTA TAU DELTA
The Delt Store,Delta Tau Delta Gaiter,UPI2606182140,Apparel > Face masks,https://cdn.shopify.com/s/files/1/0353/4536/7177/products/DTDGaiter1.jpg?v=1735857565,DELTA TAU DELTA
The Delt Store,Delta Tau Delta Mask,UPI2606185788,Apparel > Face masks,https://cdn.shopify.com/s/files/1/0353/4536/7177/products/DTDMASK3.jpg?v=1735857566,DELTA TAU DELTA
The Delt Store,Graduation Stole,UPI2606185303,Apparel > Stoles,https://cdn.shopify.com/s/files/1/0353/4536/7177/products/DTD-Stole-2.jpg?v=1735857518,DELTA TAU DELTA
The Delt Store,Delta Tau Delta on Fire,UPI2606181180,Shirts > Short sleeve t-shirts,https://cdn.shopify.com/s/files/1/0353/4536/7177/products/evzQ-eLw.jpg?v=1735857552,DELTA TAU DELTA
The Delt Store,IPAY-FOUNDING T-Shirt,UPI26061894472,Shirts > Short sleeve t-shirts,https://cdn.shopify.com/s/files/1/0353/4536/7177/products/founding-2201424_1.jpg?v=1643388857,DELTA TAU DELTA
The Delt Store,Happy Delts Tank,UPI26061817401,Shirts > Tank tops,https://cdn.shopify.com/s/files/1/0353/4536/7177/products/HdjCNfEw.jpg?v=1735857550,DELTA TAU DELTA
The Delt Store,Teal Crystal Tie-Dye Tee,UPI2606188140,Shirts > Short sleeve t-shirts,https://cdn.shopify.com/s/files/1/0353/4536/7177/products/ie5EftsA.jpg?v=1735857541,DELTA TAU DELTA
The Delt Store,Purple Tie-Dye Tee,UPI2606188476,Shirts > Short sleeve t-shirts,https://cdn.shopify.com/s/files/1/0353/4536/7177/products/ieeFdIaA.jpg?v=1735857542,DELTA TAU DELTA
The Delt Store,Bodly DTD Hat,UPI2606185239,Headwear > Billed hats,https://cdn.shopify.com/s/files/1/0353/4536/7177/products/IMG_2248001.jpg?v=1658845709,DELTA TAU DELTA
The Delt Store,Navy Outline Sweatshirt,UPI2606182199,Sweatshirts > Crewneck sweatshirts,https://cdn.shopify.com/s/files/1/0353/4536/7177/products/IMG_2249.jpg?v=1658447712,DELTA TAU DELTA
The Delt Store,Cardinal Red DTD Sweatshirt,UPI2606184327,Sweatshirts > Crewneck sweatshirts,https://cdn.shopify.com/s/files/1/0353/4536/7177/products/IMG_2250.jpg?v=1658447558,DELTA TAU DELTA
The Delt Store,Deep Outlined Tee,UPI26061898471,Shirts > Short sleeve t-shirts,https://cdn.shopify.com/s/files/1/0353/4536/7177/products/IMG_2251.jpg?v=1735857516,DELTA TAU DELTA
The Delt Store,Graphic Scene Sweatshirt,UPI2606182519,Sweatshirts > Crewneck sweatshirts,https://cdn.shopify.com/s/files/1/0353/4536/7177/products/IMG_2259001.jpg?v=1735857504,DELTA TAU DELTA
The Delt Store,Gold Delts Outline Crew Neck Sweatshirt,UPI26061841511,Sweatshirts > Crewneck sweatshirts,https://cdn.shopify.com/s/files/1/0353/4536/7177/products/IMG_2262.jpg?v=1659707551,DELTA TAU DELTA
The Delt Store,All Purple DTD Tee,UPI2606181975,Shirts > Short sleeve t-shirts,https://cdn.shopify.com/s/files/1/0353/4536/7177/products/IMG_2264.jpg?v=1658844632,DELTA TAU DELTA
The Delt Store,Home of the Delts,UPI2606183383,Shirts > Short sleeve t-shirts,https://cdn.shopify.com/s/files/1/0353/4536/7177/products/IMG_2266.jpg?v=1735857517,DELTA TAU DELTA
The Delt Store,Purple Boxed Letters Tee,UPI26061855592,Shirts > Short sleeve t-shirts,https://cdn.shopify.com/s/files/1/0353/4536/7177/products/IMG_2287.jpg?v=1735857496,DELTA TAU DELTA
The Delt Store,Not Your Average Delts Hoodie- Black,UPI2606188023,Sweatshirts > Hooded sweatshirts,https://cdn.shopify.com/s/files/1/0353/4536/7177/products/IMG_2312.jpg?v=1661642826,DELTA TAU DELTA
The Delt Store,Old English Crew Neck Sweatshirt,UPI26061811752,Sweatshirts > Crewneck sweatshirts,https://cdn.shopify.com/s/files/1/0353/4536/7177/products/IMG_2318001.jpg?v=1661643577,DELTA TAU DELTA
The Delt Store,Old English Crew Neck Tee,UPI2606189127,Shirts > Short sleeve t-shirts,https://cdn.shopify.com/s/files/1/0353/4536/7177/products/IMG_2319.jpg?v=1661644124,DELTA TAU DELTA
The Delt Store,Crystal Blue Tie-Dye Tee,UPI2606182983,Shirts > Short sleeve t-shirts,https://cdn.shopify.com/s/files/1/0353/4536/7177/products/IMG_2321.jpg?v=1661644062,DELTA TAU DELTA
The Delt Store,Gone Golfing Pink Polo,UPI26061863591,Shirts > Short sleeve polo shirts,https://cdn.shopify.com/s/files/1/0353/4536/7177/products/IMG_2330.jpg?v=1661644979,DELTA TAU DELTA
The Delt Store,Neon Green Tank,UPI26061845721,Shirts > Tank tops,https://cdn.shopify.com/s/files/1/0353/4536/7177/products/IvBUBeqQ.jpg?v=1735857546,DELTA TAU DELTA
The Delt Store,Lemon Lime Tie-Dye Tee,UPI2606189724,Shirts > Short sleeve t-shirts,https://cdn.shopify.com/s/files/1/0353/4536/7177/products/JTgqWPMQ.jpg?v=1622148718,DELTA TAU DELTA
The Delt Store,2020 Virtual Karnea Shirt,UPI2606182060,Shirts > Short sleeve t-shirts,https://cdn.shopify.com/s/files/1/0353/4536/7177/products/Karnea20_Back.gif?v=1595612346,DELTA TAU DELTA
The Delt Store,IPAY- MELT T-Shirt,UPI26061832551,Shirts > Short sleeve t-shirts,https://cdn.shopify.com/s/files/1/0353/4536/7177/products/MELT-2206308.jpg?v=1648048898,DELTA TAU DELTA
The Delt Store,IPAY- MOTHERS T-Shirt,UPI2606187543,Shirts > Short sleeve t-shirts,https://cdn.shopify.com/s/files/1/0353/4536/7177/products/mothers-2205312.gif?v=1646923609,DELTA TAU DELTA
The Delt Store,Black Crystal Tie-Dye Tee,UPI2606189260,Shirts > Short sleeve t-shirts,https://cdn.shopify.com/s/files/1/0353/4536/7177/products/mq9U8gKw.jpg?v=1735857543,DELTA TAU DELTA
The Delt Store,Delta Tau Delta 1858 Crewneck Sweatshirt,UPI2606187831,Sweatshirts > Crewneck sweatshirts,https://cdn.shopify.com/s/files/1/0353/4536/7177/products/Qy_XIggc.jpg?v=1735857520,DELTA TAU DELTA
The Delt Store,Royal Football Tank,UPI2606187388,Shirts > Tank tops,https://cdn.shopify.com/s/files/1/0353/4536/7177/products/reKnFyOA.jpg?v=1735857549,DELTA TAU DELTA
The Delt Store,Surf Shop Tank,UPI2606181564,Shirts > Tank tops,https://cdn.shopify.com/s/files/1/0353/4536/7177/products/SZyAAeLg.jpg?v=1735857543,DELTA TAU DELTA
The Delt Store,DTD Open Boxed Letters Tee,UPI2606188780,Shirts > Short sleeve t-shirts,https://cdn.shopify.com/s/files/1/0353/4536/7177/products/z8pAOYnA.jpg?v=1735857544,DELTA TAU DELTA
Purple & Pearls - Tri Sigma,You Had Me At Tri Sigma Button,UPI2606185417,Apparel > Buttons,https://cdn.shopify.com/s/files/1/0560/6532/7209/files/A2_Button1.png?v=1735860352,SIGMA SIGMA SIGMA
Purple & Pearls - Tri Sigma,NSUOK SMILEY HOODIE 2023,UPI2606187481,Sweatshirts > Hooded sweatshirts,https://cdn.shopify.com/s/files/1/0560/6532/7209/files/agency3.png?v=1700241836,SIGMA SIGMA SIGMA
Purple & Pearls - Tri Sigma,NSUOK SMILEY SWEATPANT 2023,UPI2606188553,Pants > Sweatpants,https://cdn.shopify.com/s/files/1/0560/6532/7209/files/agency4.png?v=1700241980,SIGMA SIGMA SIGMA
Purple & Pearls - Tri Sigma,SELU BIG LITTLE 2024,UPI2606186713,Shirts > Short sleeve t-shirts,https://cdn.shopify.com/s/files/1/0560/6532/7209/files/BADGES.png?v=1711391984,SIGMA SIGMA SIGMA
Purple & Pearls - Tri Sigma,IPAY - Southeastern LA Big Little Reveal Tee,UPI2606180425,Shirts > Short sleeve t-shirts,https://cdn.shopify.com/s/files/1/0560/6532/7209/files/BAIT_IMAGE.png?v=1729202595,SIGMA SIGMA SIGMA
Purple & Pearls - Tri Sigma,IPAY - SELU Sisterhood Short Sleeve,UPI2606183017,Shirts > Short sleeve t-shirts,https://cdn.shopify.com/s/files/1/0560/6532/7209/files/CAMPFIRE_2429703_IMAGE.png?v=1735860252,SIGMA SIGMA SIGMA
Purple & Pearls - Tri Sigma,IPAY - SELU Sisterhood Long Sleeve,UPI26061836411,Shirts > Long sleeve t-shirts,https://cdn.shopify.com/s/files/1/0560/6532/7209/files/CAMPFIRE_2429703_LONGSL.png?v=1735860253,SIGMA SIGMA SIGMA
Purple & Pearls - Tri Sigma,IPAY - SELU Sisterhood Sweatshirt,UPI2606185961,Sweatshirts > Crewneck sweatshirts,https://cdn.shopify.com/s/files/1/0560/6532/7209/files/CAMPFIRE_2429703_SWEATSHIRT.png?v=1735860255,SIGMA SIGMA SIGMA
Purple & Pearls - Tri Sigma,MISSOURI STATE PULLOVER JACKET IPAY LINK,UPI26061893691,Outerwear > Jackets,https://cdn.shopify.com/s/files/1/0560/6532/7209/files/cantina.png?v=1735860345,SIGMA SIGMA SIGMA
Purple & Pearls - Tri Sigma,MISSOURI STATE JACKET W/ NO CUSTOMIZATIONS,UPI2606188153,Outerwear > Jackets,https://cdn.shopify.com/s/files/1/0560/6532/7209/files/CANTINA_60909901-8f6f-4df1-b649-16b6234d38c9.png?v=1700227754,SIGMA SIGMA SIGMA
Purple & Pearls - Tri Sigma,Checkered Button,UPI2606180713,Apparel > Buttons,https://cdn.shopify.com/s/files/1/0560/6532/7209/files/checkered.png?v=1736784639,SIGMA SIGMA SIGMA
Purple & Pearls - Tri Sigma,Lacy Bow Knitted Sweater,UPI2606186569,Apparel > Sweaters,https://cdn.shopify.com/s/files/1/0560/6532/7209/files/classic-fit-knitted-crew-neck-sweater-custom-s-front-68dec5313fb63_bf9dfc6c-d465-412e-a385-fae03a905567.jpg?v=1760448778,SIGMA SIGMA SIGMA
Purple & Pearls - Tri Sigma,NSULA TRI SIGMA VEGAS FORMAL 2024,UPI2606183161,Shirts > Short sleeve t-shirts,https://cdn.shopify.com/s/files/1/0560/6532/7209/files/COOK.png?v=1711996128,SIGMA SIGMA SIGMA
Purple & Pearls - Tri Sigma,NSUOK MOM'S DAY CREWNECK 2024,UPI2606189401,Sweatshirts > Crewneck sweatshirts,https://cdn.shopify.com/s/files/1/0560/6532/7209/files/crewneckagency.png?v=1709841635,SIGMA SIGMA SIGMA
Purple & Pearls - Tri Sigma,Founders Signature Bracelet,UPI2606182457,Jewelry > Bracelets,https://cdn.shopify.com/s/files/1/0560/6532/7209/files/cuff-mockup1.png?v=1735860362,SIGMA SIGMA SIGMA
Purple & Pearls - Tri Sigma,NSUOK SKULL CROP RAGLAN TEE 2023,UPI2606185545,Shirts > Short sleeve t-shirts,https://cdn.shopify.com/s/files/1/0560/6532/7209/files/flash.png?v=1686254226,SIGMA SIGMA SIGMA
Purple & Pearls - Tri Sigma,NSUOK SKULL RAGLAN UNISEX FIT TEE 2023,UPI2606186441,Shirts > Short sleeve t-shirts,https://cdn.shopify.com/s/files/1/0560/6532/7209/files/flashunisex.png?v=1686254700,SIGMA SIGMA SIGMA
Purple & Pearls - Tri Sigma,Ugly Knitted Sweater,UPI26061861372,Apparel > Sweaters,https://cdn.shopify.com/s/files/1/0560/6532/7209/files/Front.jpg?v=1763058138,SIGMA SIGMA SIGMA
Purple & Pearls - Tri Sigma,Hand Sign Button,UPI26061872411,Apparel > Buttons,https://cdn.shopify.com/s/files/1/0560/6532/7209/files/hand-sign.png?v=1736784671,SIGMA SIGMA SIGMA
Purple & Pearls - Tri Sigma,NSUOK CROP HEART TEE 2024,UPI2606183641,Shirts > Short sleeve t-shirts,https://cdn.shopify.com/s/files/1/0560/6532/7209/files/heartcrop.png?v=1716553984,SIGMA SIGMA SIGMA
Purple & Pearls - Tri Sigma,NSUOK HEART CREWNECK TEE 2024,UPI2606183913,Shirts > Short sleeve t-shirts,https://cdn.shopify.com/s/files/1/0560/6532/7209/files/heartfull.png?v=1716553960,SIGMA SIGMA SIGMA
Purple & Pearls - Tri Sigma,Shadow Script Sticker,UPI2606185177,Promotional > Stickers,https://cdn.shopify.com/s/files/1/0560/6532/7209/files/hf_20260524_195740_3a734e9d-121c-4853-9815-c8b4a9eeeda3.png?v=1779652846,SIGMA SIGMA SIGMA
Purple & Pearls - Tri Sigma,Medieval Water Bottle,UPI26061808731,Water bottles > Plastic water bottles,https://cdn.shopify.com/s/files/1/0560/6532/7209/files/hf_20260524_195758_d367a746-167a-46e1-877d-dcf2acc461ad.png?v=1779652930,SIGMA SIGMA SIGMA
Purple & Pearls - Tri Sigma,Silver Skull Necklace Charm,UPI2606181225,Jewelry > Necklaces,https://cdn.shopify.com/s/files/1/0560/6532/7209/files/hf_20260524_195856_82d69d88-d394-4dde-96cc-37a122e08539.png?v=1779652880,SIGMA SIGMA SIGMA
Purple & Pearls - Tri Sigma,Founders Coordinates Cuff,UPI2606185593,Jewelry > Bracelets,https://cdn.shopify.com/s/files/1/0560/6532/7209/files/hf_20260524_195944_55bc6067-3a4d-4f00-8f1b-77c3711496d8.png?v=1779652974,SIGMA SIGMA SIGMA
Purple & Pearls - Tri Sigma,Tri Sigma Repeat Cup,UPI2606188809,Drinkware > Stadium cups,https://cdn.shopify.com/s/files/1/0560/6532/7209/files/hf_20260524_200326_ccf86133-1a33-4fd9-a547-292493b8df1d.png?v=1779653057,SIGMA SIGMA SIGMA
Purple & Pearls - Tri Sigma,IPAY - Longwood University - Care Bear for the Foundation Tee!,UPI2606188009,Shirts > Short sleeve t-shirts,https://cdn.shopify.com/s/files/1/0560/6532/7209/files/Hugs_Ipay.png?v=1729705684,SIGMA SIGMA SIGMA
Purple & Pearls - Tri Sigma,JMU TRI SIGMA PHILANTHROPY WEEK 2024,UPI2606181337,Shirts > Short sleeve t-shirts,https://cdn.shopify.com/s/files/1/0560/6532/7209/files/lumped.png?v=1710858956,SIGMA SIGMA SIGMA
Purple & Pearls - Tri Sigma,JMU PHILANTHROPY WEEK 2024,UPI2606184137,Shirts > Short sleeve t-shirts,https://cdn.shopify.com/s/files/1/0560/6532/7209/files/lumped_7f9833b8-dd89-40b2-9dff-cafb8e2e9510.png?v=1710865968,SIGMA SIGMA SIGMA
Purple & Pearls - Tri Sigma,U MISSOURI TRI SIGMA BID DAY 2023,UPI26061826971,Shirts > Short sleeve t-shirts,https://cdn.shopify.com/s/files/1/0560/6532/7209/files/mango.png?v=1690801457,SIGMA SIGMA SIGMA
Purple & Pearls - Tri Sigma,NSUOK TRI SIGMA HEART CREWNECK,UPI2606188105,Sweatshirts > Crewneck sweatshirts,https://cdn.shopify.com/s/files/1/0560/6532/7209/files/matted.png?v=1700241666,SIGMA SIGMA SIGMA
Purple & Pearls - Tri Sigma,NSUOK CREWNECK PHILO 2024,UPI2606185721,Sweatshirts > Crewneck sweatshirts,https://cdn.shopify.com/s/files/1/0560/6532/7209/files/MATTEDCREWNECK.png?v=1716298755,SIGMA SIGMA SIGMA
Purple & Pearls - Tri Sigma,NSUOK PHILO CROP TEE 2024,UPI2606180985,Shirts > Short sleeve t-shirts,https://cdn.shopify.com/s/files/1/0560/6532/7209/files/MATTEDGENDESIGN.png?v=1716298638,SIGMA SIGMA SIGMA
Purple & Pearls - Tri Sigma,Natural Tri Sigma Established Tote,UPI2606185241,Bags > Tote bags,https://cdn.shopify.com/s/files/1/0560/6532/7209/files/Natural-Tote.png?v=1735860343,SIGMA SIGMA SIGMA
Purple & Pearls - Tri Sigma,Nicholls State Apparel,UPI2606181785,Shirts > Short sleeve t-shirts,https://cdn.shopify.com/s/files/1/0560/6532/7209/files/Nicholls-Sweatshirt_4776c579-30eb-4542-b58a-0aad27116d7f.png?v=1735860270,SIGMA SIGMA SIGMA
Purple & Pearls - Tri Sigma,Purity Bracelet,UPI26061861533,Jewelry > Bracelets,https://cdn.shopify.com/s/files/1/0560/6532/7209/files/PearlSigmaSigmaSigma480_7a67d92c-6e9c-47ef-86ac-a054d3f67a5b.jpg?v=1735860358,SIGMA SIGMA SIGMA
Purple & Pearls - Tri Sigma,Purple Tri Sigma Tote,UPI2606182105,Bags > Tote bags,https://cdn.shopify.com/s/files/1/0560/6532/7209/files/Purple-Tote.png?v=1735860344,SIGMA SIGMA SIGMA
Purple & Pearls - Tri Sigma,NSUOK MOM'S DAY S/S 2024,UPI2606180825,Shirts > Short sleeve t-shirts,https://cdn.shopify.com/s/files/1/0560/6532/7209/files/s.sagency.png?v=1709841490,SIGMA SIGMA SIGMA
Purple & Pearls - Tri Sigma,Checkered Notecards,UPI2606186121,Stationery > Note cards,https://cdn.shopify.com/s/files/1/0560/6532/7209/files/Sailboat_Flat-Notecard.png?v=1753658494,SIGMA SIGMA SIGMA
Purple & Pearls - Tri Sigma,Tri Sigma Satin Scarf,UPI2606182697,Apparel > Scarves,https://cdn.shopify.com/s/files/1/0560/6532/7209/files/scarf1.png?v=1754501120,SIGMA SIGMA SIGMA
Purple & Pearls - Tri Sigma,NSUOK WITH LOVE 2023,UPI2606186889,Shirts > Short sleeve t-shirts,https://cdn.shopify.com/s/files/1/0560/6532/7209/files/scene.png?v=1686254861,SIGMA SIGMA SIGMA
Purple & Pearls - Tri Sigma,IPAY - Mother's Day - SE LA Univ,UPI2606183481,Promotional > Stickers,https://cdn.shopify.com/s/files/1/0560/6532/7209/files/SIPPING_2430223_IMAGE.png?v=1730734316,SIGMA SIGMA SIGMA
Purple & Pearls - Tri Sigma,MISSOURI STATE CUSTOM NECKLACES,UPI2606188633,Jewelry > Necklaces,https://cdn.shopify.com/s/files/1/0560/6532/7209/files/SPARKLERGOLD.png?v=1723834137,SIGMA SIGMA SIGMA
Purple & Pearls - Tri Sigma,Bid Day Pack,UPI2606180153,Bundles > Gift sets,https://cdn.shopify.com/s/files/1/0560/6532/7209/files/SSS_BDPSITEIMAGE.jpg?v=1735860332,SIGMA SIGMA SIGMA
Purple & Pearls - Tri Sigma,Tennis Skirt,UPI2606182745,Skirts and Skorts > Skirts,https://cdn.shopify.com/s/files/1/0560/6532/7209/files/SSS_tennis-skirt_a4ecc01c-edc6-4830-88c0-79098ef76999.webp?v=1755188610,SIGMA SIGMA SIGMA
Purple & Pearls - Tri Sigma,Sigma Sigma Sigma Gold Bead Bracelet w/ Skull & Crossbones,UPI2606188969,Jewelry > Bracelets,https://cdn.shopify.com/s/files/1/0560/6532/7209/files/sss1_30a7ff7a-d75f-4c23-90a6-26959b9dd6e0.jpg?v=1760482384,SIGMA SIGMA SIGMA
Purple & Pearls - Tri Sigma,Vertical Lavaliere Necklace,UPI26061812411,Jewelry > Necklaces,https://cdn.shopify.com/s/files/1/0560/6532/7209/files/sss-1n-g_991f63e7-0fd4-4dad-b677-03597cbe0e95.jpg?v=1735860362,SIGMA SIGMA SIGMA
Purple & Pearls - Tri Sigma,Expandable Ring,UPI26061895451,Jewelry > Rings,https://cdn.shopify.com/s/files/1/0560/6532/7209/files/sss-1r.jpg?v=1735860361,SIGMA SIGMA SIGMA
Purple & Pearls - Tri Sigma,Sigma Sigma Sigma - Gold Bead Bracelet - Heart Tag,UPI2606185689,Jewelry > Bracelets,https://cdn.shopify.com/s/files/1/0560/6532/7209/files/sss2.jpg?v=1760482310,SIGMA SIGMA SIGMA
Purple & Pearls - Tri Sigma,Stitch It Tee,UPI2606189305,Shirts > Short sleeve t-shirts,https://cdn.shopify.com/s/files/1/0560/6532/7209/files/SSS2200144_1717_SAPPHIRE.jpg?v=1744827105,SIGMA SIGMA SIGMA
Purple & Pearls - Tri Sigma,Tri Sigma Prism Tee,UPI2606187385,Shirts > Short sleeve t-shirts,https://cdn.shopify.com/s/files/1/0560/6532/7209/files/SSS230201-3001CVC-HPRISMLILAC.jpg?v=1735860355,SIGMA SIGMA SIGMA
Purple & Pearls - Tri Sigma,Butterfly Tee,UPI26061812251,Shirts > Short sleeve t-shirts,https://cdn.shopify.com/s/files/1/0560/6532/7209/files/SSS230202-3001-WHITE.jpg?v=1735860354,SIGMA SIGMA SIGMA
Purple & Pearls - Tri Sigma,1898 Sigma's Version Crewneck,UPI2606186681,Sweatshirts > Crewneck sweatshirts,https://cdn.shopify.com/s/files/1/0560/6532/7209/files/SSS230301-LIGHTBLUE-18000.jpg?v=1735860347,SIGMA SIGMA SIGMA
Purple & Pearls - Tri Sigma,1898 Sigma's Version Baby Tee,UPI26061860571,Shirts > Short sleeve t-shirts,https://cdn.shopify.com/s/files/1/0560/6532/7209/files/SSS230302-LIGHTBLUE-1010.jpg?v=1735860346,SIGMA SIGMA SIGMA
Purple & Pearls - Tri Sigma,Faithful Short Sleeve,UPI26061808891,Shirts > Short sleeve t-shirts,https://cdn.shopify.com/s/files/1/0560/6532/7209/files/SSS230303-VIOLET-1717.jpg?v=1735860349,SIGMA SIGMA SIGMA
Purple & Pearls - Tri Sigma,Faithful Long Sleeve,UPI2606189545,Shirts > Long sleeve t-shirts,https://cdn.shopify.com/s/files/1/0560/6532/7209/files/SSS230304-WHITE-6014.webp?v=1735860350,SIGMA SIGMA SIGMA
Purple & Pearls - Tri Sigma,1898 (Sigma's Version) Tote,UPI26061861531,Bags > Tote bags,https://cdn.shopify.com/s/files/1/0560/6532/7209/files/SSS230305-CAROLINABLUE--Q800.jpg?v=1698687852,SIGMA SIGMA SIGMA
Purple & Pearls - Tri Sigma,Faithful Tote,UPI2606184809,Bags > Tote bags,https://cdn.shopify.com/s/files/1/0560/6532/7209/files/SSS230306-LAVENDAR-Q800.jpg?v=1735860351,SIGMA SIGMA SIGMA
Purple & Pearls - Tri Sigma,Coat of Arms Sherpa,UPI2606182073,Outerwear > Jackets,https://cdn.shopify.com/s/files/1/0560/6532/7209/files/SSS230401-BLACK-8451.jpg?v=1735860338,SIGMA SIGMA SIGMA
Purple & Pearls - Tri Sigma,Coat of Arms Sherpa,UPI2606189849,Outerwear > Jackets,https://cdn.shopify.com/s/files/1/0560/6532/7209/files/SSS230401-BLACKHEATHER-8451-PATCH.jpg?v=1735860336,SIGMA SIGMA SIGMA
Purple & Pearls - Tri Sigma,Coat of Arms Sherpa,UPI2606186297,Outerwear > Jackets,https://cdn.shopify.com/s/files/1/0560/6532/7209/files/SSS230401-CREAM-8451-PATCH.jpg?v=1700693290,SIGMA SIGMA SIGMA
Purple & Pearls - Tri Sigma,The Kelce Crew,UPI2606180553,Sweatshirts > Crewneck sweatshirts,https://cdn.shopify.com/s/files/1/0560/6532/7209/files/SSS23GL0101-ASH-18000.jpg?v=1762827338,SIGMA SIGMA SIGMA
Purple & Pearls - Tri Sigma,Glam Baby Tee,UPI26061825851,Shirts > Short sleeve t-shirts,https://cdn.shopify.com/s/files/1/0560/6532/7209/files/SSS23GL0201_1010_BLACK.jpg?v=1735860339,SIGMA SIGMA SIGMA
Purple & Pearls - Tri Sigma,Glam Hoodie,UPI2606181033,Sweatshirts > Hooded sweatshirts,https://cdn.shopify.com/s/files/1/0560/6532/7209/files/SSS23GL0201_18500_BLACK.jpg?v=1735860335,SIGMA SIGMA SIGMA
Purple & Pearls - Tri Sigma,Luxe Lounge Set,UPI2606186393,Loungewear > Sweatsuit sets,https://cdn.shopify.com/s/files/1/0560/6532/7209/files/SSS23GL0202_TD055-NUDE_TD085-NUDE-EMB.jpg?v=1700698036,SIGMA SIGMA SIGMA
Purple & Pearls - Tri Sigma,Love You Crew,UPI2606187081,Sweatshirts > Crewneck sweatshirts,https://cdn.shopify.com/s/files/1/0560/6532/7209/files/SSS23GL0205_1566_WHITE-BACK.jpg?v=1735860333,SIGMA SIGMA SIGMA
Purple & Pearls - Tri Sigma,Orchid Tri Sigma Hoodie,UPI26061802651,Sweatshirts > Hooded sweatshirts,https://cdn.shopify.com/s/files/1/0560/6532/7209/files/SSS24000118500ORCHID.jpg?v=1735860331,SIGMA SIGMA SIGMA
Purple & Pearls - Tri Sigma,Orchid Tri Sigma Tee,UPI26061833211,Shirts > Short sleeve t-shirts,https://cdn.shopify.com/s/files/1/0560/6532/7209/files/SSS2400024980URBANLILAC_1.jpg?v=1735860330,SIGMA SIGMA SIGMA
Purple & Pearls - Tri Sigma,Farmville Four Tee,UPI2606184041,Shirts > Short sleeve t-shirts,https://cdn.shopify.com/s/files/1/0560/6532/7209/files/SSS2400031717ORCHID.jpg?v=1735860328,SIGMA SIGMA SIGMA
Purple & Pearls - Tri Sigma,Tri Heart Sigma Crewneck,UPI2606189497,Sweatshirts > Crewneck sweatshirts,https://cdn.shopify.com/s/files/1/0560/6532/7209/files/SSS2400041566WHITEfront_3.jpg?v=1735860327,SIGMA SIGMA SIGMA
Purple & Pearls - Tri Sigma,Atmosphere Hoodie,UPI2606186473,Sweatshirts > Hooded sweatshirts,https://cdn.shopify.com/s/files/1/0560/6532/7209/files/SSS240005W23718ATMOSPHEREfront.jpg?v=1735860326,SIGMA SIGMA SIGMA
Purple & Pearls - Tri Sigma,Fossil Hoodie,UPI2606184521,Sweatshirts > Hooded sweatshirts,https://cdn.shopify.com/s/files/1/0560/6532/7209/files/SSS24000618500SANDback.jpg?v=1735860324,SIGMA SIGMA SIGMA
Purple & Pearls - Tri Sigma,Noir Crewneck,UPI26061873851,Sweatshirts > Crewneck sweatshirts,https://cdn.shopify.com/s/files/1/0560/6532/7209/files/SSS24000718000BLACK.jpg?v=1735860323,SIGMA SIGMA SIGMA
Purple & Pearls - Tri Sigma,Raglan White & Black Babe Tee,UPI2606181945,Shirts > Short sleeve t-shirts,https://cdn.shopify.com/s/files/1/0560/6532/7209/files/SSS2400081201WHITEBLACK.jpg?v=1735860322,SIGMA SIGMA SIGMA
Purple & Pearls - Tri Sigma,Empower Notecards,UPI2606186665,Stationery > Note cards,https://cdn.shopify.com/s/files/1/0560/6532/7209/files/SSS240101-NOTECARD.png?v=1735860317,SIGMA SIGMA SIGMA
Purple & Pearls - Tri Sigma,Thank You Notecards,UPI2606180505,Stationery > Note cards,https://cdn.shopify.com/s/files/1/0560/6532/7209/files/SSS240103-thankyoucard.png?v=1735860314,SIGMA SIGMA SIGMA
Purple & Pearls - Tri Sigma,Violet Tone on Tone Tee,UPI2606180777,Shirts > Short sleeve t-shirts,https://cdn.shopify.com/s/files/1/0560/6532/7209/files/SSS24GL1011717VIOLET.jpg?v=1735860306,SIGMA SIGMA SIGMA
Purple & Pearls - Tri Sigma,Tri Sigma Flower Tee,UPI26061846171,Shirts > Short sleeve t-shirts,https://cdn.shopify.com/s/files/1/0560/6532/7209/files/SSS24GL1021717IVORY.jpg?v=1735860305,SIGMA SIGMA SIGMA
Purple & Pearls - Tri Sigma,Purple Bow Crewneck,UPI2606187833,Sweatshirts > Crewneck sweatshirts,https://cdn.shopify.com/s/files/1/0560/6532/7209/files/SSS24GL10318000WHITE.jpg?v=1735860312,SIGMA SIGMA SIGMA
Purple & Pearls - Tri Sigma,Disco Cowgirl Tee,UPI2606186761,Shirts > Short sleeve t-shirts,https://cdn.shopify.com/s/files/1/0560/6532/7209/files/SSS24GL1041717WHITE.jpg?v=1735860303,SIGMA SIGMA SIGMA
Purple & Pearls - Tri Sigma,MVP Hoodie,UPI2606186137,Sweatshirts > Hooded sweatshirts,https://cdn.shopify.com/s/files/1/0560/6532/7209/files/SSS24GL10522709HEATHERGREY.jpg?v=1735860301,SIGMA SIGMA SIGMA
Purple & Pearls - Tri Sigma,Bella Crewneck,UPI2606188729,Sweatshirts > Crewneck sweatshirts,https://cdn.shopify.com/s/files/1/0560/6532/7209/files/SSS24GL106SS3000BONE.jpg?v=1735860299,SIGMA SIGMA SIGMA
Purple & Pearls - Tri Sigma,Bonnie Crewneck,UPI2606188825,Sweatshirts > Crewneck sweatshirts,https://cdn.shopify.com/s/files/1/0560/6532/7209/files/SSS24GL107SS3000BONE.jpg?v=1735860297,SIGMA SIGMA SIGMA
Purple & Pearls - Tri Sigma,Sailing Club Crewneck,UPI26061809691,Sweatshirts > Crewneck sweatshirts,https://cdn.shopify.com/s/files/1/0560/6532/7209/files/SSS24GL108SS3000BLACK.jpg?v=1735860295,SIGMA SIGMA SIGMA
Purple & Pearls - Tri Sigma,Empowered Comfort Tee,UPI2606183081,Shirts > Short sleeve t-shirts,https://cdn.shopify.com/s/files/1/0560/6532/7209/files/SSS24GL1091717WHITEBACK.jpg?v=1735860289,SIGMA SIGMA SIGMA
Purple & Pearls - Tri Sigma,Sapphire Tee,UPI2606189065,Shirts > Short sleeve t-shirts,https://cdn.shopify.com/s/files/1/0560/6532/7209/files/SSS24GL1101717SAPPHIRE.jpg?v=1735860288,SIGMA SIGMA SIGMA
Purple & Pearls - Tri Sigma,Virginia Shaka Tee,UPI2606181129,Shirts > Short sleeve t-shirts,https://cdn.shopify.com/s/files/1/0560/6532/7209/files/SSS24GL111SHGDDSHAKAOATMEAL_1.jpg?v=1735860287,SIGMA SIGMA SIGMA
Purple & Pearls - Tri Sigma,Plum Crest Hoodie,UPI26061836412,Sweatshirts > Hooded sweatshirts,https://cdn.shopify.com/s/files/1/0560/6532/7209/files/SSS24GL112SS4500PLUMFRONT.jpg?v=1735860310,SIGMA SIGMA SIGMA
Purple & Pearls - Tri Sigma,Since 1898 Hoodie,UPI2606187561,Sweatshirts > Hooded sweatshirts,https://cdn.shopify.com/s/files/1/0560/6532/7209/files/SSS24GL113SMOKEBACK.jpg?v=1735860286,SIGMA SIGMA SIGMA
Purple & Pearls - Tri Sigma,Wisdom Hoodie,UPI2606183369,Sweatshirts > Hooded sweatshirts,https://cdn.shopify.com/s/files/1/0560/6532/7209/files/SSS24GL11518500VIOLETBACK.jpg?v=1735860284,SIGMA SIGMA SIGMA
Purple & Pearls - Tri Sigma,Birch Cardigan,UPI2606185785,Apparel > Sweaters,https://cdn.shopify.com/s/files/1/0560/6532/7209/files/SSS24GL116MM3023BERCH.jpg?v=1735860283,SIGMA SIGMA SIGMA
Purple & Pearls - Tri Sigma,Black Game Day Hat,UPI2606188377,Headwear > Billed hats,https://cdn.shopify.com/s/files/1/0560/6532/7209/files/SSS24GL117GB465BLACK.jpg?v=1735860282,SIGMA SIGMA SIGMA
Purple & Pearls - Tri Sigma,Oasis Green Game Day Hat,UPI2606183817,Headwear > Billed hats,https://cdn.shopify.com/s/files/1/0560/6532/7209/files/SSS24GL118vKHAKI_1.jpg?v=1735860272,SIGMA SIGMA SIGMA
Purple & Pearls - Tri Sigma,Color Block Hoodie,UPI2606189721,Sweatshirts > Hooded sweatshirts,https://cdn.shopify.com/s/files/1/0560/6532/7209/files/SSS24GL119W23716HEATHER.jpg?v=1735860281,SIGMA SIGMA SIGMA
Purple & Pearls - Tri Sigma,Bow Crop Tank,UPI2606186153,Shirts > Tank tops,https://cdn.shopify.com/s/files/1/0560/6532/7209/files/SSS24GL1201013WHITE.jpg?v=1735860280,SIGMA SIGMA SIGMA
Purple & Pearls - Tri Sigma,Athletic Crop Tank,UPI2606185353,Shirts > Tank tops,https://cdn.shopify.com/s/files/1/0560/6532/7209/files/SSS24GL1211013ATHL.HEATHER.jpg?v=1735860278,SIGMA SIGMA SIGMA
Purple & Pearls - Tri Sigma,Natalie Crop Tee,UPI26061879451,Shirts > Short sleeve t-shirts,https://cdn.shopify.com/s/files/1/0560/6532/7209/files/SSS24GL1221010NATURAL.jpg?v=1735860277,SIGMA SIGMA SIGMA
Purple & Pearls - Tri Sigma,Faithful Crop Tee,UPI26061822331,Shirts > Short sleeve t-shirts,https://cdn.shopify.com/s/files/1/0560/6532/7209/files/SSS24GL1231010ATL.HEATHERBLACK.jpg?v=1735860276,SIGMA SIGMA SIGMA
Purple & Pearls - Tri Sigma,Sailboat Crop Tee,UPI2606181145,Shirts > Short sleeve t-shirts,https://cdn.shopify.com/s/files/1/0560/6532/7209/files/SSS24GL1241010WHITE.jpg?v=1735860309,SIGMA SIGMA SIGMA
Purple & Pearls - Tri Sigma,1898 Sticker,UPI2606183833,Promotional > Stickers,https://cdn.shopify.com/s/files/1/0560/6532/7209/files/SSS24GL129STICKER.jpg?v=1735860273,SIGMA SIGMA SIGMA
Purple & Pearls - Tri Sigma,Purple Bow Sticker,UPI2606182553,Promotional > Stickers,https://cdn.shopify.com/s/files/1/0560/6532/7209/files/SSS24GL130STICKER.jpg?v=1735860291,SIGMA SIGMA SIGMA
Purple & Pearls - Tri Sigma,Sailing Club Tote,UPI2606189705,Bags > Tote bags,https://cdn.shopify.com/s/files/1/0560/6532/7209/files/SSS24GL14Q800NATURAL.jpg?v=1735860307,SIGMA SIGMA SIGMA
Purple & Pearls - Tri Sigma,X O Tee,UPI2606182665,Shirts > Short sleeve t-shirts,https://cdn.shopify.com/s/files/1/0560/6532/7209/files/SSS24GL2011717BLACK.jpg?v=1735860269,SIGMA SIGMA SIGMA
Purple & Pearls - Tri Sigma,Cherry Heart Crewneck,UPI2606186777,Sweatshirts > Crewneck sweatshirts,https://cdn.shopify.com/s/files/1/0560/6532/7209/files/SSS24GL20218000LIGHTPINK.jpg?v=1735860268,SIGMA SIGMA SIGMA
Purple & Pearls - Tri Sigma,Reindeer Games Tee,UPI2606189465,Shirts > Short sleeve t-shirts,https://cdn.shopify.com/s/files/1/0560/6532/7209/files/SSS24GL2031717BLUEJEAN.jpg?v=1735860266,SIGMA SIGMA SIGMA
Purple & Pearls - Tri Sigma,Let It Snow Crewneck,UPI2606180185,Sweatshirts > Crewneck sweatshirts,https://cdn.shopify.com/s/files/1/0560/6532/7209/files/SSS24GL20418000SPORTSGRAY.jpg?v=1735860265,SIGMA SIGMA SIGMA
Purple & Pearls - Tri Sigma,Ghosted Crewneck,UPI2606183241,Sweatshirts > Crewneck sweatshirts,https://cdn.shopify.com/s/files/1/0560/6532/7209/files/SSS24GL20518000BLACK_1.jpg?v=1735860264,SIGMA SIGMA SIGMA
Purple & Pearls - Tri Sigma,Ginger Crewneck,UPI2606189113,Sweatshirts > Crewneck sweatshirts,https://cdn.shopify.com/s/files/1/0560/6532/7209/files/SSS24GL20618000SAND.jpg?v=1735860262,SIGMA SIGMA SIGMA
Purple & Pearls - Tri Sigma,Pumpkin Bow Tee,UPI26061802331,Shirts > Short sleeve t-shirts,https://cdn.shopify.com/s/files/1/0560/6532/7209/files/SSS24GL2071717YAM.jpg?v=1735860261,SIGMA SIGMA SIGMA
Purple & Pearls - Tri Sigma,Holiday Bow Crewneck,UPI2606186185,Sweatshirts > Crewneck sweatshirts,https://cdn.shopify.com/s/files/1/0560/6532/7209/files/SSS24GL20818000MAROON.jpg?v=1735860260,SIGMA SIGMA SIGMA
Purple & Pearls - Tri Sigma,Holiday Bow Crewneck,UPI2606186105,Sweatshirts > Crewneck sweatshirts,https://cdn.shopify.com/s/files/1/0560/6532/7209/files/SSS24GL20818000SAND.jpg?v=1735860259,SIGMA SIGMA SIGMA
Purple & Pearls - Tri Sigma,Dashing Crewneck,UPI26061804251,Sweatshirts > Crewneck sweatshirts,https://cdn.shopify.com/s/files/1/0560/6532/7209/files/SSS24GL20918000FORES.jpg?v=1735860258,SIGMA SIGMA SIGMA
Purple & Pearls - Tri Sigma,Tri Sigma Beanie,UPI2606182585,Headwear > Beanies,https://cdn.shopify.com/s/files/1/0560/6532/7209/files/SSS24GL210SP15HEATHERCHARCOAL_1.jpg?v=1735860256,SIGMA SIGMA SIGMA
Purple & Pearls - Tri Sigma,Limited Edition - Towel,UPI2606187401,Towels > Bath towels,https://cdn.shopify.com/s/files/1/0560/6532/7209/files/SSS24JUNE1-TOWEL.jpg?v=1748892803,SIGMA SIGMA SIGMA
Purple & Pearls - Tri Sigma,Matchbox Hoodie,UPI2606181417,Sweatshirts > Hooded sweatshirts,https://cdn.shopify.com/s/files/1/0560/6532/7209/files/SSS25000118500ORCHIDBACK.jpg?v=1745276984,SIGMA SIGMA SIGMA
Purple & Pearls - Tri Sigma,Stamps T-Shirt,UPI2606182313,Shirts > Short sleeve t-shirts,https://cdn.shopify.com/s/files/1/0560/6532/7209/files/SSS25000218500WHITEBACK.jpg?v=1745276977,SIGMA SIGMA SIGMA
Purple & Pearls - Tri Sigma,Pink Empowered Crop Tank,UPI2606186601,Shirts > Tank tops,https://cdn.shopify.com/s/files/1/0560/6532/7209/files/SSS2500031019PINK.jpg?v=1744826178,SIGMA SIGMA SIGMA
Purple & Pearls - Tri Sigma,Locket Crewneck,UPI2606184105,Sweatshirts > Crewneck sweatshirts,https://cdn.shopify.com/s/files/1/0560/6532/7209/files/SSS25000418000WHITEBACK.jpg?v=1744826297,SIGMA SIGMA SIGMA
Purple & Pearls - Tri Sigma,Cheetah Star Hoodie,UPI2606185449,Sweatshirts > Crewneck sweatshirts,https://cdn.shopify.com/s/files/1/0560/6532/7209/files/SSS25000518500SPORTSGREYBACK.jpg?v=1744826416,SIGMA SIGMA SIGMA
Purple & Pearls - Tri Sigma,Cheetah Star Hoodie,UPI260618252613,,https://cdn.shopify.com/s/files/1/0560/6532/7209/files/SSS25000518500SPORTSGREYBACK.jpg?v=1744826416,SIGMA SIGMA SIGMA
Purple & Pearls - Tri Sigma,Cheetah Star Sweatpants,UPI26061855451,Pants > Sweatpants,https://cdn.shopify.com/s/files/1/0560/6532/7209/files/SSS25000618400SPORTSGREY.jpg?v=1744826507,SIGMA SIGMA SIGMA
Purple & Pearls - Tri Sigma,Cheetah Star Sweatpants,UPI260618030210,,https://cdn.shopify.com/s/files/1/0560/6532/7209/files/SSS25000618400SPORTSGREY.jpg?v=1744826507,SIGMA SIGMA SIGMA
Purple & Pearls - Tri Sigma,Playful Print Crewneck,UPI26061843931,Sweatshirts > Crewneck sweatshirts,https://cdn.shopify.com/s/files/1/0560/6532/7209/files/SSS2500073945HEATHERDUST.jpg?v=1744826733,SIGMA SIGMA SIGMA
Purple & Pearls - Tri Sigma,Playful Print Shorts,UPI2606186809,Apparel > Shorts,https://cdn.shopify.com/s/files/1/0560/6532/7209/files/SSS2500083787HEATHERDUST.jpg?v=1744826862,SIGMA SIGMA SIGMA
Purple & Pearls - Tri Sigma,1898 Skull Hoodie,UPI2606183865,Sweatshirts > Hooded sweatshirts,https://cdn.shopify.com/s/files/1/0560/6532/7209/files/SSS250101996MRASHback.jpg?v=1752084004,SIGMA SIGMA SIGMA
Purple & Pearls - Tri Sigma,1898 Sweatpants,UPI2606189321,Pants > Sweatpants,https://cdn.shopify.com/s/files/1/0560/6532/7209/files/SSS250102973MRASH.jpg?v=1752084276,SIGMA SIGMA SIGMA
Purple & Pearls - Tri Sigma,Bow Light Pink Hoodie,UPI2606184601,Sweatshirts > Hooded sweatshirts,https://cdn.shopify.com/s/files/1/0560/6532/7209/files/SSS250103TD085LIGHTPINK_8205bc71-f27b-4d52-a9a7-cf679fd3a1ff.jpg?v=1760460432,SIGMA SIGMA SIGMA
Purple & Pearls - Tri Sigma,Bow Light Pink Shorts,UPI2606182201,Pants > Sweatpants,https://cdn.shopify.com/s/files/1/0560/6532/7209/files/SSS250104TD062LIGHTPINK_08275432-4a2c-491a-bda6-1fcd0373ab31.jpg?v=1760460496,SIGMA SIGMA SIGMA
Purple & Pearls - Tri Sigma,Blush Boxy Tee,UPI2606186057,Shirts > Short sleeve t-shirts,https://cdn.shopify.com/s/files/1/0560/6532/7209/files/SSS250105102BOXYTEEBLUSH.jpg?v=1752085263,SIGMA SIGMA SIGMA
Purple & Pearls - Tri Sigma,Star Crop Tank,UPI2606186425,Shirts > Tank tops,https://cdn.shopify.com/s/files/1/0560/6532/7209/files/SSS2501061012WHITE.jpg?v=1752085458,SIGMA SIGMA SIGMA
Purple & Pearls - Tri Sigma,Tri Sigma Crewneck,UPI26061837531,Sweatshirts > Crewneck sweatshirts,https://cdn.shopify.com/s/files/1/0560/6532/7209/files/SSS25010718000WHITE.jpg?v=1752085717,SIGMA SIGMA SIGMA
Purple & Pearls - Tri Sigma,Floral Ivory Tee,UPI26061857211,Shirts > Short sleeve t-shirts,https://cdn.shopify.com/s/files/1/0560/6532/7209/files/SSS2501081717IVORY.jpg?v=1752085876,SIGMA SIGMA SIGMA
Purple & Pearls - Tri Sigma,Graphic Orchid Tee,UPI2606185305,Shirts > Short sleeve t-shirts,https://cdn.shopify.com/s/files/1/0560/6532/7209/files/SSS2501091717ORCHID.jpg?v=1752086253,SIGMA SIGMA SIGMA
Purple & Pearls - Tri Sigma,Crossbody Bag,UPI2606181241,Bags > Purses,https://cdn.shopify.com/s/files/1/0560/6532/7209/files/SSS250111CROSSBODYBAG.jpg?v=1752086859,SIGMA SIGMA SIGMA
Purple & Pearls - Tri Sigma,Purple Tri Sigma Hat,UPI2606187945,Headwear > Billed hats,https://cdn.shopify.com/s/files/1/0560/6532/7209/files/SSS250112EZAPURPLEemb.jpg?v=1752087161,SIGMA SIGMA SIGMA
Purple & Pearls - Tri Sigma,Checkered Trucker Hat,UPI2606188665,Headwear > Billed hats,https://cdn.shopify.com/s/files/1/0560/6532/7209/files/SSS250113BLACKCHECKERTRUCKERHATdirecttofilm.jpg?v=1752087323,SIGMA SIGMA SIGMA
Purple & Pearls - Tri Sigma,Outlined Sticker,UPI2606187465,Promotional > Stickers,https://cdn.shopify.com/s/files/1/0560/6532/7209/files/SSS250116STICKER.jpg?v=1752255154,SIGMA SIGMA SIGMA
Purple & Pearls - Tri Sigma,Graphics Sticker,UPI2606189561,Promotional > Stickers,https://cdn.shopify.com/s/files/1/0560/6532/7209/files/SSS250117STICKER.jpg?v=1752514193,SIGMA SIGMA SIGMA
Purple & Pearls - Tri Sigma,Paddington Hoodie,UPI2606186217,Sweatshirts > Hooded sweatshirts,https://cdn.shopify.com/s/files/1/0560/6532/7209/files/SSS25AUG118500WHITE.jpg?v=1755630208,SIGMA SIGMA SIGMA
Purple & Pearls - Tri Sigma,Paddington Crewneck,UPI2606181433,Sweatshirts > Crewneck sweatshirts,https://cdn.shopify.com/s/files/1/0560/6532/7209/files/SSS25AUG218000NAVY.jpg?v=1755630391,SIGMA SIGMA SIGMA
Purple & Pearls - Tri Sigma,Natural Tote Bag,UPI2606188761,Bags > Tote bags,https://cdn.shopify.com/s/files/1/0560/6532/7209/files/SSS25CONTOTE.jpg?v=1753809787,SIGMA SIGMA SIGMA
Purple & Pearls - Tri Sigma,Little Hoodie,UPI2606189993,Sweatshirts > Hooded sweatshirts,https://cdn.shopify.com/s/files/1/0560/6532/7209/files/SSS25GL101back_1.jpg?v=1755882455,SIGMA SIGMA SIGMA
Purple & Pearls - Tri Sigma,Big/ Little Shorts,UPI26061821371,Pants > Sweatpants,https://cdn.shopify.com/s/files/1/0560/6532/7209/files/SSS25GL101frontshorts.jpg?v=1755882674,SIGMA SIGMA SIGMA
Purple & Pearls - Tri Sigma,Big Hoodie,UPI2606182761,Sweatshirts > Hooded sweatshirts,https://cdn.shopify.com/s/files/1/0560/6532/7209/files/SSS25GL102front.jpg?v=1755882586,SIGMA SIGMA SIGMA
Purple & Pearls - Tri Sigma,Big or Little Orchid Tee,UPI2606181513,Shirts > Short sleeve t-shirts,https://cdn.shopify.com/s/files/1/0560/6532/7209/files/SSS25GL1031717orchid.jpg?v=1755882837,SIGMA SIGMA SIGMA
Purple & Pearls - Tri Sigma,Big or Little Hat,UPI2606183657,Headwear > Billed hats,https://cdn.shopify.com/s/files/1/0560/6532/7209/files/SSS25GL106grapelp101.jpg?v=1755883138,SIGMA SIGMA SIGMA
Purple & Pearls - Tri Sigma,Big/ Little Cherry Sticker,UPI2606185801,Promotional > Stickers,https://cdn.shopify.com/s/files/1/0560/6532/7209/files/SSS25GL107sticker.jpg?v=1755883356,SIGMA SIGMA SIGMA
Purple & Pearls - Tri Sigma,Dazzling Sticker,UPI2606188569,Promotional > Stickers,https://cdn.shopify.com/s/files/1/0560/6532/7209/files/SSS25GL108sticker.jpg?v=1755883465,SIGMA SIGMA SIGMA
Purple & Pearls - Tri Sigma,Limited-Edition Hat,UPI2606185081,Headwear > Billed hats,https://cdn.shopify.com/s/files/1/0560/6532/7209/files/SSS25JUNE2-HAT.jpg?v=1748435814,SIGMA SIGMA SIGMA
Purple & Pearls - Tri Sigma,Ash Mock Neck- Limited Edition,UPI2606184617,Apparel > Sweaters,https://cdn.shopify.com/s/files/1/0560/6532/7209/files/SSS25NOV1ASHMOCKNECK.jpg?v=1762451425,SIGMA SIGMA SIGMA
Purple & Pearls - Tri Sigma,I Heart Crewneck- Quick Ship,UPI2606189577,Sweatshirts > Crewneck sweatshirts,https://cdn.shopify.com/s/files/1/0560/6532/7209/files/SSS25QS0118000PURPLE.png?v=1749060729,SIGMA SIGMA SIGMA
Purple & Pearls - Tri Sigma,Established Sail Crewneck- Quick Ship,UPI2606185833,Sweatshirts > Crewneck sweatshirts,https://cdn.shopify.com/s/files/1/0560/6532/7209/files/SSS25QS0218000ASH.png?v=1749060885,SIGMA SIGMA SIGMA
Purple & Pearls - Tri Sigma,98 Tee- Quick Ship,UPI2606180121,Shirts > Short sleeve t-shirts,https://cdn.shopify.com/s/files/1/0560/6532/7209/files/SSS25QS031717WHITE.png?v=1749061025,SIGMA SIGMA SIGMA
Purple & Pearls - Tri Sigma,Philanthropy Stickers,UPI2606180633,Promotional > Stickers,https://cdn.shopify.com/s/files/1/0560/6532/7209/files/SSS260002STICKERROLLS.jpg?v=1770316686,SIGMA SIGMA SIGMA
Purple & Pearls - Tri Sigma,Philanthropy Bear T-Shirt,UPI2606181529,Shirts > Short sleeve t-shirts,https://cdn.shopify.com/s/files/1/0560/6532/7209/files/SSS2600031717GRAPE.jpg?v=1770316868,SIGMA SIGMA SIGMA
Purple & Pearls - Tri Sigma,Philanthropy Blocks T-Shirt,UPI2606188585,Shirts > Short sleeve t-shirts,https://cdn.shopify.com/s/files/1/0560/6532/7209/files/SSS2600041717ORCHID.jpg?v=1770317021,SIGMA SIGMA SIGMA
Purple & Pearls - Tri Sigma,Philanthropy Table Cloth,UPI2606187161,Household items > Tablecloths,https://cdn.shopify.com/s/files/1/0560/6532/7209/files/SSS260005TABLECLOTH.jpg?v=1770317226,SIGMA SIGMA SIGMA
Purple & Pearls - Tri Sigma,Butter Bow Crewneck,UPI2606180249,Sweatshirts > Crewneck sweatshirts,https://cdn.shopify.com/s/files/1/0560/6532/7209/files/SSS2601011566BUTTER.jpg?v=1773421459,SIGMA SIGMA SIGMA
Purple & Pearls - Tri Sigma,Orchid Paddington Crewneck,UPI2606186233,Sweatshirts > Crewneck sweatshirts,https://cdn.shopify.com/s/files/1/0560/6532/7209/files/SSS2601021566ORCHID.jpg?v=1773421602,SIGMA SIGMA SIGMA
Purple & Pearls - Tri Sigma,Tri Sigma Slouchy Tee,UPI2606189449,Shirts > Short sleeve t-shirts,https://cdn.shopify.com/s/files/1/0560/6532/7209/files/SSS2601038816BLACK.jpg?v=1773421697,SIGMA SIGMA SIGMA
Purple & Pearls - Tri Sigma,Women's Jersey Crop Tee,UPI2606180969,Shirts > Short sleeve t-shirts,https://cdn.shopify.com/s/files/1/0560/6532/7209/files/SSS2601046482WHITE.jpg?v=1773421800,SIGMA SIGMA SIGMA
Purple & Pearls - Tri Sigma,Sail Away Tee,SSS260201,Shirts > Short sleeve t-shirts,https://cdn.shopify.com/s/files/1/0560/6532/7209/files/SSS2602011717WHITE.jpg?v=1781802717,SIGMA SIGMA SIGMA
Purple & Pearls - Tri Sigma,Fun Tank,SSS260202,Shirts > Short sleeve t-shirts,https://cdn.shopify.com/s/files/1/0560/6532/7209/files/SSS2602026682WHITE.jpg?v=1781803109,SIGMA SIGMA SIGMA
Purple & Pearls - Tri Sigma,Purple Tank,SSS260203,Shirts > Short sleeve t-shirts,https://cdn.shopify.com/s/files/1/0560/6532/7209/files/SSS2602036733PURPLE.jpg?v=1781803260,SIGMA SIGMA SIGMA
Purple & Pearls - Tri Sigma,Charlie Hat,SSS260204,Headwear > Billed hats,https://cdn.shopify.com/s/files/1/0560/6532/7209/files/SSS260204CHARLIEVIOLET_WHITEemb.jpg?v=1781803386,SIGMA SIGMA SIGMA
Purple & Pearls - Tri Sigma,Tri Sigma Towel,SSS260205,Towels > Bath towels,https://cdn.shopify.com/s/files/1/0560/6532/7209/files/SSS260205QV3060PURPLEemb.jpg?v=1781803543,SIGMA SIGMA SIGMA
Purple & Pearls - Tri Sigma,Zen Sport Tank,UPI260618214210,Shirts > Short sleeve t-shirts,https://cdn.shopify.com/s/files/1/0560/6532/7209/files/SSS260206BW2703BLACK.jpg?v=1781803868,SIGMA SIGMA SIGMA
Purple & Pearls - Tri Sigma,Zen Sport Tank,SSS260206,Shirts > Short sleeve t-shirts,https://cdn.shopify.com/s/files/1/0560/6532/7209/files/SSS260206BW2703BLACK.jpg?v=1781803868,SIGMA SIGMA SIGMA
Purple & Pearls - Tri Sigma,Gusty Grey Cardigan,UPI2606185849,Apparel > Sweaters,https://cdn.shopify.com/s/files/1/0560/6532/7209/files/SSS26GL101MM3023GUSTYGREYEMB.jpg?v=1769714169,SIGMA SIGMA SIGMA
Purple & Pearls - Tri Sigma,Concept Cardigan,UPI2606180409,Apparel > Sweaters,https://cdn.shopify.com/s/files/1/0560/6532/7209/files/SSS26GL102L545BLACKEMB.jpg?v=1769714649,SIGMA SIGMA SIGMA
Purple & Pearls - Tri Sigma,Oxford Shirt,UPI2606181929,Shirts > Button-up shirts,https://cdn.shopify.com/s/files/1/0560/6532/7209/files/SSS26GL103L658SOFTPURPLEEMB.jpg?v=1769714754,SIGMA SIGMA SIGMA
Purple & Pearls - Tri Sigma,Relaxed Knit Blazer,UPI2606187769,Outerwear > Blazers,https://cdn.shopify.com/s/files/1/0560/6532/7209/files/SSS26GL104LM2000BLACKEMB.jpg?v=1769715465,SIGMA SIGMA SIGMA
Purple & Pearls - Tri Sigma,Relaxed Knit Blazer,UPI260618225419,,https://cdn.shopify.com/s/files/1/0560/6532/7209/files/SSS26GL104LM2000BLACKEMB.jpg?v=1769715465,SIGMA SIGMA SIGMA
Purple & Pearls - Tri Sigma,White Beanie,UPI2606180537,Headwear > Beanies,https://cdn.shopify.com/s/files/1/0560/6532/7209/files/SSS26GL110-1501KC-WHITE-EMB.jpg?v=1767980808,SIGMA SIGMA SIGMA
Purple & Pearls - Tri Sigma,Simple Bow Crewneck,UPI2606182025,Sweatshirts > Crewneck sweatshirts,https://cdn.shopify.com/s/files/1/0560/6532/7209/files/SSS26GL30118000RED_1.jpg?v=1769625734,SIGMA SIGMA SIGMA
Purple & Pearls - Tri Sigma,Patched Bow Hoodie,UPI2606184169,Sweatshirts > Hooded sweatshirts,https://cdn.shopify.com/s/files/1/0560/6532/7209/files/SSS26GL30218500ASHBACK.jpg?v=1769625852,SIGMA SIGMA SIGMA
Purple & Pearls - Tri Sigma,Graphic Galentine Tee,UPI2606186585,Shirts > Short sleeve t-shirts,https://cdn.shopify.com/s/files/1/0560/6532/7209/files/SSS26GL3031717BLOSSOM_ec2e325d-4cf9-46ea-9861-eeeb6422e45c.jpg?v=1769800707,SIGMA SIGMA SIGMA
Purple & Pearls - Tri Sigma,Set Sail Tee,UPI2606183465,Shirts > Short sleeve t-shirts,https://cdn.shopify.com/s/files/1/0560/6532/7209/files/SSS26GL4011717IVORYback.jpg?v=1771352249,SIGMA SIGMA SIGMA
Purple & Pearls - Tri Sigma,Beach Mode Trucker Hat,UPI2606181593,Headwear > Billed hats,https://cdn.shopify.com/s/files/1/0560/6532/7209/files/SSS26GL402VC700BLACK_WHITE.jpg?v=1771352456,SIGMA SIGMA SIGMA
Purple & Pearls - Tri Sigma,Tidal Wave Crewneck,UPI2606186953,Sweatshirts > Crewneck sweatshirts,https://cdn.shopify.com/s/files/1/0560/6532/7209/files/SSS26GL4031545AMETHYST_5470d4da-dc1c-41b2-8284-b4dfd96f6e3a.jpg?v=1774964522,SIGMA SIGMA SIGMA
Purple & Pearls - Tri Sigma,Tidal Wave Crewneck,UPI260618335810,,https://cdn.shopify.com/s/files/1/0560/6532/7209/files/SSS26GL4031545AMETHYST_5470d4da-dc1c-41b2-8284-b4dfd96f6e3a.jpg?v=1774964522,SIGMA SIGMA SIGMA
Purple & Pearls - Tri Sigma,Volunteer Letter Tee,UPI2606184665,Shirts > Short sleeve t-shirts,https://cdn.shopify.com/s/files/1/0560/6532/7209/files/SSS26GL6011717WHITE.jpg?v=1774539039,SIGMA SIGMA SIGMA
Purple & Pearls - Tri Sigma,Volunteer Hoodie,UPI2606186009,Sweatshirts > Hooded sweatshirts,https://cdn.shopify.com/s/files/1/0560/6532/7209/files/SSS26GL60218500ORCHIDBACK_9da0892b-5504-42cb-945b-baeff4435703.jpg?v=1774539254,SIGMA SIGMA SIGMA
Purple & Pearls - Tri Sigma,Volunteer Jacket,UPI2606180297,Outerwear > Jackets,https://cdn.shopify.com/s/files/1/0560/6532/7209/files/SSS26GL603F217BLACK.jpg?v=1774539349,SIGMA SIGMA SIGMA
Purple & Pearls - Tri Sigma,Volunteer Quarter Zip,UPI2606184233,Outerwear > Jackets,https://cdn.shopify.com/s/files/1/0560/6532/7209/files/SSS26GL604ST253ATHHTR.jpg?v=1774539503,SIGMA SIGMA SIGMA
Purple & Pearls - Tri Sigma,Sigma Sigma Sigma - Heart Tag Necklace,UPI2606188297,Jewelry > Necklaces,https://cdn.shopify.com/s/files/1/0560/6532/7209/files/sss3.jpg?v=1742414329,SIGMA SIGMA SIGMA
Purple & Pearls - Tri Sigma,Oval Necklace,UPI26061823131,Jewelry > Necklaces,https://cdn.shopify.com/s/files/1/0560/6532/7209/files/sss-6.jpg?v=1735860360,SIGMA SIGMA SIGMA
Purple & Pearls - Tri Sigma,Choker Necklace,UPI2606183385,Jewelry > Necklaces,https://cdn.shopify.com/s/files/1/0560/6532/7209/files/sss-9ng.jpg?v=1735860359,SIGMA SIGMA SIGMA
Purple & Pearls - Tri Sigma,MINIATURE FLAG,UPI2606185001,Household items > Flags,https://cdn.shopify.com/s/files/1/0560/6532/7209/files/SSS-BDP-FLAG.jpg?v=1713042586,SIGMA SIGMA SIGMA
Purple & Pearls - Tri Sigma,Locket Key Chain,UPI26061809851,Promotional > Key chains,https://cdn.shopify.com/s/files/1/0560/6532/7209/files/SSS-BDP-KEYCHAIN.jpg?v=1735860319,SIGMA SIGMA SIGMA
Purple & Pearls - Tri Sigma,Bid Day Card Packs,UPI26061862811,Bundles > Non-apparel bundles,https://cdn.shopify.com/s/files/1/0560/6532/7209/files/SSS-BidCard_86ce8db2-0916-42e7-b748-731caf080a85.png?v=1735860421,SIGMA SIGMA SIGMA
Purple & Pearls - Tri Sigma,Crewneck & Beanie Bundle,UPI2606189913,Sweatshirts > Crewneck sweatshirts,https://cdn.shopify.com/s/files/1/0560/6532/7209/files/SSS-BUNDLE.jpg?v=1767981032,SIGMA SIGMA SIGMA
Purple & Pearls - Tri Sigma,NSUOK DAD'S DAY TEE 2023,UPI2606180233,Shirts > Short sleeve t-shirts,https://cdn.shopify.com/s/files/1/0560/6532/7209/files/strongsstee.png?v=1696361352,SIGMA SIGMA SIGMA
Purple & Pearls - Tri Sigma,NSUOKAY DAD'S DAY SWEATSHIRT 2023,UPI2606185769,Sweatshirts > Crewneck sweatshirts,https://cdn.shopify.com/s/files/1/0560/6532/7209/files/strongsweatshirt.png?v=1696361501,SIGMA SIGMA SIGMA
Purple & Pearls - Tri Sigma,NSUOK BID DAY 2024,UPI2606187097,Shirts > Short sleeve t-shirts,https://cdn.shopify.com/s/files/1/0560/6532/7209/files/TITAN1.png?v=1717522596,SIGMA SIGMA SIGMA
Purple & Pearls - Tri Sigma,SELU TRI SIGMA BID DAY 2024,UPI26061807131,Shirts > Short sleeve t-shirts,https://cdn.shopify.com/s/files/1/0560/6532/7209/files/TOFFEE.png?v=1726828406,SIGMA SIGMA SIGMA
Purple & Pearls - Tri Sigma,IPAY - Graduation Stoles - ORDER TODAY! Link available through Nov 21st,UPI2606182137,Apparel > Stoles,https://cdn.shopify.com/s/files/1/0560/6532/7209/files/TriSigma_42.50.png?v=1729545537,SIGMA SIGMA SIGMA
Purple & Pearls - Tri Sigma,Clear tote bag,UPI26061833692,Bags > Tote bags,https://cdn.shopify.com/s/files/1/0560/6532/7209/files/TRISIGMABAG_e8b2bee8-36a5-48b6-a17c-2acf3f824094.jpg?v=1770836062,SIGMA SIGMA SIGMA
Purple & Pearls - Tri Sigma,Beach Towel,UPI2606188537,Towels > Beach towels,https://cdn.shopify.com/s/files/1/0560/6532/7209/files/TRISIGMABEACHTOWEL2.jpg?v=1771345732,SIGMA SIGMA SIGMA
Purple & Pearls - Tri Sigma,Flip-Flops,UPI2606182473,Footwear > Flip flops,https://cdn.shopify.com/s/files/1/0560/6532/7209/files/TRISIGMAFF1.jpg?v=1770836034,SIGMA SIGMA SIGMA
Purple & Pearls - Tri Sigma,VWU ANNIVERSARY TEE 2024,UPI2606188201,Shirts > Short sleeve t-shirts,https://cdn.shopify.com/s/files/1/0560/6532/7209/files/triumph.png?v=1704887817,SIGMA SIGMA SIGMA
Purple & Pearls - Tri Sigma,NSUOK BID DAY 2023!,UPI2606180745,Shirts > Short sleeve t-shirts,https://cdn.shopify.com/s/files/1/0560/6532/7209/files/western.png?v=1687178149,SIGMA SIGMA SIGMA
Purple & Pearls - Tri Sigma,NSUOK BID DAY 2023!,UPI2606186281,Shirts > Short sleeve t-shirts,https://cdn.shopify.com/s/files/1/0560/6532/7209/files/western_03a5133d-3894-436e-a93f-f164f9573a17.png?v=1687178210,SIGMA SIGMA SIGMA
Purple & Pearls - Tri Sigma,Mable Lee Walton House Ornament,UPI2606187241,Promotional > Ornaments,https://cdn.shopify.com/s/files/1/0560/6532/7209/files/WH-Ornament_1_18b16bd5-9302-47b9-9721-41c3e5226892.png?v=1759353598,SIGMA SIGMA SIGMA
Purple & Pearls - Tri Sigma,1898 Long Sleeve,UPI2606186073,Shirts > Long sleeve t-shirts,https://cdn.shopify.com/s/files/1/0560/6532/7209/products/1898-Longsleeve.png?v=1735860408,SIGMA SIGMA SIGMA
Purple & Pearls - Tri Sigma,Purple and White Graduation Cord,UPI2606182361,Apparel > Graduation cords,https://cdn.shopify.com/s/files/1/0560/6532/7209/products/cord_0d2454c5-66e8-4c8c-9faa-a835a26a17ea.jpg?v=1735860419,SIGMA SIGMA SIGMA
Purple & Pearls - Tri Sigma,Eight Women in Farmville,UPI26061873531,Shirts > Short sleeve t-shirts,https://cdn.shopify.com/s/files/1/0560/6532/7209/products/Founders-Orchid-2.png?v=1735860494,SIGMA SIGMA SIGMA
Purple & Pearls - Tri Sigma,Tri Sigma Gift Card,UPI2606187993,Paper/print goods > Plastic cards,https://cdn.shopify.com/s/files/1/0560/6532/7209/products/GiftCards.png?v=1735860417,SIGMA SIGMA SIGMA
Purple & Pearls - Tri Sigma,IPAY - SLICES WITH SIGMA 2023,UPI26061850811,Shirts > Short sleeve t-shirts,https://cdn.shopify.com/s/files/1/0560/6532/7209/products/GREET.png?v=1679504687,SIGMA SIGMA SIGMA
Purple & Pearls - Tri Sigma,Heart Skull Button,UPI2606183321,Apparel > Buttons,https://cdn.shopify.com/s/files/1/0560/6532/7209/products/heart-skull-button.png?v=1735860366,SIGMA SIGMA SIGMA
Purple & Pearls - Tri Sigma,Tri Sigma Notepad,UPI2606185209,Paper/print goods > Note pads,https://cdn.shopify.com/s/files/1/0560/6532/7209/products/notepad.png?v=1735860387,SIGMA SIGMA SIGMA
Purple & Pearls - Tri Sigma,PSU TRI SIGMA VIOLET GALA 2023,UPI26061890331,Shirts > Short sleeve t-shirts,https://cdn.shopify.com/s/files/1/0560/6532/7209/products/ROLLER.png?v=1735860363,SIGMA SIGMA SIGMA
Purple & Pearls - Tri Sigma,Big Year Button,UPI2606189481,Apparel > Buttons,https://cdn.shopify.com/s/files/1/0560/6532/7209/products/Sigma-1898-Button_cca378e5-126e-4040-a04c-22eb6bfc9847.png?v=1668792807,SIGMA SIGMA SIGMA
Purple & Pearls - Tri Sigma,Center Heart Button,UPI26061828731,Apparel > Buttons,https://cdn.shopify.com/s/files/1/0560/6532/7209/products/Sigma-Heart-Button.png?v=1668792833,SIGMA SIGMA SIGMA
Purple & Pearls - Tri Sigma,Bold Tri Sigma Tee,UPI2606188985,Shirts > Short sleeve t-shirts,https://cdn.shopify.com/s/files/1/0560/6532/7209/products/SSS220001-TEAMPURPLE-3001.jpg?v=1658155654,SIGMA SIGMA SIGMA
Purple & Pearls - Tri Sigma,Bold Tri Sigma Tee - Turquoise,UPI2606187065,Shirts > Short sleeve t-shirts,https://cdn.shopify.com/s/files/1/0560/6532/7209/products/SSS220001-TURQUOISE-3001.jpg?v=1735860552,SIGMA SIGMA SIGMA
Purple & Pearls - Tri Sigma,Tri Sigma Empowered Crew Neck,UPI26061866652,Sweatshirts > Crewneck sweatshirts,https://cdn.shopify.com/s/files/1/0560/6532/7209/products/SSS220002-SPORTGREY-18000.jpg?v=1735860617,SIGMA SIGMA SIGMA
Purple & Pearls - Tri Sigma,Sailboat Polo,UPI26061880091,Shirts > Short sleeve polo shirts,https://cdn.shopify.com/s/files/1/0560/6532/7209/products/SSS220003-GRAPE-DG20W-EMB.jpg?v=1735860615,SIGMA SIGMA SIGMA
Purple & Pearls - Tri Sigma,Coat of Arms Polo,UPI2606184441,Shirts > Short sleeve polo shirts,https://cdn.shopify.com/s/files/1/0560/6532/7209/products/SSS220004-BLACK-DG20W.jpg?v=1735860614,SIGMA SIGMA SIGMA
Purple & Pearls - Tri Sigma,Sailboat Rain Jacket,UPI2606185193,Outerwear > Jackets,https://cdn.shopify.com/s/files/1/0560/6532/7209/products/SSS220005-VIOLET-5099_1.jpg?v=1735860551,SIGMA SIGMA SIGMA
Purple & Pearls - Tri Sigma,Tri Sigma Empowered Tee,UPI26061818011,Shirts > Short sleeve t-shirts,https://cdn.shopify.com/s/files/1/0560/6532/7209/products/SSS220006-TURQOUISE-3001.jpg?v=1735860550,SIGMA SIGMA SIGMA
Purple & Pearls - Tri Sigma,Tri Sigma Empowered Tee,UPI2606184089,Shirts > Short sleeve t-shirts,https://cdn.shopify.com/s/files/1/0560/6532/7209/products/SSS220006-WHITE-3001.jpg?v=1735860612,SIGMA SIGMA SIGMA
Purple & Pearls - Tri Sigma,Repeat Empowered Hoodie,UPI2606188025,Sweatshirts > Hooded sweatshirts,https://cdn.shopify.com/s/files/1/0560/6532/7209/products/SSS220007-WHITE-18500-BACK.jpg?v=1735860610,SIGMA SIGMA SIGMA
Purple & Pearls - Tri Sigma,Lavendar Tri Sigma Empowered Tee,UPI2606180617,Shirts > Short sleeve t-shirts,https://cdn.shopify.com/s/files/1/0560/6532/7209/products/SSS220008-DARKLAVENDAR-3001.jpg?v=1735860609,SIGMA SIGMA SIGMA
Purple & Pearls - Tri Sigma,Empowered Script Crew Neck,UPI26061856411,Sweatshirts > Crewneck sweatshirts,https://cdn.shopify.com/s/files/1/0560/6532/7209/products/SSS220009-ASH-18000.jpg?v=1735860549,SIGMA SIGMA SIGMA
Purple & Pearls - Tri Sigma,Empowered Script Crew Neck,UPI2606189817,Sweatshirts > Crewneck sweatshirts,https://cdn.shopify.com/s/files/1/0560/6532/7209/products/SSS220009-PURPLE-18000.jpg?v=1735860608,SIGMA SIGMA SIGMA
Purple & Pearls - Tri Sigma,Founders Sweatshirt,UPI26061815291,Sweatshirts > Crewneck sweatshirts,https://cdn.shopify.com/s/files/1/0560/6532/7209/products/SSS2200100-CHARCOAL-18000.jpg?v=1735860497,SIGMA SIGMA SIGMA
Purple & Pearls - Tri Sigma,Straight Outta Virginia Tee,UPI2606187513,Shirts > Short sleeve t-shirts,https://cdn.shopify.com/s/files/1/0560/6532/7209/products/SSS2200101-STORM-3001.jpg?v=1658757719,SIGMA SIGMA SIGMA
Purple & Pearls - Tri Sigma,Straight Outta Virginia Tee,UPI26061847451,Shirts > Short sleeve t-shirts,https://cdn.shopify.com/s/files/1/0560/6532/7209/products/SSS2200101-WHITE-3001.jpg?v=1658757683,SIGMA SIGMA SIGMA
Purple & Pearls - Tri Sigma,Founders Day Sweatshirt,UPI26061890332,Sweatshirts > Crewneck sweatshirts,https://cdn.shopify.com/s/files/1/0560/6532/7209/products/SSS2200103-VIOLLET-1566.jpg?v=1735860495,SIGMA SIGMA SIGMA
Purple & Pearls - Tri Sigma,1898 Tank,UPI2606185657,Shirts > Tank tops,https://cdn.shopify.com/s/files/1/0560/6532/7209/products/SSS2200105-WHITE-5033.jpg?v=1735860493,SIGMA SIGMA SIGMA
Purple & Pearls - Tri Sigma,Purple Violet Hat,UPI2606189881,Headwear > Billed hats,https://cdn.shopify.com/s/files/1/0560/6532/7209/products/SSS2200106-LAVENDER-VC300A.jpg?v=1735860484,SIGMA SIGMA SIGMA
Purple & Pearls - Tri Sigma,Empowered Hat,UPI26061806651,Headwear > Billed hats,https://cdn.shopify.com/s/files/1/0560/6532/7209/products/SSS2200107-WHITE-VC300A-EMB.jpg?v=1735860492,SIGMA SIGMA SIGMA
Purple & Pearls - Tri Sigma,Collegiate Hat,UPI26061886331,Headwear > Billed hats,https://cdn.shopify.com/s/files/1/0560/6532/7209/products/SSS2200108-GREY-VC300A.jpg?v=1735860482,SIGMA SIGMA SIGMA
Purple & Pearls - Tri Sigma,Rainbow Hat,UPI2606186937,Headwear > Billed hats,https://cdn.shopify.com/s/files/1/0560/6532/7209/products/SSS2200109-WHITE-VC300A.jpg?v=1735860480,SIGMA SIGMA SIGMA
Purple & Pearls - Tri Sigma,Sailboat Cardigan,UPI26061805371,Apparel > Sweaters,https://cdn.shopify.com/s/files/1/0560/6532/7209/products/SSS220010-GREYHEATHER-M425W.jpg?v=1735860606,SIGMA SIGMA SIGMA
Purple & Pearls - Tri Sigma,Coat of Arms Hat,UPI26061846172,Headwear > Billed hats,https://cdn.shopify.com/s/files/1/0560/6532/7209/products/SSS2200110-PURPLE-VC300A_1.jpg?v=1735860479,SIGMA SIGMA SIGMA
Purple & Pearls - Tri Sigma,Monogram Hat,UPI26061877211,Headwear > Billed hats,https://cdn.shopify.com/s/files/1/0560/6532/7209/products/SSS2200111-LAVENDER-VC300A.jpg?v=1735860491,SIGMA SIGMA SIGMA
Purple & Pearls - Tri Sigma,Tri Sigma Hat,UPI2606181385,Headwear > Billed hats,https://cdn.shopify.com/s/files/1/0560/6532/7209/products/SSS2200112-KHAKI-VC300A-EMB.jpg?v=1735860489,SIGMA SIGMA SIGMA
Purple & Pearls - Tri Sigma,Greek Letter Hat,UPI2606181833,Headwear > Billed hats,https://cdn.shopify.com/s/files/1/0560/6532/7209/products/SSS2200113-BLACK-VC300A-EMB.jpg?v=1735860488,SIGMA SIGMA SIGMA
Purple & Pearls - Tri Sigma,Empowered Beanie,UPI2606186745,Headwear > Beanies,https://cdn.shopify.com/s/files/1/0560/6532/7209/products/SSS2200114-PURPLE-SP15-EMB.jpg?v=1735860487,SIGMA SIGMA SIGMA
Purple & Pearls - Tri Sigma,Monogram Beanie,UPI2606189513,Headwear > Beanies,https://cdn.shopify.com/s/files/1/0560/6532/7209/products/SSS2200115-HTHRGREY-SP15.jpg?v=1735860486,SIGMA SIGMA SIGMA
Purple & Pearls - Tri Sigma,Tri Sigma Beanie,UPI2606187817,Headwear > Beanies,https://cdn.shopify.com/s/files/1/0560/6532/7209/products/SSS2200116-BLACK-SP15-EMB.jpg?v=1735860485,SIGMA SIGMA SIGMA
Purple & Pearls - Tri Sigma,Purple Greek Letter Trucker Hat,UPI2606186841,Headwear > Billed hats,https://cdn.shopify.com/s/files/1/0560/6532/7209/products/SSS2200118-WHITEPURPLE-112-EMB.jpg?v=1658760209,SIGMA SIGMA SIGMA
Purple & Pearls - Tri Sigma,Purple Sailboat Trucker Hat,UPI2606183001,Headwear > Billed hats,https://cdn.shopify.com/s/files/1/0560/6532/7209/products/SSS2200119-PURPLE-112.jpg?v=1658760131,SIGMA SIGMA SIGMA
Purple & Pearls - Tri Sigma,Tri Sigma Cardigan,UPI2606185369,Apparel > Sweaters,https://cdn.shopify.com/s/files/1/0560/6532/7209/products/SSS220011-BLACK-M425W.jpg?v=1735860605,SIGMA SIGMA SIGMA
Purple & Pearls - Tri Sigma,Coat of Arms Trucker Hat,UPI2606183625,Headwear > Billed hats,https://cdn.shopify.com/s/files/1/0560/6532/7209/products/SSS2200120-WHITE_CHARCOAL-112.jpg?v=1658760055,SIGMA SIGMA SIGMA
Purple & Pearls - Tri Sigma,Sailboat Trucker Hat,UPI26061810331,Headwear > Billed hats,https://cdn.shopify.com/s/files/1/0560/6532/7209/products/SSS2200121-WHITE_BLACK-112.jpg?v=1658759727,SIGMA SIGMA SIGMA
Purple & Pearls - Tri Sigma,Rainbow Trucker Hat,UPI26061804091,Headwear > Billed hats,https://cdn.shopify.com/s/files/1/0560/6532/7209/products/SSS2200122-GREY_WHITE-112HTRY.jpg?v=1658759888,SIGMA SIGMA SIGMA
Purple & Pearls - Tri Sigma,Sunset Trucker Hat,UPI26061825531,Headwear > Billed hats,https://cdn.shopify.com/s/files/1/0560/6532/7209/products/SSS2200123-KHAKI_WHITE-112.jpg?v=1658759975,SIGMA SIGMA SIGMA
Purple & Pearls - Tri Sigma,Collegiate White 1/4 Zip,UPI26061861371,Sweatshirts > 1/4 zip sweatshirts,https://cdn.shopify.com/s/files/1/0560/6532/7209/products/SSS2200124-WHITE-995MR.jpg?v=1658761289,SIGMA SIGMA SIGMA
Purple & Pearls - Tri Sigma,Purple Violet 1/4 Zip,UPI2606189977,Outerwear > Jackets,https://cdn.shopify.com/s/files/1/0560/6532/7209/products/SSS2200125-ASH-995MR.jpg?v=1735860477,SIGMA SIGMA SIGMA
Purple & Pearls - Tri Sigma,Sunset Black 1/4 Zip,UPI2606181497,Outerwear > Jackets,https://cdn.shopify.com/s/files/1/0560/6532/7209/products/SSS2200126-BLACK-995MR-EMB.jpg?v=1735860475,SIGMA SIGMA SIGMA
Purple & Pearls - Tri Sigma,Purple Violet  Fleece Jacket,UPI2606184985,Outerwear > Jackets,https://cdn.shopify.com/s/files/1/0560/6532/7209/products/SSS2200127-BLACK-5250.jpg?v=1735860474,SIGMA SIGMA SIGMA
Purple & Pearls - Tri Sigma,Oatmeal Fleece Vest,UPI2606189273,Outerwear > Vests,https://cdn.shopify.com/s/files/1/0560/6532/7209/products/SSS2200128-OATMEAL-5722-EMB.jpg?v=1735860472,SIGMA SIGMA SIGMA
Purple & Pearls - Tri Sigma,Greek Letter Nylon Pullover,UPI2606186329,Outerwear > Jackets,https://cdn.shopify.com/s/files/1/0560/6532/7209/products/SSS2200129-BLACK-9905-EMB.jpg?v=1735860470,SIGMA SIGMA SIGMA
Purple & Pearls - Tri Sigma,Coat of Arms Nylon Pullover,UPI2606184393,Outerwear > Jackets,https://cdn.shopify.com/s/files/1/0560/6532/7209/products/SSS220012-PURPLE-9905.jpg?v=1735860548,SIGMA SIGMA SIGMA
Purple & Pearls - Tri Sigma,Coat of Arms Patch Nylon Pullover,UPI26061829371,Outerwear > Jackets,https://cdn.shopify.com/s/files/1/0560/6532/7209/products/SSS2200130-BLACK_WHITE-9908.jpg?v=1735860468,SIGMA SIGMA SIGMA
Purple & Pearls - Tri Sigma,Sailboat Patch Nylon Pullover,UPI26061861532,Outerwear > Jackets,https://cdn.shopify.com/s/files/1/0560/6532/7209/products/SSS2200131-PURPLE-9904.jpg?v=1735860467,SIGMA SIGMA SIGMA
Purple & Pearls - Tri Sigma,Sunset Rain Jacket,UPI26061838332,Outerwear > Jackets,https://cdn.shopify.com/s/files/1/0560/6532/7209/products/SSS2200132-VIOLET-5099-EMB.jpg?v=1735860466,SIGMA SIGMA SIGMA
Purple & Pearls - Tri Sigma,Sunset Commuter Back Pack,UPI26061837532,Bags > Backpacks,https://cdn.shopify.com/s/files/1/0560/6532/7209/products/SSS2200133-BLACK-BE0303-EMB.jpg?v=1735860465,SIGMA SIGMA SIGMA
Purple & Pearls - Tri Sigma,Coat of Arms Commuter Back Pack,UPI26061820571,Bags > Backpacks,https://cdn.shopify.com/s/files/1/0560/6532/7209/products/SSS2200134-BLACK-BE0303-EMB.jpg?v=1735860464,SIGMA SIGMA SIGMA
Purple & Pearls - Tri Sigma,Rainbow Commuter Back Pack,UPI2606183129,Bags > Backpacks,https://cdn.shopify.com/s/files/1/0560/6532/7209/products/SSS2200135-BLACK-BE3030-EMB.jpg?v=1735860463,SIGMA SIGMA SIGMA
Purple & Pearls - Tri Sigma,Tri Sigma Pride Tee,UPI2606181881,Shirts > Short sleeve t-shirts,https://cdn.shopify.com/s/files/1/0560/6532/7209/products/SSS2200136-WHITE-3001.jpg?v=1735860461,SIGMA SIGMA SIGMA
Purple & Pearls - Tri Sigma,Wisdom Tee,UPI2606187865,Shirts > Short sleeve t-shirts,https://cdn.shopify.com/s/files/1/0560/6532/7209/products/SSS2200137-WHITE-3001.jpg?v=1693935109,SIGMA SIGMA SIGMA
Purple & Pearls - Tri Sigma,Hanukkah Tee,UPI26061821531,Shirts > Short sleeve t-shirts,https://cdn.shopify.com/s/files/1/0560/6532/7209/products/SSS2200139-WHITE-1717.jpg?v=1735860460,SIGMA SIGMA SIGMA
Purple & Pearls - Tri Sigma,Tri Sigma V-Neck,UPI2606187705,Shirts > Short sleeve t-shirts,https://cdn.shopify.com/s/files/1/0560/6532/7209/products/SSS220013-PURPLE-6405.jpg?v=1735860604,SIGMA SIGMA SIGMA
Purple & Pearls - Tri Sigma,Tri Sigma V-Neck,UPI26061810011,Shirts > Short sleeve t-shirts,https://cdn.shopify.com/s/files/1/0560/6532/7209/products/SSS220013-TURQOUISE-6405.jpg?v=1735860547,SIGMA SIGMA SIGMA
Purple & Pearls - Tri Sigma,Sweet Tart Tee,UPI26061819771,Shirts > Short sleeve t-shirts,https://cdn.shopify.com/s/files/1/0560/6532/7209/products/SSS2200140-WHITE-1717.jpg?v=1735860459,SIGMA SIGMA SIGMA
Purple & Pearls - Tri Sigma,Merry and Bright Tee,UPI2606185641,Shirts > Short sleeve t-shirts,https://cdn.shopify.com/s/files/1/0560/6532/7209/products/SSS2200141-CRIMSON-1717.jpg?v=1735860458,SIGMA SIGMA SIGMA
Purple & Pearls - Tri Sigma,Home of the Tri Sigma,UPI2606181177,Sweatshirts > Crewneck sweatshirts,https://cdn.shopify.com/s/files/1/0560/6532/7209/products/SSS2200142-FLOBLUE-1717.jpg?v=1735860457,SIGMA SIGMA SIGMA
Purple & Pearls - Tri Sigma,Be Mine Tee,UPI2606182249,Shirts > Short sleeve t-shirts,https://cdn.shopify.com/s/files/1/0560/6532/7209/products/SSS2200143-BLOSSOM-1717.jpg?v=1735860456,SIGMA SIGMA SIGMA
Purple & Pearls - Tri Sigma,Candy Corn Tee,UPI26061842171,Shirts > Short sleeve t-shirts,https://cdn.shopify.com/s/files/1/0560/6532/7209/products/SSS2200145-YAM-1717.jpg?v=1735860453,SIGMA SIGMA SIGMA
Purple & Pearls - Tri Sigma,Wisdom Crew Neck Sweatshirt,UPI26061835931,Sweatshirts > Crewneck sweatshirts,https://cdn.shopify.com/s/files/1/0560/6532/7209/products/SSS2200146-WHITE-18000.jpg?v=1735860452,SIGMA SIGMA SIGMA
Purple & Pearls - Tri Sigma,Home of the Tri Sigma Sweatshirt,UPI2606187433,Sweatshirts > Crewneck sweatshirts,https://cdn.shopify.com/s/files/1/0560/6532/7209/products/SSS2200147-NAVY-18000.jpg?v=1735860451,SIGMA SIGMA SIGMA
Purple & Pearls - Tri Sigma,Reindeer Stitch It Sweatshirt,UPI26061895771,Sweatshirts > Crewneck sweatshirts,https://cdn.shopify.com/s/files/1/0560/6532/7209/products/SSS2200148-RED-18000.jpg?v=1735860450,SIGMA SIGMA SIGMA
Purple & Pearls - Tri Sigma,Empowered Script V-Neck,UPI2606186553,Shirts > Short sleeve t-shirts,https://cdn.shopify.com/s/files/1/0560/6532/7209/products/SSS220014-WHITE-6405.jpg?v=1735860603,SIGMA SIGMA SIGMA
Purple & Pearls - Tri Sigma,Merry and Bright Sweatshirt,UPI26061834171,Sweatshirts > Crewneck sweatshirts,https://cdn.shopify.com/s/files/1/0560/6532/7209/products/SSS2200150-FOREST-18000.jpg?v=1735860449,SIGMA SIGMA SIGMA
Purple & Pearls - Tri Sigma,Candy Corn Sweatshirt,UPI2606185561,Sweatshirts > Crewneck sweatshirts,https://cdn.shopify.com/s/files/1/0560/6532/7209/products/SSS2200151-BLACK-18000.jpg?v=1735860447,SIGMA SIGMA SIGMA
Purple & Pearls - Tri Sigma,Sweet Tart Sweatshirt,UPI2606181993,Sweatshirts > Crewneck sweatshirts,https://cdn.shopify.com/s/files/1/0560/6532/7209/products/SSS2200152-LIGHTPINK-18000.jpg?v=1735860446,SIGMA SIGMA SIGMA
Purple & Pearls - Tri Sigma,Rainbow Bright Crewneck,UPI26061858332,Sweatshirts > Crewneck sweatshirts,https://cdn.shopify.com/s/files/1/0560/6532/7209/products/SSS2200153-WHITE-18000.jpg?v=1735860445,SIGMA SIGMA SIGMA
Purple & Pearls - Tri Sigma,The Heart T-Shirt,UPI26061873532,Shirts > Short sleeve t-shirts,https://cdn.shopify.com/s/files/1/0560/6532/7209/products/SSS2200154-WHITE-3001_1.png?v=1735860444,SIGMA SIGMA SIGMA
Purple & Pearls - Tri Sigma,It's a Good Day,UPI26061816411,Sweatshirts > Crewneck sweatshirts,https://cdn.shopify.com/s/files/1/0560/6532/7209/products/SSS2200155-BUTTER-1566.jpg?v=1735860442,SIGMA SIGMA SIGMA
Purple & Pearls - Tri Sigma,Faces Crew Sweatshirt,UPI26061865531,Sweatshirts > Crewneck sweatshirts,https://cdn.shopify.com/s/files/1/0560/6532/7209/products/SSS2200156-WHITE-1566.jpg?v=1735860441,SIGMA SIGMA SIGMA
Purple & Pearls - Tri Sigma,Barcode Hoodie,UPI2606188073,Sweatshirts > Hooded sweatshirts,https://cdn.shopify.com/s/files/1/0560/6532/7209/products/SSS2200157-BLACK-18500-BACK.jpg?v=1735860440,SIGMA SIGMA SIGMA
Purple & Pearls - Tri Sigma,Repeat Empowered Tote,UPI2606184057,Bags > Tote bags,https://cdn.shopify.com/s/files/1/0560/6532/7209/products/SSS2200158-WHITE-Q800.jpg?v=1735860439,SIGMA SIGMA SIGMA
Purple & Pearls - Tri Sigma,Tri Sigma Empowered Tote,UPI26061823611,Bags > Tote bags,https://cdn.shopify.com/s/files/1/0560/6532/7209/products/SSS2200159-Q800-LAVENDER.jpg?v=1735860438,SIGMA SIGMA SIGMA
Purple & Pearls - Tri Sigma,Sisterhood Tee,UPI2606186825,Shirts > Short sleeve t-shirts,https://cdn.shopify.com/s/files/1/0560/6532/7209/products/SSS220015-LILAC-3001.jpg?v=1735860602,SIGMA SIGMA SIGMA
Purple & Pearls - Tri Sigma,Sisterhood Tee,UPI2606184841,Shirts > Short sleeve t-shirts,https://cdn.shopify.com/s/files/1/0560/6532/7209/products/SSS220015-TURQUOISE-3001.jpg?v=1735860546,SIGMA SIGMA SIGMA
Purple & Pearls - Tri Sigma,Text Me Tote,UPI2606187273,Bags > Tote bags,https://cdn.shopify.com/s/files/1/0560/6532/7209/products/SSS2200160-PURPLE-Q800.jpg?v=1658766427,SIGMA SIGMA SIGMA
Purple & Pearls - Tri Sigma,Wisdom Tote,UPI2606187721,Bags > Tote bags,https://cdn.shopify.com/s/files/1/0560/6532/7209/products/SSS2200161-BLACK-Q800.jpg?v=1735860437,SIGMA SIGMA SIGMA
Purple & Pearls - Tri Sigma,1898 Tote,UPI2606189865,Bags > Tote bags,https://cdn.shopify.com/s/files/1/0560/6532/7209/products/SSS2200162-BLACK-Q800.jpg?v=1735860435,SIGMA SIGMA SIGMA
Purple & Pearls - Tri Sigma,Purple and Grey Pen,UPI2606182217,Office products > Pens,https://cdn.shopify.com/s/files/1/0560/6532/7209/products/SSS2200169-SUB.jpg?v=1735860422,SIGMA SIGMA SIGMA
Purple & Pearls - Tri Sigma,Coat of Arms Crew Sweatshirt,UPI26061877212,Sweatshirts > Crewneck sweatshirts,https://cdn.shopify.com/s/files/1/0560/6532/7209/products/SSS220016-ATHL.HTHR-3901.jpg?v=1735860601,SIGMA SIGMA SIGMA
Purple & Pearls - Tri Sigma,Our Values Tee,UPI2606188265,Shirts > Short sleeve t-shirts,https://cdn.shopify.com/s/files/1/0560/6532/7209/products/SSS2200174-TURQUOISE-3001.jpg?v=1735860434,SIGMA SIGMA SIGMA
Purple & Pearls - Tri Sigma,Since 1898,UPI2606183801,Shirts > Short sleeve t-shirts,https://cdn.shopify.com/s/files/1/0560/6532/7209/products/SSS2200174-VINTWHITE-3001.jpg?v=1774838523,SIGMA SIGMA SIGMA
Purple & Pearls - Tri Sigma,Sigma Serves Children Tee,UPI2606184873,Shirts > Short sleeve t-shirts,https://cdn.shopify.com/s/files/1/0560/6532/7209/products/SSS2200175-WHITE-3001.jpg?v=1735860431,SIGMA SIGMA SIGMA
Purple & Pearls - Tri Sigma,Foundation Sweatshirt,UPI2606183449,Sweatshirts > Crewneck sweatshirts,https://cdn.shopify.com/s/files/1/0560/6532/7209/products/SSS2200176-WHITE-18000.jpg?v=1735860430,SIGMA SIGMA SIGMA
Purple & Pearls - Tri Sigma,Tri Sigma Letters Sweatshirt,UPI2606183273,Sweatshirts > Crewneck sweatshirts,https://cdn.shopify.com/s/files/1/0560/6532/7209/products/SSS2200177-WHITE-18000.jpg?v=1735860429,SIGMA SIGMA SIGMA
Purple & Pearls - Tri Sigma,Sigma Serves Children Long Sleeve,UPI2606180873,Shirts > Long sleeve t-shirts,https://cdn.shopify.com/s/files/1/0560/6532/7209/products/SSS2200178-GRAPE-014.jpg?v=1735860428,SIGMA SIGMA SIGMA
Purple & Pearls - Tri Sigma,Sigma Serves Children Long Sleeve,UPI26061874811,Shirts > Long sleeve t-shirts,https://cdn.shopify.com/s/files/1/0560/6532/7209/products/SSS2200178-LAGOON-6014.jpg?v=1735860427,SIGMA SIGMA SIGMA
Purple & Pearls - Tri Sigma,Violet and Skull Sticker,UPI2606187593,Promotional > Stickers,https://cdn.shopify.com/s/files/1/0560/6532/7209/products/SSS2200179-STICKER.jpg?v=1735860426,SIGMA SIGMA SIGMA
Purple & Pearls - Tri Sigma,Pink Tri Sigma Crew Sweatshirt,UPI26061830811,Sweatshirts > Crewneck sweatshirts,https://cdn.shopify.com/s/files/1/0560/6532/7209/products/SSS220017-CHARCOAL-18000.jpg?v=1735860599,SIGMA SIGMA SIGMA
Purple & Pearls - Tri Sigma,Violet and Letters Sticker,UPI2606181001,Promotional > Stickers,https://cdn.shopify.com/s/files/1/0560/6532/7209/products/SSS2200181-STICKER.jpg?v=1735860425,SIGMA SIGMA SIGMA
Purple & Pearls - Tri Sigma,Tri Sigma Pennant Tee,UPI2606181449,Shirts > Short sleeve t-shirts,https://cdn.shopify.com/s/files/1/0560/6532/7209/products/SSS220018-GRANITE-1717.jpg?v=1735860545,SIGMA SIGMA SIGMA
Purple & Pearls - Tri Sigma,Tri Sigma Pennant Tee,UPI2606183353,Shirts > Short sleeve t-shirts,https://cdn.shopify.com/s/files/1/0560/6532/7209/products/SSS220018-NAVY-1717.jpg?v=1735860598,SIGMA SIGMA SIGMA
Purple & Pearls - Tri Sigma,Ivory Seal Long Sleeve,UPI2606180857,Shirts > Long sleeve t-shirts,https://cdn.shopify.com/s/files/1/0560/6532/7209/products/SSS220019-IVORY-6014.jpg?v=1735860597,SIGMA SIGMA SIGMA
Purple & Pearls - Tri Sigma,Sisterhood Crew Neck Sweatshirt,UPI2606180681,Sweatshirts > Crewneck sweatshirts,https://cdn.shopify.com/s/files/1/0560/6532/7209/products/SSS220020-ASH-18000.jpg?v=1735860596,SIGMA SIGMA SIGMA
Purple & Pearls - Tri Sigma,Soda Cap Crew Neck Sweatshirt,UPI2606186489,Sweatshirts > Crewneck sweatshirts,https://cdn.shopify.com/s/files/1/0560/6532/7209/products/SSS220021-BLACK-3901.jpg?v=1735860595,SIGMA SIGMA SIGMA
Purple & Pearls - Tri Sigma,Tri Sigma High Neck Tank,UPI2606185065,Shirts > Tank tops,https://cdn.shopify.com/s/files/1/0560/6532/7209/products/SSS220022-DKGREYHTR-8809.jpg?v=1735860594,SIGMA SIGMA SIGMA
Purple & Pearls - Tri Sigma,Classic Seal Tee,UPI26061887291,Shirts > Short sleeve t-shirts,https://cdn.shopify.com/s/files/1/0560/6532/7209/products/SSS220023-ATH.HTHR-3001CVC.jpg?v=1658159473,SIGMA SIGMA SIGMA
Purple & Pearls - Tri Sigma,Tri Sigma Script Hoodie,UPI26061862331,Sweatshirts > Hooded sweatshirts,https://cdn.shopify.com/s/files/1/0560/6532/7209/products/SSS220024-HTRGREY-JHA001.jpg?v=1735860593,SIGMA SIGMA SIGMA
Purple & Pearls - Tri Sigma,Tri Sigma Outline Hoodie,UPI26061815931,Sweatshirts > Hooded sweatshirts,https://cdn.shopify.com/s/files/1/0560/6532/7209/products/SSS220025-PURPLE-JHA001_1.jpg?v=1735860591,SIGMA SIGMA SIGMA
Purple & Pearls - Tri Sigma,Lagoon Tri Sigma Script Tee,UPI2606183593,Shirts > Short sleeve t-shirts,https://cdn.shopify.com/s/files/1/0560/6532/7209/products/SSS220026-LAGOON-1717.jpg?v=1735860544,SIGMA SIGMA SIGMA
Purple & Pearls - Tri Sigma,Orchid Tri Sigma Script Tee,UPI26061897211,Shirts > Short sleeve t-shirts,https://cdn.shopify.com/s/files/1/0560/6532/7209/products/SSS220026-ORCHID-1717.jpg?v=1735860590,SIGMA SIGMA SIGMA
Purple & Pearls - Tri Sigma,Tri Sigma Coat of Arms Crew Sweatshirt,UPI26061825852,Sweatshirts > Crewneck sweatshirts,https://cdn.shopify.com/s/files/1/0560/6532/7209/products/SSS220027-PURPLE-18000.jpg?v=1735860589,SIGMA SIGMA SIGMA
Purple & Pearls - Tri Sigma,Standard Tri Sigma Long Sleeve,UPI2606185737,Shirts > Long sleeve t-shirts,https://cdn.shopify.com/s/files/1/0560/6532/7209/products/SSS220028-LAGOON-6014.jpg?v=1735860543,SIGMA SIGMA SIGMA
Purple & Pearls - Tri Sigma,Standard Tri Sigma Long Sleeve,UPI2606182681,Shirts > Long sleeve t-shirts,https://cdn.shopify.com/s/files/1/0560/6532/7209/products/SSS220028-NAVY-6014.jpg?v=1735860588,SIGMA SIGMA SIGMA
Purple & Pearls - Tri Sigma,Heather Orchid Coat of Arms Tee,UPI26061861691,Shirts > Short sleeve t-shirts,https://cdn.shopify.com/s/files/1/0560/6532/7209/products/SSS220029-3001CVC-HTHRORCHID.jpg?v=1735860587,SIGMA SIGMA SIGMA
Purple & Pearls - Tri Sigma,Local Team Tank,UPI2606183049,Shirts > Tank tops,https://cdn.shopify.com/s/files/1/0560/6532/7209/products/SSS220030-SHIRAZ-5033.jpg?v=1735860586,SIGMA SIGMA SIGMA
Purple & Pearls - Tri Sigma,Monogram Tee,UPI26061894811,Shirts > Short sleeve t-shirts,https://cdn.shopify.com/s/files/1/0560/6532/7209/products/SSS220031-GRAPE-1717_1.jpg?v=1735860585,SIGMA SIGMA SIGMA
Purple & Pearls - Tri Sigma,Monogram Tee,UPI26061840411,Shirts > Short sleeve t-shirts,https://cdn.shopify.com/s/files/1/0560/6532/7209/products/SSS220031-LAGOON-1717.jpg?v=1735860542,SIGMA SIGMA SIGMA
Purple & Pearls - Tri Sigma,The Pocket Tee,UPI2606184217,Shirts > Short sleeve t-shirts,https://cdn.shopify.com/s/files/1/0560/6532/7209/products/SSS220032-WHITE-6030-BACK.jpg?v=1735860583,SIGMA SIGMA SIGMA
Purple & Pearls - Tri Sigma,Local Team Pocket Tee,UPI2606185113,Shirts > Short sleeve t-shirts,https://cdn.shopify.com/s/files/1/0560/6532/7209/products/SSS220033-VIOLET-6030-BACK.jpg?v=1735860582,SIGMA SIGMA SIGMA
Purple & Pearls - Tri Sigma,Left Chest Crest Tee,UPI2606188601,Shirts > Short sleeve t-shirts,https://cdn.shopify.com/s/files/1/0560/6532/7209/products/SSS220034-IVORY-6030-FRONT.jpg?v=1735860581,SIGMA SIGMA SIGMA
Purple & Pearls - Tri Sigma,Box Letter Crew Sweatshirt,UPI26061884251,Sweatshirts > Crewneck sweatshirts,https://cdn.shopify.com/s/files/1/0560/6532/7209/products/SSS220035-WHITE-18000_1.jpg?v=1735860580,SIGMA SIGMA SIGMA
Purple & Pearls - Tri Sigma,Athletics Tee,UPI2606183785,Shirts > Short sleeve t-shirts,https://cdn.shopify.com/s/files/1/0560/6532/7209/products/SSS220036-WHITE-3001_bf3c745c-184b-4817-b4c5-c506e0256d41.jpg?v=1735860578,SIGMA SIGMA SIGMA
Purple & Pearls - Tri Sigma,Sailboat Shield Tee,UPI26061868251,Shirts > Short sleeve t-shirts,https://cdn.shopify.com/s/files/1/0560/6532/7209/products/SSS220037-SOFTCREAM-3001.jpg?v=1735860577,SIGMA SIGMA SIGMA
Purple & Pearls - Tri Sigma,Sail into the Sun Tee,UPI2606183881,Shirts > Short sleeve t-shirts,https://cdn.shopify.com/s/files/1/0560/6532/7209/products/SSS220038-SILVER-3001.jpg?v=1735860576,SIGMA SIGMA SIGMA
Purple & Pearls - Tri Sigma,Convex Tee,UPI26061895131,Shirts > Short sleeve t-shirts,https://cdn.shopify.com/s/files/1/0560/6532/7209/products/SSS220039-IVORY-1717.jpg?v=1735860575,SIGMA SIGMA SIGMA
Purple & Pearls - Tri Sigma,Team Script Tee,UPI2606183417,Shirts > Short sleeve t-shirts,https://cdn.shopify.com/s/files/1/0560/6532/7209/products/SSS220040-LAGOON-1717.jpg?v=1658715852,SIGMA SIGMA SIGMA
Purple & Pearls - Tri Sigma,Team Script Tee,UPI2606187641,Shirts > Short sleeve t-shirts,https://cdn.shopify.com/s/files/1/0560/6532/7209/products/SSS220040-ORCHID-1717.jpg?v=1658162152,SIGMA SIGMA SIGMA
Purple & Pearls - Tri Sigma,Tri Sigma Crewneck,UPI2606181641,Sweatshirts > Crewneck sweatshirts,https://cdn.shopify.com/s/files/1/0560/6532/7209/products/SSS220042-WHITE-18000_ec2b345b-b0e7-4051-997b-4316117ff55b.jpg?v=1735860390,SIGMA SIGMA SIGMA
Purple & Pearls - Tri Sigma,Trilogy Crew Neck Sweatshirt,UPI2606184073,Sweatshirts > Crewneck sweatshirts,https://cdn.shopify.com/s/files/1/0560/6532/7209/products/SSS220043-BLACK-18000.jpg?v=1735860574,SIGMA SIGMA SIGMA
Purple & Pearls - Tri Sigma,Classic Greek Crew,UPI26061866651,Sweatshirts > Crewneck sweatshirts,https://cdn.shopify.com/s/files/1/0560/6532/7209/products/SSS220044-18000-DARKHTHR.jpg?v=1735860573,SIGMA SIGMA SIGMA
Purple & Pearls - Tri Sigma,1898 Marble Crew,UPI2606181401,Sweatshirts > Crewneck sweatshirts,https://cdn.shopify.com/s/files/1/0560/6532/7209/products/SSS220045-LTGREYMARBLE-3901.jpg?v=1658162616,SIGMA SIGMA SIGMA
Purple & Pearls - Tri Sigma,Greek Letter and Year Crew Neck Sweatshirt,UPI26061850651,Sweatshirts > Crewneck sweatshirts,https://cdn.shopify.com/s/files/1/0560/6532/7209/products/SSS220046-LTASH-3901.jpg?v=1735860572,SIGMA SIGMA SIGMA
Purple & Pearls - Tri Sigma,Team Script Sweatshirt,UPI26061887292,Sweatshirts > Crewneck sweatshirts,https://cdn.shopify.com/s/files/1/0560/6532/7209/products/SSS220047-HTHRDUST-3901.jpg?v=1658162908,SIGMA SIGMA SIGMA
Purple & Pearls - Tri Sigma,Classic Greek Hoodie,UPI2606187753,Sweatshirts > Hooded sweatshirts,https://cdn.shopify.com/s/files/1/0560/6532/7209/products/SSS220048-JDESERTSAND-HA001.jpg?v=1735860570,SIGMA SIGMA SIGMA
Purple & Pearls - Tri Sigma,Magenta Magic Hoodie,UPI2606181865,Sweatshirts > Hooded sweatshirts,https://cdn.shopify.com/s/files/1/0560/6532/7209/products/SSS220049-JMAGENTAMAGIC-HA001.jpg?v=1658163370,SIGMA SIGMA SIGMA
Purple & Pearls - Tri Sigma,Sailboat Shield Tank,UPI2606189193,Shirts > Tank tops,https://cdn.shopify.com/s/files/1/0560/6532/7209/products/SSS220050-ORCHID-9360.jpg?v=1658163660,SIGMA SIGMA SIGMA
Purple & Pearls - Tri Sigma,Violet Tri Sigma Empowered Tank,UPI2606186697,Shirts > Tank tops,https://cdn.shopify.com/s/files/1/0560/6532/7209/products/SSS220051-VIOLET-9360.jpg?v=1735860568,SIGMA SIGMA SIGMA
Purple & Pearls - Tri Sigma,Sail into the Sun Long Sleeve,UPI26061831291,Shirts > Long sleeve t-shirts,https://cdn.shopify.com/s/files/1/0560/6532/7209/products/SSS220052-WHITE-6014.jpg?v=1735860566,SIGMA SIGMA SIGMA
Purple & Pearls - Tri Sigma,Grape Long Sleeve,UPI2606186169,Shirts > Long sleeve t-shirts,https://cdn.shopify.com/s/files/1/0560/6532/7209/products/SSS220053-GRAPE-6014.jpg?v=1735860564,SIGMA SIGMA SIGMA
Purple & Pearls - Tri Sigma,Lagoon Long Sleeve,UPI26061894011,Shirts > Long sleeve t-shirts,https://cdn.shopify.com/s/files/1/0560/6532/7209/products/SSS220053-LAGOON-6014.jpg?v=1735860541,SIGMA SIGMA SIGMA
Purple & Pearls - Tri Sigma,Blue Jean Sisterhood,UPI2606185385,Shirts > Short sleeve t-shirts,https://cdn.shopify.com/s/files/1/0560/6532/7209/products/SSS220054-BLUEJEAN-6030-BACK.jpg?v=1735860540,SIGMA SIGMA SIGMA
Purple & Pearls - Tri Sigma,Pepper Tee,UPI26061858331,Shirts > Short sleeve t-shirts,https://cdn.shopify.com/s/files/1/0560/6532/7209/products/SSS220055-GRAPHITE-1717-BACK.jpg?v=1735860539,SIGMA SIGMA SIGMA
Purple & Pearls - Tri Sigma,Violet Sailboat Tee,UPI26061862812,Shirts > Short sleeve t-shirts,https://cdn.shopify.com/s/files/1/0560/6532/7209/products/SSS220056-VIOLET-1717-BACK.jpg?v=1735860538,SIGMA SIGMA SIGMA
Purple & Pearls - Tri Sigma,Tri Sigma Alum Script Tee,UPI2606181817,Shirts > Short sleeve t-shirts,https://cdn.shopify.com/s/files/1/0560/6532/7209/products/SSS220057-LAGOON-1717.jpg?v=1735860537,SIGMA SIGMA SIGMA
Purple & Pearls - Tri Sigma,Tri Sigma Alum Script Tee,UPI2606187353,Shirts > Short sleeve t-shirts,https://cdn.shopify.com/s/files/1/0560/6532/7209/products/SSS220057-VIOLET-1717.jpg?v=1735860562,SIGMA SIGMA SIGMA
Purple & Pearls - Tri Sigma,Orchid Alum Tee,UPI2606185929,Shirts > Short sleeve t-shirts,https://cdn.shopify.com/s/files/1/0560/6532/7209/products/SSS220058-ORCHID-1717.jpg?v=1735860561,SIGMA SIGMA SIGMA
Purple & Pearls - Tri Sigma,Asphalt Alum Tee,UPI26061806652,Shirts > Short sleeve t-shirts,https://cdn.shopify.com/s/files/1/0560/6532/7209/products/SSS220059-ASPHALT-3001.jpg?v=1735860560,SIGMA SIGMA SIGMA
Purple & Pearls - Tri Sigma,Classic Alumna Tee,UPI2606188425,Shirts > Short sleeve t-shirts,https://cdn.shopify.com/s/files/1/0560/6532/7209/products/SSS220060-TURQUOISE-3001.jpg?v=1735860536,SIGMA SIGMA SIGMA
Purple & Pearls - Tri Sigma,Classic Alumna Tee,UPI26061864731,Shirts > Short sleeve t-shirts,https://cdn.shopify.com/s/files/1/0560/6532/7209/products/SSS220060-WHITE-3001.jpg?v=1735860559,SIGMA SIGMA SIGMA
Purple & Pearls - Tri Sigma,Greek Letter Polo,UPI26061865691,Shirts > Short sleeve polo shirts,https://cdn.shopify.com/s/files/1/0560/6532/7209/products/SSS220061-WHITE-DG20W.jpg?v=1735860558,SIGMA SIGMA SIGMA
Purple & Pearls - Tri Sigma,Classic Alumna Polo,UPI2606183337,Shirts > Short sleeve polo shirts,https://cdn.shopify.com/s/files/1/0560/6532/7209/products/SSS220061-WHITE-DG20W_f78979fb-8aea-4eab-bdc1-288a24af7b8a.jpg?v=1735860535,SIGMA SIGMA SIGMA
Purple & Pearls - Tri Sigma,Script Alum Cardigan,UPI2606182649,Apparel > Sweaters,https://cdn.shopify.com/s/files/1/0560/6532/7209/products/SSS220063-BLACK-M425W.jpg?v=1735860557,SIGMA SIGMA SIGMA
Purple & Pearls - Tri Sigma,Grey Alumna Letter Cardigan,UPI2606180601,Apparel > Sweaters,https://cdn.shopify.com/s/files/1/0560/6532/7209/products/SSS220064-GREYHTHR-M425W.jpg?v=1735860556,SIGMA SIGMA SIGMA
Purple & Pearls - Tri Sigma,Coat of Arms Alumna Sweatshirt,UPI2606183113,Sweatshirts > Crewneck sweatshirts,https://cdn.shopify.com/s/files/1/0560/6532/7209/products/SSS220065-HTHRGREY-JHA030.jpg?v=1735860555,SIGMA SIGMA SIGMA
Purple & Pearls - Tri Sigma,Script Alumna Crew Neck Sweatshirt,UPI26061867772,Sweatshirts > Crewneck sweatshirts,https://cdn.shopify.com/s/files/1/0560/6532/7209/products/SSS220066-PURPLE-JHA030.jpg?v=1735860554,SIGMA SIGMA SIGMA
Purple & Pearls - Tri Sigma,Greek Letter Alumna Crew Neck,UPI26061893211,Sweatshirts > Crewneck sweatshirts,https://cdn.shopify.com/s/files/1/0560/6532/7209/products/SSS220067-ARCTICWHITE-JHA030.jpg?v=1735860534,SIGMA SIGMA SIGMA
Purple & Pearls - Tri Sigma,Fuchsia Alumna Jacket,UPI26061831611,Outerwear > Jackets,https://cdn.shopify.com/s/files/1/0560/6532/7209/products/SSS220068-FUSHIA-5250.jpg?v=1735860533,SIGMA SIGMA SIGMA
Purple & Pearls - Tri Sigma,Tri Sigma Dad,UPI2606183433,Shirts > Short sleeve t-shirts,https://cdn.shopify.com/s/files/1/0560/6532/7209/products/SSS220070-DARKGRE-3001.jpg?v=1735860532,SIGMA SIGMA SIGMA
Purple & Pearls - Tri Sigma,Tri Sigma Mom Shirt,UPI2606185577,Shirts > Short sleeve t-shirts,https://cdn.shopify.com/s/files/1/0560/6532/7209/products/SSS220071-LILAC-3001.jpg?v=1735860530,SIGMA SIGMA SIGMA
Purple & Pearls - Tri Sigma,Tri Sigma Mom Sweatshirt,UPI2606184953,Sweatshirts > Crewneck sweatshirts,https://cdn.shopify.com/s/files/1/0560/6532/7209/products/SSS220072-PURPLE-JHA030.jpg?v=1735860529,SIGMA SIGMA SIGMA
Purple & Pearls - Tri Sigma,Tri Sigma Dad Sweatshirt,UPI2606187001,Sweatshirts > Crewneck sweatshirts,https://cdn.shopify.com/s/files/1/0560/6532/7209/products/SSS220073-JHA030-CHARCOAL.jpg?v=1735860528,SIGMA SIGMA SIGMA
Purple & Pearls - Tri Sigma,Makes Me Smile Onesie,UPI2606187449,Apparel > Bodysuits,https://cdn.shopify.com/s/files/1/0560/6532/7209/products/SSS220074-CARRIBEAN-4400.jpg?v=1735860527,SIGMA SIGMA SIGMA
Purple & Pearls - Tri Sigma,Makes Me Smile Onesie,UPI2606188521,Apparel > Bodysuits,https://cdn.shopify.com/s/files/1/0560/6532/7209/products/SSS220074-PURPLE-4400.jpg?v=1735860526,SIGMA SIGMA SIGMA
Purple & Pearls - Tri Sigma,Sailboat Onesie,UPI2606180665,Apparel > Bodysuits,https://cdn.shopify.com/s/files/1/0560/6532/7209/products/SSS220076-WHITE-4400.jpg?v=1735860525,SIGMA SIGMA SIGMA
Purple & Pearls - Tri Sigma,A Tri Sigma Loves Me,UPI26061846011,Promotional > Stickers,https://cdn.shopify.com/s/files/1/0560/6532/7209/products/SSS220077-CARRIBEAN-3301T.jpg?v=1658753799,SIGMA SIGMA SIGMA
Purple & Pearls - Tri Sigma,A Tri Sigma Loves Me,UPI2606185673,Apparel > Bodysuits,https://cdn.shopify.com/s/files/1/0560/6532/7209/products/SSS220077-LAVENDAR-3301T.jpg?v=1735860523,SIGMA SIGMA SIGMA
Purple & Pearls - Tri Sigma,Makes Me Smile Toddler Tee,UPI2606184793,Shirts > Short sleeve t-shirts,https://cdn.shopify.com/s/files/1/0560/6532/7209/products/SSS220078-WHITE-3301T.jpg?v=1735860521,SIGMA SIGMA SIGMA
Purple & Pearls - Tri Sigma,Sailboat Toddler Tee,UPI2606180329,Shirts > Short sleeve t-shirts,https://cdn.shopify.com/s/files/1/0560/6532/7209/products/SSS220079-BLACK-3301T.jpg?v=1735860520,SIGMA SIGMA SIGMA
Purple & Pearls - Tri Sigma,Alumna Slouchy Tank,UPI2606183545,Shirts > Tank tops,https://cdn.shopify.com/s/files/1/0560/6532/7209/products/SSS220080-WHITE-8838.jpg?v=1735860518,SIGMA SIGMA SIGMA
Purple & Pearls - Tri Sigma,I love Sigma Sigma Sigma,UPI26061833691,Shirts > Short sleeve t-shirts,https://cdn.shopify.com/s/files/1/0560/6532/7209/products/SSS220082-COTTONCANDY-CD100.jpg?v=1735860517,SIGMA SIGMA SIGMA
Purple & Pearls - Tri Sigma,Sketch Tank,UPI2606182121,Shirts > Tank tops,https://cdn.shopify.com/s/files/1/0560/6532/7209/products/SSS220085-SHIRAZ-5033.jpg?v=1735860516,SIGMA SIGMA SIGMA
Purple & Pearls - Tri Sigma,Wink Muscle Tee,UPI2606183193,Shirts > Short sleeve t-shirts,https://cdn.shopify.com/s/files/1/0560/6532/7209/products/SSS220086-STORM-8804.jpg?v=1735860515,SIGMA SIGMA SIGMA
Purple & Pearls - Tri Sigma,Corded Cotton Crew Neck Sweatshirt,UPI2606181321,Sweatshirts > Crewneck sweatshirts,https://cdn.shopify.com/s/files/1/0560/6532/7209/products/SSS220087-VINBLACK-9930.jpg?v=1735860513,SIGMA SIGMA SIGMA
Purple & Pearls - Tri Sigma,Corded Cotton Cropped Sweatshirt,UPI2606189625,Sweatshirts > Crewneck sweatshirts,https://cdn.shopify.com/s/files/1/0560/6532/7209/products/SSS220088-STORM-9031.jpg?v=1735860512,SIGMA SIGMA SIGMA
Purple & Pearls - Tri Sigma,Etched in Sand Crew Sweatshirt,UPI26061839131,Sweatshirts > Crewneck sweatshirts,https://cdn.shopify.com/s/files/1/0560/6532/7209/products/SSS220089-SAND-18000-FRONT.jpg?v=1735860511,SIGMA SIGMA SIGMA
Purple & Pearls - Tri Sigma,Text Me Hoodie,UPI2606180521,Sweatshirts > Hooded sweatshirts,https://cdn.shopify.com/s/files/1/0560/6532/7209/products/SSS220090-WHITE-18500-BACK.jpg?v=1735860509,SIGMA SIGMA SIGMA
Purple & Pearls - Tri Sigma,Nine Boat Hoodie,UPI2606187129,Sweatshirts > Hooded sweatshirts,https://cdn.shopify.com/s/files/1/0560/6532/7209/products/SSS220091-ORCHID-18500.jpg?v=1735860508,SIGMA SIGMA SIGMA
Purple & Pearls - Tri Sigma,Butterfly Crew Sweatshirt,UPI2606186505,Sweatshirts > Crewneck sweatshirts,https://cdn.shopify.com/s/files/1/0560/6532/7209/products/SSS220092-WHITE-18000.jpg?v=1735860507,SIGMA SIGMA SIGMA
Purple & Pearls - Tri Sigma,Tri Sigma Empowered Confidence,UPI2606183561,Shirts > Short sleeve t-shirts,https://cdn.shopify.com/s/files/1/0560/6532/7209/products/SSS220093-SILVER-3001.jpg?v=1735860504,SIGMA SIGMA SIGMA
Purple & Pearls - Tri Sigma,Tri Sigma Empowered Confidence,UPI2606184185,Shirts > Short sleeve t-shirts,https://cdn.shopify.com/s/files/1/0560/6532/7209/products/SSS220093-TURQUOISE-3001.jpg?v=1735860505,SIGMA SIGMA SIGMA
Purple & Pearls - Tri Sigma,Tri Sigma 1898,UPI26061806171,Shirts > Short sleeve t-shirts,https://cdn.shopify.com/s/files/1/0560/6532/7209/products/SSS220094-TURQUOISE-3001.jpg?v=1735860502,SIGMA SIGMA SIGMA
Purple & Pearls - Tri Sigma,Tri Sigma 1898,UPI26061867771,Shirts > Short sleeve t-shirts,https://cdn.shopify.com/s/files/1/0560/6532/7209/products/SSS220094-WHITE-3001.jpg?v=1735860503,SIGMA SIGMA SIGMA
Purple & Pearls - Tri Sigma,Upside Down Tee,UPI26061866011,Shirts > Short sleeve t-shirts,https://cdn.shopify.com/s/files/1/0560/6532/7209/products/SSS220096-BLACK-3001-FRONT.jpg?v=1722791518,SIGMA SIGMA SIGMA
Purple & Pearls - Tri Sigma,Established Script Crew,UPI2606184905,Sweatshirts > Crewneck sweatshirts,https://cdn.shopify.com/s/files/1/0560/6532/7209/products/SSS220097-CHARCOAL-18000.jpg?v=1735860501,SIGMA SIGMA SIGMA
Purple & Pearls - Tri Sigma,Established Script Crew,UPI26061891931,Sweatshirts > Crewneck sweatshirts,https://cdn.shopify.com/s/files/1/0560/6532/7209/products/SSS220097-WHITE-18000.jpg?v=1735860499,SIGMA SIGMA SIGMA
Purple & Pearls - Tri Sigma,Farmville Long Sleeve,UPI2606187689,Shirts > Long sleeve t-shirts,https://cdn.shopify.com/s/files/1/0560/6532/7209/products/SSS220099-GRAPE-6014-BACK.jpg?v=1735860498,SIGMA SIGMA SIGMA
Purple & Pearls - Tri Sigma,Coat of Arms Hooded Cardigan,UPI26061848091,Apparel > Sweaters,https://cdn.shopify.com/s/files/1/0560/6532/7209/products/SSS220301-BLKFROST-DT156.jpg?v=1668624922,SIGMA SIGMA SIGMA
Purple & Pearls - Tri Sigma,Coat of Arms Cardigan,UPI2606180793,Apparel > Sweaters,https://cdn.shopify.com/s/files/1/0560/6532/7209/products/SSS220302-GRYHTHR-M425W-EMB.jpg?v=1735860416,SIGMA SIGMA SIGMA
Purple & Pearls - Tri Sigma,Coat of Arms Cardigan,UPI2606182937,Apparel > Sweaters,https://cdn.shopify.com/s/files/1/0560/6532/7209/products/SSS220303-BLK-M425W-EMB.jpg?v=1735860415,SIGMA SIGMA SIGMA
Purple & Pearls - Tri Sigma,Coat of Arms Tote,UPI2606180889,Bags > Tote bags,https://cdn.shopify.com/s/files/1/0560/6532/7209/products/SSS220304-BLK-M425W-EMB.jpg?v=1735860414,SIGMA SIGMA SIGMA
Purple & Pearls - Tri Sigma,Sigma Serves Long Sleeve,UPI2606183033,Shirts > Long sleeve t-shirts,https://cdn.shopify.com/s/files/1/0560/6532/7209/products/SSS220305-WHITE-3501.jpg?v=1735860412,SIGMA SIGMA SIGMA
Purple & Pearls - Tri Sigma,Signature Long Sleeve,UPI2606189641,Shirts > Long sleeve t-shirts,https://cdn.shopify.com/s/files/1/0560/6532/7209/products/SSS220306-BERRY-6014.jpg?v=1735860411,SIGMA SIGMA SIGMA
Purple & Pearls - Tri Sigma,Signature Long Sleeve,UPI26061807132,Shirts > Long sleeve t-shirts,https://cdn.shopify.com/s/files/1/0560/6532/7209/products/SSS220306-GRAPHITE-6014.jpg?v=1735860410,SIGMA SIGMA SIGMA
Purple & Pearls - Tri Sigma,Tone on Tone Outline Crewneck,UPI2606186537,Sweatshirts > Crewneck sweatshirts,https://cdn.shopify.com/s/files/1/0560/6532/7209/products/SSS220307-AMYTHYST-PC098.jpg?v=1735860391,SIGMA SIGMA SIGMA
Purple & Pearls - Tri Sigma,Tone on Tone Outline Crewneck,UPI2606185913,Sweatshirts > Crewneck sweatshirts,https://cdn.shopify.com/s/files/1/0560/6532/7209/products/SSS220307-TIDAL-PC098.jpg?v=1668704892,SIGMA SIGMA SIGMA
Purple & Pearls - Tri Sigma,Tri Sigma Since Long Sleeve,UPI2606182233,Shirts > Long sleeve t-shirts,https://cdn.shopify.com/s/files/1/0560/6532/7209/products/SSS220308-WHITE-3501.jpg?v=1735860409,SIGMA SIGMA SIGMA
Purple & Pearls - Tri Sigma,Sigma Serves Children Tee,UPI2606183753,Shirts > Short sleeve t-shirts,https://cdn.shopify.com/s/files/1/0560/6532/7209/products/SSS220310-HTEAMPURPLE-3001.jpg?v=1735860407,SIGMA SIGMA SIGMA
Purple & Pearls - Tri Sigma,Sigma Serves Children Tee,UPI2606182057,Shirts > Short sleeve t-shirts,https://cdn.shopify.com/s/files/1/0560/6532/7209/products/SSS220310-LILAC-3001.jpg?v=1735860405,SIGMA SIGMA SIGMA
Purple & Pearls - Tri Sigma,Sigma Serves Children Tee,UPI2606185273,Shirts > Short sleeve t-shirts,https://cdn.shopify.com/s/files/1/0560/6532/7209/products/SSS220311-HEATHERCEMENT-3001.jpg?v=1735860404,SIGMA SIGMA SIGMA
Purple & Pearls - Tri Sigma,Sigma Serves Children Tee,UPI2606180809,Shirts > Short sleeve t-shirts,https://cdn.shopify.com/s/files/1/0560/6532/7209/products/SSS220311-HEATHERICE-3001.jpg?v=1668626303,SIGMA SIGMA SIGMA
Purple & Pearls - Tri Sigma,Established Script Tee,UPI26061806331,Shirts > Short sleeve t-shirts,https://cdn.shopify.com/s/files/1/0560/6532/7209/products/SSS220313-WHITE-3001.jpg?v=1735860402,SIGMA SIGMA SIGMA
Purple & Pearls - Tri Sigma,Farmville Tee,UPI2606188313,Shirts > Short sleeve t-shirts,https://cdn.shopify.com/s/files/1/0560/6532/7209/products/SSS220314-HTEAMPURPLE-3001-BACK.jpg?v=1735860400,SIGMA SIGMA SIGMA
Purple & Pearls - Tri Sigma,Retro Long Sleeve,UPI2606180457,Shirts > Long sleeve t-shirts,https://cdn.shopify.com/s/files/1/0560/6532/7209/products/SSS220315-WHITE-3501.jpg?v=1735860399,SIGMA SIGMA SIGMA
Purple & Pearls - Tri Sigma,Retro Tee,UPI26061864411,Shirts > Short sleeve t-shirts,https://cdn.shopify.com/s/files/1/0560/6532/7209/products/SSS220316-WHITE-3001_3cda6d56-cf11-4a29-9bd1-ea9472bd741f.jpg?v=1735860397,SIGMA SIGMA SIGMA
Purple & Pearls - Tri Sigma,Text me When Sticker,UPI2606184745,Promotional > Stickers,https://cdn.shopify.com/s/files/1/0560/6532/7209/products/SSS220317-STICKER.jpg?v=1735860396,SIGMA SIGMA SIGMA
Purple & Pearls - Tri Sigma,Tri Sigma Pennant Sticker,UPI26061868891,Promotional > Stickers,https://cdn.shopify.com/s/files/1/0560/6532/7209/products/SSS220318-STICKER.jpg?v=1735860394,SIGMA SIGMA SIGMA
Purple & Pearls - Tri Sigma,Tri Sigma Alumna Sticker,UPI2606187961,Promotional > Stickers,https://cdn.shopify.com/s/files/1/0560/6532/7209/products/SSS220319-STICKER.jpg?v=1735860393,SIGMA SIGMA SIGMA
Purple & Pearls - Tri Sigma,Colorful Tri Sigma Sticker,UPI2606181801,Promotional > Stickers,https://cdn.shopify.com/s/files/1/0560/6532/7209/products/SSS220320-STICKER.jpg?v=1735860392,SIGMA SIGMA SIGMA
Purple & Pearls - Tri Sigma,Tri Sigma Tank,UPI26061857691,Shirts > Tank tops,https://cdn.shopify.com/s/files/1/0560/6532/7209/products/SSS22095-HTHRDUST-8838.jpg?v=1735860618,SIGMA SIGMA SIGMA
Purple & Pearls - Tri Sigma,Skull Beanie,UPI26061838331,Headwear > Beanies,https://cdn.shopify.com/s/files/1/0560/6532/7209/products/SSS230001-HPURPLE-SP12-EMB.jpg?v=1735860384,SIGMA SIGMA SIGMA
Purple & Pearls - Tri Sigma,Skull Hat,UPI2606189369,Headwear > Billed hats,https://cdn.shopify.com/s/files/1/0560/6532/7209/products/SSS230002-GREY-VC200A-EMB.jpg?v=1735860383,SIGMA SIGMA SIGMA
Purple & Pearls - Tri Sigma,Floral Skull Tote,UPI2606183209,Bags > Tote bags,https://cdn.shopify.com/s/files/1/0560/6532/7209/products/SSS230003-NATURAL-Q800.jpg?v=1735860382,SIGMA SIGMA SIGMA
Purple & Pearls - Tri Sigma,Tri Sigma Skull Crewneck,UPI26061836571,Sweatshirts > Crewneck sweatshirts,https://cdn.shopify.com/s/files/1/0560/6532/7209/products/SSS230004.-LIGHTPINK-18000jpg.jpg?v=1735860380,SIGMA SIGMA SIGMA
Purple & Pearls - Tri Sigma,Tri Sigma Skull Crewneck,UPI2606188121,Sweatshirts > Crewneck sweatshirts,https://cdn.shopify.com/s/files/1/0560/6532/7209/products/SSS230004-BLACK-18000.jpg?v=1735860381,SIGMA SIGMA SIGMA
Purple & Pearls - Tri Sigma,Skeleton Peace Crop Hoodie,UPI2606180265,Sweatshirts > Hooded sweatshirts,https://cdn.shopify.com/s/files/1/0560/6532/7209/products/SSS230005-WHITE-7502.jpg?v=1735860379,SIGMA SIGMA SIGMA
Purple & Pearls - Tri Sigma,Floral Skull V-Neck,UPI26061850011,Shirts > Short sleeve t-shirts,https://cdn.shopify.com/s/files/1/0560/6532/7209/products/SSS230006-HDUST-6405CVC.jpg?v=1735860377,SIGMA SIGMA SIGMA
Purple & Pearls - Tri Sigma,Floral Skull Sand Crewneck,UPI2606184377,Sweatshirts > Crewneck sweatshirts,https://cdn.shopify.com/s/files/1/0560/6532/7209/products/SSS230007-SAND-18000.jpg?v=1735860376,SIGMA SIGMA SIGMA
Purple & Pearls - Tri Sigma,Repeat Skull Hoodie,UPI26061809852,Sweatshirts > Hooded sweatshirts,https://cdn.shopify.com/s/files/1/0560/6532/7209/products/SSS230008-WHITE-18500-BACKjpg.jpg?v=1735860375,SIGMA SIGMA SIGMA
Purple & Pearls - Tri Sigma,Pigment Wash Skull Crewneck,UPI2606183401,Sweatshirts > Crewneck sweatshirts,https://cdn.shopify.com/s/files/1/0560/6532/7209/products/SSS230009-PIGMENTPLUM-PRM3500.jpg?v=1735860374,SIGMA SIGMA SIGMA
Purple & Pearls - Tri Sigma,Skull Pocket Tee,UPI2606181081,Shirts > Short sleeve t-shirts,https://cdn.shopify.com/s/files/1/0560/6532/7209/products/SSS230010-ORCHID-6030.jpg?v=1735860373,SIGMA SIGMA SIGMA
Purple & Pearls - Tri Sigma,Heart Skull Tote,UPI2606182153,Bags > Tote bags,https://cdn.shopify.com/s/files/1/0560/6532/7209/products/SSS230011-LAVENDAR-Q800.jpg?v=1735860372,SIGMA SIGMA SIGMA
Purple & Pearls - Tri Sigma,Wine Skull Tee,UPI2606182601,Shirts > Short sleeve t-shirts,https://cdn.shopify.com/s/files/1/0560/6532/7209/products/SSS230012-WINE-1717_1.jpg?v=1735860371,SIGMA SIGMA SIGMA
Purple & Pearls - Tri Sigma,Black Skull Tee,UPI2606181977,Shirts > Short sleeve t-shirts,https://cdn.shopify.com/s/files/1/0560/6532/7209/products/SSS230013-BLACK-3001.jpg?v=1735860370,SIGMA SIGMA SIGMA
Purple & Pearls - Tri Sigma,Skull Sticker,UPI2606188409,Promotional > Stickers,https://cdn.shopify.com/s/files/1/0560/6532/7209/products/SSS230014-CARDECAL.jpg?v=1735860369,SIGMA SIGMA SIGMA
Purple & Pearls - Tri Sigma,Heart Skull Sticker,UPI2606185017,Promotional > Stickers,https://cdn.shopify.com/s/files/1/0560/6532/7209/products/SSS230015-STICKER.jpg?v=1735860368,SIGMA SIGMA SIGMA
Purple & Pearls - Tri Sigma,Celebrate 125,UPI2606188345,Shirts > Short sleeve t-shirts,https://cdn.shopify.com/s/files/1/0560/6532/7209/products/SSS230101-URBANLILAC-4980-BACK.jpg?v=1735860385,SIGMA SIGMA SIGMA
Purple & Pearls - Tri Sigma,Name Badges- NOT SOLD OUT!- See product description for details,UPI2606184009,Paper/print goods > Name tags,https://cdn.shopify.com/s/files/1/0560/6532/7209/products/SSS-Custom-NameTags.jpg?v=1735860424,SIGMA SIGMA SIGMA
Purple & Pearls - Tri Sigma,Table Runner,UPI2606189033,Household items > Tablecloths,https://cdn.shopify.com/s/files/1/0560/6532/7209/products/SSS-RUNNER.jpg?v=1735860365,SIGMA SIGMA SIGMA
Purple & Pearls - Tri Sigma,Purple Stole,UPI2606187785,Apparel > Stoles,https://cdn.shopify.com/s/files/1/0560/6532/7209/products/SSS-STOLE-1.jpg?v=1735860389,SIGMA SIGMA SIGMA
Purple & Pearls - Tri Sigma,White with Purple Trim Stole,UPI2606182873,Apparel > Stoles,https://cdn.shopify.com/s/files/1/0560/6532/7209/products/SSS-STOLE-2.jpg?v=1735860420,SIGMA SIGMA SIGMA
Purple & Pearls - Tri Sigma,Tablecloth,UPI2606189129,Household items > Tablecloths,https://cdn.shopify.com/s/files/1/0560/6532/7209/products/SSS-TABLECLOTH.jpg?v=1735860364,SIGMA SIGMA SIGMA
Purple & Pearls - Tri Sigma,Collapsible Water Bottle,UPI2606183529,Water bottles > Plastic water bottles,https://cdn.shopify.com/s/files/1/0560/6532/7209/products/water-bottle.png?v=1735860388,SIGMA SIGMA SIGMA
The Kappa Collection,IPAY - Washington State,UPI2606181799,Shirts > Short sleeve t-shirts,https://cdn.shopify.com/s/files/1/0629/2901/0839/files/CARNIVALS_2425601_IMAGE.png?v=1735862109,KAPPA KAPPA GAMMA
The Kappa Collection,Lacy Bow Knitted Sweater,UPI2606180535,Apparel > Sweaters,https://cdn.shopify.com/s/files/1/0629/2901/0839/files/Front.jpg?v=1759438926,KAPPA KAPPA GAMMA
The Kappa Collection,Ugly Knitted Sweater,UPI2606184455,Apparel > Sweaters,https://cdn.shopify.com/s/files/1/0629/2901/0839/files/Front_bf71d271-402b-41c8-a50a-610628eaa8dc.jpg?v=1763057335,KAPPA KAPPA GAMMA
The Kappa Collection,70 Live Fully Crewneck,UPI2606185127,Sweatshirts > Crewneck sweatshirts,https://cdn.shopify.com/s/files/1/0629/2901/0839/files/KKG.jpg?v=1737134008,KAPPA KAPPA GAMMA
The Kappa Collection,Kappa Collection Gift Card,UPI2606183079,Promotional > Tokens,https://cdn.shopify.com/s/files/1/0629/2901/0839/files/KKG_1e08f7aa-9974-4044-bd9b-975d3755c713.png?v=1735862107,KAPPA KAPPA GAMMA
The Kappa Collection,Athletic Heather Crop Tee,UPI26061899592,Shirts > Short sleeve t-shirts,https://cdn.shopify.com/s/files/1/0629/2901/0839/files/KKG_e1abc997-f37a-4a5f-b8d8-bf669915e734.jpg?v=1737134160,KAPPA KAPPA GAMMA
The Kappa Collection,Natural Est. Crop Tee,UPI2606180135,Shirts > Short sleeve t-shirts,https://cdn.shopify.com/s/files/1/0629/2901/0839/files/KKG_ebc244de-4463-46f3-beb8-4f3af4d7e4cc.jpg?v=1737134318,KAPPA KAPPA GAMMA
The Kappa Collection,Sand Kappa Est Hoodie,UPI2606182295,Sweatshirts > Hooded sweatshirts,https://cdn.shopify.com/s/files/1/0629/2901/0839/files/KKG220042_18500SAND.jpg?v=1735862377,KAPPA KAPPA GAMMA
The Kappa Collection,Kappa Kappa Gamma Motto Crewneck,UPI2606181511,Sweatshirts > Crewneck sweatshirts,https://cdn.shopify.com/s/files/1/0629/2901/0839/files/KKG240001_18000navy.jpg?v=1735862375,KAPPA KAPPA GAMMA
The Kappa Collection,Kappa Kappa Gamma Motto Tee,UPI26061871431,Shirts > Short sleeve t-shirts,https://cdn.shopify.com/s/files/1/0629/2901/0839/files/KKG2400023001WHITE.jpg?v=1735862373,KAPPA KAPPA GAMMA
The Kappa Collection,Ocean Blue Motto Tee,UPI2606180279,Shirts > Short sleeve t-shirts,https://cdn.shopify.com/s/files/1/0629/2901/0839/files/KKG2400033001OCEANBLUE.jpg?v=1735862372,KAPPA KAPPA GAMMA
The Kappa Collection,Birch Cardigan Sweater,UPI2606186551,Apparel > Sweaters,https://cdn.shopify.com/s/files/1/0629/2901/0839/files/KKG240004MM3023BIRCH.jpg?v=1735862371,KAPPA KAPPA GAMMA
The Kappa Collection,Kappa Kappa Gamma Long Sleeve Motto Tee,UPI2606183879,Shirts > Long sleeve t-shirts,https://cdn.shopify.com/s/files/1/0629/2901/0839/files/KKG2400056014CHAMBRAY.jpg?v=1735862369,KAPPA KAPPA GAMMA
The Kappa Collection,Motto Long Sleeve,UPI2606183527,Shirts > Long sleeve t-shirts,https://cdn.shopify.com/s/files/1/0629/2901/0839/files/KKG2400066014MUSTARD.jpg?v=1735862368,KAPPA KAPPA GAMMA
The Kappa Collection,Repeat Hoodie,UPI2606188535,Sweatshirts > Hooded sweatshirts,https://cdn.shopify.com/s/files/1/0629/2901/0839/files/KKG24000718500WHITEfront.jpg?v=1735862366,KAPPA KAPPA GAMMA
The Kappa Collection,True Royal Women's V-Neck,UPI2606189879,Shirts > Short sleeve t-shirts,https://cdn.shopify.com/s/files/1/0629/2901/0839/files/KKG2400086405TRUEROYAL.jpg?v=1735862365,KAPPA KAPPA GAMMA
The Kappa Collection,Packable Anorak Jacket,UPI2606180711,Outerwear > Jackets,https://cdn.shopify.com/s/files/1/0629/2901/0839/files/KKG240009JST66BLACK.jpg?v=1735862363,KAPPA KAPPA GAMMA
The Kappa Collection,Kappa Loves Me Onesie,UPI2606188919,Apparel > Bodysuits,https://cdn.shopify.com/s/files/1/0629/2901/0839/files/KKG24001004400YELLOW.jpg?v=1735862235,KAPPA KAPPA GAMMA
The Kappa Collection,A Kappa Loves Me Toddler Tee,UPI2606187495,Shirts > Short sleeve t-shirts,https://cdn.shopify.com/s/files/1/0629/2901/0839/files/KKG24001013301TWHITE.jpg?v=1735862234,KAPPA KAPPA GAMMA
The Kappa Collection,Smiley Toddler Tee,UPI26061862471,Shirts > Short sleeve t-shirts,https://cdn.shopify.com/s/files/1/0629/2901/0839/files/KKG24001023301TBLACK.jpg?v=1735862233,KAPPA KAPPA GAMMA
The Kappa Collection,KKG Classic Hat,UPI2606188759,Headwear > Billed hats,https://cdn.shopify.com/s/files/1/0629/2901/0839/files/KKG2400103VC300ANAVY.jpg?v=1735862232,KAPPA KAPPA GAMMA
The Kappa Collection,Fleur-de-lis Hat,UPI2606186887,Headwear > Billed hats,https://cdn.shopify.com/s/files/1/0629/2901/0839/files/KKG2400104VC300AWHITE.jpg?v=1735862230,KAPPA KAPPA GAMMA
The Kappa Collection,Kappa Script Hat,UPI2606187783,Headwear > Billed hats,https://cdn.shopify.com/s/files/1/0629/2901/0839/files/KKG2400106VC300AWHITE.jpg?v=1735862229,KAPPA KAPPA GAMMA
The Kappa Collection,Kappa Varsity Hat,UPI2606181895,Headwear > Billed hats,https://cdn.shopify.com/s/files/1/0629/2901/0839/files/KKG2400107VC300ABABYBLUE.jpg?v=1735862228,KAPPA KAPPA GAMMA
The Kappa Collection,"Key, Fleur-de-Lis Quarter Zip",UPI2606188935,Outerwear > Jackets,https://cdn.shopify.com/s/files/1/0629/2901/0839/files/KKG240010995MRWHITE.jpg?v=1735862362,KAPPA KAPPA GAMMA
The Kappa Collection,Etched in Sand Hat,UPI2606181719,Headwear > Billed hats,https://cdn.shopify.com/s/files/1/0629/2901/0839/files/KKG2400109VC300AKHAK.jpg?v=1735862227,KAPPA KAPPA GAMMA
The Kappa Collection,"Key, Fleur-de-Lis Crop Baby Tee",UPI2606186535,Shirts > Short sleeve t-shirts,https://cdn.shopify.com/s/files/1/0629/2901/0839/files/KKG2400111010NATURAL.jpg?v=1735862361,KAPPA KAPPA GAMMA
The Kappa Collection,Fleur- De- Lis Beanie,UPI2606186279,Headwear > Beanies,https://cdn.shopify.com/s/files/1/0629/2901/0839/files/KKG2400111SP15HTHRDKROYAL.jpg?v=1735862225,KAPPA KAPPA GAMMA
The Kappa Collection,KKG Beanie,UPI2606184407,Headwear > Beanies,https://cdn.shopify.com/s/files/1/0629/2901/0839/files/KKG2400112SP15HTHRGREY.jpg?v=1735862224,KAPPA KAPPA GAMMA
The Kappa Collection,Kappa Script Beanie,UPI2606188695,Headwear > Beanies,https://cdn.shopify.com/s/files/1/0629/2901/0839/files/KKG2400113SP15BLACK.jpg?v=1735862222,KAPPA KAPPA GAMMA
The Kappa Collection,Kappa Block Beanie,UPI26061849511,Headwear > Beanies,https://cdn.shopify.com/s/files/1/0629/2901/0839/files/KKG2400114SP15HTHRBROWN.jpg?v=1735862221,KAPPA KAPPA GAMMA
The Kappa Collection,Trucker Hat,UPI2606182375,Headwear > Billed hats,https://cdn.shopify.com/s/files/1/0629/2901/0839/files/KKG2400116VC700WHITE_LB.jpg?v=1713108201,KAPPA KAPPA GAMMA
The Kappa Collection,Tie Dye Bucket Hats,UPI2606185959,Headwear > Billed hats,https://cdn.shopify.com/s/files/1/0629/2901/0839/files/KKG2400118SP450COTTONCANDY.jpg?v=1735862219,KAPPA KAPPA GAMMA
The Kappa Collection,Fleur-de-Lis Bucket Hat,UPI2606185607,Headwear > Billed hats,https://cdn.shopify.com/s/files/1/0629/2901/0839/files/KKG24001192050WHITE.jpg?v=1735862217,KAPPA KAPPA GAMMA
The Kappa Collection,Fleur-de-Lis Tote,UPI2606185079,Bags > Tote bags,https://cdn.shopify.com/s/files/1/0629/2901/0839/files/KKG2400120Q800WHITE.jpg?v=1735862216,KAPPA KAPPA GAMMA
The Kappa Collection,Basic Letters Crewneck,UPI2606189399,Sweatshirts > Crewneck sweatshirts,https://cdn.shopify.com/s/files/1/0629/2901/0839/files/KKG24001218000navy.jpg?v=1735862359,KAPPA KAPPA GAMMA
The Kappa Collection,Repeat Motto Tote,UPI26061843911,Bags > Tote bags,https://cdn.shopify.com/s/files/1/0629/2901/0839/files/KKG2400121Q800ROYALBLUE.jpg?v=1735862214,KAPPA KAPPA GAMMA
The Kappa Collection,Text Me Tote,UPI2606187879,Bags > Tote bags,https://cdn.shopify.com/s/files/1/0629/2901/0839/files/KKG2400122Q800TURQUOISE.jpg?v=1735862213,KAPPA KAPPA GAMMA
The Kappa Collection,Kappa Grinning Tote,UPI2606186455,Bags > Tote bags,https://cdn.shopify.com/s/files/1/0629/2901/0839/files/KKG2400123Q800BLACK.jpg?v=1735862211,KAPPA KAPPA GAMMA
The Kappa Collection,Retro Tote,UPI2606181639,Bags > Tote bags,https://cdn.shopify.com/s/files/1/0629/2901/0839/files/KKG2400124Q800GREY.jpg?v=1735862210,KAPPA KAPPA GAMMA
The Kappa Collection,Confident Tote,UPI2606184679,Bags > Tote bags,https://cdn.shopify.com/s/files/1/0629/2901/0839/files/KKG2400125Q800WHITE.jpg?v=1735862209,KAPPA KAPPA GAMMA
The Kappa Collection,Light Blue Repeat Hoodie,UPI2606181191,Sweatshirts > Hooded sweatshirts,https://cdn.shopify.com/s/files/1/0629/2901/0839/files/KKG24001318500LIGHTBLUEback.jpg?v=1735862358,KAPPA KAPPA GAMMA
The Kappa Collection,Logo Muscle Crop Tank,UPI2606182007,Shirts > Tank tops,https://cdn.shopify.com/s/files/1/0629/2901/0839/files/KKG2400141013WHITE.jpg?v=1735862356,KAPPA KAPPA GAMMA
The Kappa Collection,Classic Logo Crewneck,UPI2606186759,Sweatshirts > Crewneck sweatshirts,https://cdn.shopify.com/s/files/1/0629/2901/0839/files/KKG24001518000SAND.jpg?v=1735862355,KAPPA KAPPA GAMMA
The Kappa Collection,Diamond in the Rough Crewneck,UPI26061837671,Sweatshirts > Crewneck sweatshirts,https://cdn.shopify.com/s/files/1/0629/2901/0839/files/KKG24001618000CHARCOAL.jpg?v=1735862353,KAPPA KAPPA GAMMA
The Kappa Collection,Kappa Stamp of Approval Crewneck,UPI2606184583,Sweatshirts > Crewneck sweatshirts,https://cdn.shopify.com/s/files/1/0629/2901/0839/files/KKG24001718000SAND.jpg?v=1735862352,KAPPA KAPPA GAMMA
The Kappa Collection,Be Bold Crewneck,UPI26061823591,Sweatshirts > Crewneck sweatshirts,https://cdn.shopify.com/s/files/1/0629/2901/0839/files/KKG24001818000ASH.jpg?v=1735862350,KAPPA KAPPA GAMMA
The Kappa Collection,Stamp of Approval Crewneck,UPI26061849513,Sweatshirts > Crewneck sweatshirts,https://cdn.shopify.com/s/files/1/0629/2901/0839/files/KKG24001918000NAVY.jpg?v=1735862349,KAPPA KAPPA GAMMA
The Kappa Collection,Fleur-de-Lis Light Blue Crewneck,UPI26061801351,Sweatshirts > Crewneck sweatshirts,https://cdn.shopify.com/s/files/1/0629/2901/0839/files/KKG24002018000LIGHTBLUE.jpg?v=1735862348,KAPPA KAPPA GAMMA
The Kappa Collection,Kappa Varsity Long Sleeve,UPI2606182999,Shirts > Long sleeve t-shirts,https://cdn.shopify.com/s/files/1/0629/2901/0839/files/KKG2400216014NAVY_1.jpg?v=1735862346,KAPPA KAPPA GAMMA
The Kappa Collection,Stamp of Approval Royal Tee,UPI2606186311,Shirts > Short sleeve t-shirts,https://cdn.shopify.com/s/files/1/0629/2901/0839/files/KKG2400223001CVCHTHRTRUEROYAL.jpg?v=1735862344,KAPPA KAPPA GAMMA
The Kappa Collection,Kappa Stamp of Approval Tee,UPI2606184711,Shirts > Short sleeve t-shirts,https://cdn.shopify.com/s/files/1/0629/2901/0839/files/KKG2400233001CVCATH.HTHR.jpg?v=1735862343,KAPPA KAPPA GAMMA
The Kappa Collection,Kappa Varsity Hoodie,UPI2606186231,Sweatshirts > Hooded sweatshirts,https://cdn.shopify.com/s/files/1/0629/2901/0839/files/KKG24002418500ASH.jpg?v=1735862341,KAPPA KAPPA GAMMA
The Kappa Collection,Kappa Script Motto Tee,UPI2606183735,Shirts > Short sleeve t-shirts,https://cdn.shopify.com/s/files/1/0629/2901/0839/files/KKG2400251717MUSTARD.jpg?v=1735862340,KAPPA KAPPA GAMMA
The Kappa Collection,KKG Outlined Crewneck,UPI2606189095,Sweatshirts > Crewneck sweatshirts,https://cdn.shopify.com/s/files/1/0629/2901/0839/files/KKG24002618000WHITE.jpg?v=1735862339,KAPPA KAPPA GAMMA
The Kappa Collection,Kappa Script Quarter Zip,UPI2606182135,Outerwear > Jackets,https://cdn.shopify.com/s/files/1/0629/2901/0839/files/KKG240027995MRASH.jpg?v=1735862337,KAPPA KAPPA GAMMA
The Kappa Collection,Kappa Varsity Tee,UPI2606186247,Shirts > Short sleeve t-shirts,https://cdn.shopify.com/s/files/1/0629/2901/0839/files/KKG2400281717Hydrangea.jpg?v=1735862334,KAPPA KAPPA GAMMA
The Kappa Collection,Local Team Tee,UPI2606184919,Shirts > Short sleeve t-shirts,https://cdn.shopify.com/s/files/1/0629/2901/0839/files/KKG2400291717TRUENAVYfront.jpg?v=1735862332,KAPPA KAPPA GAMMA
The Kappa Collection,Ivory Emblem Tee,UPI2606183943,Shirts > Short sleeve t-shirts,https://cdn.shopify.com/s/files/1/0629/2901/0839/files/KKG2400301717IVORYfront.jpg?v=1735862330,KAPPA KAPPA GAMMA
The Kappa Collection,KKG Above the Line Tee,UPI2606186359,Shirts > Short sleeve t-shirts,https://cdn.shopify.com/s/files/1/0629/2901/0839/files/KKG2400311717Hydrangeaback.jpg?v=1735862327,KAPPA KAPPA GAMMA
The Kappa Collection,Classic Athletic Tee,UPI2606183863,Shirts > Short sleeve t-shirts,https://cdn.shopify.com/s/files/1/0629/2901/0839/files/KKG2400323001WHITE.jpg?v=1735862325,KAPPA KAPPA GAMMA
The Kappa Collection,Kappa Shield Tee,UPI2606180919,Shirts > Short sleeve t-shirts,https://cdn.shopify.com/s/files/1/0629/2901/0839/files/KKG2400333001SOFTCREAM.jpg?v=1735862323,KAPPA KAPPA GAMMA
The Kappa Collection,Established Script Tee,UPI2606180743,Shirts > Short sleeve t-shirts,https://cdn.shopify.com/s/files/1/0629/2901/0839/files/KKG2400343001COOLBLUE.jpg?v=1735862322,KAPPA KAPPA GAMMA
The Kappa Collection,Convex Ivory Tee,UPI2606189415,Shirts > Short sleeve t-shirts,https://cdn.shopify.com/s/files/1/0629/2901/0839/files/KKG2400351717IVORY.jpg?v=1735862320,KAPPA KAPPA GAMMA
The Kappa Collection,Kappa Team Tee,UPI2606188711,Shirts > Short sleeve t-shirts,https://cdn.shopify.com/s/files/1/0629/2901/0839/files/KKG2400363001WHITE_1.jpg?v=1735862319,KAPPA KAPPA GAMMA
The Kappa Collection,Established Script Crewneck,UPI2606189607,Sweatshirts > Crewneck sweatshirts,https://cdn.shopify.com/s/files/1/0629/2901/0839/files/KKG24003718000WHITE.jpg?v=1735862318,KAPPA KAPPA GAMMA
The Kappa Collection,Vader Crewneck,UPI2606188359,Sweatshirts > Crewneck sweatshirts,https://cdn.shopify.com/s/files/1/0629/2901/0839/files/KKG24003818000BLACK.jpg?v=1735862316,KAPPA KAPPA GAMMA
The Kappa Collection,KKG 1870 Crewneck,UPI2606187559,Sweatshirts > Crewneck sweatshirts,https://cdn.shopify.com/s/files/1/0629/2901/0839/files/KKG24003918000ASH_22142d41-0c2f-4588-af14-d5e8a4670969.jpg?v=1735862315,KAPPA KAPPA GAMMA
The Kappa Collection,Classic Greek Crewneck,UPI2606181847,Sweatshirts > Crewneck sweatshirts,https://cdn.shopify.com/s/files/1/0629/2901/0839/files/KKG24004018000darkCHOCOLATE.jpg?v=1735862313,KAPPA KAPPA GAMMA
The Kappa Collection,Kappa Team Crop Top,UPI2606180695,Shirts > Short sleeve t-shirts,https://cdn.shopify.com/s/files/1/0629/2901/0839/files/KKG2400411201WHITE_NAVY.jpg?v=1735862311,KAPPA KAPPA GAMMA
The Kappa Collection,Classic Kappa Hoodie,UPI2606182663,Sweatshirts > Hooded sweatshirts,https://cdn.shopify.com/s/files/1/0629/2901/0839/files/KKG24004318500NAVY.jpg?v=1735862310,KAPPA KAPPA GAMMA
The Kappa Collection,Kappa 1870 Long Sleeve,UPI2606180791,Shirts > Long sleeve t-shirts,https://cdn.shopify.com/s/files/1/0629/2901/0839/files/KKG2400446014CHAMBRAY.jpg?v=1735862308,KAPPA KAPPA GAMMA
The Kappa Collection,L.E.D Long Sleeve,UPI2606186151,Shirts > Long sleeve t-shirts,https://cdn.shopify.com/s/files/1/0629/2901/0839/files/KKG2400456014NAVYback.jpg?v=1735862307,KAPPA KAPPA GAMMA
The Kappa Collection,Emblem Crewneck,UPI26061815111,Sweatshirts > Crewneck sweatshirts,https://cdn.shopify.com/s/files/1/0629/2901/0839/files/KKG24004618000SANDback.jpg?v=1735862305,KAPPA KAPPA GAMMA
The Kappa Collection,Above the Line Full Zip Hoodie,UPI2606182407,Sweatshirts > Hooded sweatshirts,https://cdn.shopify.com/s/files/1/0629/2901/0839/files/KKG24004718600WHITE.jpg?v=1735862304,KAPPA KAPPA GAMMA
The Kappa Collection,1870 Crewneck,UPI2606188391,Sweatshirts > Crewneck sweatshirts,https://cdn.shopify.com/s/files/1/0629/2901/0839/files/KKG24004818000LIGHTBLUE_1.jpg?v=1735862302,KAPPA KAPPA GAMMA
The Kappa Collection,Four Star Tee,UPI2606182503,Shirts > Short sleeve t-shirts,https://cdn.shopify.com/s/files/1/0629/2901/0839/files/KKG2400495000NAVY.jpg?v=1735862301,KAPPA KAPPA GAMMA
The Kappa Collection,Kappa Corded Crewneck,UPI2606189655,Sweatshirts > Crewneck sweatshirts,https://cdn.shopify.com/s/files/1/0629/2901/0839/files/KKG2400509930VINBLACK.jpg?v=1735862300,KAPPA KAPPA GAMMA
The Kappa Collection,Glacier Hoodie,UPI2606189479,Sweatshirts > Hooded sweatshirts,https://cdn.shopify.com/s/files/1/0629/2901/0839/files/KKG240051CD8600-GLACIER.jpg?v=1735862298,KAPPA KAPPA GAMMA
The Kappa Collection,Kappa Sphere Crop Top,UPI2606184839,Shirts > Short sleeve t-shirts,https://cdn.shopify.com/s/files/1/0629/2901/0839/files/KKG2400521010NAVY.jpg?v=1735862297,KAPPA KAPPA GAMMA
The Kappa Collection,Artic Hoodie,UPI26061829671,Sweatshirts > Hooded sweatshirts,https://cdn.shopify.com/s/files/1/0629/2901/0839/files/KKG240053W23716ARCTICBLUE.jpg?v=1735862295,KAPPA KAPPA GAMMA
The Kappa Collection,Team Kappa Hoodie,UPI2606185559,Sweatshirts > Hooded sweatshirts,https://cdn.shopify.com/s/files/1/0629/2901/0839/files/KKG240054W23716HEATHER.jpg?v=1735862294,KAPPA KAPPA GAMMA
The Kappa Collection,I Heart KKG Crop Top,UPI2606189847,Shirts > Short sleeve t-shirts,https://cdn.shopify.com/s/files/1/0629/2901/0839/files/KKG2400551010WHITE.jpg?v=1735862293,KAPPA KAPPA GAMMA
The Kappa Collection,Etched in Sand Crewneck,UPI2606186727,Sweatshirts > Crewneck sweatshirts,https://cdn.shopify.com/s/files/1/0629/2901/0839/files/KKG24005618000SANDfront.jpg?v=1735862291,KAPPA KAPPA GAMMA
The Kappa Collection,Heart Throb Hoodie,UPI26061886951,Sweatshirts > Hooded sweatshirts,https://cdn.shopify.com/s/files/1/0629/2901/0839/files/KKG24005718500WHITEback.jpg?v=1735862290,KAPPA KAPPA GAMMA
The Kappa Collection,Butterfly Outline Crewneck,UPI2606187895,Sweatshirts > Crewneck sweatshirts,https://cdn.shopify.com/s/files/1/0629/2901/0839/files/KKG24005818000WHITE.jpg?v=1735862288,KAPPA KAPPA GAMMA
The Kappa Collection,Kappa Grinning Tee,UPI26061849512,Shirts > Short sleeve t-shirts,https://cdn.shopify.com/s/files/1/0629/2901/0839/files/KKG2400593001coolblue.jpg?v=1735862286,KAPPA KAPPA GAMMA
The Kappa Collection,Flip It and Reverse It Tee,UPI26061847111,Shirts > Short sleeve t-shirts,https://cdn.shopify.com/s/files/1/0629/2901/0839/files/KKG2400603001BLACKfront.jpg?v=1735862285,KAPPA KAPPA GAMMA
The Kappa Collection,Grinning Crewneck,UPI26061894471,Sweatshirts > Crewneck sweatshirts,https://cdn.shopify.com/s/files/1/0629/2901/0839/files/KKG24006118000CHARCOALfront.jpg?v=1735862283,KAPPA KAPPA GAMMA
The Kappa Collection,Trio Floral Tee,UPI2606188791,Shirts > Short sleeve t-shirts,https://cdn.shopify.com/s/files/1/0629/2901/0839/files/KKG2400625000LIGHTBLUE.jpg?v=1735862282,KAPPA KAPPA GAMMA
The Kappa Collection,Boxed Letter Crewneck,UPI2606182727,Sweatshirts > Crewneck sweatshirts,https://cdn.shopify.com/s/files/1/0629/2901/0839/files/KKG24006318000sand.jpg?v=1735862280,KAPPA KAPPA GAMMA
The Kappa Collection,Barcode Hoodie,UPI2606181575,Sweatshirts > Hooded sweatshirts,https://cdn.shopify.com/s/files/1/0629/2901/0839/files/KKG24006418500BLACKfront_1.jpg?v=1735862279,KAPPA KAPPA GAMMA
The Kappa Collection,Pink Bow Crewneck,UPI26061896391,Sweatshirts > Crewneck sweatshirts,https://cdn.shopify.com/s/files/1/0629/2901/0839/files/KKG24006518000WHITE.jpg?v=1735862277,KAPPA KAPPA GAMMA
The Kappa Collection,Good Day Hoodie,UPI2606187159,Sweatshirts > Hooded sweatshirts,https://cdn.shopify.com/s/files/1/0629/2901/0839/files/KKG24006618500LIGHTBLUEfront_1.jpg?v=1735862276,KAPPA KAPPA GAMMA
The Kappa Collection,Favorite Things Baby Tee,UPI2606188231,Shirts > Short sleeve t-shirts,https://cdn.shopify.com/s/files/1/0629/2901/0839/files/KKG2400671010BLACK.jpg?v=1735862275,KAPPA KAPPA GAMMA
The Kappa Collection,Basic Kappa Crop Tank,UPI2606184823,Shirts > Tank tops,https://cdn.shopify.com/s/files/1/0629/2901/0839/files/KKG2400681013ATHL.HEATHER.jpg?v=1735862274,KAPPA KAPPA GAMMA
The Kappa Collection,Favorite Things Tee,UPI2606182775,Shirts > Short sleeve t-shirts,https://cdn.shopify.com/s/files/1/0629/2901/0839/files/KKG2400693001WHITE.jpg?v=1735862272,KAPPA KAPPA GAMMA
The Kappa Collection,Triple Tee,UPI26061802791,Shirts > Short sleeve t-shirts,https://cdn.shopify.com/s/files/1/0629/2901/0839/files/KKG2400703001aqua.jpg?v=1735862271,KAPPA KAPPA GAMMA
The Kappa Collection,Somebody Hoodie,UPI2606184119,Sweatshirts > Hooded sweatshirts,https://cdn.shopify.com/s/files/1/0629/2901/0839/files/KKG24007118500WHITEback.jpg?v=1735862270,KAPPA KAPPA GAMMA
The Kappa Collection,Kappa Kappa Gamma Sphere Tee,UPI26061817991,Shirts > Short sleeve t-shirts,https://cdn.shopify.com/s/files/1/0629/2901/0839/files/KKG2400721717IVORY.jpg?v=1735862269,KAPPA KAPPA GAMMA
The Kappa Collection,Dorothy Crop Tank,UPI2606188855,Shirts > Tank tops,https://cdn.shopify.com/s/files/1/0629/2901/0839/files/KKG2400731013WHITE.jpg?v=1735862267,KAPPA KAPPA GAMMA
The Kappa Collection,Kappa Smile Tee,UPI2606182695,Shirts > Short sleeve t-shirts,https://cdn.shopify.com/s/files/1/0629/2901/0839/files/KKG240074COOLBLUE.jpg?v=1735862266,KAPPA KAPPA GAMMA
The Kappa Collection,Signature Alumna Tee,UPI26061848391,Shirts > Short sleeve t-shirts,https://cdn.shopify.com/s/files/1/0629/2901/0839/files/KKG2400751717BANANA.jpg?v=1735862265,KAPPA KAPPA GAMMA
The Kappa Collection,Alumna Line Tee,UPI26061852871,Shirts > Short sleeve t-shirts,https://cdn.shopify.com/s/files/1/0629/2901/0839/files/KKG2400761717Hydrangea.jpg?v=1735862264,KAPPA KAPPA GAMMA
The Kappa Collection,Classic Alumna Tee,UPI26061835911,Shirts > Short sleeve t-shirts,https://cdn.shopify.com/s/files/1/0629/2901/0839/files/KKG2400773001ASPHALT.jpg?v=1735862262,KAPPA KAPPA GAMMA
The Kappa Collection,Script Alumna Tee,UPI26061818951,Shirts > Short sleeve t-shirts,https://cdn.shopify.com/s/files/1/0629/2901/0839/files/KKG2400783001WHITE.jpg?v=1735862261,KAPPA KAPPA GAMMA
The Kappa Collection,Be Bold Alumna Crewneck,UPI2606182967,Sweatshirts > Crewneck sweatshirts,https://cdn.shopify.com/s/files/1/0629/2901/0839/files/KKG24007918000ASH.jpg?v=1735862260,KAPPA KAPPA GAMMA
The Kappa Collection,Signature Alumna Crewneck,UPI2606185111,Sweatshirts > Crewneck sweatshirts,https://cdn.shopify.com/s/files/1/0629/2901/0839/files/KKG24008018000NAVY.jpg?v=1735862259,KAPPA KAPPA GAMMA
The Kappa Collection,Basic Alumna Crewneck,UPI26061817192,Sweatshirts > Crewneck sweatshirts,https://cdn.shopify.com/s/files/1/0629/2901/0839/files/KKG24008118000WHITE.jpg?v=1735862257,KAPPA KAPPA GAMMA
The Kappa Collection,Cursive Kappa Alum Crewneck,UPI26061845831,Sweatshirts > Crewneck sweatshirts,https://cdn.shopify.com/s/files/1/0629/2901/0839/files/KKG24008218000SAND.jpg?v=1735862256,KAPPA KAPPA GAMMA
The Kappa Collection,Alum Packable Anorak Jacket,UPI26061839751,Outerwear > Jackets,https://cdn.shopify.com/s/files/1/0629/2901/0839/files/KKG240083JST66royal.jpg?v=1735862254,KAPPA KAPPA GAMMA
The Kappa Collection,Script Alumna V-neck,UPI2606180583,Shirts > Short sleeve t-shirts,https://cdn.shopify.com/s/files/1/0629/2901/0839/files/KKG2400846405NATURAL.jpg?v=1735862253,KAPPA KAPPA GAMMA
The Kappa Collection,Alumna Letters Hat,UPI2606184871,Headwear > Billed hats,https://cdn.shopify.com/s/files/1/0629/2901/0839/files/KKG240085VC300ANAVY_3fa9e2f2-97fc-4c58-a0d5-73e39e805c4e.jpg?v=1735862252,KAPPA KAPPA GAMMA
The Kappa Collection,Alumna Fleur-de-Lis Hat,UPI2606183191,Headwear > Billed hats,https://cdn.shopify.com/s/files/1/0629/2901/0839/files/KKG240086-VC300A-WHITE_004dce5d-36d3-4e00-87ed-8b08b37adce3.jpg?v=1735862249,KAPPA KAPPA GAMMA
The Kappa Collection,Varsity Alum Long Sleeve,UPI2606189783,Shirts > Long sleeve t-shirts,https://cdn.shopify.com/s/files/1/0629/2901/0839/files/KKG2400876014NAVY_3a4364d6-d4bb-4445-989d-0253f093a978.jpg?v=1735862251,KAPPA KAPPA GAMMA
The Kappa Collection,Alum Beanie,UPI2606180855,Headwear > Beanies,https://cdn.shopify.com/s/files/1/0629/2901/0839/files/KKG240089SP15HTHRDKROYAL_348e389e-105c-4bb0-be86-0a8206bcedb9.jpg?v=1735862250,KAPPA KAPPA GAMMA
The Kappa Collection,Kappa Sky Mom Tee,UPI2606184487,Shirts > Short sleeve t-shirts,https://cdn.shopify.com/s/files/1/0629/2901/0839/files/KKG2400903001SKY.jpg?v=1735862248,KAPPA KAPPA GAMMA
The Kappa Collection,Kappa Dad Navy Tee,UPI2606186103,Shirts > Short sleeve t-shirts,https://cdn.shopify.com/s/files/1/0629/2901/0839/files/KKG2400915000NAVY.jpg?v=1735862246,KAPPA KAPPA GAMMA
The Kappa Collection,KKG Script Mom Tee,UPI2606183255,Shirts > Short sleeve t-shirts,https://cdn.shopify.com/s/files/1/0629/2901/0839/files/KKG2400923001COOLBLUE.jpg?v=1735862245,KAPPA KAPPA GAMMA
The Kappa Collection,KKG Script Mom Crewneck,UPI26061899593,Sweatshirts > Crewneck sweatshirts,https://cdn.shopify.com/s/files/1/0629/2901/0839/files/KKG24009318000NAVY.jpg?v=1735862244,KAPPA KAPPA GAMMA
The Kappa Collection,Kappa Dad Crewneck,UPI2606183719,Sweatshirts > Crewneck sweatshirts,https://cdn.shopify.com/s/files/1/0629/2901/0839/files/KKG24009418000CHARCOAL.jpg?v=1735862242,KAPPA KAPPA GAMMA
The Kappa Collection,KKG Dad Hat,UPI26061827431,Headwear > Billed hats,https://cdn.shopify.com/s/files/1/0629/2901/0839/files/KKG240095VC300ANAVY.jpg?v=1735862241,KAPPA KAPPA GAMMA
The Kappa Collection,KKG Mom Hat,UPI2606182839,Headwear > Billed hats,https://cdn.shopify.com/s/files/1/0629/2901/0839/files/KKG240096VC300AWHITE_1.jpg?v=1735862240,KAPPA KAPPA GAMMA
The Kappa Collection,Kappa Volunteer Crewneck,UPI2606182759,Sweatshirts > Crewneck sweatshirts,https://cdn.shopify.com/s/files/1/0629/2901/0839/files/KKG24009718000WHITE.jpg?v=1735862239,KAPPA KAPPA GAMMA
The Kappa Collection,Kappa Volunteer Asphalt Tee,UPI2606188215,Shirts > Short sleeve t-shirts,https://cdn.shopify.com/s/files/1/0629/2901/0839/files/KKG2400983001ASPHALT.jpg?v=1735862238,KAPPA KAPPA GAMMA
The Kappa Collection,Smile Onesie,UPI2606182487,Apparel > Bodysuits,https://cdn.shopify.com/s/files/1/0629/2901/0839/files/KKG2400994400AQUA.jpg?v=1735862236,KAPPA KAPPA GAMMA
The Kappa Collection,Graduation Cords,UPI2606182391,Apparel > Graduation cords,https://cdn.shopify.com/s/files/1/0629/2901/0839/files/KKG240101LIGHTBLUECORD.jpg?v=1735862208,KAPPA KAPPA GAMMA
The Kappa Collection,Graduation Stoles- Light Blue with White Trim,UPI2606187047,Apparel > Stoles,https://cdn.shopify.com/s/files/1/0629/2901/0839/files/KKG240102GRADSTOLESLIGHTBLUE.jpg?v=1735862207,KAPPA KAPPA GAMMA
The Kappa Collection,Graduation Stoles- Navy with Light Blue Trim,UPI2606180663,Apparel > Stoles,https://cdn.shopify.com/s/files/1/0629/2901/0839/files/KKG240102GRADSTOLESNAVY.jpg?v=1735862207,KAPPA KAPPA GAMMA
The Kappa Collection,White Kappa Kappa Gamma Pen,UPI2606187175,Office products > Pens,https://cdn.shopify.com/s/files/1/0629/2901/0839/files/KKG240103208VALETPEN.jpg?v=1735862206,KAPPA KAPPA GAMMA
The Kappa Collection,Name Badges- NOT SOLD OUT!- See product description for details,UPI26061821831,Paper/print goods > Name tags,https://cdn.shopify.com/s/files/1/0629/2901/0839/files/KKG240104NAMETAGS.jpg?v=1735862204,KAPPA KAPPA GAMMA
The Kappa Collection,Fleur-Des- Lis Sticker,UPI26061899591,Promotional > Stickers,https://cdn.shopify.com/s/files/1/0629/2901/0839/files/KKG240105STICKER.jpg?v=1735862203,KAPPA KAPPA GAMMA
The Kappa Collection,Motto Sticker,UPI2606183639,Promotional > Stickers,https://cdn.shopify.com/s/files/1/0629/2901/0839/files/KKG240106STICKER.jpg?v=1735862202,KAPPA KAPPA GAMMA
The Kappa Collection,KKG Sticker,UPI2606180967,Promotional > Stickers,https://cdn.shopify.com/s/files/1/0629/2901/0839/files/KKG240107STICKER.jpg?v=1735862201,KAPPA KAPPA GAMMA
The Kappa Collection,Bow Sticker,UPI2606184183,Promotional > Stickers,https://cdn.shopify.com/s/files/1/0629/2901/0839/files/KKG240108STICKER.jpg?v=1714657824,KAPPA KAPPA GAMMA
The Kappa Collection,Crest Button,UPI2606181687,Apparel > Buttons,https://cdn.shopify.com/s/files/1/0629/2901/0839/files/KKG240109BUTTON_1.jpg?v=1735862200,KAPPA KAPPA GAMMA
The Kappa Collection,Classic Button,UPI2606180439,Apparel > Buttons,https://cdn.shopify.com/s/files/1/0629/2901/0839/files/KKG240110BUTTON.jpg?v=1735862199,KAPPA KAPPA GAMMA
The Kappa Collection,Heart Button,UPI2606184727,Apparel > Buttons,https://cdn.shopify.com/s/files/1/0629/2901/0839/files/KKG240111BUTTON.jpg?v=1735862198,KAPPA KAPPA GAMMA
The Kappa Collection,Checkered Button,UPI2606184103,Apparel > Buttons,https://cdn.shopify.com/s/files/1/0629/2901/0839/files/KKG240112BUTTON.jpg?v=1735862197,KAPPA KAPPA GAMMA
The Kappa Collection,You Are Enough Tee,UPI2606189463,Shirts > Short sleeve t-shirts,https://cdn.shopify.com/s/files/1/0629/2901/0839/files/KKG240113BELLA3001WHITE.jpg?v=1735862195,KAPPA KAPPA GAMMA
The Kappa Collection,You Are Strong Tee,UPI2606181607,Shirts > Short sleeve t-shirts,https://cdn.shopify.com/s/files/1/0629/2901/0839/files/KKG240114BELLA3001WHITE_1.jpg?v=1735862194,KAPPA KAPPA GAMMA
The Kappa Collection,You Are Love Tee,UPI2606185447,Shirts > Short sleeve t-shirts,https://cdn.shopify.com/s/files/1/0629/2901/0839/files/KKG240115BELLA3001WHITE.jpg?v=1735862194,KAPPA KAPPA GAMMA
The Kappa Collection,You Are Enough Tank,UPI26061895271,Shirts > Tank tops,https://cdn.shopify.com/s/files/1/0629/2901/0839/files/KKG240116-1013-WHITE.jpg?v=1735862193,KAPPA KAPPA GAMMA
The Kappa Collection,You Are Strong Tank,UPI2606183671,Shirts > Tank tops,https://cdn.shopify.com/s/files/1/0629/2901/0839/files/KKG240117-1013-WHITE.jpg?v=1735862192,KAPPA KAPPA GAMMA
The Kappa Collection,You Are Love Tank,UPI26061837031,Shirts > Tank tops,https://cdn.shopify.com/s/files/1/0629/2901/0839/files/KKG240118-1013-WHITE.jpg?v=1735862191,KAPPA KAPPA GAMMA
The Kappa Collection,1870 Shadow Sticker,UPI2606187959,Promotional > Stickers,https://cdn.shopify.com/s/files/1/0629/2901/0839/files/KKG240201STICKER.jpg?v=1735862161,KAPPA KAPPA GAMMA
The Kappa Collection,Kappa Scramble Sticker,UPI2606184567,Promotional > Stickers,https://cdn.shopify.com/s/files/1/0629/2901/0839/files/KKG240202STICKER.jpg?v=1735862160,KAPPA KAPPA GAMMA
The Kappa Collection,Pastel Sticker,UPI2606181175,Promotional > Stickers,https://cdn.shopify.com/s/files/1/0629/2901/0839/files/KKG240203STICKER.jpg?v=1735862158,KAPPA KAPPA GAMMA
The Kappa Collection,Floral Sticker,UPI2606180551,Promotional > Stickers,https://cdn.shopify.com/s/files/1/0629/2901/0839/files/KKG240204STICKER.jpg?v=1735862157,KAPPA KAPPA GAMMA
The Kappa Collection,Cherries Sticker,UPI2606189927,Promotional > Stickers,https://cdn.shopify.com/s/files/1/0629/2901/0839/files/KKG240205STICKER.jpg?v=1735862156,KAPPA KAPPA GAMMA
The Kappa Collection,Perfect Match Sticker,UPI2606183767,Promotional > Stickers,https://cdn.shopify.com/s/files/1/0629/2901/0839/files/KKG240206STICKER.jpg?v=1735862155,KAPPA KAPPA GAMMA
The Kappa Collection,Kappa Script Sticker,UPI2606187607,Promotional > Stickers,https://cdn.shopify.com/s/files/1/0629/2901/0839/files/KKG240208STICKER.jpg?v=1735862153,KAPPA KAPPA GAMMA
The Kappa Collection,Disco Sticker,UPI2606189751,Promotional > Stickers,https://cdn.shopify.com/s/files/1/0629/2901/0839/files/KKG240209STICKER.jpg?v=1735862153,KAPPA KAPPA GAMMA
The Kappa Collection,Enjoy Kappa Sticker,UPI2606183591,Promotional > Stickers,https://cdn.shopify.com/s/files/1/0629/2901/0839/files/KKG240210STICKER.jpg?v=1735862152,KAPPA KAPPA GAMMA
The Kappa Collection,Kappa Loyal-Tee,UPI26061806631,Shirts > Short sleeve t-shirts,https://cdn.shopify.com/s/files/1/0629/2901/0839/files/KKG240211-NAVY-1717-BACK.jpg?v=1735862149,KAPPA KAPPA GAMMA
The Kappa Collection,Script Kappa Beanie,UPI26061847271,Headwear > Beanies,https://cdn.shopify.com/s/files/1/0629/2901/0839/files/KKG240301SP15HEATHERCHARCOAL.jpg?v=1735862133,KAPPA KAPPA GAMMA
The Kappa Collection,Artic Beanie,UPI2606180263,Headwear > Beanies,https://cdn.shopify.com/s/files/1/0629/2901/0839/files/KKG240302SP12WHITE.jpg?v=1735862132,KAPPA KAPPA GAMMA
The Kappa Collection,KKG NYE TEE,UPI2606189639,Shirts > Short sleeve t-shirts,https://cdn.shopify.com/s/files/1/0629/2901/0839/files/KKG2403031717BLUEJEAN.jpg?v=1735862131,KAPPA KAPPA GAMMA
The Kappa Collection,Fall Festive Long Sleeve,UPI2606181783,Shirts > Long sleeve t-shirts,https://cdn.shopify.com/s/files/1/0629/2901/0839/files/KKG240304_6014_YAM.jpg?v=1735862129,KAPPA KAPPA GAMMA
The Kappa Collection,Fresh Trees,UPI2606180391,Sweatshirts > Crewneck sweatshirts,https://cdn.shopify.com/s/files/1/0629/2901/0839/files/KKG24030518000SAND.jpg?v=1735862128,KAPPA KAPPA GAMMA
The Kappa Collection,Pumpkin Bows,UPI26061875591,Sweatshirts > Crewneck sweatshirts,https://cdn.shopify.com/s/files/1/0629/2901/0839/files/KKG2403061717ESPRESSO.jpg?v=1735862126,KAPPA KAPPA GAMMA
The Kappa Collection,Prancer Crewneck,UPI2606182119,Sweatshirts > Crewneck sweatshirts,https://cdn.shopify.com/s/files/1/0629/2901/0839/files/KKG24030718000FOREST.jpg?v=1735862125,KAPPA KAPPA GAMMA
The Kappa Collection,XO Tee,UPI2606185639,Shirts > Short sleeve t-shirts,https://cdn.shopify.com/s/files/1/0629/2901/0839/files/KKG2403081717BLACK.jpg?v=1735862124,KAPPA KAPPA GAMMA
The Kappa Collection,Cherry Heart Tee,UPI2606184215,Shirts > Short sleeve t-shirts,https://cdn.shopify.com/s/files/1/0629/2901/0839/files/KKG2403091717WHITE.jpg?v=1735862123,KAPPA KAPPA GAMMA
The Kappa Collection,Reindeer Games Tee,UPI26061839753,Shirts > Short sleeve t-shirts,https://cdn.shopify.com/s/files/1/0629/2901/0839/files/KKG2403101717BLUEJEAN.jpg?v=1735862121,KAPPA KAPPA GAMMA
The Kappa Collection,Snowflake Crewneck,UPI26061823752,Sweatshirts > Crewneck sweatshirts,https://cdn.shopify.com/s/files/1/0629/2901/0839/files/KKG24031118000SPORTSGRAY.jpg?v=1735862120,KAPPA KAPPA GAMMA
The Kappa Collection,KKG Ivory Varsity Tee,UPI2606187287,Shirts > Short sleeve t-shirts,https://cdn.shopify.com/s/files/1/0629/2901/0839/files/KKG2403121717IVORY.jpg?v=1735862119,KAPPA KAPPA GAMMA
The Kappa Collection,Cherry Bow Crewneck,UPI2606184967,Sweatshirts > Crewneck sweatshirts,https://cdn.shopify.com/s/files/1/0629/2901/0839/files/KKG24031318000LIGHTPINK.jpg?v=1735862118,KAPPA KAPPA GAMMA
The Kappa Collection,Ginger Crewneck,UPI26061871111,Sweatshirts > Crewneck sweatshirts,https://cdn.shopify.com/s/files/1/0629/2901/0839/files/KKG24031418000SAND.jpg?v=1735862117,KAPPA KAPPA GAMMA
The Kappa Collection,Pumpkin Truck Tee,UPI2606185863,Shirts > Short sleeve t-shirts,https://cdn.shopify.com/s/files/1/0629/2901/0839/files/KKG2403151717ESPRESSO.jpg?v=1735862115,KAPPA KAPPA GAMMA
The Kappa Collection,Holiday Bow Crewneck,UPI26061896392,Sweatshirts > Crewneck sweatshirts,https://cdn.shopify.com/s/files/1/0629/2901/0839/files/KKG24031618000SAND_1.jpg?v=1742936038,KAPPA KAPPA GAMMA
The Kappa Collection,Dashing Crewneck,UPI2606180903,Sweatshirts > Crewneck sweatshirts,https://cdn.shopify.com/s/files/1/0629/2901/0839/files/KKG24031718000NAVY.jpg?v=1735862113,KAPPA KAPPA GAMMA
The Kappa Collection,Fresh Pumpkin Crewneck,UPI2606180567,Sweatshirts > Crewneck sweatshirts,https://cdn.shopify.com/s/files/1/0629/2901/0839/files/KKG24031818000SAND.jpg?v=1735862111,KAPPA KAPPA GAMMA
The Kappa Collection,Holiday Pups Crewneck,UPI26061849514,Sweatshirts > Crewneck sweatshirts,https://cdn.shopify.com/s/files/1/0629/2901/0839/files/KKG24031918000MAROON.jpg?v=1735862110,KAPPA KAPPA GAMMA
The Kappa Collection,1870 Founders T-Shirt,UPI2606183303,Shirts > Short sleeve t-shirts,https://cdn.shopify.com/s/files/1/0629/2901/0839/files/KKG2404013001WHITE_1.jpg?v=1735862148,KAPPA KAPPA GAMMA
The Kappa Collection,Kappa Founders T-Shirt,UPI2606182327,Shirts > Short sleeve t-shirts,https://cdn.shopify.com/s/files/1/0629/2901/0839/files/KKG2404023001LTBLUE.jpg?v=1735862147,KAPPA KAPPA GAMMA
The Kappa Collection,Founders Balloon Crewneck,UPI26061811751,Sweatshirts > Crewneck sweatshirts,https://cdn.shopify.com/s/files/1/0629/2901/0839/files/KKG24040418000LTBLUE.jpg?v=1735862145,KAPPA KAPPA GAMMA
The Kappa Collection,Founders Varsity Hoodie,UPI2606181447,Sweatshirts > Hooded sweatshirts,https://cdn.shopify.com/s/files/1/0629/2901/0839/files/KKG24040518500NAVY.jpg?v=1735862143,KAPPA KAPPA GAMMA
The Kappa Collection,Founders Double Vison Hoodie,UPI26061814631,Sweatshirts > Hooded sweatshirts,https://cdn.shopify.com/s/files/1/0629/2901/0839/files/KKG24040618500ASH.jpg?v=1735862142,KAPPA KAPPA GAMMA
The Kappa Collection,Kappa 1870 Tote,UPI2606183431,Bags > Tote bags,https://cdn.shopify.com/s/files/1/0629/2901/0839/files/KKG240407Q800NATURAL.jpg?v=1735862141,KAPPA KAPPA GAMMA
The Kappa Collection,Founders Script Hoodie,UPI26061853991,Sweatshirts > Hooded sweatshirts,https://cdn.shopify.com/s/files/1/0629/2901/0839/files/KKG24040818500WHITE.jpg?v=1735862140,KAPPA KAPPA GAMMA
The Kappa Collection,Founders Tee,UPI2606182903,Shirts > Short sleeve t-shirts,https://cdn.shopify.com/s/files/1/0629/2901/0839/files/KKG2404093001LTBLUE.jpg?v=1735862139,KAPPA KAPPA GAMMA
The Kappa Collection,Blue Bow Founders Crop Tee,UPI2606186839,Shirts > Short sleeve t-shirts,https://cdn.shopify.com/s/files/1/0629/2901/0839/files/KKG2404101010WHITE.jpg?v=1735862138,KAPPA KAPPA GAMMA
The Kappa Collection,Navy Mary Crop Tee,UPI26061821832,Shirts > Short sleeve t-shirts,https://cdn.shopify.com/s/files/1/0629/2901/0839/files/KKG2404111010NAVY_1.jpg?v=1735862134,KAPPA KAPPA GAMMA
The Kappa Collection,Navy 1870 Crop Tee,UPI2606187111,Shirts > Short sleeve t-shirts,https://cdn.shopify.com/s/files/1/0629/2901/0839/files/KKG2404121010NAVY.jpg?v=1735862137,KAPPA KAPPA GAMMA
The Kappa Collection,Happy Founders Day Sticker,UPI2606182471,Promotional > Stickers,https://cdn.shopify.com/s/files/1/0629/2901/0839/files/KKG240413STICKER.jpg?v=1735862136,KAPPA KAPPA GAMMA
The Kappa Collection,1870 Hat,UPI2606189527,Headwear > Billed hats,https://cdn.shopify.com/s/files/1/0629/2901/0839/files/KKG240414vc300aSKYBLUE.jpg?v=1735862135,KAPPA KAPPA GAMMA
The Kappa Collection,KKG Varsity Tee,UPI2606181815,Shirts > Short sleeve t-shirts,https://cdn.shopify.com/s/files/1/0629/2901/0839/files/KKG24GL1011717MIDNIGHT.jpg?v=1735862188,KAPPA KAPPA GAMMA
The Kappa Collection,Ivory Flower Tee,UPI2606186999,Shirts > Short sleeve t-shirts,https://cdn.shopify.com/s/files/1/0629/2901/0839/files/KKG24GL1021717IVORY.jpg?v=1735862187,KAPPA KAPPA GAMMA
The Kappa Collection,Est 1870 Flower Tee,UPI2606183703,Shirts > Short sleeve t-shirts,https://cdn.shopify.com/s/files/1/0629/2901/0839/files/KKG24GL1041717WHITE.jpg?v=1735862185,KAPPA KAPPA GAMMA
The Kappa Collection,Pigment Light Blue Crewneck,UPI2606187191,Sweatshirts > Crewneck sweatshirts,https://cdn.shopify.com/s/files/1/0629/2901/0839/files/KKG24GL105.jpg?v=1737038676,KAPPA KAPPA GAMMA
The Kappa Collection,Heather Crewneck,UPI2606186391,Sweatshirts > Crewneck sweatshirts,https://cdn.shopify.com/s/files/1/0629/2901/0839/files/KKG24GL106PRM3000BONE.jpg?v=1735862183,KAPPA KAPPA GAMMA
The Kappa Collection,Retro Repeat Crewneck,UPI2606180055,Sweatshirts > Crewneck sweatshirts,https://cdn.shopify.com/s/files/1/0629/2901/0839/files/KKG24GL107PRM3500PIGMENTBLACK.jpg?v=1735862181,KAPPA KAPPA GAMMA
The Kappa Collection,Live Fully Tee,UPI26061863111,Shirts > Short sleeve t-shirts,https://cdn.shopify.com/s/files/1/0629/2901/0839/files/KKG24GL1081717WHITEBACK.jpg?v=1735862180,KAPPA KAPPA GAMMA
The Kappa Collection,Aqua Crest Hoodie,UPI2606183015,Sweatshirts > Hooded sweatshirts,https://cdn.shopify.com/s/files/1/0629/2901/0839/files/KKG24GL109SS4500BLUEAQUABACK.jpg?v=1735862179,KAPPA KAPPA GAMMA
The Kappa Collection,Since 1870 Hoodie,UPI2606186599,Sweatshirts > Hooded sweatshirts,https://cdn.shopify.com/s/files/1/0629/2901/0839/files/KKG24GL110SMOKEBACK.jpg?v=1735862178,KAPPA KAPPA GAMMA
The Kappa Collection,Notice Tee,UPI2606181463,Shirts > Short sleeve t-shirts,https://cdn.shopify.com/s/files/1/0629/2901/0839/files/KKG24GL1111717BLACK.jpg?v=1735862177,KAPPA KAPPA GAMMA
The Kappa Collection,Birch Cardigan,UPI2606182359,Apparel > Sweaters,https://cdn.shopify.com/s/files/1/0629/2901/0839/files/KKG24GL112MM3023BERCH.jpg?v=1735862176,KAPPA KAPPA GAMMA
The Kappa Collection,Navy Game Hat,UPI2606182807,Headwear > Billed hats,https://cdn.shopify.com/s/files/1/0629/2901/0839/files/KKG24GL113GB465NAVY.jpg?v=1735862175,KAPPA KAPPA GAMMA
The Kappa Collection,Khaki Game Hat,UPI2606181111,Headwear > Billed hats,https://cdn.shopify.com/s/files/1/0629/2901/0839/files/KKG24GL114GB465KHAKI.jpg?v=1735862174,KAPPA KAPPA GAMMA
The Kappa Collection,Colorblock Hoodie,UPI2606184951,Sweatshirts > Hooded sweatshirts,https://cdn.shopify.com/s/files/1/0629/2901/0839/files/KKG24GL115W23716HEATHER.jpg?v=1721912383,KAPPA KAPPA GAMMA
The Kappa Collection,Vertical Tote,UPI2606185399,Bags > Tote bags,https://cdn.shopify.com/s/files/1/0629/2901/0839/files/KKG24GL116Q800NATURAL.jpg?v=1735862173,KAPPA KAPPA GAMMA
The Kappa Collection,Little Yellow Bow Crop Tank,UPI2606189239,Shirts > Tank tops,https://cdn.shopify.com/s/files/1/0629/2901/0839/files/KKG24GL1171013WHITE.jpg?v=1735862172,KAPPA KAPPA GAMMA
The Kappa Collection,Athletic Kappa Crop Tank,UPI2606184151,Shirts > Tank tops,https://cdn.shopify.com/s/files/1/0629/2901/0839/files/KKG24GL1181013ATHL.HEATHER.jpg?v=1735862171,KAPPA KAPPA GAMMA
The Kappa Collection,3-Peat Crop Tee,UPI26061839752,Shirts > Short sleeve t-shirts,https://cdn.shopify.com/s/files/1/0629/2901/0839/files/KKG24GL1201010BLACK.jpg?v=1735862169,KAPPA KAPPA GAMMA
The Kappa Collection,Established Postcard,UPI26061887111,Paper/print goods > Postcards,https://cdn.shopify.com/s/files/1/0629/2901/0839/files/KKG24GL122POSTCARDFRONT.jpg?v=1735862167,KAPPA KAPPA GAMMA
The Kappa Collection,Crest Notecard,UPI2606184695,Stationery > Note cards,https://cdn.shopify.com/s/files/1/0629/2901/0839/files/KKG24GL123FOLDOVERNOTECARD.jpg?v=1735862165,KAPPA KAPPA GAMMA
The Kappa Collection,Checkered Button,UPI2606181303,Apparel > Buttons,https://cdn.shopify.com/s/files/1/0629/2901/0839/files/KKG24GL124BUTTON.jpg?v=1735862164,KAPPA KAPPA GAMMA
The Kappa Collection,1870 Sticker,UPI26061823751,Promotional > Stickers,https://cdn.shopify.com/s/files/1/0629/2901/0839/files/KKG24GL125STICKER.jpg?v=1735862163,KAPPA KAPPA GAMMA
The Kappa Collection,Light Blue Volunteer Crewneck,UPI2606189703,Sweatshirts > Crewneck sweatshirts,https://cdn.shopify.com/s/files/1/0629/2901/0839/files/KKG25000118000LIGHTBLUEFRONT.jpg?v=1743014685,KAPPA KAPPA GAMMA
The Kappa Collection,Microfleece Volunteer Jacket,UPI26061807111,Outerwear > Jackets,https://cdn.shopify.com/s/files/1/0629/2901/0839/files/KKG250002L223TRUENAVY.jpg?v=1743014904,KAPPA KAPPA GAMMA
The Kappa Collection,Butter Bow Volunteer Tee,UPI2606183687,Shirts > Short sleeve t-shirts,https://cdn.shopify.com/s/files/1/0629/2901/0839/files/KKG2500031717BUTTER.jpg?v=1743015137,KAPPA KAPPA GAMMA
The Kappa Collection,Cherry Volunteer Sticker,UPI2606188167,Promotional > Stickers,https://cdn.shopify.com/s/files/1/0629/2901/0839/files/KKG250004STICKER.jpg?v=1743015255,KAPPA KAPPA GAMMA
The Kappa Collection,Glistening Heart Hoodie,UPI26061889351,Sweatshirts > Hooded sweatshirts,https://cdn.shopify.com/s/files/1/0629/2901/0839/files/KKG25010118500WHITEback.jpg?v=1744034600,KAPPA KAPPA GAMMA
The Kappa Collection,Carolina Cherry Crewneck,UPI26061817191,Sweatshirts > Crewneck sweatshirts,https://cdn.shopify.com/s/files/1/0629/2901/0839/files/KKG25010218000CAROLINABLUEback.jpg?v=1743794755,KAPPA KAPPA GAMMA
The Kappa Collection,Matchbox Hoodie,UPI2606180487,Sweatshirts > Hooded sweatshirts,https://cdn.shopify.com/s/files/1/0629/2901/0839/files/KKG25010318500LIGHTBLUEback.jpg?v=1743794884,KAPPA KAPPA GAMMA
The Kappa Collection,Citrus Star Tee,UPI2606184343,Shirts > Short sleeve t-shirts,https://cdn.shopify.com/s/files/1/0629/2901/0839/files/KKG2501041717CITRUS.jpg?v=1743795012,KAPPA KAPPA GAMMA
The Kappa Collection,Baby Blue Crop Tee,UPI2606189447,Shirts > Short sleeve t-shirts,https://cdn.shopify.com/s/files/1/0629/2901/0839/files/KKG2501051010BABYBLUE.jpg?v=1743795145,KAPPA KAPPA GAMMA
The Kappa Collection,Cherry Bow Racer Tank,UPI2606183127,Shirts > Tank tops,https://cdn.shopify.com/s/files/1/0629/2901/0839/files/KKG250106navy.jpg?v=1743795299,KAPPA KAPPA GAMMA
The Kappa Collection,Cheetah Star Hoodie,UPI2606188599,Sweatshirts > Crewneck sweatshirts,https://cdn.shopify.com/s/files/1/0629/2901/0839/files/KKG25010718500SPORTSGREYback.jpg?v=1743795442,KAPPA KAPPA GAMMA
The Kappa Collection,Cheetah Star Sweatpants,UPI2606189959,Pants > Sweatpants,https://cdn.shopify.com/s/files/1/0629/2901/0839/files/KKG25010818400SPORTSGREY.jpg?v=1743795573,KAPPA KAPPA GAMMA
The Kappa Collection,Playful Print Crewneck,UPI2606182743,Sweatshirts > Crewneck sweatshirts,https://cdn.shopify.com/s/files/1/0629/2901/0839/files/KKG2501093945BLACK.jpg?v=1743795702,KAPPA KAPPA GAMMA
The Kappa Collection,Playful Print Shorts,UPI2606182583,Apparel > Shorts,https://cdn.shopify.com/s/files/1/0629/2901/0839/files/KKG2501103787BLACK.jpg?v=1743795807,KAPPA KAPPA GAMMA
The Kappa Collection,Little Hoodie,UPI2606189719,Sweatshirts > Hooded sweatshirts,https://cdn.shopify.com/s/files/1/0629/2901/0839/files/KKG25GL101front.jpg?v=1756307663,KAPPA KAPPA GAMMA
The Kappa Collection,Big Little Shorts,UPI2606184199,Pants > Sweatpants,https://cdn.shopify.com/s/files/1/0629/2901/0839/files/KKG25GL101shortsfront.jpg?v=1756307895,KAPPA KAPPA GAMMA
The Kappa Collection,Big Hoodie,UPI26061850791,Sweatshirts > Hooded sweatshirts,https://cdn.shopify.com/s/files/1/0629/2901/0839/files/KKG25GL102front.jpg?v=1756307810,KAPPA KAPPA GAMMA
The Kappa Collection,Big or Little Butter Tee,UPI26061865511,Shirts > Short sleeve t-shirts,https://cdn.shopify.com/s/files/1/0629/2901/0839/files/KKG25GL103front1717butter.jpg?v=1756308163,KAPPA KAPPA GAMMA
The Kappa Collection,Big or Little Hat,UPI2606189431,Headwear > Billed hats,https://cdn.shopify.com/s/files/1/0629/2901/0839/files/KKG25GL105navylp101.jpg?v=1756308535,KAPPA KAPPA GAMMA
The Kappa Collection,Big Little Cherry Stickjer,UPI2606180871,Promotional > Stickers,https://cdn.shopify.com/s/files/1/0629/2901/0839/files/KKG25GL107sticker.jpg?v=1756308734,KAPPA KAPPA GAMMA
The Kappa Collection,Dazzling Sticker,UPI2606180247,Promotional > Stickers,https://cdn.shopify.com/s/files/1/0629/2901/0839/files/KKG25GL108sticker.jpg?v=1756308850,KAPPA KAPPA GAMMA
The Kappa Collection,1870 Hoodie,UPI2606182951,Sweatshirts > Hooded sweatshirts,https://cdn.shopify.com/s/files/1/0629/2901/0839/files/KKG25GL201996MRBLACKBACK_1.jpg?v=1763575776,KAPPA KAPPA GAMMA
The Kappa Collection,Black Sweatpants,UPI2606181367,Pants > Sweatpants,https://cdn.shopify.com/s/files/1/0629/2901/0839/files/KKG25GL202974MPRBLACK.jpg?v=1763576459,KAPPA KAPPA GAMMA
The Kappa Collection,Billiard Hoodie,UPI26061862791,Sweatshirts > Hooded sweatshirts,https://cdn.shopify.com/s/files/1/0629/2901/0839/files/KKG25GL203996MRASHBACK.jpg?v=1763576589,KAPPA KAPPA GAMMA
The Kappa Collection,Billiard Sweatpants,UPI2606182183,Pants > Sweatpants,https://cdn.shopify.com/s/files/1/0629/2901/0839/files/KKG25GL204974MPRASH.jpg?v=1763576680,KAPPA KAPPA GAMMA
The Kappa Collection,ETA Crewneck,UPI2606182631,Sweatshirts > Crewneck sweatshirts,https://cdn.shopify.com/s/files/1/0629/2901/0839/files/KKG25GL20518000LTBLUE.jpg?v=1763576774,KAPPA KAPPA GAMMA
The Kappa Collection,Groovy Tee,UPI2606184247,Shirts > Short sleeve t-shirts,https://cdn.shopify.com/s/files/1/0629/2901/0839/files/KKG25GL2061717NAVY.jpg?v=1763577140,KAPPA KAPPA GAMMA
The Kappa Collection,Skully Hat,UPI2606186487,Headwear > Billed hats,https://cdn.shopify.com/s/files/1/0629/2901/0839/files/KKG25GL207SKULLYNAVY.jpg?v=1763577328,KAPPA KAPPA GAMMA
The Kappa Collection,Ash Mock Neck- Limited Edition,UPI2606187143,Apparel > Sweaters,https://cdn.shopify.com/s/files/1/0629/2901/0839/files/KKG25NOV1ASHMOCKNECK.jpg?v=1762451560,KAPPA KAPPA GAMMA
The Kappa Collection,Key Tee- Quick Ship,UPI2606183351,Shirts > Short sleeve t-shirts,https://cdn.shopify.com/s/files/1/0629/2901/0839/files/KKG25QS01-1717-WHITE.jpg?v=1750119153,KAPPA KAPPA GAMMA
The Kappa Collection,Kappa Crewneck- Quick Ship,UPI2606183799,Sweatshirts > Crewneck sweatshirts,https://cdn.shopify.com/s/files/1/0629/2901/0839/files/KKG25QS0218000ASH.jpg?v=1750119416,KAPPA KAPPA GAMMA
The Kappa Collection,Three Hearts Crewneck- Quick Ship,UPI2606181655,Sweatshirts > Crewneck sweatshirts,https://cdn.shopify.com/s/files/1/0629/2901/0839/files/KKG25QS0418000NAVY.jpg?v=1750119306,KAPPA KAPPA GAMMA
The Kappa Collection,Greetings From Orlando,KKG260001,Shirts > Short sleeve t-shirts,https://cdn.shopify.com/s/files/1/0629/2901/0839/files/KKG2600016030BANANABACK.jpg?v=1781799811,KAPPA KAPPA GAMMA
The Kappa Collection,Who's Tee,KKG260002,Shirts > Short sleeve t-shirts,https://cdn.shopify.com/s/files/1/0629/2901/0839/files/KKG2600021717IVORY.jpg?v=1781800553,KAPPA KAPPA GAMMA
The Kappa Collection,Ocean View Tee,KKG260003,Shirts > Short sleeve t-shirts,https://cdn.shopify.com/s/files/1/0629/2901/0839/files/KKG2600031717WHITEBACK.jpg?v=1781800755,KAPPA KAPPA GAMMA
The Kappa Collection,Denim Key Pocket Tee,KKG260004,Shirts > Short sleeve t-shirts,https://cdn.shopify.com/s/files/1/0629/2901/0839/files/KKG2600046030DENIMBACK.jpg?v=1781800883,KAPPA KAPPA GAMMA
The Kappa Collection,Tic Tac Toe Tee,KKG260005,Shirts > Short sleeve t-shirts,https://cdn.shopify.com/s/files/1/0629/2901/0839/files/KKG2600051717CHAMBRAY.jpg?v=1781800990,KAPPA KAPPA GAMMA
The Kappa Collection,The Key Sticker,KKG260011,Promotional > Stickers,https://cdn.shopify.com/s/files/1/0629/2901/0839/files/KKG260011STICKER.jpg?v=1781801111,KAPPA KAPPA GAMMA
The Kappa Collection,Charcoal Heather Cardigan,KKG260012,Outerwear > Jackets,https://cdn.shopify.com/s/files/1/0629/2901/0839/files/KKG260012LSW2870CHARHTR.jpg?v=1781801236,KAPPA KAPPA GAMMA
The Kappa Collection,Warm Taupe 1/4 Zip,KKG260013,Shirts > Short sleeve t-shirts,https://cdn.shopify.com/s/files/1/0629/2901/0839/files/KKG260013MM3041WARMTAUPE.jpg?v=1781801385,KAPPA KAPPA GAMMA
The Kappa Collection,Black Blazer,KKG260014,Outerwear > Jackets,https://cdn.shopify.com/s/files/1/0629/2901/0839/files/KKG260014LM2000BLACK.jpg?v=1781801493,KAPPA KAPPA GAMMA
The Kappa Collection,Foundation Long Sleeve Tee,KKG260202,Shirts > Short sleeve t-shirts,https://cdn.shopify.com/s/files/1/0629/2901/0839/files/KKG2602025400LTBLUE.jpg?v=1782497507,KAPPA KAPPA GAMMA
The Kappa Collection,Fleurever Mock Neck,KKG260203,Shirts > Long sleeve t-shirts,https://cdn.shopify.com/s/files/1/0629/2901/0839/files/KKG2602035726OATMEALHTHREMB.jpg?v=1782441381,KAPPA KAPPA GAMMA
The Kappa Collection,Fleurever Tee,KKG260204,Shirts > Short sleeve t-shirts,https://cdn.shopify.com/s/files/1/0629/2901/0839/files/KKG2602041717BUTTER.jpg?v=1782440525,KAPPA KAPPA GAMMA
The Kappa Collection,Fleurever Tee,KKG260205,Shirts > Short sleeve t-shirts,https://cdn.shopify.com/s/files/1/0629/2901/0839/files/KKG2602051717IVORY.jpg?v=1782440361,KAPPA KAPPA GAMMA
The Kappa Collection,White Beanie,UPI2606188279,Headwear > Beanies,https://cdn.shopify.com/s/files/1/0629/2901/0839/files/KKG26GL1081501KCWHITE.jpg?v=1767977857,KAPPA KAPPA GAMMA
The Kappa Collection,Crewneck & Beanie Bundle,UPI2606188295,Sweatshirts > Crewneck sweatshirts,https://cdn.shopify.com/s/files/1/0629/2901/0839/files/KKG26GL108CrewneckandBeanie.jpg?v=1767978163,KAPPA KAPPA GAMMA
The Kappa Collection,Simple Bow Crewneck,UPI2606183047,Sweatshirts > Crewneck sweatshirts,https://cdn.shopify.com/s/files/1/0629/2901/0839/files/KKG26GL30118000RED.jpg?v=1769624907,KAPPA KAPPA GAMMA
The Kappa Collection,Patched Bow Hoodie,UPI2606180103,Sweatshirts > Hooded sweatshirts,https://cdn.shopify.com/s/files/1/0629/2901/0839/files/KKG26GL30218500ASHBACK.jpg?v=1769625024,KAPPA KAPPA GAMMA
The Kappa Collection,Graphic Galentine Tee,UPI2606184391,Shirts > Short sleeve t-shirts,https://cdn.shopify.com/s/files/1/0629/2901/0839/files/KKG26GL3031717BLOSSOM_25452a39-88ff-49c5-a799-62a7b5262e0f.jpg?v=1769800668,KAPPA KAPPA GAMMA
The Kappa Collection,Paradise Tee,UPI26061881671,Shirts > Short sleeve t-shirts,https://cdn.shopify.com/s/files/1/0629/2901/0839/files/KKG26GL4011717IVORYback.jpg?v=1771266057,KAPPA KAPPA GAMMA
The Kappa Collection,Beach Mode Trucker Hat,UPI2606187367,Headwear > Billed hats,https://cdn.shopify.com/s/files/1/0629/2901/0839/files/KKG26GL402VC700BBYBLUE_WHITE.jpg?v=1771266296,KAPPA KAPPA GAMMA
The Kappa Collection,Tidal Wave Crewneck,UPI2606183975,Sweatshirts > Crewneck sweatshirts,https://cdn.shopify.com/s/files/1/0629/2901/0839/files/KKG26GL4031545CITRINE.jpg?v=1771266509,KAPPA KAPPA GAMMA
The Kappa Collection,Volunteer Patch Tee,UPI26061817831,Shirts > Short sleeve t-shirts,https://cdn.shopify.com/s/files/1/0629/2901/0839/files/KKG26GL6011717WHITE.jpg?v=1774536469,KAPPA KAPPA GAMMA
The Kappa Collection,Volunteer Hoodie,UPI2606185895,Sweatshirts > Hooded sweatshirts,https://cdn.shopify.com/s/files/1/0629/2901/0839/files/KKG26GL60218500LTBLUEBACK.jpg?v=1774536731,KAPPA KAPPA GAMMA
The Kappa Collection,Volunteer Jacket,UPI2606181079,Outerwear > Jackets,https://cdn.shopify.com/s/files/1/0629/2901/0839/files/KKG26GL603F217NAVY.jpg?v=1774536951,KAPPA KAPPA GAMMA
The Kappa Collection,Volunteer Quarter Zip,UPI2606185367,Outerwear > Jackets,https://cdn.shopify.com/s/files/1/0629/2901/0839/files/KKG26GL604ST253ATHHTR.jpg?v=1774537092,KAPPA KAPPA GAMMA
The Kappa Collection,Clear tote bag,UPI2606183063,Bags > Tote bags,https://cdn.shopify.com/s/files/1/0629/2901/0839/files/KKGBAG.jpg?v=1770835963,KAPPA KAPPA GAMMA
The Kappa Collection,KKG Bid Day Card,UPI2606181767,Paper/print goods > Greeting cards,https://cdn.shopify.com/s/files/1/0629/2901/0839/files/KKGBIDDAYCARD.jpg?v=1754063847,KAPPA KAPPA GAMMA
The Kappa Collection,Dream Tee,UPI26061824711,Shirts > Short sleeve t-shirts,https://cdn.shopify.com/s/files/1/0629/2901/0839/files/KKGCON1-1717-FLOBLUE-BACK.jpg?v=1735862190,KAPPA KAPPA GAMMA
The Kappa Collection,Say I Love You Tee,UPI2606180343,Shirts > Short sleeve t-shirts,https://cdn.shopify.com/s/files/1/0629/2901/0839/files/KKGCONV2-1717-WHITE-BACK.jpg?v=1735862189,KAPPA KAPPA GAMMA
The Kappa Collection,Flip-Flops,UPI2606185287,Footwear > Flip flops,https://cdn.shopify.com/s/files/1/0629/2901/0839/files/KKGFF1.jpg?v=1770835917,KAPPA KAPPA GAMMA
The Kappa Collection,Sketch Founders Crewneck,UPI2606184743,Sweatshirts > Crewneck sweatshirts,https://cdn.shopify.com/s/files/1/0629/2901/0839/files/KKG-Sketch.jpg?v=1735862146,KAPPA KAPPA GAMMA
The Kappa Collection,Oh Pat Sticker,UPI2606185735,Promotional > Stickers,https://cdn.shopify.com/s/files/1/0629/2901/0839/files/KKKG240207STICKER.jpg?v=1735862151,KAPPA KAPPA GAMMA
The Kappa Collection,Beach Towel,UPI2606185783,Towels > Beach towels,https://cdn.shopify.com/s/files/1/0629/2901/0839/files/TOWELBEACH.jpg?v=1771345806,KAPPA KAPPA GAMMA
Shop NCL,Extraordinary Women of NCL Hardcover Book,UPI26061863321,Paper/print goods > Books,https://cdn.shopify.com/s/files/1/0702/7959/4220/files/1.png?v=1739216576,NATIONAL CHARITY LEAGUE
Shop NCL,Extraordinary Women of NCL Hardcover Book,UPI26061808601,Paper/print goods > Books,https://cdn.shopify.com/s/files/1/0702/7959/4220/files/1.png?v=1739216576,NATIONAL CHARITY LEAGUE
Shop NCL,Pink Volunteer Crewneck,UPI2606187788,Sweatshirts > Crewneck sweatshirts,https://cdn.shopify.com/s/files/1/0702/7959/4220/files/2g_cIWtU.jpg?v=1742586993,NATIONAL CHARITY LEAGUE
Shop NCL,Classic Polo,UPI2606184748,Shirts > Short sleeve polo shirts,https://cdn.shopify.com/s/files/1/0702/7959/4220/files/BLUEPOLO.jpg?v=1735863563,NATIONAL CHARITY LEAGUE
Shop NCL,Pink and White Graduation Cord,UPI2606181756,Apparel > Graduation cords,https://cdn.shopify.com/s/files/1/0702/7959/4220/files/CCB_1557-2_600x_8f5212bd-e5cb-4fee-a0d1-20c372a19cdd.webp?v=1767797808,NATIONAL CHARITY LEAGUE
Shop NCL,Lacy Bow Knitted Sweater,UPI2606183996,Apparel > Sweaters,https://cdn.shopify.com/s/files/1/0702/7959/4220/files/Front_eb89bf11-31c8-433a-a8bd-9c478c9bcc7b.jpg?v=1761761935,NATIONAL CHARITY LEAGUE
Shop NCL,Classic Sweatpants,UPI2606188636,Pants > Sweatpants,https://cdn.shopify.com/s/files/1/0702/7959/4220/files/NAVY.jpg?v=1735863566,NATIONAL CHARITY LEAGUE
Shop NCL,Drawstring Back Pack,UPI2606182012,Bags > Tote bags,https://cdn.shopify.com/s/files/1/0702/7959/4220/files/NCL-22774.jpg?v=1755715712,NATIONAL CHARITY LEAGUE
Shop NCL,Centennial Logo Tee,UPI2606183068,Shirts > Short sleeve t-shirts,https://cdn.shopify.com/s/files/1/0702/7959/4220/files/NCL240001-Black-3001-FROMT.jpg?v=1735863609,NATIONAL CHARITY LEAGUE
Shop NCL,Celebrating A Century Tee,UPI2606181740,Shirts > Short sleeve t-shirts,https://cdn.shopify.com/s/files/1/0702/7959/4220/files/NCL240002-BLACK-1717-BACK.jpg?v=1735863608,NATIONAL CHARITY LEAGUE
Shop NCL,Celebrating A Century Hoodie,UPI2606186844,Sweatshirts > Hooded sweatshirts,https://cdn.shopify.com/s/files/1/0702/7959/4220/files/NCL240003-WHITE-SS4500-FRONT.jpg?v=1735863607,NATIONAL CHARITY LEAGUE
Shop NCL,Gold Foil Centennial Sweatshirt,UPI2606181372,Sweatshirts > Crewneck sweatshirts,https://cdn.shopify.com/s/files/1/0702/7959/4220/files/NCL240004-BLACK-SS3000-GOLDFOIL.jpg?v=1718370682,NATIONAL CHARITY LEAGUE
Shop NCL,Centennial Logo V-Neck,UPI2606188028,Shirts > Short sleeve t-shirts,https://cdn.shopify.com/s/files/1/0702/7959/4220/files/NCL240005-BLACK-6405-BACK.jpg?v=1735863604,NATIONAL CHARITY LEAGUE
Shop NCL,Celebrating A Century Blossom Tee,UPI2606187324,Shirts > Short sleeve t-shirts,https://cdn.shopify.com/s/files/1/0702/7959/4220/files/NCL240006-1717-BLOSSOM-BACK.jpg?v=1718369088,NATIONAL CHARITY LEAGUE
Shop NCL,Celebrating A Century Crunchberry Tee,UPI2606181596,Shirts > Short sleeve t-shirts,https://cdn.shopify.com/s/files/1/0702/7959/4220/files/NCL240006-1717-CRUNCHBERRY-FRONT.jpg?v=1735863592,NATIONAL CHARITY LEAGUE
Shop NCL,Gold & Bone Centennial Sweatshirt,UPI2606184124,Sweatshirts > Crewneck sweatshirts,https://cdn.shopify.com/s/files/1/0702/7959/4220/files/NCL240007-BONE-SS3000.jpg?v=1735863606,NATIONAL CHARITY LEAGUE
Shop NCL,Centennial Cardigan,UPI2606182412,Apparel > Sweaters,https://cdn.shopify.com/s/files/1/0702/7959/4220/files/NCL240008-BLACKMELANGE-DG481W.jpg?v=1718661025,NATIONAL CHARITY LEAGUE
Shop NCL,Centennial Tote - Black,UPI2606182860,Bags > Tote bags,https://cdn.shopify.com/s/files/1/0702/7959/4220/files/NCL240009-BLACK-8869-GOLDFOIL.jpg?v=1718661132,NATIONAL CHARITY LEAGUE
Shop NCL,Century Hoodie,UPI2606187596,Sweatshirts > Hooded sweatshirts,https://cdn.shopify.com/s/files/1/0702/7959/4220/files/NCL240010-3901-BLACK.jpg?v=1735863603,NATIONAL CHARITY LEAGUE
Shop NCL,Centennial Fleece Shorts,UPI2606185260,Apparel > Shorts,https://cdn.shopify.com/s/files/1/0702/7959/4220/files/NCL240011-BLACK-3787.jpg?v=1735863599,NATIONAL CHARITY LEAGUE
Shop NCL,Centennial Polo,UPI2606189772,Shirts > Short sleeve polo shirts,https://cdn.shopify.com/s/files/1/0702/7959/4220/files/NCL240013-BLACK-L500.jpg?v=1735863600,NATIONAL CHARITY LEAGUE
Shop NCL,Centennial Quarter Zip,UPI2606180108,Outerwear > Jackets,https://cdn.shopify.com/s/files/1/0702/7959/4220/files/NCL240014-BLACK-ST252.jpg?v=1735863601,NATIONAL CHARITY LEAGUE
Shop NCL,Centennial Camden Spliced Crew (Oatmeal),UPI2606180060,Sweatshirts > Crewneck sweatshirts,https://cdn.shopify.com/s/files/1/0702/7959/4220/files/NCL240015-OATMEAL-5523.jpg?v=1735863591,NATIONAL CHARITY LEAGUE
Shop NCL,Centennial Camden Spliced Crew,UPI2606182780,Sweatshirts > Crewneck sweatshirts,https://cdn.shopify.com/s/files/1/0702/7959/4220/files/NCL240015-PINKBERRY-5523.jpg?v=1735863602,NATIONAL CHARITY LEAGUE
Shop NCL,Script Dad Hat,UPI2606182796,Headwear > Billed hats,https://cdn.shopify.com/s/files/1/0702/7959/4220/files/NCL240016-BLACK-VC300A-EMB.jpg?v=1735863598,NATIONAL CHARITY LEAGUE
Shop NCL,Script Snapback Hat,UPI26061819161,Headwear > Billed hats,https://cdn.shopify.com/s/files/1/0702/7959/4220/files/NCL240018-BLACK-112-EMB.jpg?v=1735863597,NATIONAL CHARITY LEAGUE
Shop NCL,Classic Snapback Hat,UPI2606188268,Headwear > Billed hats,https://cdn.shopify.com/s/files/1/0702/7959/4220/files/NCL240019-BLACK-112-EMB.jpg?v=1735863596,NATIONAL CHARITY LEAGUE
Shop NCL,Celebrating A Century Sticker,UPI2606184812,Promotional > Stickers,https://cdn.shopify.com/s/files/1/0702/7959/4220/files/NCL240101-Sticker.jpg?v=1735863595,NATIONAL CHARITY LEAGUE
Shop NCL,Centennial Sticker,UPI2606184652,Promotional > Stickers,https://cdn.shopify.com/s/files/1/0702/7959/4220/files/NCL240102-Sticker_2.jpg?v=1735863594,NATIONAL CHARITY LEAGUE
Shop NCL,Centennial Stanley- Style Cup - Pack of 48,UPI2606184156,Water bottles > Aluminum water bottles,https://cdn.shopify.com/s/files/1/0702/7959/4220/files/NCL240201-TUMBLER.jpg?v=1735863590,NATIONAL CHARITY LEAGUE
Shop NCL,Cosmetic Bag - Pack of 100,UPI2606184396,Bags > Cosmetic bags,https://cdn.shopify.com/s/files/1/0702/7959/4220/files/NCL240202-CosmeticBag-1.jpg?v=1735863587,NATIONAL CHARITY LEAGUE
Shop NCL,Crossbody Bag - Pack of 100,UPI2606188092,Bags > Sling bags,https://cdn.shopify.com/s/files/1/0702/7959/4220/files/NCL240203-FANNY.jpg?v=1735863589,NATIONAL CHARITY LEAGUE
Shop NCL,Centennial Pen - Pack of 300,UPI2606185148,Office products > Pens,https://cdn.shopify.com/s/files/1/0702/7959/4220/files/NCL240204-PEN.jpg?v=1735863588,NATIONAL CHARITY LEAGUE
Shop NCL,Centennial Coffee Mug - Pack of 50,UPI2606181132,Coffee Mugs > Ceramic coffee mugs,https://cdn.shopify.com/s/files/1/0702/7959/4220/files/NCL240205-MUG.jpg?v=1723222774,NATIONAL CHARITY LEAGUE
Shop NCL,Centennial Journal - Pack of 100,UPI2606181404,Paper/print goods > Notebooks,https://cdn.shopify.com/s/files/1/0702/7959/4220/files/NCL240206-JOURNAL.jpg?v=1735863588,NATIONAL CHARITY LEAGUE
Shop NCL,Centennial Apron - Pack of 50,UPI2606183772,Apparel > Aprons,https://cdn.shopify.com/s/files/1/0702/7959/4220/files/NCL240207-APRON--Q4350.jpg?v=1735863586,NATIONAL CHARITY LEAGUE
Shop NCL,Centennial Scarf,UPI2606186444,Apparel > Scarves,https://cdn.shopify.com/s/files/1/0702/7959/4220/files/NCL240210-SCARF.jpg?v=1747417325,NATIONAL CHARITY LEAGUE
Shop NCL,Signature Tee,UPI2606182460,Shirts > Short sleeve t-shirts,https://cdn.shopify.com/s/files/1/0702/7959/4220/files/NCL2402111717BLACKFRONT.jpg?v=1735863581,NATIONAL CHARITY LEAGUE
Shop NCL,Classic V-Neck T-Shirt,UPI2606187868,Shirts > Short sleeve t-shirts,https://cdn.shopify.com/s/files/1/0702/7959/4220/files/NCL2402126405BERRY.jpg?v=1735863579,NATIONAL CHARITY LEAGUE
Shop NCL,Classic NCL T-Shirt,UPI2606183276,Shirts > Short sleeve t-shirts,https://cdn.shopify.com/s/files/1/0702/7959/4220/files/NCL2402133001BLACK.jpg?v=1735863577,NATIONAL CHARITY LEAGUE
Shop NCL,Signature Hoodie,UPI2606188556,Sweatshirts > Hooded sweatshirts,https://cdn.shopify.com/s/files/1/0702/7959/4220/files/NCL240214SS4500BLUEAQUAFRONT.jpg?v=1735863575,NATIONAL CHARITY LEAGUE
Shop NCL,Classic Quarter Zip,UPI2606188956,Outerwear > Jackets,https://cdn.shopify.com/s/files/1/0702/7959/4220/files/NCL240215ST253NAVY.jpg?v=1735863573,NATIONAL CHARITY LEAGUE
Shop NCL,Signature Crewneck Sweatshirt,UPI26061831641,Sweatshirts > Crewneck sweatshirts,https://cdn.shopify.com/s/files/1/0702/7959/4220/files/NCL240216SS3000BLACKFRONT.jpg?v=1735863572,NATIONAL CHARITY LEAGUE
Shop NCL,Script Crewneck Sweatshirt,UPI26061839481,Sweatshirts > Crewneck sweatshirts,https://cdn.shopify.com/s/files/1/0702/7959/4220/files/NCL2402173945MAUVE_bf02ce62-c633-4160-bf14-dfd9aa4ae237.jpg?v=1735863570,NATIONAL CHARITY LEAGUE
Shop NCL,Classic Cardigan,UPI2606187660,Apparel > Sweaters,https://cdn.shopify.com/s/files/1/0702/7959/4220/files/NCL240218DG481WNAVYMELANGE.jpg?v=1735863569,NATIONAL CHARITY LEAGUE
Shop NCL,Signature Spliced Crew,UPI26061894041,Sweatshirts > Crewneck sweatshirts,https://cdn.shopify.com/s/files/1/0702/7959/4220/files/NCL2402195523GREY.jpg?v=1735863568,NATIONAL CHARITY LEAGUE
Shop NCL,Classic Spliced Crew,UPI26061815961,Sweatshirts > Crewneck sweatshirts,https://cdn.shopify.com/s/files/1/0702/7959/4220/files/NCL2402205523NAVY.jpg?v=1735863567,NATIONAL CHARITY LEAGUE
Shop NCL,Classic Fleece Shorts,UPI2606189868,Apparel > Shorts,https://cdn.shopify.com/s/files/1/0702/7959/4220/files/NCL2402223797MAUVE.jpg?v=1735863564,NATIONAL CHARITY LEAGUE
Shop NCL,Logo Hat,UPI26061861561,Headwear > Billed hats,https://cdn.shopify.com/s/files/1/0702/7959/4220/files/NCL240224VC300APINK_1.jpg?v=1735863560,NATIONAL CHARITY LEAGUE
Shop NCL,Logo Beanie,UPI2606183484,Headwear > Beanies,https://cdn.shopify.com/s/files/1/0702/7959/4220/files/NCL240225SP12NAVY.jpg?v=1735863559,NATIONAL CHARITY LEAGUE
Shop NCL,Classic NCL Sticker,UPI2606188124,Promotional > Stickers,https://cdn.shopify.com/s/files/1/0702/7959/4220/files/NCL240226STICKER.jpg?v=1735863562,NATIONAL CHARITY LEAGUE
Shop NCL,Daughter's Day Bow Tee,UPI2606181196,Shirts > Short sleeve t-shirts,https://cdn.shopify.com/s/files/1/0702/7959/4220/files/NCL2402271717WHITEBACK.jpg?v=1735863556,NATIONAL CHARITY LEAGUE
Shop NCL,Daughter's Day Stamp Tee,UPI2606183692,Shirts > Short sleeve t-shirts,https://cdn.shopify.com/s/files/1/0702/7959/4220/files/NCL2402281717CHAMBRAYBACK.jpg?v=1725483644,NATIONAL CHARITY LEAGUE
Shop NCL,Preppy Pink Centennial Quarter Zip,UPI2606184492,Outerwear > Jackets,https://cdn.shopify.com/s/files/1/0702/7959/4220/files/NCL2402299359PREPPYPINK_e5c90bef-7048-40df-a35c-4cba6680ebe8.jpg?v=1735863557,NATIONAL CHARITY LEAGUE
Shop NCL,Heliconia Centennial Sweatshirt,UPI2606181628,Sweatshirts > Crewneck sweatshirts,https://cdn.shopify.com/s/files/1/0702/7959/4220/files/NCL24023018000HELICONIA.jpg?v=1735863558,NATIONAL CHARITY LEAGUE
Shop NCL,Inspire Innovation - Retro Tee,UPI2606185596,Shirts > Short sleeve t-shirts,https://cdn.shopify.com/s/files/1/0702/7959/4220/files/NCL2402311717IVORYBACK.jpg?v=1735863555,NATIONAL CHARITY LEAGUE
Shop NCL,Inspire Innovation - Heart Tee,UPI2606188380,Shirts > Short sleeve t-shirts,https://cdn.shopify.com/s/files/1/0702/7959/4220/files/NCL2402321717BLOSSOMBACK.jpg?v=1735863554,NATIONAL CHARITY LEAGUE
Shop NCL,Centennial Flannel Pants,UPI2606184460,Pants > Sweatpants,https://cdn.shopify.com/s/files/1/0702/7959/4220/files/NCL240233BW6620BLACKWHITE.jpg?v=1735863552,NATIONAL CHARITY LEAGUE
Shop NCL,Script Visor,UPI2606187964,Headwear > Visors,https://cdn.shopify.com/s/files/1/0702/7959/4220/files/NCL240234VC500BLACK.jpg?v=1735863549,NATIONAL CHARITY LEAGUE
Shop NCL,Classic Pink Visor,UPI2606183948,Headwear > Visors,https://cdn.shopify.com/s/files/1/0702/7959/4220/files/NCL240235VC500PINK.jpg?v=1735863547,NATIONAL CHARITY LEAGUE
Shop NCL,Centennial Flannel Shorts,UPI2606182588,Apparel > Shorts,https://cdn.shopify.com/s/files/1/0702/7959/4220/files/NCL240236BW6501BLACKWHITE.jpg?v=1735863550,NATIONAL CHARITY LEAGUE
Shop NCL,Centennial Tote - Black/Natural,UPI2606182076,Bags > Tote bags,https://cdn.shopify.com/s/files/1/0702/7959/4220/files/NCL240237NATURAL_BLACK.jpg?v=1735863546,NATIONAL CHARITY LEAGUE
Shop NCL,Classic Cherries Crew,UPI2606183292,Sweatshirts > Crewneck sweatshirts,https://cdn.shopify.com/s/files/1/0702/7959/4220/files/NCL240238SS3000WHITE.jpg?v=1735863531,NATIONAL CHARITY LEAGUE
Shop NCL,Classic Flowers Crew,UPI2606180252,Sweatshirts > Crewneck sweatshirts,https://cdn.shopify.com/s/files/1/0702/7959/4220/files/NCL240239SS3000PINKback.jpg?v=1735863532,NATIONAL CHARITY LEAGUE
Shop NCL,Classic Bow Crewneck,UPI2606189708,Sweatshirts > Crewneck sweatshirts,https://cdn.shopify.com/s/files/1/0702/7959/4220/files/NCL24024018000CAROLINDABLUE.jpg?v=1735863533,NATIONAL CHARITY LEAGUE
Shop NCL,Logo Trucker Hat,UPI2606187468,Headwear > Billed hats,https://cdn.shopify.com/s/files/1/0702/7959/4220/files/NCL240241TRUCK5COBRA.jpg?v=1735863534,NATIONAL CHARITY LEAGUE
Shop NCL,National Day of Service Tee,UPI2606181660,Shirts > Short sleeve t-shirts,https://cdn.shopify.com/s/files/1/0702/7959/4220/files/NCL2402421717IVORYback.jpg?v=1735863535,NATIONAL CHARITY LEAGUE
Shop NCL,Logo Pink Visor,UPI2606186652,Headwear > Visors,https://cdn.shopify.com/s/files/1/0702/7959/4220/files/NCL240243VC500PINK.jpg?v=1735863537,NATIONAL CHARITY LEAGUE
Shop NCL,Forever NCL V-Neck T-Shirt,UPI26061881241,Shirts > Short sleeve t-shirts,https://cdn.shopify.com/s/files/1/0702/7959/4220/files/NCL2402446405BERRY.jpg?v=1735863538,NATIONAL CHARITY LEAGUE
Shop NCL,Forever NCL Logo Crew,UPI2606184012,Sweatshirts > Crewneck sweatshirts,https://cdn.shopify.com/s/files/1/0702/7959/4220/files/NCL240245SS3000pinkback.jpg?v=1735863539,NATIONAL CHARITY LEAGUE
Shop NCL,Forever NCL Lotus Crew,UPI2606184188,Sweatshirts > Crewneck sweatshirts,https://cdn.shopify.com/s/files/1/0702/7959/4220/files/NCL24024618000HELICONIA.jpg?v=1735863540,NATIONAL CHARITY LEAGUE
Shop NCL,Forever NCL Lotus Tee,UPI2606189628,Shirts > Short sleeve t-shirts,https://cdn.shopify.com/s/files/1/0702/7959/4220/files/NCL2402471717WHITEback.jpg?v=1735863542,NATIONAL CHARITY LEAGUE
Shop NCL,Forever NCL Round Sticker,UPI2606184268,Promotional > Stickers,https://cdn.shopify.com/s/files/1/0702/7959/4220/files/NCL240248STICKER.jpg?v=1735863543,NATIONAL CHARITY LEAGUE
Shop NCL,Forever NCL Lotus Sticker,UPI2606188524,Promotional > Stickers,https://cdn.shopify.com/s/files/1/0702/7959/4220/files/NCL240249STICKER.jpg?v=1735863545,NATIONAL CHARITY LEAGUE
Shop NCL,Forever NCL Lotus V-Neck T-Shirt,UPI2606187500,Shirts > Short sleeve t-shirts,https://cdn.shopify.com/s/files/1/0702/7959/4220/files/NCL2402506405BLACK.jpg?v=1735863529,NATIONAL CHARITY LEAGUE
Shop NCL,Forever NCL Lotus Colors Crew,UPI2606182204,Sweatshirts > Crewneck sweatshirts,https://cdn.shopify.com/s/files/1/0702/7959/4220/files/NCL24025118000SAND.jpg?v=1735863530,NATIONAL CHARITY LEAGUE
Shop NCL,Love NCL Tee,UPI2606181436,Shirts > Short sleeve t-shirts,https://cdn.shopify.com/s/files/1/0702/7959/4220/files/NCL2403011717IVORY.jpg?v=1735863527,NATIONAL CHARITY LEAGUE
Shop NCL,Remember I Love You Hoodie,UPI2606180380,Sweatshirts > Crewneck sweatshirts,https://cdn.shopify.com/s/files/1/0702/7959/4220/files/NCL24030218500NAVYBACK.jpg?v=1735863523,NATIONAL CHARITY LEAGUE
Shop NCL,Teacup Hoodie,UPI2606187516,Sweatshirts > Crewneck sweatshirts,https://cdn.shopify.com/s/files/1/0702/7959/4220/files/NCL24030318500LIGHTPINKBACK.jpg?v=1735863524,NATIONAL CHARITY LEAGUE
Shop NCL,Love NCL Crew,UPI2606188764,Sweatshirts > Crewneck sweatshirts,https://cdn.shopify.com/s/files/1/0702/7959/4220/files/NCL24030418000SAND.jpg?v=1735863525,NATIONAL CHARITY LEAGUE
Shop NCL,Tie It With A Bow Tee,UPI2606180092,Shirts > Short sleeve t-shirts,https://cdn.shopify.com/s/files/1/0702/7959/4220/files/NCL2403051717IVORY.jpg?v=1735863527,NATIONAL CHARITY LEAGUE
Shop NCL,Snowflake Tee,UPI2606182764,Shirts > Short sleeve t-shirts,https://cdn.shopify.com/s/files/1/0702/7959/4220/files/NCL2403061717NAVY.jpg?v=1731335233,NATIONAL CHARITY LEAGUE
Shop NCL,NCL Tree Crew,UPI2606185516,Sweatshirts > Crewneck sweatshirts,https://cdn.shopify.com/s/files/1/0702/7959/4220/files/NCL24030718000SAND.jpg?v=1731335051,NATIONAL CHARITY LEAGUE
Shop NCL,Wreath Tee,UPI2606189612,Shirts > Short sleeve t-shirts,https://cdn.shopify.com/s/files/1/0702/7959/4220/files/NCL2403081717IVORY.jpg?v=1731334907,NATIONAL CHARITY LEAGUE
Shop NCL,NCL Bow Socks,UPI2606185500,Apparel > Socks,https://cdn.shopify.com/s/files/1/0702/7959/4220/files/NCL240401-SOCK.jpg?v=1735863522,NATIONAL CHARITY LEAGUE
Shop NCL,Volunteer Cherry Tee,UPI2606184732,Shirts > Short sleeve t-shirts,https://cdn.shopify.com/s/files/1/0702/7959/4220/files/NCL2406011717WHITEBack.jpg?v=1741713039,NATIONAL CHARITY LEAGUE
Shop NCL,Volunteer Bows Tee,UPI2606181532,Shirts > Short sleeve t-shirts,https://cdn.shopify.com/s/files/1/0702/7959/4220/files/NCL2406021717WHITEback.jpg?v=1741713223,NATIONAL CHARITY LEAGUE
Shop NCL,Light Blue Volunteer Crewneck,UPI2606182348,Sweatshirts > Crewneck sweatshirts,https://cdn.shopify.com/s/files/1/0702/7959/4220/files/NCL24060418000LIGHTBLUEback.jpg?v=1741713554,NATIONAL CHARITY LEAGUE
Shop NCL,Volunteer Trio Crewneck,UPI2606183788,Sweatshirts > Crewneck sweatshirts,https://cdn.shopify.com/s/files/1/0702/7959/4220/files/NCL24060518000WHITEback.jpg?v=1741713779,NATIONAL CHARITY LEAGUE
Shop NCL,Centennial Cup,UPI2606183164,Drinkware > Stadium cups,https://cdn.shopify.com/s/files/1/0702/7959/4220/files/NCL250001STADIUMCUP.jpg?v=1741991684,NATIONAL CHARITY LEAGUE
Shop NCL,Logo Cup,UPI2606181116,Drinkware > Stadium cups,https://cdn.shopify.com/s/files/1/0702/7959/4220/files/NCL250002STADIUMCUP.jpg?v=1741991828,NATIONAL CHARITY LEAGUE
Shop NCL,Centennial Button,UPI2606180860,Promotional > Pin-back buttons,https://cdn.shopify.com/s/files/1/0702/7959/4220/files/NCL250003BUTTON_1.jpg?v=1741992015,NATIONAL CHARITY LEAGUE
Shop NCL,Locket Button,UPI2606183724,Promotional > Pin-back buttons,https://cdn.shopify.com/s/files/1/0702/7959/4220/files/NCL250004BUTTON.jpg?v=1741992181,NATIONAL CHARITY LEAGUE
Shop NCL,National Charity League Pen,UPI2606189404,Office products > Pen/pencil holders,https://cdn.shopify.com/s/files/1/0702/7959/4220/files/NCL250005704ROSEGOLD.jpg?v=1749481700,NATIONAL CHARITY LEAGUE
Shop NCL,Classic Bow Sticker,UPI2606181516,Promotional > Stickers,https://cdn.shopify.com/s/files/1/0702/7959/4220/files/NCL250006STICKER.jpg?v=1741992749,NATIONAL CHARITY LEAGUE
Shop NCL,Logo Sticker,UPI2606184300,Promotional > Stickers,https://cdn.shopify.com/s/files/1/0702/7959/4220/files/NCL250007STICKER.jpg?v=1741993076,NATIONAL CHARITY LEAGUE
Shop NCL,National Charity League Pen,UPI26061854361,Office products > Pen/pencil holders,https://cdn.shopify.com/s/files/1/0702/7959/4220/files/NCL250008704NAVY.jpg?v=1749481700,NATIONAL CHARITY LEAGUE
Shop NCL,Mother's and Daughter's Postcard,UPI26061801081,Paper/print goods > Postcards,https://cdn.shopify.com/s/files/1/0702/7959/4220/files/NCL250009POSTCARD.jpg?v=1741993201,NATIONAL CHARITY LEAGUE
Shop NCL,Centennial Notecard,UPI2606189756,Stationery > Note cards,https://cdn.shopify.com/s/files/1/0702/7959/4220/files/NCL250010FOLDOVERNOTECARD.jpg?v=1741993301,NATIONAL CHARITY LEAGUE
Shop NCL,Celebrating a Century Postcard,UPI2606185564,Paper/print goods > Postcards,https://cdn.shopify.com/s/files/1/0702/7959/4220/files/NCL250011POSTCARD.jpg?v=1741993593,NATIONAL CHARITY LEAGUE
Shop NCL,Classic NCL Notecard,UPI2606184140,Stationery > Note cards,https://cdn.shopify.com/s/files/1/0702/7959/4220/files/NCL250012FOLDOVERNOTECARD.jpg?v=1741993739,NATIONAL CHARITY LEAGUE
Shop NCL,National Charity League Hoodie,UPI2606182684,Sweatshirts > Hooded sweatshirts,https://cdn.shopify.com/s/files/1/0702/7959/4220/files/NCL25001318500WHITEback.jpg?v=1741889218,NATIONAL CHARITY LEAGUE
Shop NCL,Celebrating a Century Crewneck,UPI2606185996,Sweatshirts > Crewneck sweatshirts,https://cdn.shopify.com/s/files/1/0702/7959/4220/files/NCL25001518000LIGHTPINK.jpg?v=1741889484,NATIONAL CHARITY LEAGUE
Shop NCL,1925 Crewneck,UPI2606180556,Sweatshirts > Crewneck sweatshirts,https://cdn.shopify.com/s/files/1/0702/7959/4220/files/NCL25001618000ASH.jpg?v=1741889660,NATIONAL CHARITY LEAGUE
Shop NCL,Ticktocker Yellow Rose Design Winner,UPI2606180524,Shirts > Short sleeve t-shirts,https://cdn.shopify.com/s/files/1/0702/7959/4220/files/NCL250101-1717-WHITE-2.jpg?v=1741356980,NATIONAL CHARITY LEAGUE
Shop NCL,Mother Daughter Vibes Crewneck,UPI2606186956,Sweatshirts > Crewneck sweatshirts,https://cdn.shopify.com/s/files/1/0702/7959/4220/files/NCL25010218000WHITE.jpg?v=1747146062,NATIONAL CHARITY LEAGUE
Shop NCL,Leave a Legacy Hoodie,UPI26061816281,Sweatshirts > Hooded sweatshirts,https://cdn.shopify.com/s/files/1/0702/7959/4220/files/NCL25020118500LIGHT.jpg?v=1755625857,NATIONAL CHARITY LEAGUE
Shop NCL,Camp NCL,UPI2606183148,Shirts > Short sleeve t-shirts,https://cdn.shopify.com/s/files/1/0702/7959/4220/files/NCL2502021717WHITEBACK.jpg?v=1755626072,NATIONAL CHARITY LEAGUE
Shop NCL,Graphic Tee,UPI2606181276,Shirts > Short sleeve t-shirts,https://cdn.shopify.com/s/files/1/0702/7959/4220/files/NCL2502031717NAVY.jpg?v=1755626257,NATIONAL CHARITY LEAGUE
Shop NCL,Drawstring Back Pack,UPI2606187580,Bags > Tote bags,https://cdn.shopify.com/s/files/1/0702/7959/4220/files/NCL250204BG637InsigniaBlueEMB_7d5ea8b9-63bd-4442-b788-d33d09037881.jpg?v=1755626886,NATIONAL CHARITY LEAGUE
Shop NCL,Logo Tote Bags,UPI2606183036,Bags > Tote bags,https://cdn.shopify.com/s/files/1/0702/7959/4220/files/NCL2502055015NavyEMB.jpg?v=1755628028,NATIONAL CHARITY LEAGUE
Shop NCL,NCL Pennant Hoodie,UPI2606180444,Sweatshirts > Hooded sweatshirts,https://cdn.shopify.com/s/files/1/0702/7959/4220/files/NCL25040118500NAVY_1.jpg?v=1764011179,NATIONAL CHARITY LEAGUE
Shop NCL,Bow Sweatpants,UPI2606187772,Pants > Sweatpants,https://cdn.shopify.com/s/files/1/0702/7959/4220/files/NCL25040218400NAVY.jpg?v=1764011453,NATIONAL CHARITY LEAGUE
Shop NCL,Blush Crewneck,UPI2606180188,Sweatshirts > Crewneck sweatshirts,https://cdn.shopify.com/s/files/1/0702/7959/4220/files/NCL250403RF494BLUSH.jpg?v=1764011704,NATIONAL CHARITY LEAGUE
Shop NCL,NCL Snowflake Crewneck,UPI26061827961,Sweatshirts > Crewneck sweatshirts,https://cdn.shopify.com/s/files/1/0702/7959/4220/files/NCL250403RF494HTRGREY.jpg?v=1764011958,NATIONAL CHARITY LEAGUE
Shop NCL,Boxy Cherry Bow Tee,UPI2606186460,Shirts > Short sleeve t-shirts,https://cdn.shopify.com/s/files/1/0702/7959/4220/files/NCL250404RF494BLUSH.jpg?v=1764012178,NATIONAL CHARITY LEAGUE
Shop NCL,Navy Lead with Love Tee,UPI2606183196,Shirts > Short sleeve t-shirts,https://cdn.shopify.com/s/files/1/0702/7959/4220/files/NCL250405RF494LAPIS.jpg?v=1764080637,NATIONAL CHARITY LEAGUE
Shop NCL,Lead with Love Tee,UPI2606188732,Shirts > Short sleeve t-shirts,https://cdn.shopify.com/s/files/1/0702/7959/4220/files/NCL250405RF494WHITE.jpg?v=1764080763,NATIONAL CHARITY LEAGUE
Shop NCL,Rain Jacket,UPI2606181644,Outerwear > Jackets,https://cdn.shopify.com/s/files/1/0702/7959/4220/files/NCL2504065099NAVYEMB.jpg?v=1764012440,NATIONAL CHARITY LEAGUE
Shop NCL,Classic Bow Tee,UPI2606189324,Shirts > Short sleeve t-shirts,https://cdn.shopify.com/s/files/1/0702/7959/4220/files/NCL2504071717HYDRANGEA.jpg?v=1764012600,NATIONAL CHARITY LEAGUE
Shop NCL,Bear T-Shirt,UPI2606187276,Shirts > Short sleeve t-shirts,https://cdn.shopify.com/s/files/1/0702/7959/4220/files/NCL2504081717BLOSSOM.jpg?v=1764012777,NATIONAL CHARITY LEAGUE
Shop NCL,NCL Script Tee,UPI2606188444,Shirts > Short sleeve t-shirts,https://cdn.shopify.com/s/files/1/0702/7959/4220/files/NCL2504091717BLUEJEAN.jpg?v=1764013007,NATIONAL CHARITY LEAGUE
Shop NCL,Ash Mock Neck- Limited Edition,UPI2606181292,Apparel > Sweaters,https://cdn.shopify.com/s/files/1/0702/7959/4220/files/NCL25NOV1ASHMOCKNECK.jpg?v=1762451699,NATIONAL CHARITY LEAGUE
Shop NCL,Chenille Logo Patch,UPI2606185436,Apparel > Patches,https://cdn.shopify.com/s/files/1/0702/7959/4220/files/NCL25PATCH_002.jpg?v=1742578493,NATIONAL CHARITY LEAGUE
Shop NCL,NCL Script Crewneck- Quick Ship,UPI2606182508,Sweatshirts > Crewneck sweatshirts,https://cdn.shopify.com/s/files/1/0702/7959/4220/files/NCL25QS0118000navy.png?v=1749060007,NATIONAL CHARITY LEAGUE
Shop NCL,Bear Crewneck- Quick Ship,UPI2606184924,Sweatshirts > Crewneck sweatshirts,https://cdn.shopify.com/s/files/1/0702/7959/4220/files/NCL25QS0218000ash.png?v=1749059109,NATIONAL CHARITY LEAGUE
Shop NCL,Pink Bow Tee- Quick Ship,UPI2606186252,Shirts > Short sleeve t-shirts,https://cdn.shopify.com/s/files/1/0702/7959/4220/files/NCL25QS031717WHITE.png?v=1749059669,NATIONAL CHARITY LEAGUE
Shop NCL,Limited Edition- Daughter's Day  Shorts- Pre-Order Now!,UPI2606188396,Apparel > Shorts,https://cdn.shopify.com/s/files/1/0702/7959/4220/files/NCL25SEP1PREMIUMSWEATSETSHORTS.jpg?v=1756482006,NATIONAL CHARITY LEAGUE
Shop NCL,Limited Edition Shorts,UPI2606185644,Apparel > Shorts,https://cdn.shopify.com/s/files/1/0702/7959/4220/files/NCL25SEP1PREMIUMSWEATSETSHORTS.jpg?v=1756482006,NATIONAL CHARITY LEAGUE
Shop NCL,Logo Necklace- RESTOCKING SOON,UPI2606183964,Jewelry > Necklaces,https://cdn.shopify.com/s/files/1/0702/7959/4220/files/NCL25SEP2JEWELRY_1.jpg?v=1756483243,NATIONAL CHARITY LEAGUE
Shop NCL,Gold Logo Bracelet,UPI2606188700,Jewelry > Bracelets,https://cdn.shopify.com/s/files/1/0702/7959/4220/files/NCL25SEP3JEWELRY.jpg?v=1756483472,NATIONAL CHARITY LEAGUE
Shop NCL,Light Blue Bows Tee - Quick Sip,UPI2606182332,Shirts > Short sleeve t-shirts,https://cdn.shopify.com/s/files/1/0702/7959/4220/files/NCL25SEP41717WHITE_1.jpg?v=1756482721,NATIONAL CHARITY LEAGUE
Shop NCL,Blue and Pink Graduation Cord,UPI2606187004,Apparel > Graduation cords,https://cdn.shopify.com/s/files/1/0702/7959/4220/files/NCL26001NAVYPINKCORDS.jpg?v=1767707421,NATIONAL CHARITY LEAGUE
Shop NCL,2026 Graduation Stole,UPI2606181916,Apparel > Stoles,https://cdn.shopify.com/s/files/1/0702/7959/4220/files/NCL26002STOLEemb.jpg?v=1767707652,NATIONAL CHARITY LEAGUE
Shop NCL,26 Senior Hoodie,UPI2606184604,Sweatshirts > Hooded sweatshirts,https://cdn.shopify.com/s/files/1/0702/7959/4220/files/NCL2600318500NAVYback.jpg?v=1767707995,NATIONAL CHARITY LEAGUE
Shop NCL,National Day of Service Tee - Chambray,UPI2606184716,Shirts > Short sleeve t-shirts,https://cdn.shopify.com/s/files/1/0702/7959/4220/files/NCL2601011717CHAMBRAYfront.jpg?v=1766523453,NATIONAL CHARITY LEAGUE
Shop NCL,National Day of Service Tee - Lt Pink,UPI2606186332,Shirts > Short sleeve t-shirts,https://cdn.shopify.com/s/files/1/0702/7959/4220/files/NCL2601021717BLOSSOM.jpg?v=1766523736,NATIONAL CHARITY LEAGUE
Shop NCL,Fairest of Them All Tee,UPI2606187436,Shirts > Short sleeve t-shirts,https://cdn.shopify.com/s/files/1/0702/7959/4220/files/NCL2602011717BLOSSOMback.jpg?v=1767990302,NATIONAL CHARITY LEAGUE
Shop NCL,Matcha Tee,UPI2606185324,Shirts > Short sleeve t-shirts,https://cdn.shopify.com/s/files/1/0702/7959/4220/files/NCL2602021717WHITEback.jpg?v=1767990634,NATIONAL CHARITY LEAGUE
Shop NCL,Balloon Hoodie,UPI2606181228,Sweatshirts > Hooded sweatshirts,https://cdn.shopify.com/s/files/1/0702/7959/4220/files/NCL26020318500NAVYback.jpg?v=1767990788,NATIONAL CHARITY LEAGUE
Shop NCL,Galentine's Crewneck,UPI2606186156,Sweatshirts > Crewneck sweatshirts,https://cdn.shopify.com/s/files/1/0702/7959/4220/files/NCL26020418000ASH.jpg?v=1767990916,NATIONAL CHARITY LEAGUE
Shop NCL,Cinderella Crewneck,UPI26061847481,Sweatshirts > Crewneck sweatshirts,https://cdn.shopify.com/s/files/1/0702/7959/4220/files/NCL26020518000LTBLUE.jpg?v=1767991021,NATIONAL CHARITY LEAGUE
Shop NCL,Beach Mode Trucker Hat,UPI2606187740,Headwear > Billed hats,https://cdn.shopify.com/s/files/1/0702/7959/4220/files/NCL260302VC700WHITE_PINK.jpg?v=1772128760,NATIONAL CHARITY LEAGUE
Shop NCL,Summer Travel Tank,UPI2606182940,Shirts > Tank tops,https://cdn.shopify.com/s/files/1/0702/7959/4220/files/NCL2603039360BLOSSOMBACK.jpg?v=1772128899,NATIONAL CHARITY LEAGUE
Shop NCL,Forever NCL Sustainer Hoodie,UPI2606184828,Sweatshirts > Hooded sweatshirts,https://cdn.shopify.com/s/files/1/0702/7959/4220/files/NCL260401-WHITE-18500-BACK.jpg?v=1773065369,NATIONAL CHARITY LEAGUE
Shop NCL,Pink Forever Crewneck,UPI2606186972,Sweatshirts > Crewneck sweatshirts,https://cdn.shopify.com/s/files/1/0702/7959/4220/files/NCL260402-LIGHTPINK-18000.jpg?v=1773065533,NATIONAL CHARITY LEAGUE
Shop NCL,The North FaceB. Womenbs Mountain Horizon Jacket,UPI2606181500,Outerwear > Jackets,https://cdn.shopify.com/s/files/1/0702/7959/4220/files/NCL26050166676WhiteDuneemb.jpg?v=1770659311,NATIONAL CHARITY LEAGUE
Shop NCL,The North FaceB. Womenbs Double-Knit 1/2-Zip Fleece,UPI2606186860,Outerwear > Jackets,https://cdn.shopify.com/s/files/1/0702/7959/4220/files/NCL26050247902SummitNavyEMB.jpg?v=1770659680,NATIONAL CHARITY LEAGUE
Shop NCL,The North FaceB. Womenbs Osito Fleece Jacket,UPI2606182748,Outerwear > Jackets,https://cdn.shopify.com/s/files/1/0702/7959/4220/files/NCL26050366676WhiteDuneEMB.jpg?v=1770737490,NATIONAL CHARITY LEAGUE
Shop NCL,Blue Tablecloth,UPI2606188860,Promotional > Banners,https://cdn.shopify.com/s/files/1/0702/7959/4220/files/NCL260601BLUETABLECLOTH.jpg?v=1780597051,NATIONAL CHARITY LEAGUE
Shop NCL,Pink Tablecloth,UPI2606185916,Promotional > Banners,https://cdn.shopify.com/s/files/1/0702/7959/4220/files/NCL260602PINKTABLECLOTH.jpg?v=1780597308,NATIONAL CHARITY LEAGUE
Shop NCL,Pop Up Banner,UPI2606180828,Promotional > Banners,https://cdn.shopify.com/s/files/1/0702/7959/4220/files/NCL260603POPUPBANNER_13dac17b-57a7-4706-be2a-d7164a497112.jpg?v=1780597738,NATIONAL CHARITY LEAGUE
Shop NCL,Pink Pop Up Tent,UPI2606185388,Promotional > Tents,https://cdn.shopify.com/s/files/1/0702/7959/4220/files/NCL260605POPUPBANNER2.jpg?v=1780612116,NATIONAL CHARITY LEAGUE
Shop NCL,Blue Pop Up Tent,UPI26061830681,Promotional > Tents,https://cdn.shopify.com/s/files/1/0702/7959/4220/files/NCL260606POPUPBANNER2.jpg?v=1780612312,NATIONAL CHARITY LEAGUE
Shop NCL,Roll of Stickers,UPI2606186716,Promotional > Stickers,https://cdn.shopify.com/s/files/1/0702/7959/4220/files/NCL260607STICKER2.jpg?v=1780675965,NATIONAL CHARITY LEAGUE
Shop NCL,The Limited-Edition NCL x Strawberry Secrets Bra- Blue,UPI2606184876,Undergarments > Bralettes,https://cdn.shopify.com/s/files/1/0702/7959/4220/files/NCL26BRA1-FRONT.jpg?v=1777041559,NATIONAL CHARITY LEAGUE
Shop NCL,The Limited-Edition NCL x Strawberry Secrets Bra- Pink,UPI2606181308,Undergarments > Bralettes,https://cdn.shopify.com/s/files/1/0702/7959/4220/files/NCL26BRA2-FRONT.jpg?v=1777042113,NATIONAL CHARITY LEAGUE
Shop NCL,Gusty Grey Cardigan,UPI2606183532,Apparel > Sweaters,https://cdn.shopify.com/s/files/1/0702/7959/4220/files/NCL26GL101MM3023GUSTYGREYEMB.jpg?v=1769713433,NATIONAL CHARITY LEAGUE
Shop NCL,Concept Cardigan,UPI2606187820,Apparel > Sweaters,https://cdn.shopify.com/s/files/1/0702/7959/4220/files/NCL26GL102L545BLACKEMB.jpg?v=1769713604,NATIONAL CHARITY LEAGUE
Shop NCL,Oxford Shirt,UPI2606183900,Shirts > Button-up shirts,https://cdn.shopify.com/s/files/1/0702/7959/4220/files/NCL26GL103L658OXBLUEEMB.jpg?v=1769713718,NATIONAL CHARITY LEAGUE
Shop NCL,Relaxed Knit Blazer,UPI2606186316,Outerwear > Blazers,https://cdn.shopify.com/s/files/1/0702/7959/4220/files/NCL26GL104LM2000NAVYEMB.jpg?v=1769713881,NATIONAL CHARITY LEAGUE
Shop NCL,Light Blue Volunteer Hoodie,UPI2606189148,Sweatshirts > Hooded sweatshirts,https://cdn.shopify.com/s/files/1/0702/7959/4220/files/NCL26GL60118500LTBLUEback.jpg?v=1774366823,NATIONAL CHARITY LEAGUE
Shop NCL,Volunteer Teacup Tee,UPI2606184956,Shirts > Short sleeve t-shirts,https://cdn.shopify.com/s/files/1/0702/7959/4220/files/NCL26GL6021717WHITEback_e54448bf-09dd-4c5c-949e-5fdaf565c419.jpg?v=1774367131,NATIONAL CHARITY LEAGUE
Shop NCL,Volunteer Jacket,UPI2606184428,Outerwear > Jackets,https://cdn.shopify.com/s/files/1/0702/7959/4220/files/NCL26GL603F217NAVY.jpg?v=1774534430,NATIONAL CHARITY LEAGUE
Shop NCL,The Other Classic Quarter Zip,UPI2606187564,Outerwear > Jackets,https://cdn.shopify.com/s/files/1/0702/7959/4220/files/NCL26GL604ST253ATHHTR.jpg?v=1774534587,NATIONAL CHARITY LEAGUE
Shop NCL,NCL Jewel Bracelet,UPI2606180300,Jewelry > Bracelets,https://cdn.shopify.com/s/files/1/0702/7959/4220/files/NCL-BRACELET-1-MODEL.jpg?v=1735863520,NATIONAL CHARITY LEAGUE
Shop NCL,NCL Logo Bracelet,UPI2606187532,Jewelry > Bracelets,https://cdn.shopify.com/s/files/1/0702/7959/4220/files/NCL-BRACELET-2-MODEL.jpg?v=1735863521,NATIONAL CHARITY LEAGUE
Shop NCL,Limited Edition Daughter's Day Patchwork Hoodie- Pre-Order Now!,UPI26061841881,Sweatshirts > Hooded sweatshirts,https://cdn.shopify.com/s/files/1/0702/7959/4220/files/NCLFRONTIMAGE.jpg?v=1757338136,NATIONAL CHARITY LEAGUE
Shop NCL,Limited Edition Patchwork Hoodie,UPI2606188044,Sweatshirts > Hooded sweatshirts,https://cdn.shopify.com/s/files/1/0702/7959/4220/files/NCLFRONTIMAGE.jpg?v=1757338136,NATIONAL CHARITY LEAGUE
Shop NCL,NCL Name Tags,UPI2606182876,Paper/print goods > Name tags,https://cdn.shopify.com/s/files/1/0702/7959/4220/files/NCL-NAMETAGS.jpg?v=1735863583,NATIONAL CHARITY LEAGUE
Shop NCL,Limited Edition New Member Packs,UPI2606182524,Bundles > Gift sets,https://cdn.shopify.com/s/files/1/0702/7959/4220/files/NCL-PACK2_95c93931-f80a-4b70-b7e2-853eab3bac00.jpg?v=1776209109,NATIONAL CHARITY LEAGUE
Shop NCL,Graduation Stole,UPI2606180796,Apparel > Stoles,https://cdn.shopify.com/s/files/1/0702/7959/4220/files/SiteImages_77b9fe4e-0519-485d-aed2-c324889a9a89.jpg?v=1747678890,NATIONAL CHARITY LEAGUE
Shop aKDPhi,Bella Crewneck,UPI26061805644,Sweatshirts > Crewneck sweatshirts,https://cdn.shopify.com/s/files/1/0755/0412/4148/files/AKDP250001BELLA3945.jpg?v=1749248474,alpha KAPPA DELTA PHI
Shop aKDPhi,Script Crop Tee,UPI26061824366,Shirts > Short sleeve t-shirts,https://cdn.shopify.com/s/files/1/0755/0412/4148/files/AKDP2500031010WHITE.jpg?v=1749247909,alpha KAPPA DELTA PHI
Shop aKDPhi,1990 Ivory Tee,UPI26061885968,Shirts > Short sleeve t-shirts,https://cdn.shopify.com/s/files/1/0755/0412/4148/files/AKDP2500041717IVORY.jpg?v=1749247798,alpha KAPPA DELTA PHI
Shop aKDPhi,Alpha Kappa Delta Phi,UPI26061819887,Sweatshirts > Crewneck sweatshirts,https://cdn.shopify.com/s/files/1/0755/0412/4148/files/AKDP25000518000PURPLE.jpg?v=1749247644,alpha KAPPA DELTA PHI
Shop aKDPhi,Classic Tee,UPI26061841167,Shirts > Short sleeve t-shirts,https://cdn.shopify.com/s/files/1/0755/0412/4148/files/AKDP2500061717GRAPE.jpg?v=1749246776,alpha KAPPA DELTA PHI
Shop aKDPhi,Purple Letter Hat,UPI26061836688,Headwear > Billed hats,https://cdn.shopify.com/s/files/1/0755/0412/4148/files/AKDP250007VC300APURPLE.jpg?v=1749246636,alpha KAPPA DELTA PHI
Shop aKDPhi,Classic Plum Hoodie,UPI26061898288,Sweatshirts > Hooded sweatshirts,https://cdn.shopify.com/s/files/1/0755/0412/4148/files/AKDP250008SS4500PLUMback.jpg?v=1749246486,alpha KAPPA DELTA PHI
Shop aKDPhi,Diamond Hoodie,UPI26061800043,Sweatshirts > Hooded sweatshirts,https://cdn.shopify.com/s/files/1/0755/0412/4148/files/AKDP250009996MRASHfront.jpg?v=1749246064,alpha KAPPA DELTA PHI
Shop aKDPhi,Sweatpants,UPI26061878605,Apparel > Shorts,https://cdn.shopify.com/s/files/1/0755/0412/4148/files/AKDP250010973MRASH.jpg?v=1749245795,alpha KAPPA DELTA PHI
Shop aKDPhi,1990 Sticker,UPI26061897324,Promotional > Stickers,https://cdn.shopify.com/s/files/1/0755/0412/4148/files/AKDP250011STICKER.jpg?v=1749245638,alpha KAPPA DELTA PHI
Shop aKDPhi,Diamond Sticker,UPI260618098013,Promotional > Stickers,https://cdn.shopify.com/s/files/1/0755/0412/4148/files/AKDP250012STICKER.jpg?v=1749245455,alpha KAPPA DELTA PHI
Shop aKDPhi,Script Crewneck,UPI26061833005,Sweatshirts > Crewneck sweatshirts,https://cdn.shopify.com/s/files/1/0755/0412/4148/files/AKDP25001318000WHITE.jpg?v=1749245294,alpha KAPPA DELTA PHI
Shop aKDPhi,Ivory Diamond Tee,UPI260618901210,Shirts > Short sleeve t-shirts,https://cdn.shopify.com/s/files/1/0755/0412/4148/files/AKDP2500141717IVORY.jpg?v=1749245207,alpha KAPPA DELTA PHI
Shop aKDPhi,Classic Hoodie,UPI26061857967,Sweatshirts > Hooded sweatshirts,https://cdn.shopify.com/s/files/1/0755/0412/4148/files/AKDP25001518500WHITEfront.jpg?v=1749244822,alpha KAPPA DELTA PHI
Shop aKDPhi,Purple V-Neck,UPI26061819565,Shirts > Short sleeve t-shirts,https://cdn.shopify.com/s/files/1/0755/0412/4148/files/AKDP2500166405PURPLE.jpg?v=1749244663,alpha KAPPA DELTA PHI
Shop aKDPhi,Purple Pullover,UPI26061844526,Outerwear > Jackets,https://cdn.shopify.com/s/files/1/0755/0412/4148/files/AKDP2500179905PURPLE.jpg?v=1749244399,alpha KAPPA DELTA PHI
Shop aKDPhi,Be Bold Crewneck,UPI260618765210,Sweatshirts > Crewneck sweatshirts,https://cdn.shopify.com/s/files/1/0755/0412/4148/files/AKDP25001818000ASH.jpg?v=1749243867,alpha KAPPA DELTA PHI
Shop aKDPhi,Grape Flower Tee,UPI26061880044,Shirts > Short sleeve t-shirts,https://cdn.shopify.com/s/files/1/0755/0412/4148/files/AKDP2500191717GRAPE.jpg?v=1749243684,alpha KAPPA DELTA PHI
Shop aKDPhi,Classic Crewneck,UPI26061845165,Sweatshirts > Crewneck sweatshirts,https://cdn.shopify.com/s/files/1/0755/0412/4148/files/AKDP25002018000PURPLE.jpg?v=1749243509,alpha KAPPA DELTA PHI
Shop aKDPhi,Classic Crewneck,UPI26061885327,Sweatshirts > Crewneck sweatshirts,https://cdn.shopify.com/s/files/1/0755/0412/4148/files/AKDP25002018000WHITE.jpg?v=1749243356,alpha KAPPA DELTA PHI
Shop aKDPhi,Convex Tee,UPI26061816526,Shirts > Short sleeve t-shirts,https://cdn.shopify.com/s/files/1/0755/0412/4148/files/AKDP2500211717WHITE.jpg?v=1749243199,alpha KAPPA DELTA PHI
Shop aKDPhi,Tri Heart Tee,UPI26061824524,Shirts > Short sleeve t-shirts,https://cdn.shopify.com/s/files/1/0755/0412/4148/files/AKDP2500221717ORCHID.jpg?v=1749243032,alpha KAPPA DELTA PHI
Shop aKDPhi,Bonnie Crewneck,UPI26061811086,Sweatshirts > Crewneck sweatshirts,https://cdn.shopify.com/s/files/1/0755/0412/4148/files/AKDP25002318000SAND.jpg?v=1749242570,alpha KAPPA DELTA PHI
Shop aKDPhi,Key Heart Hoodie,UPI26061840525,Sweatshirts > Hooded sweatshirts,https://cdn.shopify.com/s/files/1/0755/0412/4148/files/AKDP25002418500PURPLEFRONT.jpg?v=1749242411,alpha KAPPA DELTA PHI
Shop aKDPhi,3-Peat Crop Tee,UPI26061869964,Shirts > Short sleeve t-shirts,https://cdn.shopify.com/s/files/1/0755/0412/4148/files/AKDP2500251010BLACK.jpg?v=1749242199,alpha KAPPA DELTA PHI
Shop aKDPhi,aKDPhi Star Hoodie,UPI26061882446,Sweatshirts > Hooded sweatshirts,https://cdn.shopify.com/s/files/1/0755/0412/4148/files/AKDP25002618500ORCHIDBACK.jpg?v=1749242033,alpha KAPPA DELTA PHI
Shop aKDPhi,Since 1990 Hoodie,UPI26061852846,Sweatshirts > Hooded sweatshirts,https://cdn.shopify.com/s/files/1/0755/0412/4148/files/AKDP25002718000ASHFRONT.jpg?v=1749241238,alpha KAPPA DELTA PHI
Shop aKDPhi,Cropped Maria Hoodie,UPI26061834929,Sweatshirts > Hooded sweatshirts,https://cdn.shopify.com/s/files/1/0755/0412/4148/files/AKDP250028TD085BLACK.jpg?v=1749240817,alpha KAPPA DELTA PHI
Shop aKDPhi,Jogger Shorts,UPI260618955610,Apparel > Shorts,https://cdn.shopify.com/s/files/1/0755/0412/4148/files/AKDP250029TD062BLACK.jpg?v=1749240493,alpha KAPPA DELTA PHI
Shop aKDPhi,Purple Bow Crop Tank,UPI26061880365,Shirts > Tank tops,https://cdn.shopify.com/s/files/1/0755/0412/4148/files/AKDP2500301013WHITE.jpg?v=1749240237,alpha KAPPA DELTA PHI
Shop aKDPhi,Tri Heart Tote,UPI260618008410,Bags > Tote bags,https://cdn.shopify.com/s/files/1/0755/0412/4148/files/AKDP250031Q800WHITE.jpg?v=1749240107,alpha KAPPA DELTA PHI
Shop aKDPhi,Classic Tote,UPI26061853485,Bags > Tote bags,https://cdn.shopify.com/s/files/1/0755/0412/4148/files/AKDP250032Q800PURPLE.jpg?v=1749239939,alpha KAPPA DELTA PHI
Shop aKDPhi,Diamond Tote Bag,UPI26061849007,Bags > Tote bags,https://cdn.shopify.com/s/files/1/0755/0412/4148/files/AKDP250033Q800BLACK.jpg?v=1749239771,alpha KAPPA DELTA PHI
Shop aKDPhi,Script Hat,UPI26061835568,Headwear > Billed hats,https://cdn.shopify.com/s/files/1/0755/0412/4148/files/AKDP250035VC300AWHITE.jpg?v=1749239348,alpha KAPPA DELTA PHI
Shop aKDPhi,Tri Heart Hat,UPI260618006810,Headwear > Billed hats,https://cdn.shopify.com/s/files/1/0755/0412/4148/files/AKDP250036VC300ALAVENDER.jpg?v=1749238707,alpha KAPPA DELTA PHI
Shop aKDPhi,Khaki Diamond Hat,UPI26061847886,Headwear > Billed hats,https://cdn.shopify.com/s/files/1/0755/0412/4148/files/AKDP250037VC300AKHAKI_1.jpg?v=1749238217,alpha KAPPA DELTA PHI
Shop aKDPhi,Lucky To Be Hoodie,UPI26061884689,Sweatshirts > Hooded sweatshirts,https://cdn.shopify.com/s/files/1/0755/0412/4148/files/AKDP25010118500ORCHIDback_10a13166-d4b4-4608-84f9-01ca40ad81ee.jpg?v=1763834761,alpha KAPPA DELTA PHI
Shop aKDPhi,Unique Crewneck,UPI26061849008,Sweatshirts > Crewneck sweatshirts,https://cdn.shopify.com/s/files/1/0755/0412/4148/files/AKDP25010218000WHITEback_94bba39b-b593-4a0c-b995-de958f04b9dc.jpg?v=1763834788,alpha KAPPA DELTA PHI
Shop aKDPhi,Flutter Tee,UPI26061853486,Shirts > Short sleeve t-shirts,https://cdn.shopify.com/s/files/1/0755/0412/4148/files/AKDP2501031717IVORY_627909ad-3580-4843-9e5d-fb128765ecba.jpg?v=1763834812,alpha KAPPA DELTA PHI
Shop aKDPhi,Graphic Crop Tee,UPI26061813325,Shirts > Short sleeve t-shirts,https://cdn.shopify.com/s/files/1/0755/0412/4148/files/AKDP2501041010SOLIDWHITEBLEND.jpg?v=1763834837,alpha KAPPA DELTA PHI
Shop aKDPhi,Friendship Crop Tee,UPI26061828525,Shirts > Short sleeve t-shirts,https://cdn.shopify.com/s/files/1/0755/0412/4148/files/AKDP2501051010SOLIDNATURALBLEND_e0456b30-6e14-42b4-b3b4-30c49e0cc29d.jpg?v=1763834723,alpha KAPPA DELTA PHI
Shop aKDPhi,Noir Crewneck,UPI26061868205,Sweatshirts > Crewneck sweatshirts,https://cdn.shopify.com/s/files/1/0755/0412/4148/files/AKDP26000118000BLACK_9bc34f03-f0de-4939-8ebb-8e049f396511.jpg?v=1779474695,alpha KAPPA DELTA PHI
Shop aKDPhi,Cherry Crewneck,UPI26061806606,Sweatshirts > Crewneck sweatshirts,https://cdn.shopify.com/s/files/1/0755/0412/4148/files/AKDP26000218000NATURAL.jpg?v=1779473294,alpha KAPPA DELTA PHI
Shop aKDPhi,Love and Friendship Hoodie,UPI260618130011,Sweatshirts > Hooded sweatshirts,https://cdn.shopify.com/s/files/1/0755/0412/4148/files/AKDP26000418500BLACKback.jpg?v=1779474042,alpha KAPPA DELTA PHI
Shop aKDPhi,Bottom Line Ivory Tee,UPI26061877328,Shirts > Short sleeve t-shirts,https://cdn.shopify.com/s/files/1/0755/0412/4148/files/AKDP2600051717IVORYback.jpg?v=1779474273,alpha KAPPA DELTA PHI
Shop aKDPhi,aKDPhi Repeat Crewneck,UPI260618408410,Sweatshirts > Crewneck sweatshirts,https://cdn.shopify.com/s/files/1/0755/0412/4148/files/AKDP26000618000BLACK.jpg?v=1779475194,alpha KAPPA DELTA PHI
Shop aKDPhi,aKDPhi White Hoodie,UPI26061820205,Sweatshirts > Hooded sweatshirts,https://cdn.shopify.com/s/files/1/0755/0412/4148/files/AKDP26000718500WHITE.jpg?v=1779474561,alpha KAPPA DELTA PHI
Shop aKDPhi,aKDPhi Crewneck,UPI26061841005,Sweatshirts > Crewneck sweatshirts,https://cdn.shopify.com/s/files/1/0755/0412/4148/files/AKDP26000818000BLACK.jpg?v=1779475954,alpha KAPPA DELTA PHI
Shop aKDPhi,Cherry Heart Crewneck,UPI26061877644,Sweatshirts > Crewneck sweatshirts,https://cdn.shopify.com/s/files/1/0755/0412/4148/files/AKDP26000918000NATURAL.jpg?v=1779476068,alpha KAPPA DELTA PHI
Shop aKDPhi,Orchid Star Hoodie,UPI26061878606,Sweatshirts > Hooded sweatshirts,https://cdn.shopify.com/s/files/1/0755/0412/4148/files/AKDP26001018500ORCHID.jpg?v=1779476249,alpha KAPPA DELTA PHI
Shop aKDPhi,By My Side Crewneck,UPI26061864363,Sweatshirts > Crewneck sweatshirts,https://cdn.shopify.com/s/files/1/0755/0412/4148/files/AKDP26001118000WHITE.jpg?v=1779476362,alpha KAPPA DELTA PHI
Shop aKDPhi,Big Locket Crewneck,UPI26061843888,Sweatshirts > Crewneck sweatshirts,https://cdn.shopify.com/s/files/1/0755/0412/4148/files/AKDP26001218000BLACK.jpg?v=1779476457,alpha KAPPA DELTA PHI
Shop aKDPhi,Little Locket Crewneck,UPI26061897481,Sweatshirts > Crewneck sweatshirts,https://cdn.shopify.com/s/files/1/0755/0412/4148/files/AKDP26001318000BLACK.jpg?v=1779476511,alpha KAPPA DELTA PHI
Shop aKDPhi,Cardigan,UPI26061839566,Apparel > Sweaters,https://cdn.shopify.com/s/files/1/0755/0412/4148/files/AKDP260014M425BLACK.jpg?v=1779476688,alpha KAPPA DELTA PHI
Shop aKDPhi,Graduation Stole,UPI2606294020,Apparel > Stoles,https://cdn.shopify.com/s/files/1/0755/0412/4148/files/AKDPSTOLE2STOLE2.jpg?v=1782776803,alpha KAPPA DELTA PHI
Shop aKDPhi,Alpha Kappa Delta Phi Bow Knitted crew neck sweater,UPI260618971612,Apparel > Sweaters,https://cdn.shopify.com/s/files/1/0755/0412/4148/files/Front.jpg?v=1759417181,alpha KAPPA DELTA PHI
Shop aKDPhi,Ugly Knitted Sweater,UPI26061844689,Apparel > Sweaters,https://cdn.shopify.com/s/files/1/0755/0412/4148/files/Front_6681e907-b1fb-469d-a61e-60a4bddb0e04.jpg?v=1763058402,alpha KAPPA DELTA PHI
Shop aKDPhi,Ugly Knitted Sweater,UPI260618862225,Apparel > Sweaters,https://cdn.shopify.com/s/files/1/0755/0412/4148/files/Front_6681e907-b1fb-469d-a61e-60a4bddb0e04.jpg?v=1763058402,alpha KAPPA DELTA PHI
Pi Kapp Store,Lacy Bow Knitted Sweater,UPI2606183779,Apparel > Sweaters,https://cdn.shopify.com/s/files/1/0795/4608/9747/files/Front.jpg?v=1759429828,PI KAPPA PHI
Pi Kapp Store,Ugly Knitted Sweater,UPI2606180675,Apparel > Sweaters,https://cdn.shopify.com/s/files/1/0795/4608/9747/files/Front_0df94ea1-5d2c-4296-b4f3-5302093180e8.jpg?v=1763057781,PI KAPPA PHI
Pi Kapp Store,IPAY-Group Polos,UPI2606183523,Shirts > Short sleeve polo shirts,https://cdn.shopify.com/s/files/1/0795/4608/9747/files/FullSizeRender.jpg?v=1715018443,PI KAPPA PHI
Pi Kapp Store,IPAY - OLE MISS 2024 CHARTER & ALUMNI DAY,UPI26061835871,Professional services > Fundraising,https://cdn.shopify.com/s/files/1/0795/4608/9747/files/FullSizeRender_200b0a68-bdac-4982-82de-04e7499c0c0c.jpg?v=1717272818,PI KAPPA PHI
Pi Kapp Store,IPAY - Ole Miss Rush,UPI2606185619,Professional services > Fundraising,https://cdn.shopify.com/s/files/1/0795/4608/9747/files/FullSizeRender_f1a0498a-2744-4800-9555-19cb455ac8c0.jpg?v=1722387791,PI KAPPA PHI
Pi Kapp Store,Andrew Tank,UPI2606188019,Shirts > Tank tops,https://cdn.shopify.com/s/files/1/0795/4608/9747/files/hf_20260524_200629_fee0b898-8186-43b9-b4e4-4e5c001eacfe.png?v=1779653355,PI KAPPA PHI
Pi Kapp Store,Baseball Tank,UPI2606180419,Shirts > Tank tops,https://cdn.shopify.com/s/files/1/0795/4608/9747/files/hf_20260524_200649_eaaf3699-8c7b-49c8-9f87-1ec70737950c.jpg?v=1779653491,PI KAPPA PHI
Pi Kapp Store,Swords in Saltire Tank,UPI2606187331,Shirts > Tank tops,https://cdn.shopify.com/s/files/1/0795/4608/9747/files/hf_20260524_200708_6a8a62c1-7f36-4c9a-9ff7-0f9057c09b1a.png?v=1779653319,PI KAPPA PHI
Pi Kapp Store,Wilson Hat,UPI2606189651,Headwear > Billed Hats,https://cdn.shopify.com/s/files/1/0795/4608/9747/files/hf_20260527_164841_4615e251-0f9b-46a3-a5a0-e159cece9852.png?v=1779900632,PI KAPPA PHI
Pi Kapp Store,Peaks Beanie,UPI2606180595,Headwear > Beanies,https://cdn.shopify.com/s/files/1/0795/4608/9747/files/hf_20260527_165128_98f826c8-ff1e-4609-8490-3c253b835c02.png?v=1779900749,PI KAPPA PHI
Pi Kapp Store,The North FaceB. Letters Jacket,UPI2606188691,Outerwear > Jackets,https://cdn.shopify.com/s/files/1/0795/4608/9747/files/hf_20260527_165348_c1b3df30-3bfa-4914-9104-a51a64c3d2f3.png?v=1779900905,PI KAPPA PHI
Pi Kapp Store,Outdoors Hoodie,UPI2606189731,Sweatshirts > Hooded sweatshirts,https://cdn.shopify.com/s/files/1/0795/4608/9747/files/hf_20260527_165628_8d559970-0515-4d4a-a965-534229fe9473.png?v=1779901165,PI KAPPA PHI
Pi Kapp Store,Fireside Flannel,UPI2606181139,Shirts > Long sleeve t-shirts,https://cdn.shopify.com/s/files/1/0795/4608/9747/files/hf_20260527_165959_5775cfa5-80e3-4aa3-a50b-05fe94331cf2.png?v=1779901263,PI KAPPA PHI
Pi Kapp Store,Grey Paddington Crewneck,UPI26061857631,Sweatshirts > Crewneck sweatshirts,https://cdn.shopify.com/s/files/1/0795/4608/9747/files/hf_20260527_170739_67da00f5-9a65-440b-ba7a-e8561c4d9026.png?v=1779901915,PI KAPPA PHI
Pi Kapp Store,Navy Paddington Crewneck,UPI2606186387,Sweatshirts > Crewneck sweatshirts,https://cdn.shopify.com/s/files/1/0795/4608/9747/files/hf_20260527_171301_d7531ff4-c035-42d8-ba48-93039a81f469.png?v=1779902043,PI KAPPA PHI
Pi Kapp Store,Tradition Like No Other T-Shirt,UPI2606182019,Shirts > Short sleeve t-shirts,https://cdn.shopify.com/s/files/1/0795/4608/9747/files/hf_20260527_171509_e72cab0b-3703-47b9-81d8-dc62a82da8a2.png?v=1779902152,PI KAPPA PHI
Pi Kapp Store,Patch Silver Polo,UPI2606183987,Shirts > Short sleeve polo shirts,https://cdn.shopify.com/s/files/1/0795/4608/9747/files/hf_20260527_171656_3b337e0a-6713-49af-8296-bde5df32bb3f.png?v=1779902280,PI KAPPA PHI
Pi Kapp Store,Travis Mathew Patch Performance Polo,UPI2606182451,Shirts > Short sleeve polo shirts,https://cdn.shopify.com/s/files/1/0795/4608/9747/files/hf_20260527_172016_95d06293-8d0a-405f-9087-5f06019a6756.png?v=1779902528,PI KAPPA PHI
Pi Kapp Store,Nike Textured 1/2-Zip Cover-Up,UPI26061802111,Outerwear > Jackets,https://cdn.shopify.com/s/files/1/0795/4608/9747/files/hf_20260527_172258_ff5fb3df-dbd4-4604-b396-34abc48adcce.png?v=1779902670,PI KAPPA PHI
Pi Kapp Store,Travis Mathew Blocked Polo,UPI2606181683,Shirts > Short sleeve polo shirts,https://cdn.shopify.com/s/files/1/0795/4608/9747/files/hf_20260527_172528_18b6e482-82a3-4240-b796-a430833aa6a7.png?v=1779903145,PI KAPPA PHI
Pi Kapp Store,Travis Mathew Coto Performance Polo,UPI26061835551,Shirts > Short sleeve polo shirts,https://cdn.shopify.com/s/files/1/0795/4608/9747/files/hf_20260527_173321_d4415b28-b4b7-4484-a78b-41ae93ab79c2.png?v=1779903283,PI KAPPA PHI
Pi Kapp Store,Travis Mathew Coto Performance Polo,UPI26061824831,Shirts > Short sleeve polo shirts,https://cdn.shopify.com/s/files/1/0795/4608/9747/files/hf_20260527_173547_0aef7f24-60aa-4fd9-b10d-19ddf78a0589.png?v=1779903618,PI KAPPA PHI
Pi Kapp Store,The North FaceB. Skyline Full-Zip Fleece Jacket,UPI2606182883,Outerwear > Jackets,https://cdn.shopify.com/s/files/1/0795/4608/9747/files/hf_20260527_174134_b8f499eb-f9ee-4c38-938e-ba6b7406701a.png?v=1779903751,PI KAPPA PHI
Pi Kapp Store,The North FaceB. Glacier 1/4-Zip Fleece,UPI2606182787,Sweatshirts > 1/4 zip sweatshirts,https://cdn.shopify.com/s/files/1/0795/4608/9747/files/hf_20260527_174347_3ed1a800-707b-477f-885c-7af9bdef1baf.jpg?v=1779903886,PI KAPPA PHI
Pi Kapp Store,OGIOB. Command 1/4-Snap,UPI2606186083,Shirts > Long sleeve t-shirts,https://cdn.shopify.com/s/files/1/0795/4608/9747/files/hf_20260527_174543_d499f419-84e5-4742-a51c-1faf9c4b9e1b.png?v=1779903987,PI KAPPA PHI
Pi Kapp Store,Nike Club Fleece Hoodie,UPI2606185363,Sweatshirts > Hooded sweatshirts,https://cdn.shopify.com/s/files/1/0795/4608/9747/files/hf_20260527_174719_9ee23add-e9f3-4b87-b4b2-2ba5269fb116.png?v=1779904106,PI KAPPA PHI
Pi Kapp Store,Carhartt Watch Cap,UPI2606185091,Headwear > Beanies,https://cdn.shopify.com/s/files/1/0795/4608/9747/files/hf_20260527_180527_01fa46b9-938f-4ff5-9513-735fe69a8f49.png?v=1779905187,PI KAPPA PHI
Pi Kapp Store,Jake's Favorite Under Armour Hoodie,UPI26061873151,Sweatshirts > Hooded sweatshirts,https://cdn.shopify.com/s/files/1/0795/4608/9747/files/hf_20260527_180751_735a2613-afb4-4864-98e1-753285d9cd14.png?v=1779905382,PI KAPPA PHI
Pi Kapp Store,Jake's Other Favorite Under Armour Hoodie,UPI2606182403,Sweatshirts > Hooded sweatshirts,https://cdn.shopify.com/s/files/1/0795/4608/9747/files/hf_20260527_181139_dd1fe4cf-9ec3-44da-ad8e-080ed7b939ad.png?v=1779905580,PI KAPPA PHI
Pi Kapp Store,Jake's Favorite Hoodie,UPI2606180755,Sweatshirts > Hooded sweatshirts,https://cdn.shopify.com/s/files/1/0795/4608/9747/files/hf_20260527_181559_ae596560-4bcd-497e-a533-6065f347bd91.png?v=1779905827,PI KAPPA PHI
Pi Kapp Store,Jake's Favorite Northface Beanie,UPI2606188595,Headwear > Beanies,https://cdn.shopify.com/s/files/1/0795/4608/9747/files/hf_20260527_181749_de278bd5-c5e8-4498-9b07-9a2f18bca7a1.jpg?v=1779905906,PI KAPPA PHI
Pi Kapp Store,Jake's Favorite Nike Polo,UPI2606180179,Shirts > Short sleeve polo shirts,https://cdn.shopify.com/s/files/1/0795/4608/9747/files/hf_20260527_181929_34328d46-ddbb-4756-bdc7-ff1de598da0d.png?v=1779906036,PI KAPPA PHI
Pi Kapp Store,Grateful Golfing Bear T-Shirt,UPI2606189603,Shirts > Short sleeve t-shirts,https://cdn.shopify.com/s/files/1/0795/4608/9747/files/hf_20260527_182246_e7ecf6b9-8b41-4b91-b82b-5e2ed77b5bb2.png?v=1779906219,PI KAPPA PHI
Pi Kapp Store,Amercian Buck T-Shirt,UPI26061887071,Shirts > Short sleeve t-shirts,https://cdn.shopify.com/s/files/1/0795/4608/9747/files/hf_20260527_182531_1042795b-e36f-43e8-8989-ac0cd1e4c8f3.png?v=1779906377,PI KAPPA PHI
Pi Kapp Store,Brotherhood Flag T-Shirt,UPI2606187299,Shirts > Short sleeve t-shirts,https://cdn.shopify.com/s/files/1/0795/4608/9747/files/hf_20260527_182723_744568d8-56bf-4014-a053-f5c5d34624c2.png?v=1779906493,PI KAPPA PHI
Pi Kapp Store,Tiger Paddington T-Shirt,UPI2606186851,Shirts > Short sleeve t-shirts,https://cdn.shopify.com/s/files/1/0795/4608/9747/files/hf_20260527_182858_d89b5dcf-ebcb-42cf-b1ab-754b212dbe43.png?v=1779906595,PI KAPPA PHI
Pi Kapp Store,Fraternity Tee,UPI2606183011,Shirts > Short sleeve t-shirts,https://cdn.shopify.com/s/files/1/0795/4608/9747/files/hf_20260527_183047_e540736a-3bfa-4486-af83-00360fb3b104.png?v=1779906772,PI KAPPA PHI
Pi Kapp Store,Voyage Tee,UPI2606180867,Shirts > Short sleeve t-shirts,https://cdn.shopify.com/s/files/1/0795/4608/9747/files/hf_20260527_183343_9100b3eb-2493-4351-a796-6e3f98e53d6f.png?v=1779906886,PI KAPPA PHI
Pi Kapp Store,Asunder Tee,UPI2606181491,Shirts > Short sleeve t-shirts,https://cdn.shopify.com/s/files/1/0795/4608/9747/files/hf_20260527_183605_ba27d365-92c5-4991-9cd8-c6e59d642829.png?v=1779907031,PI KAPPA PHI
Pi Kapp Store,Navy Trucker Hat,UPI26061864191,Headwear > Billed hats,https://cdn.shopify.com/s/files/1/0795/4608/9747/files/hf_20260527_183854_8e9d3714-221b-4624-aadd-0c1bb6aa74f2.png?v=1779907227,PI KAPPA PHI
Pi Kapp Store,Diamond Hoodie,UPI2606188739,Sweatshirts > Hooded sweatshirts,https://cdn.shopify.com/s/files/1/0795/4608/9747/files/hf_20260527_184211_ba89fef1-fc47-4b30-97ab-61fc0734885a.png?v=1779907435,PI KAPPA PHI
Pi Kapp Store,Repeat Hoodie,UPI26061835872,Sweatshirts > Hooded sweatshirts,https://cdn.shopify.com/s/files/1/0795/4608/9747/files/hf_20260527_184609_6b17b046-a167-4eed-a1e2-2c763d12783a.png?v=1779907701,PI KAPPA PHI
Pi Kapp Store,Indigo Charm Tee,UPI2606185427,Shirts > Short sleeve t-shirts,https://cdn.shopify.com/s/files/1/0795/4608/9747/files/hf_20260527_184931_e76a1c5d-f90a-4de1-8f79-f06b71628f68.png?v=1779907900,PI KAPPA PHI
Pi Kapp Store,Mystic Tee,UPI2606184979,Shirts > Short sleeve t-shirts,https://cdn.shopify.com/s/files/1/0795/4608/9747/files/hf_20260527_185235_7156eb42-444d-4baf-922a-873c60bd2bbf.png?v=1779908060,PI KAPPA PHI
Pi Kapp Store,Nothing Shall Ever Crewneck,UPI26061851551,Sweatshirts > Crewneck sweatshirts,https://cdn.shopify.com/s/files/1/0795/4608/9747/files/hf_20260527_185513_a349008e-55b1-448c-97b0-9f46e4ce8d08.png?v=1779908220,PI KAPPA PHI
Pi Kapp Store,Under Armour Rival Sweatshirt,UPI2606187939,Sweatshirts > Hooded sweatshirts,https://cdn.shopify.com/s/files/1/0795/4608/9747/files/hf_20260527_185849_c20dbf7c-e9c6-41e2-aea2-190890f9a61d.png?v=1779908404,PI KAPPA PHI
Pi Kapp Store,Under Armour Men's Team Tech Quarter-Zip,UPI2606186147,Outerwear > Jackets,https://cdn.shopify.com/s/files/1/0795/4608/9747/files/hf_20260527_190130_bc790c33-9ddd-4e6d-a4b7-010da0f6d87e.png?v=1779908589,PI KAPPA PHI
Pi Kapp Store,The North FaceB. Soft Shell Vest,UPI2606186403,Outerwear > Vests,https://cdn.shopify.com/s/files/1/0795/4608/9747/files/hf_20260527_191624_fe111b33-9649-4017-93fe-f5b7004183fe.png?v=1779909450,PI KAPPA PHI
Pi Kapp Store,Nike Dri-FIT Players Polo,UPI26061875231,Shirts > Short sleeve polo shirts,https://cdn.shopify.com/s/files/1/0795/4608/9747/files/hf_20260527_191839_454fca27-2e4f-4938-838a-6fcd282e2b40.png?v=1779909588,PI KAPPA PHI
Pi Kapp Store,The North FaceB. 1/2-Zip Fleece,UPI2606189699,Outerwear > Jackets,https://cdn.shopify.com/s/files/1/0795/4608/9747/files/hf_20260528_155235_c2c1741c-3759-4486-b369-f6e948e3f529.png?v=1779983708,PI KAPPA PHI
Pi Kapp Store,The North FaceB. Pull-Over Hoodie,UPI2606185139,Sweatshirts > Hooded sweatshirts,https://cdn.shopify.com/s/files/1/0795/4608/9747/files/hf_20260528_155851_589d8e7a-4ced-41f7-acd0-3943099960c8.png?v=1779983994,PI KAPPA PHI
Pi Kapp Store,The North FaceB. Full-Zip Fleece Jacket,UPI26061866431,Outerwear > Jackets,https://cdn.shopify.com/s/files/1/0795/4608/9747/files/hf_20260528_173840_01018d77-2379-4763-9922-f0f1eaa7f472.png?v=1779990386,PI KAPPA PHI
Pi Kapp Store,Nike Dri-Fit 1/2-Zip,UPI2606188851,Outerwear > Jackets,https://cdn.shopify.com/s/files/1/0795/4608/9747/files/hf_20260528_180505_a0a536fb-102f-48cb-9026-db6f06fba537.png?v=1779992011,PI KAPPA PHI
Pi Kapp Store,Travis Mathew Cabana Solid Polo,UPI2606189203,Shirts > Short sleeve polo shirts,https://cdn.shopify.com/s/files/1/0795/4608/9747/files/hf_20260528_181634_455f5dae-190b-42c7-b8dc-efc3cd439a48.png?v=1779992275,PI KAPPA PHI
Pi Kapp Store,Travis Mathew Bayfront Solid Polo,UPI2606186307,Shirts > Short sleeve polo shirts,https://cdn.shopify.com/s/files/1/0795/4608/9747/files/hf_20260528_182043_315ac6cc-11b7-4191-92ce-0fb828de0c3f.png?v=1779992555,PI KAPPA PHI
Pi Kapp Store,Travis Mathew Auckland Slub Polo,UPI2606186355,Shirts > Short sleeve polo shirts,https://cdn.shopify.com/s/files/1/0795/4608/9747/files/hf_20260528_184421_7dc8d1eb-84da-46fd-b67d-fb9ea5ba36b2.png?v=1779993903,PI KAPPA PHI
Pi Kapp Store,Travis Mathew Coto Performance Polo,UPI2606180147,Shirts > Short sleeve polo shirts,https://cdn.shopify.com/s/files/1/0795/4608/9747/files/hf_20260528_184621_f40b413c-e612-4991-a8bf-9f721134eaf5.png?v=1779994458,PI KAPPA PHI
Pi Kapp Store,Travis Mathew Quarter Zip,UPI2606183827,Outerwear > Jackets,https://cdn.shopify.com/s/files/1/0795/4608/9747/files/hf_20260528_185622_6c063211-a962-4782-bf75-fda46ac6c6d3.png?v=1779995141,PI KAPPA PHI
Pi Kapp Store,Travis Mathew Quarter Zip,UPI2606188627,Outerwear > Jackets,https://cdn.shopify.com/s/files/1/0795/4608/9747/files/hf_20260528_190632_4486ef47-72d7-42d8-a1a2-9f3f3ea4f80c.png?v=1779995342,PI KAPPA PHI
Pi Kapp Store,Travis Mathew Vintage Indigo Jacket,UPI2606182963,Outerwear > Jackets,https://cdn.shopify.com/s/files/1/0795/4608/9747/files/hf_20260528_191029_51147dc0-9d80-4d0b-8d48-93d503f2c80b.jpg?v=1779995812,PI KAPPA PHI
Pi Kapp Store,Travis Mathew Quiet Shade Jacket,UPI2606180995,Outerwear > Jackets,https://cdn.shopify.com/s/files/1/0795/4608/9747/files/hf_20260528_191909_f802dede-31c7-4570-a32e-dd2dd6f383c8.png?v=1779996022,PI KAPPA PHI
Pi Kapp Store,Navy Game Hat,UPI2606183587,Headwear > Billed hats,https://cdn.shopify.com/s/files/1/0795/4608/9747/files/hf_20260528_214301_39bd58da-6776-42ae-b482-1f8cd4b3c6d4.png?v=1780004623,PI KAPPA PHI
Pi Kapp Store,Classic Letters Alumnus Crewneck,UPI26061870591,Sweatshirts > Crewneck sweatshirts,https://cdn.shopify.com/s/files/1/0795/4608/9747/files/hf_20260528_214618_03dcca7e-99b0-4a7f-8751-d39a93f8eb5f.png?v=1780004892,PI KAPPA PHI
Pi Kapp Store,Behind the Letter Alumnus Tee,UPI2606184371,Sweatshirts > Crewneck sweatshirts,https://cdn.shopify.com/s/files/1/0795/4608/9747/files/hf_20260528_214934_eafda93e-6f3c-472a-a78a-026e2216b632.png?v=1780005017,PI KAPPA PHI
Pi Kapp Store,Royal Letters Beanie,UPI2606188899,Headwear > Beanies,https://cdn.shopify.com/s/files/1/0795/4608/9747/files/hf_20260528_215159_7142ebf6-f4a7-4cc0-a494-0d6e48b35b6e.png?v=1780005196,PI KAPPA PHI
Pi Kapp Store,Final Tee,UPI2606182515,Shirts > Short sleeve t-shirts,https://cdn.shopify.com/s/files/1/0795/4608/9747/files/hf_20260528_215442_dacb4a85-6b55-4a71-acf3-b006f2fe86f6.png?v=1780005338,PI KAPPA PHI
Pi Kapp Store,Nike Shield Polo,UPI2606188579,Shirts > Short sleeve polo shirts,https://cdn.shopify.com/s/files/1/0795/4608/9747/files/hf_20260528_215720_08013702-dd3f-4f43-8a41-07d35420942a.png?v=1780005567,PI KAPPA PHI
Pi Kapp Store,Nike Letter Polo,UPI2606183843,Shirts > Short sleeve polo shirts,https://cdn.shopify.com/s/files/1/0795/4608/9747/files/hf_20260528_220108_a7fc2b09-e543-4d3b-b1d2-e5c19eabf277.png?v=1780005736,PI KAPPA PHI
Pi Kapp Store,Shield Soft Shell Vest,UPI2606184995,Outerwear > Vests,https://cdn.shopify.com/s/files/1/0795/4608/9747/files/hf_20260528_220353_b4b1d074-b042-4359-8103-aba6dfbf0df5.png?v=1780005904,PI KAPPA PHI
Pi Kapp Store,Rugby Polo,UPI2606186419,Shirts > Short sleeve polo shirts,https://cdn.shopify.com/s/files/1/0795/4608/9747/files/hf_20260528_220824_8c764b97-0e40-4c06-9d5a-49c64a3df7ed.png?v=1780006148,PI KAPPA PHI
Pi Kapp Store,Sweater Vest,UPI2606187667,Outerwear > Vests,https://cdn.shopify.com/s/files/1/0795/4608/9747/files/hf_20260528_221034_dee2222a-40fa-4c4b-8a74-a216a0395562.png?v=1780006298,PI KAPPA PHI
Pi Kapp Store,Foam Trucker Hat,UPI2606182307,Headwear > Billed Hats,https://cdn.shopify.com/s/files/1/0795/4608/9747/files/hf_20260528_221850_6ade2076-330e-4f4b-b42f-2167f5768a17.png?v=1780006815,PI KAPPA PHI
Pi Kapp Store,Rope Snap Hat,UPI2606181859,Headwear > Billed Hats,https://cdn.shopify.com/s/files/1/0795/4608/9747/files/hf_20260528_223257_e0c20433-1756-4f0d-802f-fd64fb490be2.png?v=1780007620,PI KAPPA PHI
Pi Kapp Store,Alan Hoodie,UPI26061811391,Sweatshirts > Hooded sweatshirts,https://cdn.shopify.com/s/files/1/0795/4608/9747/files/hf_20260528_223550_76001fde-e3d2-4d2f-b425-ef3db40311b0.png?v=1780007789,PI KAPPA PHI
Pi Kapp Store,Noir Hoodie,UPI26061885471,Sweatshirts > Hooded sweatshirts,https://cdn.shopify.com/s/files/1/0795/4608/9747/files/hf_20260528_224008_6fd1ecad-9b65-4540-9b91-65e3b27357eb.png?v=1780008051,PI KAPPA PHI
Pi Kapp Store,Shaka Shadow Tee,UPI26061888991,Sweatshirts > Crewneck sweatshirts,https://cdn.shopify.com/s/files/1/0795/4608/9747/files/hf_20260528_224157_bffb9580-d001-48eb-af68-f8ecd5fc17bb.png?v=1780008511,PI KAPPA PHI
Pi Kapp Store,Kingdom Crewneck,UPI26061863071,Sweatshirts > Crewneck sweatshirts,https://cdn.shopify.com/s/files/1/0795/4608/9747/files/hf_20260528_225740_3b0dff17-0d81-46ee-8150-91eed0353693.png?v=1780009139,PI KAPPA PHI
Pi Kapp Store,D3 Crewneck,UPI2606180947,Sweatshirts > Crewneck sweatshirts,https://cdn.shopify.com/s/files/1/0795/4608/9747/files/hf_20260528_230055_f4a768eb-e30d-4dd0-a8c4-decba9371211.png?v=1780013409,PI KAPPA PHI
Pi Kapp Store,Fraternity Crewneck,UPI2606186035,Sweatshirts > Crewneck sweatshirts,https://cdn.shopify.com/s/files/1/0795/4608/9747/files/hf_20260601_173555_08f33841-390c-406a-9db0-f20eb01b552c.png?v=1780335413,PI KAPPA PHI
Pi Kapp Store,Approved Long Sleeve,UPI2606187731,Shirts > Long sleeve t-shirts,https://cdn.shopify.com/s/files/1/0795/4608/9747/files/hf_20260601_173740_ef868940-6a70-46b7-ad17-77082d1f2726.png?v=1780335506,PI KAPPA PHI
Pi Kapp Store,Ashton Crewneck,UPI2606182371,Sweatshirts > Crewneck sweatshirts,https://cdn.shopify.com/s/files/1/0795/4608/9747/files/hf_20260601_173957_79c666fc-4b9f-46ae-8706-3b622aa691a0.png?v=1780335666,PI KAPPA PHI
Pi Kapp Store,1904 Shield Tee,UPI2606183171,Shirts > Short sleeve t-shirts,https://cdn.shopify.com/s/files/1/0795/4608/9747/files/hf_20260601_174246_2eadc9fb-c6b0-447e-955f-f2b7eb694227.png?v=1780335924,PI KAPPA PHI
Pi Kapp Store,Colorblock Hoodie,UPI2606187987,Sweatshirts > Hooded sweatshirts,https://cdn.shopify.com/s/files/1/0795/4608/9747/files/hf_20260601_184614_c829c2b2-de2c-49a9-9ff1-d79a2d04ec05.png?v=1780339656,PI KAPPA PHI
Pi Kapp Store,Shield Blue Mug,UPI2606187523,Coffee Mugs > Ceramic coffee mugs,https://cdn.shopify.com/s/files/1/0795/4608/9747/files/IMG_3070.jpg?v=1735861209,PI KAPPA PHI
Pi Kapp Store,GOAL BALL b UNIVERSITY OF ARKANSAS-FORT SMITH b IPAY LINK,UPI2606181955,Professional services > Fundraising,https://cdn.shopify.com/s/files/1/0795/4608/9747/files/IMG-0198.jpg?v=1728853352,PI KAPPA PHI
Pi Kapp Store,IPAY- Nike Dri-FIT Micro 2.0 Polo,UPI2606186915,Shirts > Short sleeve polo shirts,https://cdn.shopify.com/s/files/1/0795/4608/9747/files/IMG-3210.png?v=1723572775,PI KAPPA PHI
Pi Kapp Store,Senior Stole b IPAY LINK,UPI2606182259,Apparel > Stoles,https://cdn.shopify.com/s/files/1/0795/4608/9747/files/IMG-9920.jpg?v=1727632455,PI KAPPA PHI
Pi Kapp Store,Pi Kappa Store Gift Card,UPI2606184739,Paper/print goods > Plastic cards,https://cdn.shopify.com/s/files/1/0795/4608/9747/files/PKP_4750eb42-678e-4982-a861-334126ddbbc6.png?v=1735861211,PI KAPPA PHI
Pi Kapp Store,Classic Navy Pi Kappa Phi Tee,UPI2606183907,Shirts > Short sleeve t-shirts,https://cdn.shopify.com/s/files/1/0795/4608/9747/files/PKP230001-NAVY-1717.jpg?v=1735861287,Pi Kappa Phi
Pi Kapp Store,Star Shield Crewneck,UPI26061898431,Sweatshirts > Crewneck sweatshirts,https://cdn.shopify.com/s/files/1/0795/4608/9747/files/PKP230002-SPORTGREY-18000.jpg?v=1735861286,PI KAPPA PHI
Pi Kapp Store,Game Royal Nike Polo,UPI2606186771,Shirts > Short sleeve polo shirts,https://cdn.shopify.com/s/files/1/0795/4608/9747/files/PKP230003-GAMEROYAL-NKBV6042-EMB.jpg?v=1735861285,PI KAPPA PHI
Pi Kapp Store,Navy Nike Polo,UPI2606189459,Shirts > Short sleeve polo shirts,https://cdn.shopify.com/s/files/1/0795/4608/9747/files/PKP230004-NAVY-NKBV6042-EMB.jpg?v=1735861285,PI KAPPA PHI
Pi Kapp Store,Torrent Waterproof Jacket,UPI2606185763,Outerwear > Jackets,https://cdn.shopify.com/s/files/1/0795/4608/9747/files/PKP230005-NAVY-J333-EMB.jpg?v=1735861284,PI KAPPA PHI
Pi Kapp Store,Star Shield Tee,UPI2606187059,Shirts > Short sleeve t-shirts,https://cdn.shopify.com/s/files/1/0795/4608/9747/files/PKP230006-WHITE-3001.jpg?v=1735861284,PI KAPPA PHI
Pi Kapp Store,Crest Hoodie,UPI2606187891,Sweatshirts > Hooded sweatshirts,https://cdn.shopify.com/s/files/1/0795/4608/9747/files/PKP230007-WHITE-18500-2.jpg?v=1735861283,PI KAPPA PHI
Pi Kapp Store,Classic Pi Kappa Phi Tee,UPI2606189091,Shirts > Short sleeve t-shirts,https://cdn.shopify.com/s/files/1/0795/4608/9747/files/PKP230008-MAIZE-3001.jpg?v=1735861282,Pi Kappa Phi
Pi Kapp Store,Basic Pi Kappa Phi Crewneck,UPI2606180291,Sweatshirts > Crewneck sweatshirts,https://cdn.shopify.com/s/files/1/0795/4608/9747/files/PKP230009-ROYAL-18000_1.jpg?v=1735861281,Pi Kappa Phi
Pi Kapp Store,The Ability Experience Blue Long Sleeve,UPI26061864192,Shirts > Long sleeve t-shirts,https://cdn.shopify.com/s/files/1/0795/4608/9747/files/PKP2300100-CHINABLUE-6014.jpg?v=1735861223,PI KAPPA PHI
Pi Kapp Store,The Ability Experience Yellow Tee,UPI2606185715,Shirts > Short sleeve t-shirts,https://cdn.shopify.com/s/files/1/0795/4608/9747/files/PKP2300102-MUSTARD-1717.jpg?v=1735861222,PI KAPPA PHI
Pi Kapp Store,The Ability Experience Jacket,UPI2606180035,Outerwear > Jackets,https://cdn.shopify.com/s/files/1/0795/4608/9747/files/PKP2300103-NAVY-TT90-EMB.jpg?v=1735861221,PI KAPPA PHI
Pi Kapp Store,The Ability Experience Hat,UPI26061856031,Headwear > Billed Hats,https://cdn.shopify.com/s/files/1/0795/4608/9747/files/PKP2300104-WHITE-VC300A-EMB.jpg?v=1735861220,PI KAPPA PHI
Pi Kapp Store,Star Shield Cardigan,UPI2606188963,Apparel > Sweaters,https://cdn.shopify.com/s/files/1/0795/4608/9747/files/PKP230010-GREYH-M425-EMB.jpg?v=1735861281,PI KAPPA PHI
Pi Kapp Store,Greek Letter Cardigan,UPI2606187315,Apparel > Sweaters,https://cdn.shopify.com/s/files/1/0795/4608/9747/files/PKP230011-BLACK-M425-EMB.jpg?v=1735861280,PI KAPPA PHI
Pi Kapp Store,Nylon Pullover,UPI26061840511,Outerwear > Jackets,https://cdn.shopify.com/s/files/1/0795/4608/9747/files/PKP230012-ROYAL-9905-EMB.jpg?v=1735861279,PI KAPPA PHI
Pi Kapp Store,Star Shield V-Neck Tee,UPI2606186627,Shirts > Short sleeve t-shirts,https://cdn.shopify.com/s/files/1/0795/4608/9747/files/PKP230013-SAND-6240.jpg?v=1735861279,PI KAPPA PHI
Pi Kapp Store,Basic Pi Kappa Phi V-Neck,UPI2606180563,Shirts > Short sleeve t-shirts,https://cdn.shopify.com/s/files/1/0795/4608/9747/files/PKP230014-WHITE-6240.jpg?v=1735861278,Pi Kappa Phi
Pi Kapp Store,Be Bold Tee,UPI2606181907,Shirts > Short sleeve t-shirts,https://cdn.shopify.com/s/files/1/0795/4608/9747/files/PKP230015-HRoyal-3001CVC.jpg?v=1735861278,PI KAPPA PHI
Pi Kapp Store,Charcoal Crewneck (discontinued),UPI2606188547,Sweatshirts > Crewneck sweatshirts,https://cdn.shopify.com/s/files/1/0795/4608/9747/files/PKP230016-Charcoal-18000.jpg?v=1735861277,PI KAPPA PHI
Pi Kapp Store,Pennant Tee,UPI2606180339,Shirts > Short sleeve t-shirts,https://cdn.shopify.com/s/files/1/0795/4608/9747/files/PKP230017-NAVY-1717.jpg?v=1735861276,PI KAPPA PHI
Pi Kapp Store,Ivory Seal Long Sleeve,UPI2606183379,Shirts > Long sleeve t-shirts,https://cdn.shopify.com/s/files/1/0795/4608/9747/files/PKP230018-IVORY-6014.jpg?v=1735861276,PI KAPPA PHI
Pi Kapp Store,Be Bold Crewneck,UPI2606180259,Sweatshirts > Crewneck sweatshirts,https://cdn.shopify.com/s/files/1/0795/4608/9747/files/PKP230019-ASH-18000.jpg?v=1735861275,PI KAPPA PHI
Pi Kapp Store,Stamped Hoodie,UPI26061845631,Sweatshirts > Hooded sweatshirts,https://cdn.shopify.com/s/files/1/0795/4608/9747/files/PKP230020-HTRGREY-18500.jpg?v=1735861274,PI KAPPA PHI
Pi Kapp Store,Pennant Tank,UPI2606182803,Shirts > Tank tops,https://cdn.shopify.com/s/files/1/0795/4608/9747/files/PKP230021-DKREYHTHR-3480.jpg?v=1735861274,PI KAPPA PHI
Pi Kapp Store,Outline Crewneck,UPI26061896031,Sweatshirts > Crewneck sweatshirts,https://cdn.shopify.com/s/files/1/0795/4608/9747/files/PKP230022-WHITE-18000.jpg?v=1735861273,PI KAPPA PHI
Pi Kapp Store,Vader Crewneck,UPI26061881791,Sweatshirts > Crewneck sweatshirts,https://cdn.shopify.com/s/files/1/0795/4608/9747/files/PKP230023-BLACK-18000.jpg?v=1735861272,PI KAPPA PHI
Pi Kapp Store,Varsity Hoodie,UPI2606184707,Sweatshirts > Hooded sweatshirts,https://cdn.shopify.com/s/files/1/0795/4608/9747/files/PKP230024-NAVY-18500.jpg?v=1735861272,PI KAPPA PHI
Pi Kapp Store,Mustard Seal Tee,UPI2606180963,Shirts > Short sleeve t-shirts,https://cdn.shopify.com/s/files/1/0795/4608/9747/files/PKP230025-MUSTARD-1717.jpg?v=1735861271,PI KAPPA PHI
Pi Kapp Store,Varsity Shield Crewneck,UPI2606186595,Sweatshirts > Crewneck sweatshirts,https://cdn.shopify.com/s/files/1/0795/4608/9747/files/PKP230026-ROYAL-18000.jpg?v=1735861270,PI KAPPA PHI
Pi Kapp Store,Varsity Long Sleeve,UPI2606180355,Shirts > Long sleeve t-shirts,https://cdn.shopify.com/s/files/1/0795/4608/9747/files/PKP230027-NAVY-6014.jpg?v=1735861270,PI KAPPA PHI
Pi Kapp Store,Emblem Mustard Tee,UPI2606183043,Shirts > Short sleeve t-shirts,https://cdn.shopify.com/s/files/1/0795/4608/9747/files/PKP230028-1717-MUSTARD.jpg?v=1735861269,PI KAPPA PHI
Pi Kapp Store,Shield Tee,UPI2606189299,Shirts > Short sleeve t-shirts,https://cdn.shopify.com/s/files/1/0795/4608/9747/files/PKP230029-SOFTCREAM-3001.jpg?v=1735861268,PI KAPPA PHI
Pi Kapp Store,1904 Silver Tee,UPI2606182339,Shirts > Short sleeve t-shirts,https://cdn.shopify.com/s/files/1/0795/4608/9747/files/PKP230030-SILVER-3001.jpg?v=1735861267,PI KAPPA PHI
Pi Kapp Store,Convex Tee,UPI26061866271,Shirts > Short sleeve t-shirts,https://cdn.shopify.com/s/files/1/0795/4608/9747/files/PKP230031-IVORY-1717.jpg?v=1735861267,PI KAPPA PHI
Pi Kapp Store,Team Pi Kappa Phi Tee,UPI2606186659,Shirts > Short sleeve t-shirts,https://cdn.shopify.com/s/files/1/0795/4608/9747/files/PKP230032-MUSTARD-3001.jpg?v=1735861266,Pi Kappa Phi
Pi Kapp Store,Classic Greek Crewneck,UPI2606184611,Sweatshirts > Crewneck sweatshirts,https://cdn.shopify.com/s/files/1/0795/4608/9747/files/PKP230033-DARKHEATHER-18000.jpg?v=1735861265,PI KAPPA PHI
Pi Kapp Store,Shield Tank,UPI2606185155,Shirts > Tank tops,https://cdn.shopify.com/s/files/1/0795/4608/9747/files/PKP230034-BUTTER-9360.jpg?v=1735861265,PI KAPPA PHI
Pi Kapp Store,Flo Blue Established Tank,UPI2606183107,Shirts > Tank tops,https://cdn.shopify.com/s/files/1/0795/4608/9747/files/PKP230035-FLOBLUE-9360.jpg?v=1735861264,PI KAPPA PHI
Pi Kapp Store,Classic Greek Hoodie,UPI2606185795,Sweatshirts > Hooded sweatshirts,https://cdn.shopify.com/s/files/1/0795/4608/9747/files/PKP230036-AIRFORCEBLUE-JHA001.jpg?v=1735861263,PI KAPPA PHI
Pi Kapp Store,Established Hoodie,UPI2606182947,Sweatshirts > Hooded sweatshirts,https://cdn.shopify.com/s/files/1/0795/4608/9747/files/PKP230037-HSPROYAL-18500.jpg?v=1735861262,PI KAPPA PHI
Pi Kapp Store,1904 Long Sleeve,UPI2606185827,Shirts > Long sleeve t-shirts,https://cdn.shopify.com/s/files/1/0795/4608/9747/files/PKP230038-WHITE-6014_2.jpg?v=1735861262,PI KAPPA PHI
Pi Kapp Store,Pi Kapp 1904 Long Sleeve,UPI2606180483,Shirts > Long sleeve t-shirts,https://cdn.shopify.com/s/files/1/0795/4608/9747/files/PKP230039-MUSTARD-6014.jpg?v=1735861261,PI KAPPA PHI
Pi Kapp Store,Behind the Letters Tank,UPI2606187027,Shirts > Tank tops,https://cdn.shopify.com/s/files/1/0795/4608/9747/files/PKP230040-ASH-3480.jpg?v=1735861261,PI KAPPA PHI
Pi Kapp Store,Official Pocket Tee,UPI2606180707,Shirts > Short sleeve t-shirts,https://cdn.shopify.com/s/files/1/0795/4608/9747/files/PKP230041-GRAPHITE-6030-1.jpg?v=1735861260,PI KAPPA PHI
Pi Kapp Store,Since 1904 Crewneck,UPI2606184563,Sweatshirts > Crewneck sweatshirts,https://cdn.shopify.com/s/files/1/0795/4608/9747/files/PKP230042-DARKHEATHER-18000.jpg?v=1735861259,PI KAPPA PHI
Pi Kapp Store,Written in Sand Crewneck,UPI2606185299,Sweatshirts > Crewneck sweatshirts,https://cdn.shopify.com/s/files/1/0795/4608/9747/files/PKP230043-SAND-18000.jpg?v=1735861258,PI KAPPA PHI
Pi Kapp Store,Local Team Tank,UPI2606183715,Shirts > Tank tops,https://cdn.shopify.com/s/files/1/0795/4608/9747/files/PKP230044-ROYALTRIBLEND-3480.jpg?v=1735861258,PI KAPPA PHI
Pi Kapp Store,Pi Kapp LED Tee,UPI2606189587,Shirts > Short sleeve t-shirts,https://cdn.shopify.com/s/files/1/0795/4608/9747/files/PKP230046-MYSTIC-2.jpg?v=1735861256,PI KAPPA PHI
Pi Kapp Store,Ivory Emblem Pocket Tee,UPI2606188707,Shirts > Short sleeve t-shirts,https://cdn.shopify.com/s/files/1/0795/4608/9747/files/PKP230047-IVORY-6030-2.jpg?v=1735861256,PI KAPPA PHI
Pi Kapp Store,Repeat Hoodie,UPI2606188003,Sweatshirts > Hooded sweatshirts,https://cdn.shopify.com/s/files/1/0795/4608/9747/files/PKP230048-WHITE-18500-2.jpg?v=1735861255,PI KAPPA PHI
Pi Kapp Store,Etched in Sand Crewneck,UPI26061868511,Sweatshirts > Crewneck sweatshirts,https://cdn.shopify.com/s/files/1/0795/4608/9747/files/PKP230049-SAND-18000-2.jpg?v=1735861254,PI KAPPA PHI
Pi Kapp Store,Times Twelve Hoodie,UPI26061833791,Sweatshirts > Hooded sweatshirts,https://cdn.shopify.com/s/files/1/0795/4608/9747/files/PKP230050-Gold-18500-2.jpg?v=1735861253,PI KAPPA PHI
Pi Kapp Store,Baseball Tee,UPI2606186339,Shirts > Short sleeve t-shirts,https://cdn.shopify.com/s/files/1/0795/4608/9747/files/PKP230051-5700-WHITE-NAVY-1.jpg?v=1735861253,PI KAPPA PHI
Pi Kapp Store,Flip It and Reverse It Tee,UPI2606180099,Shirts > Short sleeve t-shirts,https://cdn.shopify.com/s/files/1/0795/4608/9747/files/PKP230052-BLACK-3001-2.jpg?v=1735861252,PI KAPPA PHI
Pi Kapp Store,Barcode Hoodie,UPI2606182611,Sweatshirts > Hooded sweatshirts,https://cdn.shopify.com/s/files/1/0795/4608/9747/files/PKP230053-BLACK-18500.jpg?v=1735861251,PI KAPPA PHI
Pi Kapp Store,Medieval Tee,UPI2606181107,Shirts > Short sleeve t-shirts,https://cdn.shopify.com/s/files/1/0795/4608/9747/files/PKP230054-WHITE-3001.jpg?v=1735861251,PI KAPPA PHI
Pi Kapp Store,Crystal Tie Dye Tee,UPI2606181747,Shirts > Short sleeve t-shirts,https://cdn.shopify.com/s/files/1/0795/4608/9747/files/PKP230055-NAVY-1390.jpg?v=1735861250,PI KAPPA PHI
Pi Kapp Store,Moonbeam Tie Dye Tee,UPI2606184083,Shirts > Short sleeve t-shirts,https://cdn.shopify.com/s/files/1/0795/4608/9747/files/PKP230056-CD100-MOONBEAM.jpg?v=1690427618,PI KAPPA PHI
Pi Kapp Store,Cool Blue Alumnus Tee,UPI2606182755,Shirts > Short sleeve t-shirts,https://cdn.shopify.com/s/files/1/0795/4608/9747/files/PKP230057-COOLBLUE-3001.jpg?v=1690427758,PI KAPPA PHI
Pi Kapp Store,Classic Letter Alumnus Tee,UPI2606180547,Shirts > Short sleeve t-shirts,https://cdn.shopify.com/s/files/1/0795/4608/9747/files/PKP230058-MUSTARD-1717.jpg?v=1735861249,PI KAPPA PHI
Pi Kapp Store,Behind the Letter Alumnus Tee,UPI2606189843,Shirts > Short sleeve t-shirts,https://cdn.shopify.com/s/files/1/0795/4608/9747/files/PKP230059-WHITE-3001.jpg?v=1735861249,PI KAPPA PHI
Pi Kapp Store,Alumnus Nike Polo,UPI2606183251,Shirts > Short sleeve polo shirts,https://cdn.shopify.com/s/files/1/0795/4608/9747/files/PKP230060-WHITE-NKBV6042-EMB.jpg?v=1690428242,PI KAPPA PHI
Pi Kapp Store,Royal Nike Alumnus Polo,UPI2606189347,Shirts > Short sleeve polo shirts,https://cdn.shopify.com/s/files/1/0795/4608/9747/files/PKP230061-ROYAL-NKBV6042-EMB.jpg?v=1735861248,PI KAPPA PHI
Pi Kapp Store,Vader Alumnus Crewneck,UPI2606182931,Sweatshirts > Crewneck sweatshirts,https://cdn.shopify.com/s/files/1/0795/4608/9747/files/PKP230062-DARKHEATHER-18000.jpg?v=1735861247,PI KAPPA PHI
Pi Kapp Store,Classic Letters Alumnus Crewneck,UPI2606180083,Sweatshirts > Crewneck sweatshirts,https://cdn.shopify.com/s/files/1/0795/4608/9747/files/PKP230063-WHITE-18000.jpg?v=1735861247,PI KAPPA PHI
Pi Kapp Store,Alumnus Micro Fleece Jacket,UPI2606187251,Outerwear > Jackets,https://cdn.shopify.com/s/files/1/0795/4608/9747/files/PKP230064-SPDKNAVY-TT90-EMB.jpg?v=1735861246,PI KAPPA PHI
Pi Kapp Store,Alumnus Cardigan,UPI2606189763,Apparel > Sweaters,https://cdn.shopify.com/s/files/1/0795/4608/9747/files/PKP230065-HTR-M425-EMB.jpg?v=1735861245,PI KAPPA PHI
Pi Kapp Store,Be Bold Alumnus Crewneck,UPI2606185491,Sweatshirts > Crewneck sweatshirts,https://cdn.shopify.com/s/files/1/0795/4608/9747/files/PKP230066-HTHRGREY-JHA030.jpg?v=1735861245,PI KAPPA PHI
Pi Kapp Store,Charleston Founders Long Sleeve,UPI26061804191,Shirts > Long sleeve t-shirts,https://cdn.shopify.com/s/files/1/0795/4608/9747/files/PKP230067-chinablue-6014-2.jpg?v=1735861244,PI KAPPA PHI
Pi Kapp Store,Founder's Names Tee (discontinued),UPI2606184627,Shirts > Short sleeve t-shirts,https://cdn.shopify.com/s/files/1/0795/4608/9747/files/PKP230068-VINTAGEWHITE-3001.jpg?v=1735861243,PI KAPPA PHI
Pi Kapp Store,1904 Script Crewneck,UPI2606189011,Sweatshirts > Crewneck sweatshirts,https://cdn.shopify.com/s/files/1/0795/4608/9747/files/PKP230069-BUTTER-1566.jpg?v=1735861243,PI KAPPA PHI
Pi Kapp Store,Three Men in Charleston Tee,UPI2606189827,Shirts > Short sleeve t-shirts,https://cdn.shopify.com/s/files/1/0795/4608/9747/files/PKP230070-KHAKI-1717.jpg?v=1735861242,PI KAPPA PHI
Pi Kapp Store,1904 Tank,UPI2606185907,Shirts > Tank tops,https://cdn.shopify.com/s/files/1/0795/4608/9747/files/PKP230071-WHITE-3480.jpg?v=1735861241,PI KAPPA PHI
Pi Kapp Store,Classic Letters Hat,UPI2606186275,Headwear > Billed Hats,https://cdn.shopify.com/s/files/1/0795/4608/9747/files/PKP230072-ROYAL-VC300A-EMB.jpg?v=1735861240,PI KAPPA PHI
Pi Kapp Store,Butter Hat,UPI2606186643,Headwear > Billed Hats,https://cdn.shopify.com/s/files/1/0795/4608/9747/files/PKP230073-BUTTER-VC300A-EMB.jpg?v=1735861239,PI KAPPA PHI
Pi Kapp Store,Star Shield Hat,UPI2606184419,Headwear > Billed Hats,https://cdn.shopify.com/s/files/1/0795/4608/9747/files/PKP230074-VC300A-WHITE-EMB.jpg?v=1735861239,PI KAPPA PHI
Pi Kapp Store,Star Shield Hat - The Kroeg Collection,UPI2606189475,Headwear > Billed hats,https://cdn.shopify.com/s/files/1/0795/4608/9747/files/PKP230074-VC300A-WHITE-EMB.jpg?v=1735861239,PI KAPPA PHI
Pi Kapp Store,Etched in Sand Hat,UPI2606180771,Headwear > Billed hats,https://cdn.shopify.com/s/files/1/0795/4608/9747/files/PKP230075-VC300A-SAND-EMB.jpg?v=1735861238,PI KAPPA PHI
Pi Kapp Store,Everyday Pi Kappa Phi Hat,UPI2606181939,Headwear > Billed Hats,https://cdn.shopify.com/s/files/1/0795/4608/9747/files/PKP230076-BLACK-VC300A-EMB.jpg?v=1735861237,Pi Kappa Phi
Pi Kapp Store,3 Color Hat,UPI2606186163,Headwear > Billed hats,https://cdn.shopify.com/s/files/1/0795/4608/9747/files/PKP230077-ROYALHWHITE-112-EMB.jpg?v=1690430342,PI KAPPA PHI
Pi Kapp Store,Charcoal and White Hat,UPI2606185283,Headwear > Billed hats,https://cdn.shopify.com/s/files/1/0795/4608/9747/files/PKP230078-WHITE-CHARC-112-EMB.jpg?v=1690430483,PI KAPPA PHI
Pi Kapp Store,Everyday Trucker Hat,UPI2606189491,Headwear > Billed hats,https://cdn.shopify.com/s/files/1/0795/4608/9747/files/PKP230079-BLACKWHITE-112-EMB.jpg?v=1690430596,PI KAPPA PHI
Pi Kapp Store,Everyday Trucker Hat,UPI2606187091,Headwear > Billed hats,https://cdn.shopify.com/s/files/1/0795/4608/9747/files/PKP230081-KHAKIWHITE-112-EMB.jpg?v=1690430704,PI KAPPA PHI
Pi Kapp Store,Pi Kappa Phi Beanie,UPI2606185315,Headwear > Beanies,https://cdn.shopify.com/s/files/1/0795/4608/9747/files/PKP230082-WHITE-SP12-EMB.jpg?v=1735861237,Pi Kappa Phi
Pi Kapp Store,Golden Letters Beanie,UPI2606188179,Headwear > Beanies,https://cdn.shopify.com/s/files/1/0795/4608/9747/files/PKP230083-GOLD-SP12-EMB.jpg?v=1735861236,PI KAPPA PHI
Pi Kapp Store,Everyday Beanie,UPI2606186131,Headwear > Beanies,https://cdn.shopify.com/s/files/1/0795/4608/9747/files/PKP230084-CAMEL-SP12-EMB.jpg?v=1735861235,PI KAPPA PHI
Pi Kapp Store,Royal Letters Beanie,UPI2606181763,Headwear > Beanies,https://cdn.shopify.com/s/files/1/0795/4608/9747/files/PKP230085-ROYAL-SP12-EMB.jpg?v=1735861235,PI KAPPA PHI
Pi Kapp Store,Swords in Saltire Beanie,UPI2606185699,Headwear > Beanies,https://cdn.shopify.com/s/files/1/0795/4608/9747/files/PKP230086-BLACK-SP15-EMB.jpg?v=1735861234,PI KAPPA PHI
Pi Kapp Store,Happy Hanukkah Tee,UPI2606188787,Shirts > Short sleeve t-shirts,https://cdn.shopify.com/s/files/1/0795/4608/9747/files/PKP230087-BLACK-1717.jpg?v=1735861233,PI KAPPA PHI
Pi Kapp Store,Reindeer Games Crewneck,UPI26061898751,Sweatshirts > Crewneck sweatshirts,https://cdn.shopify.com/s/files/1/0795/4608/9747/files/PKP230088-RED-18000.jpg?v=1735861232,PI KAPPA PHI
Pi Kapp Store,Reindeer Games Tee,UPI2606189283,Shirts > Short sleeve t-shirts,https://cdn.shopify.com/s/files/1/0795/4608/9747/files/PKP230089-1717-EMERALD.jpg?v=1735861231,PI KAPPA PHI
Pi Kapp Store,Frankenstein Tee,UPI2606187155,Shirts > Short sleeve t-shirts,https://cdn.shopify.com/s/files/1/0795/4608/9747/files/PKP230090-YAM-1717.jpg?v=1735861231,PI KAPPA PHI
Pi Kapp Store,What's in Your Heart Tee,UPI2606184131,Shirts > Short sleeve t-shirts,https://cdn.shopify.com/s/files/1/0795/4608/9747/files/PKP230091-WHITE-3001.jpg?v=1735861230,PI KAPPA PHI
Pi Kapp Store,Independence Crewneck,UPI2606184771,Sweatshirts > Crewneck sweatshirts,https://cdn.shopify.com/s/files/1/0795/4608/9747/files/PKP230092-NAVY-18000.jpg?v=1735861229,PI KAPPA PHI
Pi Kapp Store,Star Shield Drawstring Bag,UPI2606189875,Bags > Tote bags,https://cdn.shopify.com/s/files/1/0795/4608/9747/files/PKP230093-WHITE-Q4500.jpg?v=1735861228,PI KAPPA PHI
Pi Kapp Store,Stamped Drawstring Bag,UPI2606184259,Bags > Tote bags,https://cdn.shopify.com/s/files/1/0795/4608/9747/files/PKP230094-ROYAL-Q4500.jpg?v=1735861228,PI KAPPA PHI
Pi Kapp Store,Classic Letters Drawstring Bag,UPI2606181155,Bags > Tote bags,https://cdn.shopify.com/s/files/1/0795/4608/9747/files/PKP230095-GOLD-Q4500.jpg?v=1735861227,PI KAPPA PHI
Pi Kapp Store,Vader Drawstring Bag,UPI2606189923,Bags > Tote bags,https://cdn.shopify.com/s/files/1/0795/4608/9747/files/PKP230096-BLACK-Q4500.jpg?v=1735861226,PI KAPPA PHI
Pi Kapp Store,Behind the Letters Drawstring Bag,UPI2606184579,Bags > Tote bags,https://cdn.shopify.com/s/files/1/0795/4608/9747/files/PKP230097-GREY-Q4500jpg.jpg?v=1735861225,PI KAPPA PHI
Pi Kapp Store,The Ability Experience Ivory Tee,UPI26061817631,Shirts > Short sleeve t-shirts,https://cdn.shopify.com/s/files/1/0795/4608/9747/files/PKP230098-IVORY-1717.jpg?v=1735861225,PI KAPPA PHI
Pi Kapp Store,The Ability Experience White Long Sleeve,UPI2606180515,Shirts > Long sleeve t-shirts,https://cdn.shopify.com/s/files/1/0795/4608/9747/files/PKP230099-WHITE-6014_1.jpg?v=1735861224,PI KAPPA PHI
Pi Kapp Store,Rectangle Decal Sticker,UPI2606183811,Promotional > Stickers,https://cdn.shopify.com/s/files/1/0795/4608/9747/files/PKP230101-STICKER.jpg?v=1735861206,PI KAPPA PHI
Pi Kapp Store,Sqaure Decal Sticker,UPI2606186051,Promotional > Stickers,https://cdn.shopify.com/s/files/1/0795/4608/9747/files/PKP230102-STICKER.jpg?v=1735861205,PI KAPPA PHI
Pi Kapp Store,Sword Decal Sticker,UPI2606182483,Promotional > Stickers,https://cdn.shopify.com/s/files/1/0795/4608/9747/files/PKP230103-Sticker.jpg?v=1735861204,PI KAPPA PHI
Pi Kapp Store,Gold Decal Sticker,UPI2606189987,Promotional > Stickers,https://cdn.shopify.com/s/files/1/0795/4608/9747/files/PKP230104-Sticker.jpg?v=1735861203,PI KAPPA PHI
Pi Kapp Store,Sword Water Bottle,UPI2606186099,Water bottles > Plastic water bottles,https://cdn.shopify.com/s/files/1/0795/4608/9747/files/PKP230105-BOTTLE_1.jpg?v=1735861207,PI KAPPA PHI
Pi Kapp Store,Polar Fleece Full Zip,UPI26061827551,Outerwear > Jackets,https://cdn.shopify.com/s/files/1/0795/4608/9747/files/PKP23GL0201_3062-HEATHER-CHARCOAL-EM.jpg?v=1735861219,PI KAPPA PHI
Pi Kapp Store,Houndsooth Hooded Sweatshirt,UPI2606187763,Sweatshirts > Hooded sweatshirts,https://cdn.shopify.com/s/files/1/0795/4608/9747/files/PKP23GL0202_IND4000-HOUNDSOOTH-PUFFINK.jpg?v=1735861218,PI KAPPA PHI
Pi Kapp Store,Nothing Shall Ever Trucker Hat,UPI2606186259,Headwear > Billed hats,https://cdn.shopify.com/s/files/1/0795/4608/9747/files/PKP23GL0204_112-RICHARDSON-BLACK-HP.jpg?v=1700744451,PI KAPPA PHI
Pi Kapp Store,Packable Quarter Zip Jacket,UPI2606183603,Outerwear > Jackets,https://cdn.shopify.com/s/files/1/0795/4608/9747/files/PKP23GL0205_05_CO200-CHAMPION-ROYAL-EM.jpg?v=1735861216,PI KAPPA PHI
Pi Kapp Store,Packable Quarter Zip Jacket,UPI2606180211,Outerwear > Jackets,https://cdn.shopify.com/s/files/1/0795/4608/9747/files/PKP23GL0205_CO200-CHAMPION-BLACK-EM.jpg?v=1735861215,PI KAPPA PHI
Pi Kapp Store,Packable Quarter Zip Jacket,UPI2606182419,Outerwear > Jackets,https://cdn.shopify.com/s/files/1/0795/4608/9747/files/PKP23GL0205_CO200-CHAMPION-GOLD-EM.jpg?v=1735861213,PI KAPPA PHI
Pi Kapp Store,Upside Down Hat,UPI26061897631,Headwear > Billed hats,https://cdn.shopify.com/s/files/1/0795/4608/9747/files/PKP24020931-069NVYWHITE.jpg?v=1730126904,PI KAPPA PHI
Pi Kapp Store,PKP Varsity Tee,UPI2606181827,Shirts > Short sleeve t-shirts,https://cdn.shopify.com/s/files/1/0795/4608/9747/files/PKP24GL1021717MIDNIGHT.jpg?v=1735861200,Pi Kappa Phi
Pi Kapp Store,Greyson Tee,UPI2606182899,Shirts > Short sleeve t-shirts,https://cdn.shopify.com/s/files/1/0795/4608/9747/files/PKP24GL1031717GREY.jpg?v=1735861199,PI KAPPA PHI
Pi Kapp Store,04 Hoodie,UPI2606187187,Sweatshirts > Hooded sweatshirts,https://cdn.shopify.com/s/files/1/0795/4608/9747/files/PKP24GL104IND280SLSANDSTONE.jpg?v=1735861198,PI KAPPA PHI
Pi Kapp Store,Navy Game Hat ( duplicate on site ),UPI2606188467,Headwear > Billed Hats,https://cdn.shopify.com/s/files/1/0795/4608/9747/files/PKP24GL117GB465PIGMENTNACY.jpg?v=1735861186,PI KAPPA PHI
Pi Kapp Store,Paddington Crewneck,UPI2606189443,Sweatshirts > Crewneck sweatshirts,https://cdn.shopify.com/s/files/1/0795/4608/9747/files/PKP24GL20118000SPORTSGRAY.jpg?v=1735861175,PI KAPPA PHI
Pi Kapp Store,Pumpkin Patch Crewneck,UPI2606182659,Sweatshirts > Crewneck sweatshirts,https://cdn.shopify.com/s/files/1/0795/4608/9747/files/PKP24GL20218000BLACK.jpg?v=1735861174,PI KAPPA PHI
Pi Kapp Store,Happy Holidays Tee,UPI2606185875,Shirts > Short sleeve t-shirts,https://cdn.shopify.com/s/files/1/0795/4608/9747/files/PKP24GL2031717CRIMSON.jpg?v=1735861173,PI KAPPA PHI
Pi Kapp Store,Blitzen Crewneck,UPI26061856991,Sweatshirts > Crewneck sweatshirts,https://cdn.shopify.com/s/files/1/0795/4608/9747/files/PKP24GL20418000MAROON.jpg?v=1735861172,PI KAPPA PHI
Pi Kapp Store,Patch Nike Therma-FIT Full-Zip Fleece Hoodie (discontinued),UPI2606184515,Outerwear > Jackets,https://cdn.shopify.com/s/files/1/0795/4608/9747/files/PKP25NOV3NKAH6259BLACK.jpg?v=1762793216,PI KAPPA PHI
Pi Kapp Store,Arizona Pocket Tee,PKP260001,Shirts > Short sleeve t-shirts,https://cdn.shopify.com/s/files/1/0795/4608/9747/files/PKP2600016030BANANAback.jpg?v=1783969167,PI KAPPA PHI
Pi Kapp Store,Cactus Pocket Tee,PKP260002,Shirts > Short sleeve t-shirts,https://cdn.shopify.com/s/files/1/0795/4608/9747/files/PKP2600026030NAVY.jpg?v=1783969356,PI KAPPA PHI
Pi Kapp Store,Brooks Brothers 1/4 Zip,PKP260005,Outerwear > Jackets,https://cdn.shopify.com/s/files/1/0795/4608/9747/files/PKP260005BB18212NAVY.jpg?v=1783969939,PI KAPPA PHI
Pi Kapp Store,Outdoors Hat,PKP260006,Headwear > Billed Hats,https://cdn.shopify.com/s/files/1/0795/4608/9747/files/PKP260006AH80BROWN_KHAKI.jpg?v=1783969690,PI KAPPA PHI
Pi Kapp Store,Fraternity Hat,PKP260007,Headwear > Billed Hats,https://cdn.shopify.com/s/files/1/0795/4608/9747/files/PKP26007AH80BLACK_WHITE.jpg?v=1783969846,PI KAPPA PHI
Pi Kapp Store,Custom Banner - How to order is in the product description,UPI2606309843,Promotional > Banners,https://cdn.shopify.com/s/files/1/0795/4608/9747/files/PKP-BANNER_54c47bd6-4560-4038-98db-59fb0f07291f.png?v=1782837040,PI KAPPA PHI
Pi Kapp Store,Pi Kapp Flag,UPI2606184547,Household items > Flags,https://cdn.shopify.com/s/files/1/0795/4608/9747/files/PKP-FLAG.jpg?v=1735861220,PI KAPPA PHI
Pi Kapp Store,Graduation Stole,UPI2606187443,Apparel > Stoles,https://cdn.shopify.com/s/files/1/0795/4608/9747/files/PKP-STOLE.jpg?v=1735861202,PI KAPPA PHI
Pi Kapp Store,Limited Edition Graduation Stole,UPI2606181891,Apparel > Stoles,https://cdn.shopify.com/s/files/1/0795/4608/9747/files/PKPSTOLE.jpg?v=1743538065,PI KAPPA PHI
Pi Kapp Store,IPAY- Graduation Stole - Spring 2024,UPI2606181443,Apparel > Stoles,https://cdn.shopify.com/s/files/1/0795/4608/9747/files/PKPSTOLE_2403004.png?v=1707417424,PI KAPPA PHI
Pi Kapp Store,Custom Tablecloth- How to order is in the product description,UPI2606300659,Household items > Tablecloths,https://cdn.shopify.com/s/files/1/0795/4608/9747/files/PKPTABLECLOTH.png?v=1782837928,PI KAPPA PHI
Pi Kapp Store,PKP Tent- How to order is in the product description,UPI2606307619,Promotional > Tents,https://cdn.shopify.com/s/files/1/0795/4608/9747/files/PKP-TENT.png?v=1782837666,Pi Kappa Phi
Pi Kapp Store,University of Idaho -- IPAY LINK,UPI2606184067,Professional services > Fundraising,https://cdn.shopify.com/s/files/1/0795/4608/9747/files/Screenshot2024-10-17at2.40.17PM.png?v=1729190592,PI KAPPA PHI
Pi Kapp Store,OLE MISS EGG BOWL 2024 -- IPAY LINK,UPI2606183555,Professional services > Fundraising,https://cdn.shopify.com/s/files/1/0795/4608/9747/files/Screenshot2024-11-15at10.05.01AM.png?v=1731940925,PI KAPPA PHI
Pi Kapp Store,IPAY - University of Idaho - Family Weekend 2023,UPI2606185603,Shirts > Short sleeve t-shirts,https://cdn.shopify.com/s/files/1/0795/4608/9747/files/SPOOKY_2326330.png?v=1696878162,PI KAPPA PHI
SDT Boutique,Ugly Knitted Sweater,UPI2606184722,Apparel > Sweaters,https://cdn.shopify.com/s/files/1/0863/1835/0658/files/Front.jpg?v=1763058687,SIGMA DELTA TAU
SDT Boutique,Hanukkah Knitted Sweater,UPI2606183394,Apparel > Sweaters,https://cdn.shopify.com/s/files/1/0863/1835/0658/files/Front_070586eb-ca4d-40f5-ab64-63cf7766bcc7.jpg?v=1763058792,SIGMA DELTA TAU
SDT Boutique,Lacy Bow Knitted Sweater,UPI26061806101,Apparel > Sweaters,https://cdn.shopify.com/s/files/1/0863/1835/0658/files/Front_b7799e72-8522-475d-bee7-ee590d56115b.jpg?v=1763476563,SIGMA DELTA TAU
SDT Boutique,SDT Boutique Gift Card,UPI2606189154,Paper/print goods > Plastic cards,https://cdn.shopify.com/s/files/1/0863/1835/0658/files/SDT_17c45a45-3b3c-46c5-ac50-3a6474d96252.png?v=1735874118,SIGMA DELTA TAU
SDT Boutique,Brand Tee,UPI2606184786,Shirts > Short sleeve t-shirts,https://cdn.shopify.com/s/files/1/0863/1835/0658/files/SDT2400023001WHITE.jpg?v=1735874283,SIGMA DELTA TAU
SDT Boutique,Brand Tee- Ocean Blue,UPI26061864021,Shirts > Short sleeve t-shirts,https://cdn.shopify.com/s/files/1/0863/1835/0658/files/SDT2400033001OCEANBLUE.jpg?v=1735874281,SIGMA DELTA TAU
SDT Boutique,Brand Long Sleeve,UPI2606182146,Shirts > Long sleeve t-shirts,https://cdn.shopify.com/s/files/1/0863/1835/0658/files/SDT2400056014CHAMBRAY.jpg?v=1735874280,SIGMA DELTA TAU
SDT Boutique,Motto Long Sleeve,UPI2606182690,Shirts > Long sleeve t-shirts,https://cdn.shopify.com/s/files/1/0863/1835/0658/files/SDT2400066014MUSTARD.jpg?v=1735874279,SIGMA DELTA TAU
SDT Boutique,Times Twelve Hoodie,UPI2606185122,Sweatshirts > Hooded sweatshirts,https://cdn.shopify.com/s/files/1/0863/1835/0658/files/SDT24000718500WHITEback.jpg?v=1735874278,SIGMA DELTA TAU
SDT Boutique,True Royal V-Neck,UPI2606189250,Shirts > Short sleeve t-shirts,https://cdn.shopify.com/s/files/1/0863/1835/0658/files/SDT2400086405TRUEROYAL.jpg?v=1735874277,SIGMA DELTA TAU
SDT Boutique,Packable Anorak Jacket,UPI2606188818,Outerwear > Jackets,https://cdn.shopify.com/s/files/1/0863/1835/0658/files/SDT240009JST66BLACK.jpg?v=1735874276,SIGMA DELTA TAU
SDT Boutique,Logo Hat,UPI2606187042,Headwear > Billed hats,https://cdn.shopify.com/s/files/1/0863/1835/0658/files/SDT2400100VC300AWHITE.jpg?v=1735874193,SIGMA DELTA TAU
SDT Boutique,Outline Hat,UPI2606182210,Headwear > Billed hats,https://cdn.shopify.com/s/files/1/0863/1835/0658/files/SDT2400103VC300ABABYBLUE.jpg?v=1735874191,SIGMA DELTA TAU
SDT Boutique,Etched in Sand Hat,UPI2606180610,Headwear > Billed hats,https://cdn.shopify.com/s/files/1/0863/1835/0658/files/SDT2400105VC300AKHAKI.jpg?v=1716225568,SIGMA DELTA TAU
SDT Boutique,Signature Hat,UPI2606183154,Headwear > Billed hats,https://cdn.shopify.com/s/files/1/0863/1835/0658/files/SDT2400106VC300ABLACK.jpg?v=1735874192,SIGMA DELTA TAU
SDT Boutique,Logo Beanie,UPI2606180082,Headwear > Beanies,https://cdn.shopify.com/s/files/1/0863/1835/0658/files/SDT2400107SP15HTHRDKROYAL.jpg?v=1735874189,SIGMA DELTA TAU
SDT Boutique,Classic Letter Beanie,UPI2606180002,Headwear > Beanies,https://cdn.shopify.com/s/files/1/0863/1835/0658/files/SDT2400108SP15HTHRGREY.jpg?v=1735874188,SIGMA DELTA TAU
SDT Boutique,Brand Quarter Zip,UPI2606189362,Outerwear > Jackets,https://cdn.shopify.com/s/files/1/0863/1835/0658/files/SDT240010995MRWHITE.jpg?v=1735874275,SIGMA DELTA TAU
SDT Boutique,Signature Beanie,UPI2606185810,Headwear > Beanies,https://cdn.shopify.com/s/files/1/0863/1835/0658/files/SDT2400109SP15BLACK.jpg?v=1735874188,SIGMA DELTA TAU
SDT Boutique,Sig Delt Beanie,UPI2606186978,Headwear > Beanies,https://cdn.shopify.com/s/files/1/0863/1835/0658/files/SDT2400110SP15HTHRBROWN.jpg?v=1735874187,SIGMA DELTA TAU
SDT Boutique,Brand Crop Baby Tee,UPI2606181426,Shirts > Short sleeve t-shirts,https://cdn.shopify.com/s/files/1/0863/1835/0658/files/SDT2400111010NATURAL.jpg?v=1735874274,SIGMA DELTA TAU
SDT Boutique,Classic Tote,UPI2606189778,Bags > Tote bags,https://cdn.shopify.com/s/files/1/0863/1835/0658/files/SDT2400114Q800WHITE.jpg?v=1735874217,SIGMA DELTA TAU
SDT Boutique,Repeat Tote,UPI2606187986,Bags > Tote bags,https://cdn.shopify.com/s/files/1/0863/1835/0658/files/SDT2400115Q800ROYALBLUE.jpg?v=1735874217,SIGMA DELTA TAU
SDT Boutique,Text Me Tote,UPI2606186818,Bags > Tote bags,https://cdn.shopify.com/s/files/1/0863/1835/0658/files/SDT2400116Q800TURQUOISE.jpg?v=1735874218,SIGMA DELTA TAU
SDT Boutique,Retro Tote,UPI2606184306,Bags > Tote bags,https://cdn.shopify.com/s/files/1/0863/1835/0658/files/SDT2400117Q800GREY.jpg?v=1735874219,SIGMA DELTA TAU
SDT Boutique,Brand Crewneck,UPI26061849302,Sweatshirts > Crewneck sweatshirts,https://cdn.shopify.com/s/files/1/0863/1835/0658/files/SDT2400118000navy.jpg?v=1735874284,SIGMA DELTA TAU
SDT Boutique,I am Enough Tote,UPI2606187506,Bags > Tote bags,https://cdn.shopify.com/s/files/1/0863/1835/0658/files/SDT2400118Q800WHITE.jpg?v=1735874220,SIGMA DELTA TAU
SDT Boutique,Basic Letter Crewneck,UPI2606182866,Sweatshirts > Crewneck sweatshirts,https://cdn.shopify.com/s/files/1/0863/1835/0658/files/SDT24001218000ROYAL.jpg?v=1735874273,SIGMA DELTA TAU
SDT Boutique,Repeat Hooodie,UPI2606182066,Sweatshirts > Hooded sweatshirts,https://cdn.shopify.com/s/files/1/0863/1835/0658/files/SDT24001318500LIGHTBLUEback.jpg?v=1735874272,SIGMA DELTA TAU
SDT Boutique,Brand Crop Tank,UPI26061864022,Shirts > Tank tops,https://cdn.shopify.com/s/files/1/0863/1835/0658/files/SDT2400141013navy.jpg?v=1735874271,SIGMA DELTA TAU
SDT Boutique,Motto Crewneck,UPI26061853301,Sweatshirts > Crewneck sweatshirts,https://cdn.shopify.com/s/files/1/0863/1835/0658/files/SDT24001518000SAND.jpg?v=1735874270,SIGMA DELTA TAU
SDT Boutique,Diamond in the Rough,UPI2606186850,Shirts > Short sleeve t-shirts,https://cdn.shopify.com/s/files/1/0863/1835/0658/files/SDT24001618000CHARCOAL.jpg?v=1735874270,SIGMA DELTA TAU
SDT Boutique,Sandra Crewneck,UPI26061819701,Sweatshirts > Crewneck sweatshirts,https://cdn.shopify.com/s/files/1/0863/1835/0658/files/SDT24001718000SAND.jpg?v=1735874269,SIGMA DELTA TAU
SDT Boutique,Be Bold Crewneck,UPI26061891381,Sweatshirts > Crewneck sweatshirts,https://cdn.shopify.com/s/files/1/0863/1835/0658/files/SDT24001818000ASH.jpg?v=1735874268,SIGMA DELTA TAU
SDT Boutique,Emblem Crewneck,UPI2606187922,Sweatshirts > Crewneck sweatshirts,https://cdn.shopify.com/s/files/1/0863/1835/0658/files/SDT24001918000NAVY_1.jpg?v=1735874267,SIGMA DELTA TAU
SDT Boutique,Skyler Crewneck,UPI2606188930,Sweatshirts > Crewneck sweatshirts,https://cdn.shopify.com/s/files/1/0863/1835/0658/files/SDT24002018000LIGHTBLUE.jpg?v=1735874266,SIGMA DELTA TAU
SDT Boutique,Varsity Long Sleeve,UPI2606186674,Shirts > Long sleeve t-shirts,https://cdn.shopify.com/s/files/1/0863/1835/0658/files/SDT2400216014NAVY.jpg?v=1735874265,SIGMA DELTA TAU
SDT Boutique,Emblem Tee,UPI2606183762,Shirts > Short sleeve t-shirts,https://cdn.shopify.com/s/files/1/0863/1835/0658/files/SDT2400223001CVCHTHRTRUEROYAL.jpg?v=1735874265,SIGMA DELTA TAU
SDT Boutique,Greyson Tee,UPI2606188866,Shirts > Short sleeve t-shirts,https://cdn.shopify.com/s/files/1/0863/1835/0658/files/SDT2400233001CVCATH.HTHR.jpg?v=1735874264,SIGMA DELTA TAU
SDT Boutique,Varsity Hoodie,UPI26061892501,Sweatshirts > Hooded sweatshirts,https://cdn.shopify.com/s/files/1/0863/1835/0658/files/SDT24002418500ASH.jpg?v=1735874263,SIGMA DELTA TAU
SDT Boutique,Sunny T,UPI26061819541,Shirts > Short sleeve t-shirts,https://cdn.shopify.com/s/files/1/0863/1835/0658/files/SDT2400251717MUSTARD.jpg?v=1735874262,SIGMA DELTA TAU
SDT Boutique,Outline Crewneck,UPI2606184386,Sweatshirts > Crewneck sweatshirts,https://cdn.shopify.com/s/files/1/0863/1835/0658/files/SDT24002618000WHITE.jpg?v=1735874261,SIGMA DELTA TAU
SDT Boutique,Signature Quarter Zip,UPI2606181026,Outerwear > Jackets,https://cdn.shopify.com/s/files/1/0863/1835/0658/files/SDT240027995MRASH.jpg?v=1735874260,SIGMA DELTA TAU
SDT Boutique,Varsity Tee,UPI2606189730,Shirts > Short sleeve t-shirts,https://cdn.shopify.com/s/files/1/0863/1835/0658/files/SDT2400281717Hydrangea.jpg?v=1735874259,SIGMA DELTA TAU
SDT Boutique,Local Team Tee,UPI2606183890,Shirts > Short sleeve t-shirts,https://cdn.shopify.com/s/files/1/0863/1835/0658/files/SDT2400291717TRUENAVYback_1.jpg?v=1735874258,SIGMA DELTA TAU
SDT Boutique,Ivory Emblem Tee,UPI2606186066,Shirts > Short sleeve t-shirts,https://cdn.shopify.com/s/files/1/0863/1835/0658/files/SDT2400301717IVORYback.jpg?v=1735874257,SIGMA DELTA TAU
SDT Boutique,Heidi Tee,UPI2606185410,Shirts > Short sleeve t-shirts,https://cdn.shopify.com/s/files/1/0863/1835/0658/files/SDT2400311717Hydrangeaback.jpg?v=1735874256,SIGMA DELTA TAU
SDT Boutique,Club Athletic Tee,UPI26061853141,Shirts > Short sleeve t-shirts,https://cdn.shopify.com/s/files/1/0863/1835/0658/files/SDT2400323001WHITE.jpg?v=1735874255,SIGMA DELTA TAU
SDT Boutique,Shield Tee,UPI2606183826,Shirts > Short sleeve t-shirts,https://cdn.shopify.com/s/files/1/0863/1835/0658/files/SDT2400333001SOFTCREAM.jpg?v=1715790743,SIGMA DELTA TAU
SDT Boutique,Script Established Tee,UPI2606180722,Shirts > Short sleeve t-shirts,https://cdn.shopify.com/s/files/1/0863/1835/0658/files/SDT2400343001COOLBLUE.jpg?v=1735874254,SIGMA DELTA TAU
SDT Boutique,Team Sig Delt,UPI2606188066,Shirts > Short sleeve t-shirts,https://cdn.shopify.com/s/files/1/0863/1835/0658/files/SDT2400353001WHITE.jpg?v=1735874253,SIGMA DELTA TAU
SDT Boutique,Convex Tee,UPI2606182194,Shirts > Short sleeve t-shirts,https://cdn.shopify.com/s/files/1/0863/1835/0658/files/SDT2400361717IVORY.jpg?v=1735874252,SIGMA DELTA TAU
SDT Boutique,Script Established Crewneck,UPI26061871861,Sweatshirts > Crewneck sweatshirts,https://cdn.shopify.com/s/files/1/0863/1835/0658/files/SDT24003718000WHITE.jpg?v=1735874252,SIGMA DELTA TAU
SDT Boutique,Vader Crewneck,UPI26061846901,Sweatshirts > Crewneck sweatshirts,https://cdn.shopify.com/s/files/1/0863/1835/0658/files/SDT24003818000BLACK.jpg?v=1735874251,SIGMA DELTA TAU
SDT Boutique,Basic Crewneck,UPI2606189426,Sweatshirts > Crewneck sweatshirts,https://cdn.shopify.com/s/files/1/0863/1835/0658/files/SDT24003918000ASH.jpg?v=1735874250,SIGMA DELTA TAU
SDT Boutique,Dove Crewneck,UPI2606183090,Sweatshirts > Crewneck sweatshirts,https://cdn.shopify.com/s/files/1/0863/1835/0658/files/SDT24004018000darkchoc.jpg?v=1735874249,SIGMA DELTA TAU
SDT Boutique,Classic Greek Crewneck,UPI2606183362,Sweatshirts > Crewneck sweatshirts,https://cdn.shopify.com/s/files/1/0863/1835/0658/files/SDT24004018000DARKHTHR.jpg?v=1735874248,SIGMA DELTA TAU
SDT Boutique,Team Sig Delt Crop Tee,UPI26061879381,Shirts > Short sleeve t-shirts,https://cdn.shopify.com/s/files/1/0863/1835/0658/files/SDT2400411201WHITE_NAVY.jpg?v=1735874247,SIGMA DELTA TAU
SDT Boutique,Sand Bar Hoodie,UPI26061860661,Sweatshirts > Hooded sweatshirts,https://cdn.shopify.com/s/files/1/0863/1835/0658/files/SDT24004218500SAND.jpg?v=1735874247,SIGMA DELTA TAU
SDT Boutique,Navy Bar Hoodie,UPI2606185714,Sweatshirts > Hooded sweatshirts,https://cdn.shopify.com/s/files/1/0863/1835/0658/files/SDT24004318500NAVY.jpg?v=1735874246,SIGMA DELTA TAU
SDT Boutique,Sig Delt Long Sleeve,UPI2606185186,Shirts > Long sleeve t-shirts,https://cdn.shopify.com/s/files/1/0863/1835/0658/files/SDT2400446014CHAMBRAY.jpg?v=1735874245,SIGMA DELTA TAU
SDT Boutique,L.E.D Long Sleeve,UPI2606180370,Shirts > Long sleeve t-shirts,https://cdn.shopify.com/s/files/1/0863/1835/0658/files/SDT2400456014NAVYback.jpg?v=1735874244,SIGMA DELTA TAU
SDT Boutique,Beach Front Crewneck,UPI2606187874,Sweatshirts > Crewneck sweatshirts,https://cdn.shopify.com/s/files/1/0863/1835/0658/files/SDT24004618000SANDback.jpg?v=1735874243,SIGMA DELTA TAU
SDT Boutique,Sig Delt Zip Up Hoodie,UPI2606188146,Sweatshirts > Hooded sweatshirts,https://cdn.shopify.com/s/files/1/0863/1835/0658/files/SDT24004718600WHITEback.jpg?v=1735874242,SIGMA DELTA TAU
SDT Boutique,1917 Crewneck,UPI2606189490,Sweatshirts > Crewneck sweatshirts,https://cdn.shopify.com/s/files/1/0863/1835/0658/files/SDT24004818000black.jpg?v=1735874241,SIGMA DELTA TAU
SDT Boutique,Four Star Tee,UPI2606182354,Shirts > Short sleeve t-shirts,https://cdn.shopify.com/s/files/1/0863/1835/0658/files/SDT2400495000NAVY.jpg?v=1735874240,SIGMA DELTA TAU
SDT Boutique,Vintage Corded Crewneck,UPI2606182178,Sweatshirts > Crewneck sweatshirts,https://cdn.shopify.com/s/files/1/0863/1835/0658/files/SDT2400509930VINBLACK.jpg?v=1735874239,SIGMA DELTA TAU
SDT Boutique,Glacier Tie Dye Hoodie,UPI2606189234,Sweatshirts > Hooded sweatshirts,https://cdn.shopify.com/s/files/1/0863/1835/0658/files/SDT240051CD8600-GLACIER.jpg?v=1735874238,SIGMA DELTA TAU
SDT Boutique,Signature Crop Top,UPI2606189506,Shirts > Short sleeve t-shirts,https://cdn.shopify.com/s/files/1/0863/1835/0658/files/SDT2400521010NAVY.jpg?v=1735874237,SIGMA DELTA TAU
SDT Boutique,Save the Date Crewneck,UPI26061812981,Sweatshirts > Crewneck sweatshirts,https://cdn.shopify.com/s/files/1/0863/1835/0658/files/SDT24005318000CHARCOAL.jpg?v=1735874237,SIGMA DELTA TAU
SDT Boutique,New York Crop Top,UPI2606182818,Shirts > Short sleeve t-shirts,https://cdn.shopify.com/s/files/1/0863/1835/0658/files/SDT2400541010WHITE.jpg?v=1735874236,SIGMA DELTA TAU
SDT Boutique,Etched Crewneck,UPI26061879861,Sweatshirts > Crewneck sweatshirts,https://cdn.shopify.com/s/files/1/0863/1835/0658/files/SDT24005518000SANDback.jpg?v=1735874235,SIGMA DELTA TAU
SDT Boutique,Love You Hoodie,UPI2606184882,Sweatshirts > Hooded sweatshirts,https://cdn.shopify.com/s/files/1/0863/1835/0658/files/SDT24005618500WHITEback.jpg?v=1735874234,SIGMA DELTA TAU
SDT Boutique,Butterfly Outline Crewneck,UPI2606186514,Sweatshirts > Crewneck sweatshirts,https://cdn.shopify.com/s/files/1/0863/1835/0658/files/SDT24005718000WHITE.jpg?v=1735874233,SIGMA DELTA TAU
SDT Boutique,Cool Grin Tee,UPI2606187602,Shirts > Short sleeve t-shirts,https://cdn.shopify.com/s/files/1/0863/1835/0658/files/SDT2400583001coolblue.jpg?v=1735874232,SIGMA DELTA TAU
SDT Boutique,Silver Grin Tee (Copy),UPI2606180018,Shirts > Short sleeve t-shirts,https://cdn.shopify.com/s/files/1/0863/1835/0658/files/SDT2400583001SILVER.jpg?v=1735874231,SIGMA DELTA TAU
SDT Boutique,Cheshire Crewneck,UPI2606180482,Sweatshirts > Crewneck sweatshirts,https://cdn.shopify.com/s/files/1/0863/1835/0658/files/SDT24006018000CHARCOALback.jpg?v=1735874230,SIGMA DELTA TAU
SDT Boutique,Tri Floral Tee,UPI26061885302,Shirts > Short sleeve t-shirts,https://cdn.shopify.com/s/files/1/0863/1835/0658/files/SDT2400615000LIGHTBLUE.jpg?v=1735874229,SIGMA DELTA TAU
SDT Boutique,Shadow Block Crewneck,UPI2606187650,Sweatshirts > Crewneck sweatshirts,https://cdn.shopify.com/s/files/1/0863/1835/0658/files/SDT24006218000LIGHTBLUE.jpg?v=1735874228,SIGMA DELTA TAU
SDT Boutique,Barcode Hoodie,UPI2606184002,Sweatshirts > Hooded sweatshirts,https://cdn.shopify.com/s/files/1/0863/1835/0658/files/SDT24006318500BLACKback.jpg?v=1735874227,SIGMA DELTA TAU
SDT Boutique,Simple Pink Bow Crewneck,UPI2606181506,Sweatshirts > Crewneck sweatshirts,https://cdn.shopify.com/s/files/1/0863/1835/0658/files/SDT24006418000WHITE.jpg?v=1735874226,SIGMA DELTA TAU
SDT Boutique,It's a Good Day Hoodie,UPI2606182946,Sweatshirts > Hooded sweatshirts,https://cdn.shopify.com/s/files/1/0863/1835/0658/files/SDT24006518500LIGHTBLUEback.jpg?v=1735874225,SIGMA DELTA TAU
SDT Boutique,Maria Crop Top,UPI2606184562,Shirts > Short sleeve t-shirts,https://cdn.shopify.com/s/files/1/0863/1835/0658/files/SDT2400661010BLACK.jpg?v=1735874225,SIGMA DELTA TAU
SDT Boutique,Simple Crop Top Tank,UPI2606180642,Shirts > Tank tops,https://cdn.shopify.com/s/files/1/0863/1835/0658/files/SDT2400671013ATHL.HEATHER.jpg?v=1735874224,SIGMA DELTA TAU
SDT Boutique,Maria Tee,UPI2606180738,Shirts > Short sleeve t-shirts,https://cdn.shopify.com/s/files/1/0863/1835/0658/files/SDT2400683001WHITE.jpg?v=1735874223,SIGMA DELTA TAU
SDT Boutique,Somebody Hoodie,UPI2606188434,Sweatshirts > Hooded sweatshirts,https://cdn.shopify.com/s/files/1/0863/1835/0658/files/SDT24006918500WHITEback.jpg?v=1735874222,SIGMA DELTA TAU
SDT Boutique,Butterfly Rings Tee,UPI26061891541,Shirts > Short sleeve t-shirts,https://cdn.shopify.com/s/files/1/0863/1835/0658/files/SDT2400701717IVORY.jpg?v=1735874222,SIGMA DELTA TAU
SDT Boutique,Version Crewneck,UPI2606184162,Sweatshirts > Crewneck sweatshirts,https://cdn.shopify.com/s/files/1/0863/1835/0658/files/SDT24007118000LIGHTBLUE.jpg?v=1735874221,SIGMA DELTA TAU
SDT Boutique,Version Baby Tee,UPI26061868501,Shirts > Short sleeve t-shirts,https://cdn.shopify.com/s/files/1/0863/1835/0658/files/SDT2400721010LIGHTBLUE.jpg?v=1735874220,SIGMA DELTA TAU
SDT Boutique,Signature Alumna Tee,UPI26061849301,Shirts > Short sleeve t-shirts,https://cdn.shopify.com/s/files/1/0863/1835/0658/files/SDT2400731717BANANA.jpg?v=1735874216,SIGMA DELTA TAU
SDT Boutique,Lined Alumna Tee,UPI2606184578,Shirts > Short sleeve t-shirts,https://cdn.shopify.com/s/files/1/0863/1835/0658/files/SDT2400741717Hydrangea.jpg?v=1735874215,SIGMA DELTA TAU
SDT Boutique,Asphalt Alumna Tee,UPI2606189138,Shirts > Short sleeve t-shirts,https://cdn.shopify.com/s/files/1/0863/1835/0658/files/SDT2400753001ASPHALT.jpg?v=1735874214,SIGMA DELTA TAU
SDT Boutique,Classic Alumna Script Tee,UPI2606187378,Shirts > Short sleeve t-shirts,https://cdn.shopify.com/s/files/1/0863/1835/0658/files/SDT2400763001WHITE.jpg?v=1735874213,SIGMA DELTA TAU
SDT Boutique,Be Bold Alumna Crewneck,UPI2606182898,Sweatshirts > Crewneck sweatshirts,https://cdn.shopify.com/s/files/1/0863/1835/0658/files/SDT24007718000ASH.jpg?v=1735874213,SIGMA DELTA TAU
SDT Boutique,Signature Alumna Crewneck,UPI2606183346,Sweatshirts > Crewneck sweatshirts,https://cdn.shopify.com/s/files/1/0863/1835/0658/files/SDT24007818000NAVY.jpg?v=1735874212,SIGMA DELTA TAU
SDT Boutique,Artic Alumna Crewneck,UPI2606184418,Sweatshirts > Crewneck sweatshirts,https://cdn.shopify.com/s/files/1/0863/1835/0658/files/SDT24007918000WHITE.jpg?v=1735874211,SIGMA DELTA TAU
SDT Boutique,Sand Script Alum Crewneck,UPI2606189330,Sweatshirts > Crewneck sweatshirts,https://cdn.shopify.com/s/files/1/0863/1835/0658/files/SDT24008018000SAND.jpg?v=1735874210,SIGMA DELTA TAU
SDT Boutique,Alum Packable Anorak Jacket,UPI2606180850,Outerwear > Jackets,https://cdn.shopify.com/s/files/1/0863/1835/0658/files/SDT240081JST66BLACK.jpg?v=1735874209,SIGMA DELTA TAU
SDT Boutique,Classic Alumna V-Neck,UPI2606188530,Shirts > Short sleeve t-shirts,https://cdn.shopify.com/s/files/1/0863/1835/0658/files/SDT2400826405NATURAL.jpg?v=1735874208,SIGMA DELTA TAU
SDT Boutique,Alum Hat,UPI2606185586,Headwear > Billed hats,https://cdn.shopify.com/s/files/1/0863/1835/0658/files/SDT240083VC300ANAVY.jpg?v=1735874207,SIGMA DELTA TAU
SDT Boutique,Alum Script Hat,UPI26061888021,Headwear > Billed hats,https://cdn.shopify.com/s/files/1/0863/1835/0658/files/SDT240084VC300AWHITE.jpg?v=1735874206,SIGMA DELTA TAU
SDT Boutique,Varsity Alum Long Sleeve,UPI2606183986,Shirts > Long sleeve t-shirts,https://cdn.shopify.com/s/files/1/0863/1835/0658/files/SDT2400856014NAVY.jpg?v=1735874205,SIGMA DELTA TAU
SDT Boutique,Alum Gust Grey Cardigan,UPI2606180514,Apparel > Sweaters,https://cdn.shopify.com/s/files/1/0863/1835/0658/files/SDT240086MM3023GUSTYGREY.jpg?v=1735874204,SIGMA DELTA TAU
SDT Boutique,Sky Blue Mom Tee,UPI2606185522,Shirts > Short sleeve t-shirts,https://cdn.shopify.com/s/files/1/0863/1835/0658/files/SDT2400883001SKY.jpg?v=1735874203,SIGMA DELTA TAU
SDT Boutique,Sig Delt Dad Tee,UPI2606184098,Shirts > Short sleeve t-shirts,https://cdn.shopify.com/s/files/1/0863/1835/0658/files/SDT2400895000NAVY.jpg?v=1735874202,SIGMA DELTA TAU
SDT Boutique,Cool Mom Tee,UPI2606181698,Shirts > Short sleeve t-shirts,https://cdn.shopify.com/s/files/1/0863/1835/0658/files/SDT2400903001COOLBLUE.jpg?v=1735874201,SIGMA DELTA TAU
SDT Boutique,Script Mom Crewneck,UPI2606185154,Sweatshirts > Crewneck sweatshirts,https://cdn.shopify.com/s/files/1/0863/1835/0658/files/SDT24009118000NAVY.jpg?v=1735874199,SIGMA DELTA TAU
SDT Boutique,Sig Delt Dad Crewneck,UPI2606184898,Sweatshirts > Crewneck sweatshirts,https://cdn.shopify.com/s/files/1/0863/1835/0658/files/SDT24009218000CHARCOAL.jpg?v=1735874198,SIGMA DELTA TAU
SDT Boutique,Dad Hat,UPI2606188834,Headwear > Billed hats,https://cdn.shopify.com/s/files/1/0863/1835/0658/files/SDT240093VC300ANAVY.jpg?v=1735874198,SIGMA DELTA TAU
SDT Boutique,Smiley Onesie,UPI2606186722,Baby > Baby bodysuits,https://cdn.shopify.com/s/files/1/0863/1835/0658/files/SDT2400954400AQUA.jpg?v=1735874197,SIGMA DELTA TAU
SDT Boutique,Love Me Onesie,UPI2606186994,Baby > Baby bodysuits,https://cdn.shopify.com/s/files/1/0863/1835/0658/files/SDT2400964400YELLOW.jpg?v=1735874196,SIGMA DELTA TAU
SDT Boutique,Love Me Toddler Tee,UPI2606188274,Shirts > Short sleeve t-shirts,https://cdn.shopify.com/s/files/1/0863/1835/0658/files/SDT2400973301TWHITE.jpg?v=1735874195,SIGMA DELTA TAU
SDT Boutique,Smiley Toddler Tee,UPI2606185618,Shirts > Short sleeve t-shirts,https://cdn.shopify.com/s/files/1/0863/1835/0658/files/SDT2400983301TBLACK.jpg?v=1735874194,SIGMA DELTA TAU
SDT Boutique,Classic Letter Hat,UPI2606186466,Headwear > Billed hats,https://cdn.shopify.com/s/files/1/0863/1835/0658/files/SDT240099VC300ANAVY.jpg?v=1735874194,SIGMA DELTA TAU
SDT Boutique,Graduation Cord,UPI2606184050,Apparel > Graduation cords,https://cdn.shopify.com/s/files/1/0863/1835/0658/files/SDT240101LIGHTBLUECORD.jpg?v=1735874185,SIGMA DELTA TAU
SDT Boutique,Light Blue with White Trim Stole- COMING SOON,UPI2606183618,Apparel > Stoles,https://cdn.shopify.com/s/files/1/0863/1835/0658/files/SDT240102GRADSTOLESLIGHTBLUE.jpg?v=1735874185,SIGMA DELTA TAU
SDT Boutique,Navy with Light Blue Trim Stole,UPI2606181874,Apparel > Stoles,https://cdn.shopify.com/s/files/1/0863/1835/0658/files/SDT240102GRADSTOLESNAVY.jpg?v=1735874184,SIGMA DELTA TAU
SDT Boutique,White Sigma Delta Tau Pen,UPI2606181538,Office products > Pens,https://cdn.shopify.com/s/files/1/0863/1835/0658/files/SDT240103208VALETPEN.jpg?v=1735874182,SIGMA DELTA TAU
SDT Boutique,Name Badges- NOT SOLD OUT!- See product description for details,UPI2606188962,Paper/print goods > Name tags,https://cdn.shopify.com/s/files/1/0863/1835/0658/files/SDT240104NAMETAGS.jpg?v=1735874181,SIGMA DELTA TAU
SDT Boutique,Sig Delt Logo Sticker,UPI2606187538,Promotional > Stickers,https://cdn.shopify.com/s/files/1/0863/1835/0658/files/SDT240105STICKER.jpg?v=1735874180,SIGMA DELTA TAU
SDT Boutique,Shine as One Sticker,UPI2606186834,Promotional > Stickers,https://cdn.shopify.com/s/files/1/0863/1835/0658/files/SDT240106STICKER.jpg?v=1735874179,SIGMA DELTA TAU
SDT Boutique,Shadow & Script Sticker,UPI2606182386,Promotional > Stickers,https://cdn.shopify.com/s/files/1/0863/1835/0658/files/SDT240107STICKER.jpg?v=1780431819,SIGMA DELTA TAU
SDT Boutique,Bow Sticker,UPI2606183106,Promotional > Stickers,https://cdn.shopify.com/s/files/1/0863/1835/0658/files/SDT240108STICKER.jpg?v=1735874177,SIGMA DELTA TAU
SDT Boutique,Logo Button,UPI2606183378,Apparel > Buttons,https://cdn.shopify.com/s/files/1/0863/1835/0658/files/SDT240109BUTTON.jpg?v=1735874176,SIGMA DELTA TAU
SDT Boutique,Letter Button,UPI2606182578,Apparel > Buttons,https://cdn.shopify.com/s/files/1/0863/1835/0658/files/SDT240110BUTTON.jpg?v=1735874175,SIGMA DELTA TAU
SDT Boutique,Throbbing Heart Button,UPI2606185170,Apparel > Buttons,https://cdn.shopify.com/s/files/1/0863/1835/0658/files/SDT240111BUTTON.jpg?v=1735874174,SIGMA DELTA TAU
SDT Boutique,Checker Button,UPI2606187762,Promotional > Pin-back buttons,https://cdn.shopify.com/s/files/1/0863/1835/0658/files/SDT240112BUTTON.jpg?v=1716237934,SIGMA DELTA TAU
SDT Boutique,Double Sided Flag,UPI2606187938,Household items > Flags,https://cdn.shopify.com/s/files/1/0863/1835/0658/files/SDT24FLAG1.jpg?v=1735874173,SIGMA DELTA TAU
SDT Boutique,Ice Blue Tone on Tone Tee,UPI2606181298,Shirts > Short sleeve t-shirts,https://cdn.shopify.com/s/files/1/0863/1835/0658/files/SDT24GL1011717ICEBLUE.jpg?v=1735874172,SIGMA DELTA TAU
SDT Boutique,Ivory Flower Tee,UPI2606187906,Shirts > Short sleeve t-shirts,https://cdn.shopify.com/s/files/1/0863/1835/0658/files/SDT24GL1021717IVORY.jpg?v=1735874170,SIGMA DELTA TAU
SDT Boutique,17 Shine as One Crewneck,UPI2606188354,Sweatshirts > Crewneck sweatshirts,https://cdn.shopify.com/s/files/1/0863/1835/0658/files/SDT24GL103SS3000SANDSTONE.jpg?v=1735874169,SIGMA DELTA TAU
SDT Boutique,Established 1917 Flower Tee,UPI2606186658,Shirts > Short sleeve t-shirts,https://cdn.shopify.com/s/files/1/0863/1835/0658/files/SDT24GL1041717WHITE.jpg?v=1735874168,SIGMA DELTA TAU
SDT Boutique,Slate Crewneck,UPI26061873781,Sweatshirts > Crewneck sweatshirts,https://cdn.shopify.com/s/files/1/0863/1835/0658/files/SDT24GL105PRM3500SLATEBLUE.jpg?v=1735874167,SIGMA DELTA TAU
SDT Boutique,Slate Crewneck,UPI2606180146,Sweatshirts > Crewneck sweatshirts,https://cdn.shopify.com/s/files/1/0863/1835/0658/files/SDT24GL105PRM3500SLATEBLUE.jpg?v=1735874167,SIGMA DELTA TAU
SDT Boutique,Bonnie Crewneck,UPI2606185058,Sweatshirts > Crewneck sweatshirts,https://cdn.shopify.com/s/files/1/0863/1835/0658/files/SDT24GL106SS3000BONE.jpg?v=1735874164,SIGMA DELTA TAU
SDT Boutique,Retro Repeat Crewneck,UPI2606182562,Sweatshirts > Crewneck sweatshirts,https://cdn.shopify.com/s/files/1/0863/1835/0658/files/SDT24GL10718000CHARCOAL.jpg?v=1735874163,SIGMA DELTA TAU
SDT Boutique,Shine As One Comfort Tee,UPI2606186226,Shirts > Short sleeve t-shirts,https://cdn.shopify.com/s/files/1/0863/1835/0658/files/SDT24GL1081717WHITEBACK.jpg?v=1735874161,SIGMA DELTA TAU
SDT Boutique,New York Shaka Tee,UPI2606189442,Shirts > Short sleeve t-shirts,https://cdn.shopify.com/s/files/1/0863/1835/0658/files/SDT24GL109SHGDDSHAKACREAM.jpg?v=1735874160,SIGMA DELTA TAU
SDT Boutique,Logo Storm Hoodie,UPI2606180962,Sweatshirts > Hooded sweatshirts,https://cdn.shopify.com/s/files/1/0863/1835/0658/files/SDT24GL110SS4500STORMBLUE.jpg?v=1735874159,SIGMA DELTA TAU
SDT Boutique,Since 1917 Hoodie,UPI26061831061,Sweatshirts > Hooded sweatshirts,https://cdn.shopify.com/s/files/1/0863/1835/0658/files/SDT24GL111SMOKEBACK.jpg?v=1735874156,SIGMA DELTA TAU
SDT Boutique,Notice Tee,UPI2606180786,Shirts > Short sleeve t-shirts,https://cdn.shopify.com/s/files/1/0863/1835/0658/files/SDT24GL1121717BLACK.jpg?v=1735874155,SIGMA DELTA TAU
SDT Boutique,Birch Cardigan,UPI2606184626,Apparel > Sweaters,https://cdn.shopify.com/s/files/1/0863/1835/0658/files/SDT24GL113MM3023BERCH.jpg?v=1735874153,SIGMA DELTA TAU
SDT Boutique,Navy Logo Game Day Hat,UPI2606182306,Headwear > Billed hats,https://cdn.shopify.com/s/files/1/0863/1835/0658/files/SDT24GL114GB465NAVY.jpg?v=1735874151,SIGMA DELTA TAU
SDT Boutique,Khaki Game Day Hat,UPI26061806102,Headwear > Billed hats,https://cdn.shopify.com/s/files/1/0863/1835/0658/files/SDT24GL115GB465KHAKI.jpg?v=1735874150,SIGMA DELTA TAU
SDT Boutique,Khaki Game Day Hat,UPI26061833781,Headwear > Billed hats,https://cdn.shopify.com/s/files/1/0863/1835/0658/files/SDT24GL115GB465KHAKI.jpg?v=1735874150,SIGMA DELTA TAU
SDT Boutique,Color Block Hoodie,UPI2606181058,Sweatshirts > Hooded sweatshirts,https://cdn.shopify.com/s/files/1/0863/1835/0658/files/SDT24GL116W23716HEATHER.jpg?v=1735874146,SIGMA DELTA TAU
SDT Boutique,Vertical Tote,UPI2606185794,Bags > Tote bags,https://cdn.shopify.com/s/files/1/0863/1835/0658/files/SDT24GL117Q800NATURAL.jpg?v=1735874145,SIGMA DELTA TAU
SDT Boutique,Blue Bow Crop Tank,UPI2606180530,Shirts > Tank tops,https://cdn.shopify.com/s/files/1/0863/1835/0658/files/SDT24GL1181013WHITE.jpg?v=1735874144,SIGMA DELTA TAU
SDT Boutique,Athletic Crop Tank,UPI2606183122,Shirts > Tank tops,https://cdn.shopify.com/s/files/1/0863/1835/0658/files/SDT24GL1191013ATHL.HEATHER.jpg?v=1735874143,SIGMA DELTA TAU
SDT Boutique,Established Natural Crop Tee,UPI2606180626,Shirts > Short sleeve t-shirts,https://cdn.shopify.com/s/files/1/0863/1835/0658/files/SDT24GL1201010NATURAL.jpg?v=1735874142,SIGMA DELTA TAU
SDT Boutique,3-Peat Crop Tee,UPI2606189826,Shirts > Short sleeve t-shirts,https://cdn.shopify.com/s/files/1/0863/1835/0658/files/SDT24GL1211010BLACK.jpg?v=1735874141,SIGMA DELTA TAU
SDT Boutique,Athletic Crop Tee,UPI2606185362,Shirts > Short sleeve t-shirts,https://cdn.shopify.com/s/files/1/0863/1835/0658/files/SDT24GL1221010ATL.HEATHER.jpg?v=1735874139,SIGMA DELTA TAU
SDT Boutique,Logo Postcard,UPI2606183042,Paper/print goods > Postcards,https://cdn.shopify.com/s/files/1/0863/1835/0658/files/SDT24GL123POSTCARDFRONT.jpg?v=1735874138,SIGMA DELTA TAU
SDT Boutique,Sigma Delta Tau Notecard,UPI2606188850,Stationery > Note cards,https://cdn.shopify.com/s/files/1/0863/1835/0658/files/SDT24GL124FOLDOVERNOTECARD.jpg?v=1735874137,SIGMA DELTA TAU
SDT Boutique,Checkered Button,UPI2606188674,Apparel > Buttons,https://cdn.shopify.com/s/files/1/0863/1835/0658/files/SDT24GL125BUTTON.jpg?v=1735874136,SIGMA DELTA TAU
SDT Boutique,Hand Sign Button,UPI2606186802,Apparel > Buttons,https://cdn.shopify.com/s/files/1/0863/1835/0658/files/SDT24GL126BUTTON.jpg?v=1735874135,SIGMA DELTA TAU
SDT Boutique,Hand Sign Button,UPI26061866068,,https://cdn.shopify.com/s/files/1/0863/1835/0658/files/SDT24GL126BUTTON.jpg?v=1735874135,SIGMA DELTA TAU
SDT Boutique,1917 Sticker,UPI2606184930,Promotional > Stickers,https://cdn.shopify.com/s/files/1/0863/1835/0658/files/SDT24GL127STICKER.jpg?v=1735874134,SIGMA DELTA TAU
SDT Boutique,Blue Bow Sticker,UPI2606181986,Promotional > Stickers,https://cdn.shopify.com/s/files/1/0863/1835/0658/files/SDT24GL128STICKER.jpg?v=1735874133,SIGMA DELTA TAU
SDT Boutique,XO Tee,UPI2606188482,Shirts > Short sleeve t-shirts,https://cdn.shopify.com/s/files/1/0863/1835/0658/files/SDT24GL2011717BLACK.jpg?v=1735874132,SIGMA DELTA TAU
SDT Boutique,Cherry Bow Crewneck,UPI2606187778,Sweatshirts > Crewneck sweatshirts,https://cdn.shopify.com/s/files/1/0863/1835/0658/files/SDT24GL20218000LIGHTPINK.jpg?v=1735874130,SIGMA DELTA TAU
SDT Boutique,Reindeer Games,UPI2606187522,Sweatshirts > Crewneck sweatshirts,https://cdn.shopify.com/s/files/1/0863/1835/0658/files/SDT24GL2031717whire.jpg?v=1735874129,SIGMA DELTA TAU
SDT Boutique,Snowfall Crewneck,UPI2606186642,Sweatshirts > Crewneck sweatshirts,https://cdn.shopify.com/s/files/1/0863/1835/0658/files/SDT24GL20418000SPORTSGRAY_1.jpg?v=1735874128,SIGMA DELTA TAU
SDT Boutique,Ghosted Crewneck,UPI2606186386,Sweatshirts > Crewneck sweatshirts,https://cdn.shopify.com/s/files/1/0863/1835/0658/files/SDT24GL20518000BLACK.jpg?v=1735874126,SIGMA DELTA TAU
SDT Boutique,Hanukkah Crewneck,UPI26061808661,Sweatshirts > Crewneck sweatshirts,https://cdn.shopify.com/s/files/1/0863/1835/0658/files/SDT24GL20618000SAND.jpg?v=1735874125,SIGMA DELTA TAU
SDT Boutique,Gingerbread Crewneck,UPI2606184274,Sweatshirts > Crewneck sweatshirts,https://cdn.shopify.com/s/files/1/0863/1835/0658/files/SDT24GL20718000SAND.jpg?v=1735874124,SIGMA DELTA TAU
SDT Boutique,Pumpkin Bow Tee,UPI26061821461,Shirts > Short sleeve t-shirts,https://cdn.shopify.com/s/files/1/0863/1835/0658/files/SDT24GL2081717YAM_1.jpg?v=1735874122,SIGMA DELTA TAU
SDT Boutique,Holiday Bow Crewneck,UPI2606186706,Sweatshirts > Crewneck sweatshirts,https://cdn.shopify.com/s/files/1/0863/1835/0658/files/SDT24GL20918000marron.jpg?v=1735874121,SIGMA DELTA TAU
SDT Boutique,1917 Founders Crewneck,UPI2606184514,Sweatshirts > Crewneck sweatshirts,https://cdn.shopify.com/s/files/1/0863/1835/0658/files/SDT25000118000INDIGOBLUE.jpg?v=1741636162,SIGMA DELTA TAU
SDT Boutique,Script Founders Crewneck,UPI2606184690,Sweatshirts > Crewneck sweatshirts,https://cdn.shopify.com/s/files/1/0863/1835/0658/files/SDT25000218000LTBLUE.jpg?v=1741635824,SIGMA DELTA TAU
SDT Boutique,1917 Founders T-Shirt,UPI26061828181,Shirts > Short sleeve t-shirts,https://cdn.shopify.com/s/files/1/0863/1835/0658/files/SDT250003_1717_CHINA_BLUE.jpg?v=1741636294,SIGMA DELTA TAU
SDT Boutique,Script Founders T-Shirt,UPI26061885301,Shirts > Short sleeve t-shirts,https://cdn.shopify.com/s/files/1/0863/1835/0658/files/SDT2500041717CHAMBRAY.jpg?v=1741636004,SIGMA DELTA TAU
SDT Boutique,Matchbox Hoodie,UPI2606182082,Sweatshirts > Hooded sweatshirts,https://cdn.shopify.com/s/files/1/0863/1835/0658/files/SDT25010118500INDIGOBLUEback_1.jpg?v=1743790598,SIGMA DELTA TAU
SDT Boutique,Sigma Delta Tau Heart Racer Tank,UPI2606186738,Shirts > Tank tops,https://cdn.shopify.com/s/files/1/0863/1835/0658/files/SDT2501021019NATURAL.jpg?v=1743604816,SIGMA DELTA TAU
SDT Boutique,Creative Crop Top,UPI2606186930,Shirts > Short sleeve t-shirts,https://cdn.shopify.com/s/files/1/0863/1835/0658/files/SDT2501031010LTBLUE.jpg?v=1743605067,SIGMA DELTA TAU
SDT Boutique,Espresso Stamp Tee,UPI26061838261,Shirts > Short sleeve t-shirts,https://cdn.shopify.com/s/files/1/0863/1835/0658/files/SDT2501041717ESPRESSO.jpg?v=1743605292,SIGMA DELTA TAU
SDT Boutique,Cheetah Star Hoodie,UPI2606183746,Sweatshirts > Crewneck sweatshirts,https://cdn.shopify.com/s/files/1/0863/1835/0658/files/SDT25010518500SPORTSGREYback.jpg?v=1743605455,SIGMA DELTA TAU
SDT Boutique,Cheetah Star Sweatpants,UPI2606188402,Pants > Sweatpants,https://cdn.shopify.com/s/files/1/0863/1835/0658/files/SDT25010618400SPORTSGREY.jpg?v=1743605623,SIGMA DELTA TAU
SDT Boutique,Play Print Crewneck,UPI2606180386,Sweatshirts > Crewneck sweatshirts,https://cdn.shopify.com/s/files/1/0863/1835/0658/files/SDT2501073945BLACK.jpg?v=1743605916,SIGMA DELTA TAU
SDT Boutique,Playful Print Shorts,UPI2606187186,Apparel > Shorts,https://cdn.shopify.com/s/files/1/0863/1835/0658/files/SDT2501083787BLACK.jpg?v=1743606214,SIGMA DELTA TAU
SDT Boutique,Limited Edition- Bella Sigma Delta Tau Crewneck,UPI2606180546,Sweatshirts > Crewneck sweatshirts,https://cdn.shopify.com/s/files/1/0863/1835/0658/files/SDT25APRIL13945NAVY.png?v=1745893342,SIGMA DELTA TAU
SDT Boutique,Limited Edition- Bella Sigma Delta Tau Shorts,UPI26061858101,Pants > Sweatpants,https://cdn.shopify.com/s/files/1/0863/1835/0658/files/SDT25APRIL23787NAVY.png?v=1745893075,SIGMA DELTA TAU
SDT Boutique,Little Hoodie,UPI2606183522,Sweatshirts > Hooded sweatshirts,https://cdn.shopify.com/s/files/1/0863/1835/0658/files/SDT25GL101front.jpg?v=1756309051,SIGMA DELTA TAU
SDT Boutique,Big Little Shorts,UPI2606185314,Pants > Sweatpants,https://cdn.shopify.com/s/files/1/0863/1835/0658/files/SDT25GL101shortsfront.jpg?v=1756309494,SIGMA DELTA TAU
SDT Boutique,Big Hoodie,UPI2606180130,Sweatshirts > Hooded sweatshirts,https://cdn.shopify.com/s/files/1/0863/1835/0658/files/SDT25GL102front_3.jpg?v=1756309371,SIGMA DELTA TAU
SDT Boutique,Big or Little Khaki Tee,UPI2606188978,Shirts > Short sleeve t-shirts,https://cdn.shopify.com/s/files/1/0863/1835/0658/files/SDT25GL1031717khaki.jpg?v=1756309710,SIGMA DELTA TAU
SDT Boutique,Big or Little Hat,UPI2606181666,Headwear > Billed hats,https://cdn.shopify.com/s/files/1/0863/1835/0658/files/SDT25GL105navylp101.jpg?v=1756310065,SIGMA DELTA TAU
SDT Boutique,Big Little Cherry Sticker,UPI2606185330,Promotional > Stickers,https://cdn.shopify.com/s/files/1/0863/1835/0658/files/SDT25GL107sticker.jpg?v=1756310276,SIGMA DELTA TAU
SDT Boutique,Dazzling Sticker,UPI2606186402,Promotional > Stickers,https://cdn.shopify.com/s/files/1/0863/1835/0658/files/SDT25GL108sticker.jpg?v=1756310423,SIGMA DELTA TAU
SDT Boutique,Obsidian Hoodie,UPI2606182546,Sweatshirts > Hooded sweatshirts,https://cdn.shopify.com/s/files/1/0863/1835/0658/files/SDT25GL201996MRBLACKBACK.jpg?v=1757805041,SIGMA DELTA TAU
SDT Boutique,Obsidian Sweatpants,UPI2606183714,Pants > Sweatpants,https://cdn.shopify.com/s/files/1/0863/1835/0658/files/SDT25GL202974MPRBLACK.jpg?v=1757805199,SIGMA DELTA TAU
SDT Boutique,Billiard Hoodie,UPI2606184082,Sweatshirts > Hooded sweatshirts,https://cdn.shopify.com/s/files/1/0863/1835/0658/files/SDT25GL203996MRASHBACK.jpg?v=1757805434,SIGMA DELTA TAU
SDT Boutique,Billiard Sweatpants,UPI26061806103,Pants > Sweatpants,https://cdn.shopify.com/s/files/1/0863/1835/0658/files/SDT25GL204974MPRASH.jpg?v=1757805611,SIGMA DELTA TAU
SDT Boutique,GDA Crewneck,UPI2606182226,Sweatshirts > Crewneck sweatshirts,https://cdn.shopify.com/s/files/1/0863/1835/0658/files/SDT25GL20518000LTBLUE.jpg?v=1757805812,SIGMA DELTA TAU
SDT Boutique,Star Espresso Tee,UPI2606187858,Shirts > Short sleeve t-shirts,https://cdn.shopify.com/s/files/1/0863/1835/0658/files/SDT25GL2061717ESPRESSO.jpg?v=1757805985,SIGMA DELTA TAU
SDT Boutique,Sig Delt - Limited Edition Preorder,UPI2606183026,Sweatshirts > Crewneck sweatshirts,https://cdn.shopify.com/s/files/1/0863/1835/0658/files/SDT25MAR1.jpg?v=1741097697,SIGMA DELTA TAU
SDT Boutique,Ash Mock Neck- Limited Edition,UPI2606183794,Apparel > Sweaters,https://cdn.shopify.com/s/files/1/0863/1835/0658/files/SDT25NOV1ASHMOCKNECK.jpg?v=1762451820,SIGMA DELTA TAU
SDT Boutique,Greetings From DC Tee,UPI2606189714,Shirts > Short sleeve t-shirts,https://cdn.shopify.com/s/files/1/0863/1835/0658/files/SDT2600016030WASHEDDENIMback_1.jpg?v=1780964728,SIGMA DELTA TAU
SDT Boutique,Shine as One Crewneck,UPI2606186322,Sweatshirts > Crewneck sweatshirts,https://cdn.shopify.com/s/files/1/0863/1835/0658/files/SDT26000218000SANDback.jpg?v=1780964864,SIGMA DELTA TAU
SDT Boutique,Hydrangea Bouquet Tee,UPI26061855221,Shirts > Short sleeve t-shirts,https://cdn.shopify.com/s/files/1/0863/1835/0658/files/SDT2600031717HYDRANGEAback.jpg?v=1780965062,SIGMA DELTA TAU
SDT Boutique,Espresso Tee,UPI26061870421,Shirts > Short sleeve t-shirts,https://cdn.shopify.com/s/files/1/0863/1835/0658/files/SDT2600046030ESPRESSOback.jpg?v=1780965209,SIGMA DELTA TAU
SDT Boutique,Washington DC Butter Tee,UPI2606187586,Shirts > Short sleeve t-shirts,https://cdn.shopify.com/s/files/1/0863/1835/0658/files/SDT2600051717BANANA.jpg?v=1780966614,SIGMA DELTA TAU
SDT Boutique,Washington DC Sticker,UPI2606181554,Promotional > Stickers,https://cdn.shopify.com/s/files/1/0863/1835/0658/files/SDT260009STICKER_1.jpg?v=1780967526,SIGMA DELTA TAU
SDT Boutique,Charcoal Heather Cardigan,UPI2606184642,Outerwear > Jackets,https://cdn.shopify.com/s/files/1/0863/1835/0658/files/SDT260011LSW2870CHARHTR.jpg?v=1780966835,SIGMA DELTA TAU
SDT Boutique,Warm Taupe 1/4 Zip,UPI2606182770,Shirts > Short sleeve t-shirts,https://cdn.shopify.com/s/files/1/0863/1835/0658/files/SDT260012MM3041WARMTAUPE.jpg?v=1780967059,SIGMA DELTA TAU
SDT Boutique,Black Blazer,UPI2606181970,Outerwear > Jackets,https://cdn.shopify.com/s/files/1/0863/1835/0658/files/SDT260013LM2000BLACK.jpg?v=1780967223,SIGMA DELTA TAU
SDT Boutique,Pink Beanie,UPI2606184546,Headwear > Beanies,https://cdn.shopify.com/s/files/1/0863/1835/0658/files/SDT26GL1091501KCPINKemb.jpg?v=1767980045,SIGMA DELTA TAU
SDT Boutique,Crewneck & Beanie Bundle,UPI2606188562,Bundles > Apparel bundles,https://cdn.shopify.com/s/files/1/0863/1835/0658/files/SDT26GL109CrewneckandBeanie.jpg?v=1767979940,SIGMA DELTA TAU
SDT Boutique,Simple Bow Crewneck,UPI2606188706,Sweatshirts > Crewneck sweatshirts,https://cdn.shopify.com/s/files/1/0863/1835/0658/files/SDT26GL30118000RED.jpg?v=1769625324,SIGMA DELTA TAU
SDT Boutique,Patched Bow Hoodie,UPI2606182914,Sweatshirts > Hooded sweatshirts,https://cdn.shopify.com/s/files/1/0863/1835/0658/files/SDT26GL30218500ASHBACK.jpg?v=1769625440,SIGMA DELTA TAU
SDT Boutique,Graphic Galentine Tee,UPI2606183218,Shirts > Short sleeve t-shirts,https://cdn.shopify.com/s/files/1/0863/1835/0658/files/SDT26GL3031717BLOSSOM_88b953df-a97c-4b4e-90d5-7a7b5132e74d.jpg?v=1769800783,SIGMA DELTA TAU
SDT Boutique,Paradise Tee,UPI2606180866,Shirts > Short sleeve t-shirts,https://cdn.shopify.com/s/files/1/0863/1835/0658/files/SDT26GL4011717IVORYback.jpg?v=1771351873,SIGMA DELTA TAU
SDT Boutique,Beach Mode Trucker Hat,UPI260618907020,Headwear > Billed hats,https://cdn.shopify.com/s/files/1/0863/1835/0658/files/SDT26GL402VC700NAVY_WHITE.jpg?v=1771351947,SIGMA DELTA TAU
SDT Boutique,Beach Mode Trucker Hat,UPI2606181954,Headwear > Billed hats,https://cdn.shopify.com/s/files/1/0863/1835/0658/files/SDT26GL402VC700NAVY_WHITE.jpg?v=1771351947,SIGMA DELTA TAU
SDT Boutique,Tidal Wave Crewneck,UPI2606189458,Sweatshirts > Crewneck sweatshirts,https://cdn.shopify.com/s/files/1/0863/1835/0658/files/SDT26GL4031545CITRINE.jpg?v=1771352094,SIGMA DELTA TAU
SDT Boutique,Volunteer Tee,UPI26061843061,Shirts > Short sleeve t-shirts,https://cdn.shopify.com/s/files/1/0863/1835/0658/files/SDT26GL6011717WHITE.jpg?v=1774538211,SIGMA DELTA TAU
SDT Boutique,Etched in Sand Volunteer Hoodie,UPI2606185826,Sweatshirts > Hooded sweatshirts,https://cdn.shopify.com/s/files/1/0863/1835/0658/files/SDT26GL60218500SANDback.jpg?v=1774538388,SIGMA DELTA TAU
SDT Boutique,Volunteer Jacket,UPI2606180114,Outerwear > Jackets,https://cdn.shopify.com/s/files/1/0863/1835/0658/files/SDT26GL603F217NAVY.jpg?v=1774538483,SIGMA DELTA TAU
SDT Boutique,Volunteer Quarter Zip,UPI2606180562,Outerwear > Jackets,https://cdn.shopify.com/s/files/1/0863/1835/0658/files/SDT26GL604ST253NAVY.jpg?v=1774538627,SIGMA DELTA TAU
SDT Boutique,Sorority Tee,UPI2606184850,Shirts > Short sleeve t-shirts,https://cdn.shopify.com/s/files/1/0863/1835/0658/files/SDT26GL6051717CHINABLUE.jpg?v=1774538715,SIGMA DELTA TAU
SDT Boutique,Rugby Long Sleeve,UPI2606189762,Shirts > Long sleeve t-shirts,https://cdn.shopify.com/s/files/1/0863/1835/0658/files/SDT26GL606ST301RUGBYPOLO.jpg?v=1774538826,SIGMA DELTA TAU
SDT Boutique,Lucky Volunteer Hoodie,UPI2606184498,Sweatshirts > Hooded sweatshirts,https://cdn.shopify.com/s/files/1/0863/1835/0658/files/SDT26GL60718500SANDBACK.jpg?v=1774538924,SIGMA DELTA TAU
SDT Boutique,Clear tote bag,UPI2606188802,Bags > Tote bags,https://cdn.shopify.com/s/files/1/0863/1835/0658/files/SDTBAG.jpg?v=1770835576,SIGMA DELTA TAU
SDT Boutique,Flip-Flops,UPI2606183602,Footwear > Flip flops,https://cdn.shopify.com/s/files/1/0863/1835/0658/files/SDTFF1.jpg?v=1770835504,SIGMA DELTA TAU
SDT Boutique,Beach Towel,UPI2606181154,Towels > Beach towels,https://cdn.shopify.com/s/files/1/0863/1835/0658/files/TOWELBEACH.jpg?v=1771345644,SIGMA DELTA TAU
