"Store Name","Product Name",Vendor,UPI,"Product Category","Product Main Image URL","Primary Licensor"
"DZ Dezigns","Big Year Crew","DZ Dezigns",UPI2606186314,"Sweatshirts > Crewneck sweatshirts",https://cdn.shopify.com/s/files/1/0052/8321/7498/files/DZ-BigYear2_1_473e953f-5a8e-4689-92b5-bf84f63e9227.jpg?v=1785898345,"DELTA ZETA"
"DZ Dezigns","ABC Tee","DZ Dezigns",UPI2606185050,"Shirts > Short sleeve t-shirts",https://cdn.shopify.com/s/files/1/0052/8321/7498/files/DZ-ABCTee-2_e9615f92-324d-413b-a1e5-58113d69f4b0.jpg?v=1785898336,"DELTA ZETA"
"DZ Dezigns","Baby Crewneck","DZ Dezigns",UPI2606189098,"Sweatshirts > Crewneck sweatshirts",https://cdn.shopify.com/s/files/1/0052/8321/7498/files/DZ-BabyCrew-WHITE-2_86d88ba4-c60a-40a8-b3b1-34a82a0366f9.jpg?v=1785898338,"DELTA ZETA"
"DZ Dezigns","Beverly Tee","DZ Dezigns",UPI26061836901,"Shirts > Short sleeve t-shirts",https://cdn.shopify.com/s/files/1/0052/8321/7498/files/DZ-Beverly1_a988bd37-c163-4811-8665-726cf26bec07.jpg?v=1785898340,"DELTA ZETA"
"DZ Dezigns","Big Heart Tee","DZ Dezigns",UPI2606184602,"Shirts > Short sleeve t-shirts",https://cdn.shopify.com/s/files/1/0052/8321/7498/files/DZ-BigHeart2_407f0987-f8e2-4c35-97f3-5e1a08d86370.jpg?v=1785898342,"DELTA ZETA"
"DZ Dezigns","Born To Be Tee","DZ Dezigns",UPI2606185626,"Shirts > Short sleeve t-shirts",https://cdn.shopify.com/s/files/1/0052/8321/7498/files/DZ-BorntoBe1_5854aa4f-8166-481a-b1d9-866b711290c5.jpg?v=1785898349,"DELTA ZETA"
"DZ Dezigns","Bolt Tee","DZ Dezigns",UPI2606189514,"Shirts > Short sleeve t-shirts",https://cdn.shopify.com/s/files/1/0052/8321/7498/files/DZ-Bolt1_d381c3e9-d26b-4190-ac72-1626480732f1.jpg?v=1785898347,"DELTA ZETA"
"DZ Dezigns","Bossy Tee","DZ Dezigns",UPI2606182122,"Shirts > Short sleeve t-shirts",https://cdn.shopify.com/s/files/1/0052/8321/7498/files/DZ-BOSSYB1_ece288b1-c962-4a9b-b753-d00e451433f1.jpg?v=1785898351,"DELTA ZETA"
"DZ Dezigns","Bubble Crew","DZ Dezigns",UPI26061832261,"Sweatshirts > Crewneck sweatshirts",https://cdn.shopify.com/s/files/1/0052/8321/7498/files/DZ-BubleCrew2_8451f7b4-6c9b-4593-8d1d-6c4f55164734.jpg?v=1785898354,"DELTA ZETA"
"DZ Dezigns","Buffalo Tee","DZ Dezigns",UPI26061803461,"Shirts > Short sleeve t-shirts",https://cdn.shopify.com/s/files/1/0052/8321/7498/files/DZ-Buffalo2_3609c15c-fd2e-462b-a028-110358e25f50.jpg?v=1785898356,"DELTA ZETA"
"DZ Dezigns","Cacti Tee","DZ Dezigns",UPI2606188570,"Shirts > Short sleeve t-shirts",https://cdn.shopify.com/s/files/1/0052/8321/7498/files/DZ-Cacti-1_57d23c9e-4dba-4643-8dc0-caaf6b48f552.jpg?v=1785898358,"DELTA ZETA"
"DZ Dezigns","Calvin Tee","DZ Dezigns",UPI26061887781,"Shirts > Short sleeve t-shirts",https://cdn.shopify.com/s/files/1/0052/8321/7498/files/DZ-Calvin1_7ac20814-d5d4-482c-afe4-3857b21c8fc8.jpg?v=1785898360,"DELTA ZETA"
"DZ Dezigns","Coaster Tee","DZ Dezigns",UPI2606183866,"Shirts > Short sleeve t-shirts",https://cdn.shopify.com/s/files/1/0052/8321/7498/files/DZ-Coaster-2_b94f178b-3d01-4d09-a183-ad5862cd1d85.jpg?v=1785898365,"DELTA ZETA"
"DZ Dezigns","Colorblast Tee","DZ Dezigns",UPI2606188266,"Shirts > Short sleeve t-shirts",https://cdn.shopify.com/s/files/1/0052/8321/7498/files/DZ-Colorblast-1_4903977e-04d7-46de-90d7-2481c918d42a.jpg?v=1785898367,"DELTA ZETA"
"DZ Dezigns","Cooper Tee","DZ Dezigns",UPI2606180202,"Shirts > Short sleeve t-shirts",https://cdn.shopify.com/s/files/1/0052/8321/7498/files/DZ-CooperTeeG1_970387f2-1c4d-4b84-a469-b3a997bd2e60.jpg?v=1785898370,"DELTA ZETA"
"DZ Dezigns","Cruisin' Tee","DZ Dezigns",UPI2606187722,"Shirts > Short sleeve t-shirts",https://cdn.shopify.com/s/files/1/0052/8321/7498/files/DZ-CruisinTee-1_07537dfa-636d-4d10-a7c2-732d95921513.jpg?v=1785898372,"DELTA ZETA"
"DZ Dezigns","Cursive Tee","DZ Dezigns",UPI2606186842,"Shirts > Short sleeve t-shirts",https://cdn.shopify.com/s/files/1/0052/8321/7498/files/DZ-CursiveTee-1_f8dad8c5-10b0-4512-bf9f-18859f52b84e.jpg?v=1785898374,"DELTA ZETA"
"DZ Dezigns","Daytona Ringer","DZ Dezigns",UPI2606185786,"Shirts > Short sleeve t-shirts",https://cdn.shopify.com/s/files/1/0052/8321/7498/files/DZ-Daytona1_2668d4b1-9274-4b8f-ba04-9b755d87cb97.jpg?v=1785898828,"DELTA ZETA"
"DZ Dezigns","Deer Valley Longsleeve","DZ Dezigns",UPI2606185274,"Shirts > Long sleeve t-shirts",https://cdn.shopify.com/s/files/1/0052/8321/7498/files/DZ-DeerValley-2_08fa513b-8a68-4dd0-87bd-a86dcef05525.jpg?v=1785898832,"DELTA ZETA"
"DZ Dezigns","Desert Dream Tee","DZ Dezigns",UPI2606183082,"Shirts > Short sleeve t-shirts",https://cdn.shopify.com/s/files/1/0052/8321/7498/files/DZ-DesertDreaming1_3575dad8-bc4f-437b-ac8f-3f8b175ec603.jpg?v=1785898834,"DELTA ZETA"
"DZ Dezigns","Eden Tee","DZ Dezigns",UPI2606186938,"Shirts > Short sleeve t-shirts",https://cdn.shopify.com/s/files/1/0052/8321/7498/files/DZ-Eden-2_36a10a96-acd0-44e0-9951-d1b8232b43e0.jpg?v=1785898844,"DELTA ZETA"
"DZ Dezigns","Everest Crewneck","DZ Dezigns",UPI26061801701,"Sweatshirts > Crewneck sweatshirts",https://cdn.shopify.com/s/files/1/0052/8321/7498/files/DZ-Everest-1_346a6bbd-d69f-4a0a-b807-1f30642752a8.jpg?v=1785898846,"DELTA ZETA"
"DZ Dezigns","Everyday Tee","DZ Dezigns",UPI26061887621,"Shirts > Short sleeve t-shirts",https://cdn.shopify.com/s/files/1/0052/8321/7498/files/DZ-Everyday1_da298f32-ef0d-45e2-b293-cb688955ed91.jpg?v=1785898848,"DELTA ZETA"
"DZ Dezigns","Foxy Crew","DZ Dezigns",UPI2606184314,"Sweatshirts > Crewneck sweatshirts",https://cdn.shopify.com/s/files/1/0052/8321/7498/files/DZ-Foxy-Crew-2_54ffa743-42c4-415f-a427-61c314be7eb9.jpg?v=1785898850,"DELTA ZETA"
"DZ Dezigns","Foxy Ringer","DZ Dezigns",UPI2606182362,"Shirts > Short sleeve t-shirts",https://cdn.shopify.com/s/files/1/0052/8321/7498/files/DZ-Foxy-Ringer-1_59c2dbc2-2345-4e2f-a1a6-7b3421f5dfe6.jpg?v=1785898853,"DELTA ZETA"
"DZ Dezigns","Independence Crew","DZ Dezigns",UPI26061832741,"Sweatshirts > Crewneck sweatshirts",https://cdn.shopify.com/s/files/1/0052/8321/7498/files/DZ-Independence_Crew_7d6b51f2-2106-46dc-8010-9e36f7b551a2.jpg?v=1785898854,"DELTA ZETA"
"DZ Dezigns","Independence Tee","DZ Dezigns",UPI2606187930,"Shirts > Short sleeve t-shirts",https://cdn.shopify.com/s/files/1/0052/8321/7498/files/DZ-Independence-Tee_d70a72eb-afe6-4325-9631-e696118f40fb.jpg?v=1785898857,"DELTA ZETA"
"DZ Dezigns","Jagger Tee","DZ Dezigns",UPI2606181514,"Shirts > Short sleeve t-shirts",https://cdn.shopify.com/s/files/1/0052/8321/7498/files/DZ-Jagger-2_733b321e-604b-493d-a0bc-9ab570770f9d.jpg?v=1785898859,"DELTA ZETA"
"DZ Dezigns","Juicy Tee","DZ Dezigns",UPI2606187866,"Shirts > Short sleeve t-shirts",https://cdn.shopify.com/s/files/1/0052/8321/7498/files/DZ-Juicy_f92276f9-d013-4f25-b69b-33c78badadeb.jpg?v=1785898861,"DELTA ZETA"
"DZ Dezigns","Lift Off Tee","DZ Dezigns",UPI2606184666,"Shirts > Short sleeve t-shirts",https://cdn.shopify.com/s/files/1/0052/8321/7498/files/DZ-LiftOff-1_669f00e3-298b-487b-b812-29e97eeb042f.jpg?v=1785898863,"DELTA ZETA"
"DZ Dezigns","Melted Tee","DZ Dezigns",UPI2606185610,"Shirts > Short sleeve t-shirts",https://cdn.shopify.com/s/files/1/0052/8321/7498/files/DZ-Melting1_0487dd3c-5651-4ac9-a50b-4fa9c187db73.jpg?v=1785898865,"DELTA ZETA"
"DZ Dezigns","Member Crew","DZ Dezigns",UPI2606183210,"Sweatshirts > Crewneck sweatshirts",https://cdn.shopify.com/s/files/1/0052/8321/7498/files/DZ-MemberCrew-1_b799d782-1c57-469d-80ac-5d7fc688fc70.jpg?v=1785898867,"DELTA ZETA"
"DZ Dezigns","Mojave Moon Tee","DZ Dezigns",UPI2606185370,"Shirts > Short sleeve t-shirts",https://cdn.shopify.com/s/files/1/0052/8321/7498/files/DZ-MojaveMoon1_973a2b15-e577-49ef-823d-e48e2a27dc31.jpg?v=1785898869,"DELTA ZETA"
"DZ Dezigns","Mountain Doodle Tee","DZ Dezigns",UPI2606180026,"Shirts > Short sleeve t-shirts",https://cdn.shopify.com/s/files/1/0052/8321/7498/files/DZ-MountainDoodle-1_9621d27a-c2d0-437c-bd8a-62388b55bc38.jpg?v=1785898872,"DELTA ZETA"
"DZ Dezigns","Mystic Crewneck","DZ Dezigns",UPI2606187450,"Sweatshirts > Crewneck sweatshirts",https://cdn.shopify.com/s/files/1/0052/8321/7498/files/DZ-MysticCrew-2_5df18f00-d15c-43fe-beeb-dc2960d78174.jpg?v=1785898874,"DELTA ZETA"
"DZ Dezigns","Novel Crew","DZ Dezigns",UPI26061803462,"Sweatshirts > Crewneck sweatshirts",https://cdn.shopify.com/s/files/1/0052/8321/7498/files/DZ-Novel-1_1130c687-1efe-4651-886d-ab67b9e49a47.jpg?v=1785898876,"DELTA ZETA"
"DZ Dezigns","OG Tee","DZ Dezigns",UPI2606184842,"Shirts > Short sleeve t-shirts",https://cdn.shopify.com/s/files/1/0052/8321/7498/files/DZ-OGTee-1_0b4a1b10-9cb6-4f63-a59a-68dcd9b76573.jpg?v=1785898878,"DELTA ZETA"
"DZ Dezigns","Pixie Tee","DZ Dezigns",UPI2606185306,"Shirts > Short sleeve t-shirts",https://cdn.shopify.com/s/files/1/0052/8321/7498/files/DZ-PixieTee_ba3d6a41-7ab9-43ef-b2a3-8a5721ce2c2f.jpg?v=1785898883,"DELTA ZETA"
"DZ Dezigns","Primary Tee","DZ Dezigns",UPI2606180250,"Shirts > Short sleeve t-shirts",https://cdn.shopify.com/s/files/1/0052/8321/7498/files/DZ-Primary1_d308a46d-75d2-419f-8c48-3012cd120066.jpg?v=1785898885,"DELTA ZETA"
"DZ Dezigns","Rainbow Tee","DZ Dezigns",UPI26061854821,"Shirts > Short sleeve t-shirts",https://cdn.shopify.com/s/files/1/0052/8321/7498/files/DZ-RainbowTee-1_59e5c788-de4a-41fa-b480-ecefa94ab92c.jpg?v=1785898890,"DELTA ZETA"
"DZ Dezigns","Retro Crewneck","DZ Dezigns",UPI2606186394,"Sweatshirts > Crewneck sweatshirts",https://cdn.shopify.com/s/files/1/0052/8321/7498/files/DZ-RetroCrew-1_dd2bcfa5-eb19-4e94-8f48-0bdf292349e3.jpg?v=1785898892,"DELTA ZETA"
"DZ Dezigns","Retro Script Tee","DZ Dezigns",UPI2606181050,"Shirts > Short sleeve t-shirts",https://cdn.shopify.com/s/files/1/0052/8321/7498/files/DZ-RetroScript-1_59a876e1-4c1c-4f52-908e-6cf771b4a85c.jpg?v=1785898894,"DELTA ZETA"
"DZ Dezigns","Retro Tee","DZ Dezigns",UPI2606188650,"Shirts > Short sleeve t-shirts",https://cdn.shopify.com/s/files/1/0052/8321/7498/files/DZ-RetroTee-1_1df11bf5-5461-47cb-a80b-fc82e40651d3.jpg?v=1785898896,"DELTA ZETA"
"DZ Dezigns","Saguaro Tee","DZ Dezigns",UPI2606181434,"Shirts > Short sleeve t-shirts",https://cdn.shopify.com/s/files/1/0052/8321/7498/files/DZ-Saguaro-2_ba03e805-1187-4598-aafb-645c89df3c56.jpg?v=1785898898,"DELTA ZETA"
"DZ Dezigns","Salty Tee","DZ Dezigns",UPI2606188506,"Shirts > Short sleeve t-shirts",https://cdn.shopify.com/s/files/1/0052/8321/7498/files/DZ-Salty1_1d007149-24f3-439d-863f-d4bc4fb15010.jpg?v=1785898900,"DELTA ZETA"
"DZ Dezigns","Shadow Box Tee","DZ Dezigns",UPI26061846821,"Shirts > Short sleeve t-shirts",https://cdn.shopify.com/s/files/1/0052/8321/7498/files/DZ-ShadowBox-1_1311a4f5-7b04-41c2-84d8-cd5999b4b157.jpg?v=1785898902,"DELTA ZETA"
"DZ Dezigns","Simple Tee","DZ Dezigns",UPI2606189786,"Shirts > Short sleeve t-shirts",https://cdn.shopify.com/s/files/1/0052/8321/7498/files/DZ-simpletee-1_04cdbd51-0964-41dd-9403-0082a0fbcf10.jpg?v=1785898904,"DELTA ZETA"
"DZ Dezigns","Sleigh Tee","DZ Dezigns",UPI2606181866,"Shirts > Short sleeve t-shirts",https://cdn.shopify.com/s/files/1/0052/8321/7498/files/DZ-SleighTee1_f83406d6-8a70-4af7-b49b-a4f8e00261de.jpg?v=1785898906,"DELTA ZETA"
"DZ Dezigns","Slumber Tee","DZ Dezigns",UPI2606189034,"Shirts > Short sleeve t-shirts",https://cdn.shopify.com/s/files/1/0052/8321/7498/files/DZ-SlumberTee1_da78a7ff-e4de-46c7-bbe6-60b4d1293619.jpg?v=1785898909,"DELTA ZETA"
"DZ Dezigns","Smiley Flower Tee","DZ Dezigns",UPI2606181018,"Shirts > Short sleeve t-shirts",https://cdn.shopify.com/s/files/1/0052/8321/7498/files/DZ-SmileyFlower2_2d355ea7-a0e0-4515-86ec-6d1ebd5d6ae7.jpg?v=1785898911,"DELTA ZETA"
"DZ Dezigns","Stacked Tee","DZ Dezigns",UPI2606182378,"Shirts > Short sleeve t-shirts",https://cdn.shopify.com/s/files/1/0052/8321/7498/files/DZ-Stacked-Tee-2_4fe4d7f8-6795-4dab-a5fa-fc3270eaa658.jpg?v=1785898914,"DELTA ZETA"
"DZ Dezigns","Standard Crewneck","DZ Dezigns",UPI2606181674,"Sweatshirts > Crewneck sweatshirts",https://cdn.shopify.com/s/files/1/0052/8321/7498/files/DZ-StandardCrew-2g_5869917d-6d0d-493a-b218-82815ab60c74.jpg?v=1785898916,"DELTA ZETA"
"DZ Dezigns","Stone Age Tee","DZ Dezigns",UPI2606188474,"Shirts > Short sleeve t-shirts",https://cdn.shopify.com/s/files/1/0052/8321/7498/files/DZ-StoneAge-1_3c0a30a0-effc-48d1-b908-8dfb246ca66f.jpg?v=1785898919,"DELTA ZETA"
"DZ Dezigns","Summer Tee","DZ Dezigns",UPI2606187498,"Shirts > Short sleeve t-shirts",https://cdn.shopify.com/s/files/1/0052/8321/7498/files/DZ-SummerTee2_cd9783c6-9035-4970-af19-eb6876067f44.jpg?v=1785898921,"DELTA ZETA"
"DZ Dezigns","Sweetheart Tee","DZ Dezigns",UPI2606185546,"Shirts > Short sleeve t-shirts",https://cdn.shopify.com/s/files/1/0052/8321/7498/files/DZ-Sweetheart2_c6ce478e-d7a4-4286-8d54-5f40ca3a9fda.jpg?v=1785898923,"DELTA ZETA"
"DZ Dezigns","Rainbow Crewneck","DZ Dezigns",UPI2606187066,"Sweatshirts > Crewneck sweatshirts",https://cdn.shopify.com/s/files/1/0052/8321/7498/files/DZ-TeamPrideCrew3_8e4c95e9-0ebd-43ce-954e-bdae2cf43b90.jpg?v=1785898925,"DELTA ZETA"
"DZ Dezigns","Technicolor Crewneck","DZ Dezigns",UPI2606184570,"Sweatshirts > Crewneck sweatshirts",https://cdn.shopify.com/s/files/1/0052/8321/7498/files/DZ-TechnicolorCrew-1_2a35c267-536b-4302-94b2-94ad2efb74c9.jpg?v=1785898928,"DELTA ZETA"
"DZ Dezigns","Tie Dye Palms","DZ Dezigns",UPI26061803781,"Shirts > Short sleeve t-shirts",https://cdn.shopify.com/s/files/1/0052/8321/7498/files/DZ-TieDyePalms-1_1803927d-3aa8-4805-a8aa-c8b0c0ed3d32.jpg?v=1785898930,"DELTA ZETA"
"DZ Dezigns","Tie Dye Script Tee","DZ Dezigns",UPI2606182170,"Shirts > Short sleeve t-shirts",https://cdn.shopify.com/s/files/1/0052/8321/7498/files/DZ-TieDyeScript-1_71350735-7893-4b50-bc24-f572c88b0211.jpg?v=1785898932,"DELTA ZETA"
"DZ Dezigns","Totally Tee","DZ Dezigns",UPI2606186218,"Shirts > Short sleeve t-shirts",https://cdn.shopify.com/s/files/1/0052/8321/7498/files/DZ-Totally1_710d6541-fb97-4382-82f1-d0badefb725d.jpg?v=1785898934,"DELTA ZETA"
"DZ Dezigns","Wavy Tee","DZ Dezigns",UPI2606183274,"Shirts > Short sleeve t-shirts",https://cdn.shopify.com/s/files/1/0052/8321/7498/files/DZ-TurntTee-1_61446ac7-b599-465c-801e-a59545f343b6.jpg?v=1785898937,"DELTA ZETA"
"DZ Dezigns","Van Tee","DZ Dezigns",UPI2606184266,"Shirts > Short sleeve t-shirts",https://cdn.shopify.com/s/files/1/0052/8321/7498/files/DZ-VanTee1_181de63e-c961-4e23-93cd-74b8b49ee30f.jpg?v=1785898939,"DELTA ZETA"
"DZ Dezigns","Varsity Tee","DZ Dezigns",UPI2606186682,"Shirts > Short sleeve t-shirts",https://cdn.shopify.com/s/files/1/0052/8321/7498/files/DZ-VarsityTee2_db1e6802-42d8-4be4-9aaa-9cef15d077f8.jpg?v=1785898941,"DELTA ZETA"
"DZ Dezigns","Vice Tee","DZ Dezigns",UPI2606180794,"Shirts > Short sleeve t-shirts",https://cdn.shopify.com/s/files/1/0052/8321/7498/files/DZ-Vice-1_5ae99339-420c-4232-a387-692137b8241a.jpg?v=1785898944,"DELTA ZETA"
"DZ Dezigns","Vogue Tee","DZ Dezigns",UPI2606187626,"Shirts > Short sleeve t-shirts",https://cdn.shopify.com/s/files/1/0052/8321/7498/files/DZ-VogueTee-1_27b3d798-64c1-4ee9-bd69-2d631882b231.jpg?v=1785898946,"DELTA ZETA"
"DZ Dezigns","Voltage Crewneck","DZ Dezigns",UPI26061869381,"Sweatshirts > Crewneck sweatshirts",https://cdn.shopify.com/s/files/1/0052/8321/7498/files/DZ-VoltageCrew2_efd096e8-0816-4733-83d9-3b8877ddb3ef.jpg?v=1785898948,"DELTA ZETA"
"DZ Dezigns","Wild Cherry Tee","DZ Dezigns",UPI2606182138,"Shirts > Short sleeve t-shirts",https://cdn.shopify.com/s/files/1/0052/8321/7498/files/DZ-WildCherry2_e4d37a14-c957-44a6-8751-3827d2c5afc3.jpg?v=1785898953,"DELTA ZETA"
"DZ Dezigns","Webster Tee","DZ Dezigns",UPI2606180090,"Shirts > Short sleeve t-shirts",https://cdn.shopify.com/s/files/1/0052/8321/7498/files/DZ-Webster-N_cbdf4dac-0b1b-414e-be94-0f227060ae68.jpg?v=1785898951,"DELTA ZETA"
"DZ Dezigns","Woodstock Tee","DZ Dezigns",UPI2606183306,"Shirts > Short sleeve t-shirts",https://cdn.shopify.com/s/files/1/0052/8321/7498/files/DZ-WoodstockTee1_51ee0453-a613-49a7-9599-79d5205de692.jpg?v=1785898955,"DELTA ZETA"
"DZ Dezigns","USA Year Tee","DZ Dezigns",UPI2606180282,"Shirts > Short sleeve t-shirts",https://cdn.shopify.com/s/files/1/0052/8321/7498/files/DZ-YearUSA1_f06f2357-5578-441c-913e-cc33bf90f2a5.jpg?v=1785898957,"DELTA ZETA"
"DZ Dezigns","Zoom Tee","DZ Dezigns",UPI26061846661,"Shirts > Short sleeve t-shirts",https://cdn.shopify.com/s/files/1/0052/8321/7498/files/DZ-Zoom1_379bfaa0-9a11-4347-9e50-c266dd0cc1c4.jpg?v=1785898960,"DELTA ZETA"
"DZ Dezigns","Campaign Tee","DZ Dezigns",UPI2606186458,"Shirts > Short sleeve t-shirts",https://cdn.shopify.com/s/files/1/0052/8321/7498/files/DZ-campaigntee_ccbe57e2-4640-4f8e-afc8-9dbfe7cc7a7e.jpg?v=1785898363,"DELTA ZETA"
"DZ Dezigns","Monogram Link Bracelet","Campus ID",UPI2606181578,"Jewelry > Bracelets",https://cdn.shopify.com/s/files/1/0052/8321/7498/files/CID621LNK016_30ceb6df-0393-4a31-afc3-6c5cb04b35b9.png?v=1785898305,"DELTA ZETA"
"DZ Dezigns","Greek Letters Link Bracelet","Campus ID",UPI2606186058,"Jewelry > Bracelets",https://cdn.shopify.com/s/files/1/0052/8321/7498/files/CID635LNK016_90c5e43a-242e-4ce0-87b9-88888facc585.png?v=1785898307,"DELTA ZETA"
"DZ Dezigns","Tear Drop Charm Necklace","Campus ID",UPI2606180538,"Jewelry > Necklaces",https://cdn.shopify.com/s/files/1/0052/8321/7498/files/CID655P016SC_6365d446-8930-4df9-b0e6-b2d665ce2c0d.png?v=1785898309,"DELTA ZETA"
"DZ Dezigns","Letters Circle Drop Necklace","Campus ID",UPI2606182698,"Jewelry > Necklaces",https://cdn.shopify.com/s/files/1/0052/8321/7498/files/CID621016SC_ef38a545-6732-43db-b0e6-7a784f8c7202.png?v=1785898303,"DELTA ZETA"
"DZ Dezigns","Vertical Bar Letters Necklace","DZ Dezigns",UPI2606180298,"Jewelry > Necklaces",https://cdn.shopify.com/s/files/1/0052/8321/7498/files/CID670016SC_ab4632f7-35d6-4451-94b2-f757fa326e7c.png?v=1785898311,"DELTA ZETA"
"DZ Dezigns","Infinity Charm Necklace","Campus ID",UPI2606184682,"Jewelry > Necklaces",https://cdn.shopify.com/s/files/1/0052/8321/7498/files/CID675016SC_f954a114-8b6e-45fe-b476-ca799c973c02.png?v=1785898313,"DELTA ZETA"
"DZ Dezigns","Horizontal Greek Letters Necklace","Campus ID",UPI2606182282,"Jewelry > Necklaces",https://cdn.shopify.com/s/files/1/0052/8321/7498/files/CID680016_92dbcad4-51a2-44c8-b6cc-c3b50dc737ce.png?v=1785898315,"DELTA ZETA"
"DZ Dezigns","Bar Letters Necklace","Campus ID",UPI2606182202,"Jewelry > Necklaces",https://cdn.shopify.com/s/files/1/0052/8321/7498/files/CID681016_f1aaaa7b-ccb6-4919-9cf1-2d0a0d401241.png?v=1785898317,"DELTA ZETA"
"DZ Dezigns","Cut Out Letters Pearl Bracelet","Campus ID",UPI2606189354,"Jewelry > Bracelets",https://cdn.shopify.com/s/files/1/0052/8321/7498/files/CID689016_8ee0b4a2-6bac-4c1e-a336-716fbd4068f2.png?v=1785898319,"DELTA ZETA"
"DZ Dezigns","Engraved Letters Bangle","Campus ID",UPI2606180346,"Jewelry > Bracelets",https://cdn.shopify.com/s/files/1/0052/8321/7498/files/CID700016_1b746554-515e-45e6-bb91-b075c0de0b11.png?v=1785898321,"DELTA ZETA"
"DZ Dezigns","White and Gold Water Bottle","Alex & Co",UPI2606188778,"Water bottles > Aluminum water bottles",https://cdn.shopify.com/s/files/1/0052/8321/7498/files/aa3001dz_grande_af7cbda1-26cd-48dc-a67b-f6bb20d38ef0.jpg?v=1785898272,"DELTA ZETA"
"DZ Dezigns","Gold Dot Coffee Tumbler","Alex & Co",UPI2606185162,"Drinkware > Tumblers",https://cdn.shopify.com/s/files/1/0052/8321/7498/files/aa3002dz_grande_3ab6eb95-fa02-431e-870d-9ea091f1e6fc.jpg?v=1785898273,"DELTA ZETA"
"DZ Dezigns","Glitter Tumbler","Alex & Co",UPI2606184506,"Drinkware > Tumblers",https://cdn.shopify.com/s/files/1/0052/8321/7498/files/aa3003dz_grande_01b47eed-1b94-4ce3-af18-3538c9f5765c.jpg?v=1785898276,"DELTA ZETA"
"DZ Dezigns","Acrylic Keychain","Alex & Co",UPI2606189002,"Promotional > Key chains",https://cdn.shopify.com/s/files/1/0052/8321/7498/files/aa3005dz_grande_2fcc6050-b0be-468b-a4d5-a50d41580254.jpg?v=1785898278,"DELTA ZETA"
"DZ Dezigns","Gold Dot Notepad","Alex & Co",UPI2606188762,"Paper/print goods > Note pads",https://cdn.shopify.com/s/files/1/0052/8321/7498/files/aa3009dz_grande_978c514a-3131-40f7-b463-cfc993868fda.jpg?v=1785898279,"DELTA ZETA"
"DZ Dezigns","Cosmetic Bag","Alex & Co",UPI2606183066,"Bags > Cosmetic bags",https://cdn.shopify.com/s/files/1/0052/8321/7498/files/AA3037DZ_b35fc150-09c5-43ce-adcc-e31b3c89efe8.jpg?v=1785898298,"DELTA ZETA"
"DZ Dezigns","3 Piece Button Set","Alex & Co",UPI2606186522,"Promotional > Pin-back buttons",https://cdn.shopify.com/s/files/1/0052/8321/7498/files/AA3012DZ_1_grande_89f7d77d-b0e6-4efa-8a05-36cb699d9a8d.jpg?v=1785898283,"DELTA ZETA"
"DZ Dezigns","Sublimated Flag","DZ Dezigns",UPI2606187738,"Household items > Flags",https://cdn.shopify.com/s/files/1/0052/8321/7498/files/hf_20260524_193252_55776e3b-c4e6-4f8e-9cee-23eb69302e86.png?v=1785898199,"DELTA ZETA"
"DZ Dezigns","White and Gold Block Frame","Alex & Co",UPI2606189722,"Household items > Picture frames",https://cdn.shopify.com/s/files/1/0052/8321/7498/files/aa3019dz_grande_d6799266-86bb-437f-befa-fab3dd8a0a5a.jpg?v=1785898285,"DELTA ZETA"
"DZ Dezigns","Round Tassel Keychain","Alex & Co",UPI2606183658,"Promotional > Key chains",https://cdn.shopify.com/s/files/1/0052/8321/7498/files/aa3020dz_grande_63d60afb-89d1-41ff-88b9-4f1ec6b8fa54.jpg?v=1785898287,"DELTA ZETA"
"DZ Dezigns","Lumbar Pillow","Alex & Co",UPI2606185482,"Household items > Pillows",https://cdn.shopify.com/s/files/1/0052/8321/7498/files/aa3024dz_grande_3ff9f8b5-9715-4274-b05f-700b6ed990ab.jpg?v=1785898289,"DELTA ZETA"
"DZ Dezigns","Floral Notepad","Alex & Co",UPI26061845061,"Paper/print goods > Note pads",https://cdn.shopify.com/s/files/1/0052/8321/7498/files/aa3025dz_grande_3a93c989-95f3-4023-b3b0-63782a268eae.jpg?v=1785898294,"DELTA ZETA"
"DZ Dezigns","Island Reef Established 1902 Tank","DZ Dezigns",UPI2606185194,"Shirts > Tank tops",https://cdn.shopify.com/s/files/1/0052/8321/7498/files/IMG_9739_cbdb025f-af5e-406b-b0a6-f17300c5f594.jpg?v=1785899023,"DELTA ZETA"
"DZ Dezigns","White Dye Sub Palm Tree Tank","DZ Dezigns",UPI2606188970,"Shirts > Tank tops",https://cdn.shopify.com/s/files/1/0052/8321/7498/files/IMG_9670_0af0c8b3-686c-4be8-ac9e-00ad2411309d.jpg?v=1785899021,"DELTA ZETA"
"DZ Dezigns","Vintage Lilac Delta Zeta Script Dolman","DZ Dezigns",UPI2606180378,"Shirts > Short sleeve t-shirts",https://cdn.shopify.com/s/files/1/0052/8321/7498/files/IMG_9404_2b426e61-6bb6-4939-8d0d-f695c6e82051.jpg?v=1785899019,"DELTA ZETA"
"DZ Dezigns","White Deltz Zeta Striped Sleeve Tee","DZ Dezigns",UPI2606187434,"Shirts > Short sleeve t-shirts",https://cdn.shopify.com/s/files/1/0052/8321/7498/files/IMG_9353_44f16d62-75fb-43ee-9c4e-2e5e483884ef.jpg?v=1785899015,"DELTA ZETA"
"DZ Dezigns","Grey Established Triblend T-Shirt","DZ Dezigns",UPI2606183098,"Shirts > Short sleeve t-shirts",https://cdn.shopify.com/s/files/1/0052/8321/7498/files/IMG_9319_8991d07a-5e5e-4274-b003-dd547c29b659.jpg?v=1785899013,"DELTA ZETA"
"DZ Dezigns","Oatmeal Triblend Delta Zeta Tee","DZ Dezigns",UPI2606180458,"Shirts > Short sleeve t-shirts",https://cdn.shopify.com/s/files/1/0052/8321/7498/files/IMG_9284_61ee4b4f-3c72-4e22-bbd0-8130cdfff056.jpg?v=1785899011,"DELTA ZETA"
"DZ Dezigns","Delta Zeta Squared","DZ Dezigns",UPI26061834501,"Shirts > Short sleeve t-shirts",https://cdn.shopify.com/s/files/1/0052/8321/7498/files/IMG_7667_449e8932-c87f-47cc-879e-2c561945bfd3.jpg?v=1785899006,"DELTA ZETA"
"DZ Dezigns","Truly in Scripty","DZ Dezigns",UPI2606187690,"Shirts > Short sleeve t-shirts",https://cdn.shopify.com/s/files/1/0052/8321/7498/files/IMG_5331_4274306d-dca5-40c5-a5f6-6c0d7e32c5bf.jpg?v=1785898993,"DELTA ZETA"
"DZ Dezigns","Cowlneck Pullover","DZ Dezigns",UPI26061838661,"Sweatshirts > Hooded sweatshirts",https://cdn.shopify.com/s/files/1/0052/8321/7498/files/IMG_7394_f6f7e32e-02cf-439f-9ad8-d79e6faf4835.jpg?v=1785899002,"DELTA ZETA"
"DZ Dezigns","Athletic Heather Tone on Tone Sweatshirt","DZ Dezigns",UPI2606182666,"Sweatshirts > Crewneck sweatshirts",https://cdn.shopify.com/s/files/1/0052/8321/7498/files/IMG_9270_3ef0ec00-464e-4bed-81e5-20fb34cce826.jpg?v=1785899008,"DELTA ZETA"
"DZ Dezigns","Sherpa Vest","DZ Dezigns",UPI2606189690,"Outerwear > Vests",https://cdn.shopify.com/s/files/1/0052/8321/7498/files/IMG_5499_e05780cc-1439-4307-8f3b-ed35710fb415.jpg?v=1785898995,"DELTA ZETA"
"DZ Dezigns","Charcoal Delta Zeta Script Hats","DZ Dezigns",UPI2606189114,"Headwear > Billed hats",https://cdn.shopify.com/s/files/1/0052/8321/7498/files/IMG_6654_db2bfd29-40f1-482e-8525-9a3f6d3fa6b3.jpg?v=1785898999,"DELTA ZETA"
"DZ Dezigns","Marbled Ribbed Beanie","DZ Dezigns",UPI2606187098,"Headwear > Beanies",https://cdn.shopify.com/s/files/1/0052/8321/7498/files/IMG_4192_ac771fc8-0e69-4f0f-b760-8585007c1062.jpg?v=1785898989,"DELTA ZETA"
"DZ Dezigns","Established Patch Hat","DZ Dezigns",UPI2606189978,"Headwear > Billed hats",https://cdn.shopify.com/s/files/1/0052/8321/7498/files/IMG_4177_ba45a9fb-8d61-4f76-a101-a47048923940.jpg?v=1785898987,"DELTA ZETA"
"DZ Dezigns","Lettered Script Hat","DZ Dezigns",UPI2606188538,"Headwear > Billed hats",https://cdn.shopify.com/s/files/1/0052/8321/7498/files/IMG_3829_24afe123-19e1-4004-b18b-878b585086b4.jpg?v=1785898985,"DELTA ZETA"
"DZ Dezigns","DZ Alumna Shirt","DZ Dezigns",UPI26061826981,"Shirts > Long sleeve t-shirts",https://cdn.shopify.com/s/files/1/0052/8321/7498/files/IMG_7429_e4a539bd-b3c5-4f03-aba5-480c4ee5363d.jpg?v=1785899004,"DELTA ZETA"
"DZ Dezigns","Green Long Sleeve Mountain Shirt","DZ Dezigns",UPI2606180442,"Shirts > Short sleeve t-shirts",https://cdn.shopify.com/s/files/1/0052/8321/7498/files/IMG_5528_15d24c02-f95e-4266-90d1-2fde2642470b.jpg?v=1785898997,"DELTA ZETA"
"DZ Dezigns","Cozy Crew Sweatshirt","DZ Dezigns",UPI2606185146,"Sweatshirts > Crewneck sweatshirts",https://cdn.shopify.com/s/files/1/0052/8321/7498/files/IMG_4275_8524a132-5243-4765-84b6-f7dfa0ab68e6.jpg?v=1785898991,"DELTA ZETA"
"DZ Dezigns","Pea Pod Pocket Tee","DZ Dezigns",UPI2606184618,"Shirts > Short sleeve t-shirts",https://cdn.shopify.com/s/files/1/0052/8321/7498/files/IMG_9379_ccf9ca87-9bce-4b6c-9d50-7abdc798e7d5.jpg?v=1785899017,"DELTA ZETA"
"DZ Dezigns","Letter Stack Hat","DZ Dezigns",UPI2606186794,"Headwear > Billed hats",https://cdn.shopify.com/s/files/1/0052/8321/7498/files/hf_20260524_193714_d893270a-312a-46e5-8d18-16255ebf9e3c.png?v=1785898222,"DELTA ZETA"
"DZ Dezigns","White Pineapple on the Go Terra Ceramic Mug","DZ Dezigns",UPI2606183690,"Coffee Mugs > Ceramic coffee mugs",https://cdn.shopify.com/s/files/1/0052/8321/7498/files/DZD_17213-2_d5caf1bf-579e-4adf-aaec-354752354a31.jpg?v=1785898401,"DELTA ZETA"
"DZ Dezigns","Take Me To The Ocean Tee","DZ Dezigns",UPI2606188986,"Shirts > Short sleeve t-shirts",https://cdn.shopify.com/s/files/1/0052/8321/7498/files/DZD_19102-2_0203f79d-6fe2-4340-87a5-47328fe841c6.jpg?v=1785898403,"DELTA ZETA"
"DZ Dezigns","Marble Year Tee","DZ Dezigns",UPI2606189210,"Shirts > Short sleeve t-shirts",https://cdn.shopify.com/s/files/1/0052/8321/7498/files/DZD_19103-2_08a315f0-271f-421b-a314-e1f6cb6919bc.jpg?v=1785898406,"DELTA ZETA"
"DZ Dezigns","Day Dreamin' Tee","DZ Dezigns",UPI26061849701,"Shirts > Short sleeve t-shirts",https://cdn.shopify.com/s/files/1/0052/8321/7498/files/DZD_19104_7c0b1c45-a38c-4e0a-ae54-9082a9469fc9.jpg?v=1785898408,"DELTA ZETA"
"DZ Dezigns","Conveniently Deezee Tee","DZ Dezigns",UPI2606183530,"Shirts > Short sleeve t-shirts",https://cdn.shopify.com/s/files/1/0052/8321/7498/files/DZD_19105-2_270fb37d-cd96-4bf2-a2bd-3db9b200821a.jpg?v=1785898410,"DELTA ZETA"
"DZ Dezigns","Treat Yourself Tee","DZ Dezigns",UPI2606182826,"Shirts > Tank tops",https://cdn.shopify.com/s/files/1/0052/8321/7498/files/DZD_19106_3be64410-0f13-48b0-b663-866a756b556b.jpg?v=1785898412,"DELTA ZETA"
"DZ Dezigns","Stacked Up Tee","DZ Dezigns",UPI2606182474,"Shirts > Short sleeve t-shirts",https://cdn.shopify.com/s/files/1/0052/8321/7498/files/DZD_19107_bf00bdae-2fa3-41e6-a054-bc01e00cc4af.jpg?v=1785898415,"DELTA ZETA"
"DZ Dezigns","Rainbow Waves Tee","DZ Dezigns",UPI26061810501,"Shirts > Short sleeve t-shirts",https://cdn.shopify.com/s/files/1/0052/8321/7498/files/DZD_19108-2_222a6d8e-afd0-4e1e-a9b1-5643abf7c8e9.jpg?v=1785898417,"DELTA ZETA"
"DZ Dezigns","Balloon Year Tee","DZ Dezigns",UPI2606188106,"Shirts > Short sleeve t-shirts",https://cdn.shopify.com/s/files/1/0052/8321/7498/files/DZD_19109_759a0218-4f55-4e60-aee1-be826fac27bf.jpg?v=1785898419,"DELTA ZETA"
"DZ Dezigns","Boldy Year Tank","DZ Dezigns",UPI2606189450,"Shirts > Tank tops",https://cdn.shopify.com/s/files/1/0052/8321/7498/files/DZD_19110-2_3dff4ca5-65b5-4930-9620-54853d2423ab.jpg?v=1785898421,"DELTA ZETA"
"DZ Dezigns","Tropical Feels Tank","DZ Dezigns",UPI2606188026,"Shirts > Tank tops",https://cdn.shopify.com/s/files/1/0052/8321/7498/files/DZD_19111_387473f7-74e5-41f0-aa56-6d505461cbb3.jpg?v=1785898423,"DELTA ZETA"
"DZ Dezigns","All I Need Tank","DZ Dezigns",UPI2606187226,"Shirts > Tank tops",https://cdn.shopify.com/s/files/1/0052/8321/7498/files/DZD_19113-2_ca88b842-7d89-41bf-9274-6cba7c3ab80e.jpg?v=1785898425,"DELTA ZETA"
"DZ Dezigns","Coastline Tee","DZ Dezigns",UPI2606189466,"Shirts > Short sleeve t-shirts",https://cdn.shopify.com/s/files/1/0052/8321/7498/files/DZD_19114-2_800ee243-e8b1-4ded-9790-bd9b70658957.jpg?v=1785898427,"DELTA ZETA"
"DZ Dezigns","Perched Tank","DZ Dezigns",UPI2606187418,"Shirts > Tank tops",https://cdn.shopify.com/s/files/1/0052/8321/7498/files/DZD_19118_5adadb34-260d-4435-8074-fe8505defa8b.jpg?v=1785898429,"DELTA ZETA"
"DZ Dezigns","Subdued Tee","DZ Dezigns",UPI2606183050,"Shirts > Short sleeve t-shirts",https://cdn.shopify.com/s/files/1/0052/8321/7498/files/DZD_19119-2_f016f674-d9fa-415e-a81d-1f926150fcf2.jpg?v=1785898432,"DELTA ZETA"
"DZ Dezigns","Goodnight Tee","DZ Dezigns",UPI2606185914,"Shirts > Short sleeve t-shirts",https://cdn.shopify.com/s/files/1/0052/8321/7498/files/DZD_19120-2_4dd61ecf-3081-4b6c-b63b-8ce4fa7c0ca9.jpg?v=1785898434,"DELTA ZETA"
"DZ Dezigns","Gutiar Vibes Tee","DZ Dezigns",UPI2606181994,"Shirts > Short sleeve t-shirts",https://cdn.shopify.com/s/files/1/0052/8321/7498/files/DZD_19122_d2fdd803-99de-45af-8869-9019d79b03ec.jpg?v=1785898436,"DELTA ZETA"
"DZ Dezigns","Lakeside Tee","DZ Dezigns",UPI2606186650,"Shirts > Short sleeve t-shirts",https://cdn.shopify.com/s/files/1/0052/8321/7498/files/DZD_19124-2_9c8d7c94-3917-4ba1-8fb0-2647864410ac.jpg?v=1785898438,"DELTA ZETA"
"DZ Dezigns","Between the Lines Tee","DZ Dezigns",UPI26061897861,"Shirts > Short sleeve t-shirts",https://cdn.shopify.com/s/files/1/0052/8321/7498/files/DZD_19125_024a7ea1-a644-4554-945a-5d5049c69955.jpg?v=1785898441,"DELTA ZETA"
"DZ Dezigns","Pink with Green Trim Graduation Stole","DZ Dezigns",UPI2606184218,"Apparel > Stoles",https://cdn.shopify.com/s/files/1/0052/8321/7498/files/dzpgcstole_09e66bde-bdb4-4e2e-94d6-9be31905ff29.jpg?v=1785898881,"DELTA ZETA"
"DZ Dezigns","Pink Graduation Stole with White Trim","DZ Dezigns",UPI2606189498,"Apparel > Stoles",https://cdn.shopify.com/s/files/1/0052/8321/7498/files/dzpwcstole_2ca1e5b7-ffc6-4529-9928-743979622583.jpg?v=1785898888,"DELTA ZETA"
"DZ Dezigns","Recruitment Name Badges- NOT SOLD OUT!- See product description for details","DZ Dezigns",UPI2606187546,"Paper/print goods > Name tags",https://cdn.shopify.com/s/files/1/0052/8321/7498/files/DZD-Custom-NameTags_96f23726-da60-441f-ba2c-ce4a29673907.jpg?v=1785898830,"DELTA ZETA"
"DZ Dezigns","$15 Classic Bid Day Pack","DZ Dezigns",UPI2606183450,"Bundles > Apparel bundles",https://cdn.shopify.com/s/files/1/0052/8321/7498/files/DZD-15CLASSICPACK_82a9e159-b20d-4bc0-8c21-f4ef6fb1eee8.jpg?v=1785898471,"DELTA ZETA"
"DZ Dezigns","$25 Fun Bid Day Pack","DZ Dezigns",UPI2606181402,"Bundles > Apparel bundles",https://cdn.shopify.com/s/files/1/0052/8321/7498/files/DZD-25FUNPACK_c1a4bcd7-64da-4596-8267-f762ed18e712.jpg?v=1785898825,"DELTA ZETA"
"DZ Dezigns","Pink And White Honors Graduation Cord","DZ Dezigns",UPI2606189834,"Apparel > Graduation cords",https://cdn.shopify.com/s/files/1/0052/8321/7498/files/dzd_pink_white_grad_cords_grande_3438991b-1c3c-4664-852a-995b8ca08207.jpg?v=1785898469,"DELTA ZETA"
"DZ Dezigns","Pink and Green Honor Cords","DZ Dezigns",UPI2606188586,"Apparel > Graduation cords",https://cdn.shopify.com/s/files/1/0052/8321/7498/files/DZD_cords_629854ee-4385-4560-a1d3-ec3a7ed8b563.jpg?v=1785898459,"DELTA ZETA"
"DZ Dezigns","$15 Fun Bid Day Pack","DZ Dezigns",UPI2606189914,"Bundles > Apparel bundles",https://cdn.shopify.com/s/files/1/0052/8321/7498/files/DZD-15FUNPACK_730b5a5b-c1fd-4e27-8a55-0468edaad74d.jpg?v=1785898473,"DELTA ZETA"
"DZ Dezigns","$25 Classic Bid Day Pack","DZ Dezigns",UPI26061877381,"Bundles > Apparel bundles",https://cdn.shopify.com/s/files/1/0052/8321/7498/files/DZD-25CLASSICPACK_3ca142fb-a7a9-49c7-8405-c3c1226bf164.jpg?v=1785898823,"DELTA ZETA"
"DZ Dezigns","Striped Box","DZ Dezigns",UPI26061823621,"Shirts > Short sleeve t-shirts",https://cdn.shopify.com/s/files/1/0052/8321/7498/files/DZD_12DOS_-_DAY_1_5ef152cf-2639-4965-b9dc-9463420861b2.jpg?v=1785898377,"DELTA ZETA"
"DZ Dezigns","Cardinal Dee Zee (day 2)","DZ Dezigns",UPI2606184714,"Shirts > Short sleeve t-shirts",https://cdn.shopify.com/s/files/1/0052/8321/7498/files/DZD_12DOS_-_DAY_2_0ccb905c-64f1-48d3-aa75-04a91e219980.jpg?v=1785898385,"DELTA ZETA"
"DZ Dezigns","Holiday Ornament (2019)","DZ Dezigns",UPI2606185242,"Promotional > Ornaments",https://cdn.shopify.com/s/files/1/0052/8321/7498/files/DZD_HOLIDAYORNAMENT_99e39f6d-e776-44f3-a72a-ca8074b90f6f.jpg?v=1785898463,"DELTA ZETA"
"DZ Dezigns","Lime Tee (day3)","DZ Dezigns",UPI26061868901,"Shirts > Short sleeve t-shirts",https://cdn.shopify.com/s/files/1/0052/8321/7498/files/DZD_12DOS_-_DAY_3_2f0c4d04-e882-4340-8a34-f6f1a958f0ef.jpg?v=1785898387,"DELTA ZETA"
"DZ Dezigns","Sky Blue Tee (day4)","DZ Dezigns",UPI2606187962,"Shirts > Short sleeve t-shirts",https://cdn.shopify.com/s/files/1/0052/8321/7498/files/DZD_12DOS_-_DAY_4_bc8df9d0-c34a-4cdb-92ca-716a0fc36769.jpg?v=1785898389,"DELTA ZETA"
"DZ Dezigns","Dee Zee Mint Wave","DZ Dezigns",UPI2606180826,"Shirts > Short sleeve t-shirts",https://cdn.shopify.com/s/files/1/0052/8321/7498/files/DZD_12DOS_-_DAY_5_73c30875-fa75-49b2-ba0d-a03a0a92444a.jpg?v=1785898391,"DELTA ZETA"
"DZ Dezigns","Tone on Tone Tee (day 6)","DZ Dezigns",UPI2606187002,"Shirts > Short sleeve t-shirts",https://cdn.shopify.com/s/files/1/0052/8321/7498/files/DZD_12DOS_-_DAY_6_f6fdc969-5e78-4431-a913-024c52bcdfdb.jpg?v=1785898393,"DELTA ZETA"
"DZ Dezigns","Berry Dee Zee Sports Script Tee","DZ Dezigns",UPI2606185674,"Shirts > Short sleeve t-shirts",https://cdn.shopify.com/s/files/1/0052/8321/7498/files/DZD_12DOS_-_DAY_7_c3807cbf-e0e8-43a2-a597-9266e08d17b9.jpg?v=1785898395,"DELTA ZETA"
"DZ Dezigns","Tangerine Tee","DZ Dezigns",UPI26061836902,"Shirts > Short sleeve t-shirts",https://cdn.shopify.com/s/files/1/0052/8321/7498/files/DZD_12DOS_-_DAY_8_dbc07862-7de7-4618-8ff5-d2cb03e890b9.jpg?v=1785898397,"DELTA ZETA"
"DZ Dezigns","Holiday Crewneck","DZ Dezigns",UPI2606189818,"Sweatshirts > Crewneck sweatshirts",https://cdn.shopify.com/s/files/1/0052/8321/7498/files/DZD_HOLIDAYSWEATER_68acea06-3324-414c-a5e6-ade265878dca.jpg?v=1785898467,"DELTA ZETA"
"DZ Dezigns","Holiday Beanie","DZ Dezigns",UPI2606183226,"Headwear > Beanies",https://cdn.shopify.com/s/files/1/0052/8321/7498/files/DZD_HOLIDAYBEANIE_3c4b0e5e-18f8-4bd4-9de8-517d841594dd.jpg?v=1785898461,"DELTA ZETA"
"DZ Dezigns","Holiday Scarf","DZ Dezigns",UPI2606189066,"Apparel > Scarves",https://cdn.shopify.com/s/files/1/0052/8321/7498/files/DZD_HOLIDAYSCARF_1b369a2a-be1a-4f25-82a3-472c8ce89392.jpg?v=1785898465,"DELTA ZETA"
"DZ Dezigns","Pink-bow Tee","DZ Dezigns",UPI2606184938,"Shirts > Short sleeve t-shirts",https://cdn.shopify.com/s/files/1/0052/8321/7498/files/DZD_12DOS_-_DAY_9_b23dd86a-0791-4e21-804b-2ce42f0d7496.jpg?v=1785898399,"DELTA ZETA"
"DZ Dezigns","Fridge Letter Tee","DZ Dezigns",UPI26061813541,"Shirts > Short sleeve t-shirts",https://cdn.shopify.com/s/files/1/0052/8321/7498/files/DZD_12DOS_-_DAY_10_87e9efb8-d6b0-46f8-8937-48f480f23b72.jpg?v=1785898379,"DELTA ZETA"
"DZ Dezigns","Delta Zeta Shadowed Maroon Tee","DZ Dezigns",UPI2606182410,"Shirts > Short sleeve t-shirts",https://cdn.shopify.com/s/files/1/0052/8321/7498/files/DZD_12DOS_-_DAY_11_245630c4-54d7-40a2-8869-925812931c7a.jpg?v=1785898381,"DELTA ZETA"
"DZ Dezigns","Heart Eyes Tee","DZ Dezigns",UPI26061855461,"Shirts > Short sleeve t-shirts",https://cdn.shopify.com/s/files/1/0052/8321/7498/files/DZD_12DOS_-_DAY_12_e3b9adeb-b1c5-4eeb-bc9a-e18105b5d477.jpg?v=1785898383,"DELTA ZETA"
"DZ Dezigns","Bid Day Card","DZ Dezigns",UPI2606180858,"Paper/print goods > Bid cards",https://cdn.shopify.com/s/files/1/0052/8321/7498/files/DZD_BID_CARD_3ac3ca0d-7480-4fe6-9821-af0b7fb78fcb.gif?v=1785898457,"DELTA ZETA"
"DZ Dezigns","Classic White Stole with Pink Trim","DZ Dezigns",UPI2606185114,"Apparel > Stoles",https://cdn.shopify.com/s/files/1/0052/8321/7498/files/DZ_CLASSIC_WHITE_WITH_PINK_9a3caebf-8562-4654-9591-b791ee352299.jpg?v=1785898325,"DELTA ZETA"
"DZ Dezigns","Across the Finish Tee","DZ Dezigns",UPI2606182266,"Shirts > Short sleeve t-shirts",https://cdn.shopify.com/s/files/1/0052/8321/7498/files/DZD_19201-2_5fee3759-4f9c-45fb-b29f-57c691012c9a.jpg?v=1785898444,"DELTA ZETA"
"DZ Dezigns","Truly DZ Tank","DZ Dezigns",UPI2606186586,"Shirts > Tank tops",https://cdn.shopify.com/s/files/1/0052/8321/7498/files/DZD_19202-2_86be95a5-98cc-413e-8831-ba3adc4c9deb.jpg?v=1785898446,"DELTA ZETA"
"DZ Dezigns","Once Upon A DZ Longsleeve","DZ Dezigns",UPI2606180170,"Shirts > Long sleeve t-shirts",https://cdn.shopify.com/s/files/1/0052/8321/7498/files/DZD_19203_3500b8c3-d0cb-4461-a880-98f2542ca659.jpg?v=1785898448,"DELTA ZETA"
"DZ Dezigns","Starry Eyed Tee","DZ Dezigns",UPI2606187946,"Shirts > Short sleeve t-shirts",https://cdn.shopify.com/s/files/1/0052/8321/7498/files/DZD_19205-2_14fd249e-c56f-4378-9bdb-fb38fea610e7.jpg?v=1785898450,"DELTA ZETA"
"DZ Dezigns","Feelin' Artsy Muscle Tee","DZ Dezigns",UPI2606187082,"Shirts > Tank tops",https://cdn.shopify.com/s/files/1/0052/8321/7498/files/DZD_19206-2_b917809d-ea6e-4874-940f-fc29dc2455d4.jpg?v=1785898452,"DELTA ZETA"
"DZ Dezigns","Ombré on Repeat Tank","DZ Dezigns",UPI2606180042,"Shirts > Tank tops",https://cdn.shopify.com/s/files/1/0052/8321/7498/files/DZD_19207_ece0bb70-20aa-47c4-9cb5-d10d55fd1fc1.jpg?v=1785898455,"DELTA ZETA"
"DZ Dezigns","Dee Zee Athletics Hoodie","DZ Dezigns",UPI2606186746,"Sweatshirts > Hooded sweatshirts",https://cdn.shopify.com/s/files/1/0052/8321/7498/files/DZD200101-Black-18500_443c0fe0-5431-4ec0-b768-e0164cf9d3ce.jpg?v=1785898475,"DELTA ZETA"
"DZ Dezigns","Falling for Delta Zeta Tote","DZ Dezigns",UPI2606181354,"Bags > Market tote bags",https://cdn.shopify.com/s/files/1/0052/8321/7498/files/DZD200102-Natural-8502_65e71299-2ba2-457c-a055-a7e7082654d0.jpg?v=1785898477,"DELTA ZETA"
"DZ Dezigns","Colortone Hoodie","DZ Dezigns",UPI2606180650,"Sweatshirts > Hooded sweatshirts",https://cdn.shopify.com/s/files/1/0052/8321/7498/files/DZD200201-White-18500_9c166e31-afe3-4e4b-be85-b438f2da5376.jpg?v=1785898479,"DELTA ZETA"
"DZ Dezigns","At Twilight Tee","DZ Dezigns",UPI2606187354,"Shirts > Short sleeve t-shirts",https://cdn.shopify.com/s/files/1/0052/8321/7498/files/DZD200202-DeelTeal-3001_f0ef6677-7dc2-4cfc-85cc-26834f06cf8b.jpg?v=1785898481,"DELTA ZETA"
"DZ Dezigns","Dusk Ombré Tee","DZ Dezigns",UPI2606189658,"Shirts > Short sleeve t-shirts",https://cdn.shopify.com/s/files/1/0052/8321/7498/files/DZD200301-White-3001_03efe041-86eb-4718-a61a-2fd8549e4c0c.jpg?v=1785898483,"DELTA ZETA"
"DZ Dezigns","Crazy for Camo Hoodie","DZ Dezigns",UPI2606184970,"Sweatshirts > Hooded sweatshirts",https://cdn.shopify.com/s/files/1/0052/8321/7498/files/DZD200302-Camo-SS4500_db85c078-d653-4d93-a1cc-9b7e3be6972c.jpg?v=1785898485,"DELTA ZETA"
"DZ Dezigns","Modern Bucket Hat","DZ Dezigns",UPI2606181466,"Headwear > Bucket hats",https://cdn.shopify.com/s/files/1/0052/8321/7498/files/DZD200302-White-2050_b68c46be-5d4f-4cf0-a7f5-0c8b241f372c.jpg?v=1785898487,"DELTA ZETA"
"DZ Dezigns","Gift Card","DZ Dezigns",UPI2606186890,"Paper/print goods > Plastic cards",https://cdn.shopify.com/s/files/1/0052/8321/7498/files/e38bd83af578077b65a31424bd24d085_45ca5421-f481-4fe2-b0aa-564c1b236dd5.png?v=1785898962,"DELTA ZETA"
"DZ Dezigns","DZ DeZigns Gift Card","DZ Dezigns",UPI2606181066,"Paper/print goods > Plastic cards",https://cdn.shopify.com/s/files/1/0052/8321/7498/files/DZD_b162bb00-65cc-4ff8-95f6-233ddc68490f.png?v=1785897937,"DELTA ZETA"
"DZ Dezigns","$25 Senior Senior Pack","DZ Dezigns",UPI2606182650,"Bundles > Non-apparel bundles",https://cdn.shopify.com/s/files/1/0052/8321/7498/files/DZDSenior1_70d1cb6e-a368-489a-9a5d-f0d3d4e4c7ee.jpg?v=1785898840,"DELTA ZETA"
"DZ Dezigns","$50 Senior Senior Pack","DZ Dezigns",UPI2606185866,"Bundles > Non-apparel bundles",https://cdn.shopify.com/s/files/1/0052/8321/7498/files/DZDSenior2_30c815be-058e-44fe-ac6c-ae0d3771a2be.jpg?v=1785898842,"DELTA ZETA"
"DZ Dezigns","Start Your Engines Tee","DZ Dezigns",UPI26061894251,"Shirts > Short sleeve t-shirts",https://cdn.shopify.com/s/files/1/0052/8321/7498/files/DZD200801-Black-3001_3fa22a9a-be74-4178-bf92-40000029d136.jpg?v=1785898500,"DELTA ZETA"
"DZ Dezigns","Summer Punch Tee","DZ Dezigns",UPI26061847851,"Shirts > Short sleeve t-shirts",https://cdn.shopify.com/s/files/1/0052/8321/7498/files/DZD200802-BananaCream-3600_2a90dced-77df-4fa5-85eb-34598bf04409.jpg?v=1785898502,"DELTA ZETA"
"DZ Dezigns","Naturally Sweet Tee","DZ Dezigns",UPI26061891852,"Shirts > Short sleeve t-shirts",https://cdn.shopify.com/s/files/1/0052/8321/7498/files/DZD200803-White-6400_a7fa0dbb-ccb2-42be-a4fa-397f1f2a6852.jpg?v=1785898504,"DELTA ZETA"
"DZ Dezigns","Delta Zeta Mask","DZ Dezigns",UPI2606181153,"Apparel > Face masks",https://cdn.shopify.com/s/files/1/0052/8321/7498/files/DZDMASK1_db3fdf81-f0b1-4622-b102-649d9075b0ee.jpg?v=1785898836,"DELTA ZETA"
"DZ Dezigns","Delta Zeta Gaiters","DZ Dezigns",UPI2606186017,"Apparel > Neck gaiters",https://cdn.shopify.com/s/files/1/0052/8321/7498/files/hf_20260524_193556_abd738d8-f4c2-4f61-9bc5-fea47d54ac20.png?v=1785898215,"DELTA ZETA"
"DZ Dezigns","White and Gold 12 oz Travel Mug","Alex & Co",UPI2606185857,"Drinkware > Travel mugs",https://cdn.shopify.com/s/files/1/0052/8321/7498/files/KA3035DZ_deb6a9b0-081c-467a-9b3c-01f8e8df0efa.jpg?v=1785899026,"DELTA ZETA"
"DZ Dezigns","Floral Pen","Alex & Co",UPI2606188577,"Office products > Pens",https://cdn.shopify.com/s/files/1/0052/8321/7498/files/AA3011DZ_c75468e6-735b-448e-8dc1-f67c0de4dd00.jpg?v=1785898281,"DELTA ZETA"
"DZ Dezigns","DZ Round Sticker","Alex & Co",UPI26061892652,"Promotional > Stickers",https://cdn.shopify.com/s/files/1/0052/8321/7498/files/4433630987963541484_d12dc41b-22e1-4aa9-8219-b3950014e729.jpg?v=1785898264,"DELTA ZETA"
"DZ Dezigns","Floral Notepad","Alex & Co",UPI26061824653,"Paper/print goods > Note pads",https://cdn.shopify.com/s/files/1/0052/8321/7498/files/AA3025DZ_cd75461b-eceb-4190-8daf-c39036b0b245.jpg?v=1785898292,"DELTA ZETA"
"DZ Dezigns","Grey Delta Zeta Hat","Alex & Co",UPI2606187329,"Headwear > Billed hats",https://cdn.shopify.com/s/files/1/0052/8321/7498/files/AA3034DZ_89c4a0bf-cea8-42f8-a175-42f2d68947f9.jpg?v=1785898296,"DELTA ZETA"
"DZ Dezigns","Round Travel Case","Alex & Co",UPI2606183313,"Bags > Cosmetic cases",https://cdn.shopify.com/s/files/1/0052/8321/7498/files/AA3039DZ_036d66dc-528a-422a-8e1f-8d995c3eb4cc.jpg?v=1785898301,"DELTA ZETA"
"DZ Dezigns","DZ Ankle Socks","DZ Dezigns",UPI26061864011,"Apparel > Socks",https://cdn.shopify.com/s/files/1/0052/8321/7498/files/SOCKS_d2903624-2361-4b22-8b9e-c1144ec3db08.jpg?v=1785899047,"DELTA ZETA"
"DZ Dezigns","DZ Grey Striped Sleeve Truly Loved Onesie","DZ Dezigns",UPI26061806091,"Baby > Baby bodysuits",https://cdn.shopify.com/s/files/1/0052/8321/7498/files/GONESIE_d295e7a0-8ccc-4acd-9582-81aa7b7abdea.jpg?v=1785898966,"DELTA ZETA"
"DZ Dezigns","Pink Striped Truly Loved Onesie","DZ Dezigns",UPI26061823534,"Baby > Baby bodysuits",https://cdn.shopify.com/s/files/1/0052/8321/7498/files/PONESIE_302e28ef-7370-4d04-b6c3-6ac8e3a9f18f.jpg?v=1785899038,"DELTA ZETA"
"DZ Dezigns","White Floral Wreath Ornament","DZ Dezigns",UPI2606189409,"Promotional > Ornaments",https://cdn.shopify.com/s/files/1/0052/8321/7498/files/17211_3fd3d6ce-e358-4615-a892-65090c36fdb2.jpg?v=1785898261,"DELTA ZETA"
"DZ Dezigns","Delta Zeta Notecards","DZ Dezigns",UPI2606185841,"Stationery > Note cards",https://cdn.shopify.com/s/files/1/0052/8321/7498/files/NC1_a2209a82-91f1-4ee4-ae1f-e0264c97dc9d.jpg?v=1785899030,"DELTA ZETA"
"DZ Dezigns","Lime Pen","DZ Dezigns",UPI2606181185,"Office products > Pens",https://cdn.shopify.com/s/files/1/0052/8321/7498/files/limepen_7b3714bd-184b-4cd1-ae90-9b9aa6b841d8.jpg?v=1785899028,"DELTA ZETA"
"DZ Dezigns","White with Pink Script Hat","DZ Dezigns",UPI2606182849,"Headwear > Billed hats",https://cdn.shopify.com/s/files/1/0052/8321/7498/files/WHITESCRIPTHAT_aa895468-87ad-4f3d-b4bc-0c275e3efc85.jpg?v=1785899059,"DELTA ZETA"
"DZ Dezigns","White Hat with Pink DZ and Green Line","DZ Dezigns",UPI26061820971,"Headwear > Billed hats",https://cdn.shopify.com/s/files/1/0052/8321/7498/files/WHITEHAT_37ae773e-7784-4b3d-80f1-a8373b1e5ee2.jpg?v=1785899057,"DELTA ZETA"
"DZ Dezigns","Pastel Pink DZ Alumna Decal","DZ Dezigns",UPI26061898412,"Promotional > Decals",https://cdn.shopify.com/s/files/1/0052/8321/7498/files/pasteldecal_1e675bfd-42c2-449b-ac13-e4d0eff0107a.jpg?v=1785899034,"DELTA ZETA"
"DZ Dezigns","DZ Rose Hat","DZ Dezigns",UPI26061827691,"Headwear > Billed hats",https://cdn.shopify.com/s/files/1/0052/8321/7498/files/rosehat_40e02d0e-4d27-483d-9a85-a54e514969c5.jpg?v=1785899043,"DELTA ZETA"
"DZ Dezigns","Embroidered Twill Beanie","DZ Dezigns",UPI2606180449,"Headwear > Beanies",https://cdn.shopify.com/s/files/1/0052/8321/7498/files/DZD201002-Grey-TW5003_318e1c77-632e-4de1-a008-1f221c89172b.jpg?v=1785898506,"DELTA ZETA"
"DZ Dezigns","Sandwash Crew","DZ Dezigns",UPI26061899211,"Sweatshirts > Crewneck sweatshirts",https://cdn.shopify.com/s/files/1/0052/8321/7498/files/DZD201003-Maroon-7760_97380686-bc56-48f0-80b8-1bdd8fa0ff85.jpg?v=1785898508,"DELTA ZETA"
"DZ Dezigns","Snowflake Tee","DZ Dezigns",UPI26061869612,"Shirts > Short sleeve t-shirts",https://cdn.shopify.com/s/files/1/0052/8321/7498/files/DZD201004-White-3001_61876f81-29e3-4d3b-b785-a98c09c97daa.jpg?v=1785898510,"DELTA ZETA"
"DZ Dezigns","Snowflake Decal","DZ Dezigns",UPI2606183761,"Promotional > Stickers",https://cdn.shopify.com/s/files/1/0052/8321/7498/files/hf_20260524_193335_58a56109-65ea-463e-9321-d4f73851fa30.png?v=1785898204,"DELTA ZETA"
"DZ Dezigns","Striped Scarf","DZ Dezigns",UPI26061858732,"Apparel > Scarves",https://cdn.shopify.com/s/files/1/0052/8321/7498/files/DZD201006-Maroon-STA02_4a93c174-3807-477e-aa77-182f751c3ebd.jpg?v=1785898513,"DELTA ZETA"
"DZ Dezigns","PJ Pants","DZ Dezigns",UPI2606186385,"Pajamas > Pajama bottom pants",https://cdn.shopify.com/s/files/1/0052/8321/7498/files/DZD201014-Red-DT2800_310b83c9-c4db-4a02-9da4-d4f3bc705141.jpg?v=1785898523,"DELTA ZETA"
"DZ Dezigns","Reindeer Games Crew","DZ Dezigns",UPI26061805293,"Sweatshirts > Crewneck sweatshirts",https://cdn.shopify.com/s/files/1/0052/8321/7498/files/DZD201008-Forest-18000_67e9b510-3cbd-46f3-b245-564360428d1f.jpg?v=1785898515,"DELTA ZETA"
"DZ Dezigns","Stitch It Crew","DZ Dezigns",UPI26061812812,"Sweatshirts > Crewneck sweatshirts",https://cdn.shopify.com/s/files/1/0052/8321/7498/files/DZD201009-Ash-18000_da3d8d8a-7988-4e81-8441-76f5028fc132.jpg?v=1785898517,"DELTA ZETA"
"DZ Dezigns","Script Hoodie","DZ Dezigns",UPI2606186257,"Sweatshirts > Hooded sweatshirts",https://cdn.shopify.com/s/files/1/0052/8321/7498/files/DZD201010-HSpDkGreen-18500_a07de2bd-420e-4e9f-a9bb-3a3b2c396707.jpg?v=1785898519,"DELTA ZETA"
"DZ Dezigns","Outside The Lines Hoodie","DZ Dezigns",UPI26061808491,"Sweatshirts > Hooded sweatshirts",https://cdn.shopify.com/s/files/1/0052/8321/7498/files/DZD201011-LightBlue-18500_50948626-73e5-445f-ab5f-cd205d6068e6.jpg?v=1785898521,"DELTA ZETA"
"DZ Dezigns","DZ Dad Tee","DZ Dezigns",UPI26061851371,"Shirts > Short sleeve t-shirts",https://cdn.shopify.com/s/files/1/0052/8321/7498/files/DZD200704-Charcoal-5000_9afd6523-1537-469d-b562-de5622a3e6ee.jpg?v=1785898495,"DELTA ZETA"
"DZ Dezigns","DZ Dad Hat","DZ Dezigns",UPI26061886254,"Headwear > Billed hats",https://cdn.shopify.com/s/files/1/0052/8321/7498/files/DZD200705-White-18202_81902801-939f-4e69-96e6-ded4b41ee107.jpg?v=1785898498,"DELTA ZETA"
"DZ Dezigns","DZ Mom Hat","DZ Dezigns",UPI26061885611,"Headwear > Billed hats",https://cdn.shopify.com/s/files/1/0052/8321/7498/files/DZD200702-StoneGray-18202_1d350ddd-a29c-41c9-a577-d938d76269da.jpg?v=1785898491,"DELTA ZETA"
"DZ Dezigns","DZ Mom Tote","DZ Dezigns",UPI26061809772,"Bags > Market tote bags",https://cdn.shopify.com/s/files/1/0052/8321/7498/files/DZD200703-LightPink-Q800_6a324bd7-42c7-4f23-b687-6b088be9cef1.jpg?v=1785898493,"DELTA ZETA"
"DZ Dezigns","DZ Mom Flowy Tee","DZ Dezigns",UPI2606185633,"Shirts > Short sleeve t-shirts",https://cdn.shopify.com/s/files/1/0052/8321/7498/files/DZD200701-White-8816_1e8e4feb-2c82-4df9-85f5-7efdaa29cb13.jpg?v=1785898489,"DELTA ZETA"
"DZ Dezigns","Gold Plated Script Necklace","DZ Dezigns",UPI26061803211,"Jewelry > Necklaces",https://cdn.shopify.com/s/files/1/0052/8321/7498/files/DZD-ScriptNecklace_55ca458b-cffb-4ee5-82f8-b2c96cb963aa.jpg?v=1785898838,"DELTA ZETA"
"DZ Dezigns","Pastel Delta Zeta Tee","DZ Dezigns",UPI2606186769,"Shirts > Short sleeve t-shirts",https://cdn.shopify.com/s/files/1/0052/8321/7498/files/uqkzhwAg_75369b77-c4a9-487a-af07-0bfcb10bff58.jpg?v=1785899053,"DELTA ZETA"
"DZ Dezigns","Sand DeeZee Crew","DZ Dezigns",UPI2606183025,"Sweatshirts > Crewneck sweatshirts",https://cdn.shopify.com/s/files/1/0052/8321/7498/files/5FOtMhxw_f1e4ce94-2dab-40dc-8d5b-03d1d6302d54.jpg?v=1785898266,"DELTA ZETA"
"DZ Dezigns","Girl Power","DZ Dezigns",UPI26061848171,"Shirts > Short sleeve t-shirts",https://cdn.shopify.com/s/files/1/0052/8321/7498/files/04rL2gZg_75fcbd90-6f39-4783-ad68-f68bbe9f4915.jpg?v=1785898259,"DELTA ZETA"
"DZ Dezigns","Happy to be Deezee Tee","DZ Dezigns",UPI2606187953,"Shirts > Short sleeve t-shirts",https://cdn.shopify.com/s/files/1/0052/8321/7498/files/WC9ZdIpA_985fa3b5-f8c5-4750-9b74-927db221b3d2.jpg?v=1785899055,"DELTA ZETA"
"DZ Dezigns","Deezee Butterfly Tank","DZ Dezigns",UPI2606182785,"Shirts > Tank tops",https://cdn.shopify.com/s/files/1/0052/8321/7498/files/Or1oMszQ_8bb21b0a-9fc4-4705-b3f6-d1277078415a.jpg?v=1785899032,"DELTA ZETA"
"DZ Dezigns","Sky Blue Tie-Dye Tee","DZ Dezigns",UPI26061831692,"Shirts > Short sleeve t-shirts",https://cdn.shopify.com/s/files/1/0052/8321/7498/files/FEKEIwA_7cb2d662-ed7b-4d3f-8426-6041dcdb89aa.jpg?v=1785898963,"DELTA ZETA"
"DZ Dezigns","Happy to be Deezee Hoodie","DZ Dezigns",UPI26061823693,"Sweatshirts > Hooded sweatshirts",https://cdn.shopify.com/s/files/1/0052/8321/7498/files/A2mHIpkg_3dd80016-9422-41bc-979d-6067f24456c6.jpg?v=1785898269,"DELTA ZETA"
"DZ Dezigns","Butterfly Script","DZ Dezigns",UPI26061871051,"Shirts > Short sleeve t-shirts",https://cdn.shopify.com/s/files/1/0052/8321/7498/files/R2-1J3iQ_68d6499e-7b19-4104-b257-2c33ce0915a4.jpg?v=1785899040,"DELTA ZETA"
"DZ Dezigns","Delta Zeta Angel Tank","DZ Dezigns",UPI26061855051,"Shirts > Tank tops",https://cdn.shopify.com/s/files/1/0052/8321/7498/files/rpYvMCmw_b1fd5d46-9a2c-4dde-b5a7-8fb9965bbfc0.jpg?v=1785899045,"DELTA ZETA"
"DZ Dezigns","Light Blue Crew","DZ Dezigns",UPI26061851531,"Sweatshirts > Crewneck sweatshirts",https://cdn.shopify.com/s/files/1/0052/8321/7498/files/9k2GaR7Q_955474d5-35fb-4632-9644-752d781c5c0d.jpg?v=1785898267,"DELTA ZETA"
"DZ Dezigns","Black Crystal Tie-Dye Tee","DZ Dezigns",UPI2606187745,"Shirts > Short sleeve t-shirts",https://cdn.shopify.com/s/files/1/0052/8321/7498/files/tUvfqT6w_db91d7b1-a9ae-42e4-9866-361a81041679.jpg?v=1785899049,"DELTA ZETA"
"DZ Dezigns","Banana Cream Tee","DZ Dezigns",UPI26061884651,"Shirts > Short sleeve t-shirts",https://cdn.shopify.com/s/files/1/0052/8321/7498/files/umFQFFLw_4849d818-31af-464a-83e4-ea2f46d2e86b.jpg?v=1785899051,"DELTA ZETA"
"DZ Dezigns","Fire Tank","DZ Dezigns",UPI2606185521,"Shirts > Tank tops",https://cdn.shopify.com/s/files/1/0052/8321/7498/files/DZD210303-Black-1080_0b45669a-4de4-45b9-b3da-7d28c4fab811.jpg?v=1785898525,"DELTA ZETA"
"DZ Dezigns","Classic Cherry Tank","DZ Dezigns",UPI26061857131,"Shirts > Tank tops",https://cdn.shopify.com/s/files/1/0052/8321/7498/files/DZD210306-White-1080_c02b569b-39b1-4cae-888b-6a6b612f6bc8.jpg?v=1785898527,"DELTA ZETA"
"DZ Dezigns","Script Rolled Sleeve Tee","DZ Dezigns",UPI26061855534,"Shirts > Short sleeve t-shirts",https://cdn.shopify.com/s/files/1/0052/8321/7498/files/hf_20260524_193656_833ae61a-5eff-48b2-8ddc-d131837c18a6.png?v=1785898220,"DELTA ZETA"
"DZ Dezigns","Dee Zee Leaf Decal","DZ Dezigns",UPI26061881132,"Promotional > Stickers",https://cdn.shopify.com/s/files/1/0052/8321/7498/files/IMG_14921_4c2e0fbd-2b71-4af0-b908-5151086337ea.jpg?v=1785898968,"DELTA ZETA"
"DZ Dezigns","Truly Shadow Decal","DZ Dezigns",UPI26061834091,"Promotional > Stickers",https://cdn.shopify.com/s/files/1/0052/8321/7498/files/hf_20260524_193422_ed3fd6f1-d816-4d1c-91b2-f8aa389ac67d.png?v=1785898208,"DELTA ZETA"
"DZ Dezigns","Leaf Letter Button","DZ Dezigns",UPI26061886092,"Promotional > Pin-back buttons",https://cdn.shopify.com/s/files/1/0052/8321/7498/files/hf_20260524_193307_acf114c6-46c1-49b6-9633-69bdce521d02.png?v=1785898201,"DELTA ZETA"
"DZ Dezigns","Pink Classic Button","DZ Dezigns",UPI26061856011,"Promotional > Pin-back buttons",https://cdn.shopify.com/s/files/1/0052/8321/7498/files/IMG_15001_fe809a38-2e60-4f4f-9d39-3f0c1a971731.jpg?v=1785898970,"DELTA ZETA"
"DZ Dezigns","Dee Zee Pink and Grey Pen","DZ Dezigns",UPI26061804491,"Office products > Pens",https://cdn.shopify.com/s/files/1/0052/8321/7498/files/IMG_15031_37745ad4-bb35-47b1-a557-0595fc870502.jpg?v=1785898972,"DELTA ZETA"
"DZ Dezigns","Square Decal","DZ Dezigns",UPI26061887691,"Promotional > Stickers",https://cdn.shopify.com/s/files/1/0052/8321/7498/files/hf_20260524_193439_4f57b7bb-e2c3-4dfc-88a1-9b4fd18c63e9.png?v=1785898210,"DELTA ZETA"
"DZ Dezigns","DZ Rose Decal","DZ Dezigns",UPI2606180145,"Promotional > Stickers",https://cdn.shopify.com/s/files/1/0052/8321/7498/files/IMG_15111_e0ce1da5-9e9d-4e61-8481-87f5eaed5044.jpg?v=1785898974,"DELTA ZETA"
"DZ Dezigns","Classic Truly Button","DZ Dezigns",UPI26061850572,"Promotional > Pin-back buttons",https://cdn.shopify.com/s/files/1/0052/8321/7498/files/IMG_15131_1_249abc12-e03d-447a-820b-55f38af09e7c.jpg?v=1785898976,"DELTA ZETA"
"DZ Dezigns","Leaves Notepad","DZ Dezigns",UPI2606182753,"Paper/print goods > Note pads",https://cdn.shopify.com/s/files/1/0052/8321/7498/files/IMG_15141_2e1d9e6a-d3a7-4d70-862d-ce8b5425957e.jpg?v=1785898978,"DELTA ZETA"
"DZ Dezigns","Crest Crew","DZ Dezigns",UPI26061807691,"Sweatshirts > Crewneck sweatshirts",https://cdn.shopify.com/s/files/1/0052/8321/7498/files/DZD210401-PRM3500-PigmentBlack_d9dd6176-5161-4ba8-bbfe-24d3890a0279.jpg?v=1785898529,"DELTA ZETA"
"DZ Dezigns","Crest Alumna Sweatshirt","DZ Dezigns",UPI26061820331,"Sweatshirts > Crewneck sweatshirts",https://cdn.shopify.com/s/files/1/0052/8321/7498/files/DZD210402-PRM3500-Sandstone_03a222b1-7d7c-42ba-9252-9cf1b86b7ef1.jpg?v=1785898532,"DELTA ZETA"
"DZ Dezigns","Crest Hoodie","DZ Dezigns",UPI2606184209,"Sweatshirts > Hooded sweatshirts",https://cdn.shopify.com/s/files/1/0052/8321/7498/files/DZD210403-18500-White-Back_481d6143-1c4e-4cd5-ab5f-dfd2a8abd5da.jpg?v=1785898534,"DELTA ZETA"
"DZ Dezigns","Established Beanie","DZ Dezigns",UPI26061886892,"Headwear > Beanies",https://cdn.shopify.com/s/files/1/0052/8321/7498/files/DZD210408-SP15-Forest-EMB_45c9d9e7-fce8-4900-b8ac-227d52a0795d.jpg?v=1785898543,"DELTA ZETA"
"DZ Dezigns","Alumna Hooded Cardigan","DZ Dezigns",UPI2606182993,"Apparel > Sweaters",https://cdn.shopify.com/s/files/1/0052/8321/7498/files/DZD210409-DT156-GreyFrost-EMB_a5238fcd-efe9-40c8-a8af-c461fc6ff9cd.jpg?v=1785898545,"DELTA ZETA"
"DZ Dezigns","Hooded Cardigan","DZ Dezigns",UPI26061819371,"Apparel > Sweaters",https://cdn.shopify.com/s/files/1/0052/8321/7498/files/DZD210410-DT156-BlackFrost-EMB_da5aaf72-5bf8-4c27-b240-5951526a190f.jpg?v=1785898548,"DELTA ZETA"
"DZ Dezigns","Large Letter Sweatshirt","DZ Dezigns",UPI2606187041,"Sweatshirts > Crewneck sweatshirts",https://cdn.shopify.com/s/files/1/0052/8321/7498/files/DZD210411-18000-MilitaryGreen_77977d01-c631-4e05-8810-40b38e28d246.jpg?v=1785898550,"DELTA ZETA"
"DZ Dezigns","Alumna Large Letter Sweatshirt","DZ Dezigns",UPI26061811691,"Sweatshirts > Crewneck sweatshirts",https://cdn.shopify.com/s/files/1/0052/8321/7498/files/DZD210412-18000-MilitaryGreen_df7ef67a-7d37-4bc5-b047-f61871f13463.jpg?v=1785898552,"DELTA ZETA"
"DZ Dezigns","Crest Button","DZ Dezigns",UPI26061898571,"Promotional > Pin-back buttons",https://cdn.shopify.com/s/files/1/0052/8321/7498/files/DZD210413-Button_293c50c0-4ebc-4089-91c0-3799e0ab9958.jpg?v=1785898555,"DELTA ZETA"
"DZ Dezigns","Established Square Decal",ShopPhiDE,UPI26061885291,"Promotional > Decals",https://cdn.shopify.com/s/files/1/0052/8321/7498/products/DZD210414-Sticker.jpg?v=1633539428,"DELTA ZETA"
"DZ Dezigns","Delta Zeta Block Hat","DZ Dezigns",UPI2606184897,"Headwear > Billed hats",https://cdn.shopify.com/s/files/1/0052/8321/7498/files/DZD210404-BA703-Navy-EMB_2b04ccb9-7ced-4aef-9f69-96b54d102cf6.jpg?v=1785898537,"DELTA ZETA"
"DZ Dezigns","DZ Letter Hat","DZ Dezigns",UPI26061869292,"Headwear > Billed hats",https://cdn.shopify.com/s/files/1/0052/8321/7498/files/DZD210404-BA703-Olive-EMB_d758f1f7-a216-47e9-9344-1f4a83254421.jpg?v=1785898539,"DELTA ZETA"
"DZ Dezigns","Alumna Script Hats","DZ Dezigns",UPI2606184657,"Headwear > Billed hats",https://cdn.shopify.com/s/files/1/0052/8321/7498/files/DZD210407-BA703-Olive-EMB_a17ba5bc-0303-4f0a-bf5c-33d07fcb2489.jpg?v=1785898541,"DELTA ZETA"
"DZ Dezigns","Delta Zeta Mom Tee","DZ Dezigns",UPI260618403021,"Shirts > Short sleeve t-shirts",https://cdn.shopify.com/s/files/1/0052/8321/7498/files/DTD200701-3001-White_af4306cb-a39e-43c3-ae26-9f5015d92829.jpg?v=1785898323,"DELTA ZETA"
"DZ Dezigns","Classic Truly Decal","DZ Dezigns",UPI26061897109,"Promotional > Stickers",https://cdn.shopify.com/s/files/1/0052/8321/7498/files/IMG_2119_d551bbbc-542f-4350-b8d5-ec3fa40bb7cd.jpg?v=1785898980,"DELTA ZETA"
"DZ Dezigns","MINT HAT","DZ Dezigns",UPI260618067020,"Headwear > Billed hats",https://cdn.shopify.com/s/files/1/0052/8321/7498/files/IMG_2184_7de11255-ca3a-4284-bb65-9e321142822f.jpg?v=1785898983,"DELTA ZETA"
"DZ Dezigns","Shadow Block Sweatshirt","DZ Dezigns",UPI260618193416,"Sweatshirts > Crewneck sweatshirts",https://cdn.shopify.com/s/files/1/0052/8321/7498/files/DZD-220001-LTPINK-18000_537f18ac-d57e-4060-afcd-0c88f2928984.jpg?v=1785898557,"DELTA ZETA"
"DZ Dezigns","Zapped Yellow Tee","DZ Dezigns",UPI260618230210,"Shirts > Short sleeve t-shirts",https://cdn.shopify.com/s/files/1/0052/8321/7498/files/DZD-220002-YELLOWHZ-5000_6a7e4984-07dd-4ee8-8c3e-230a70ba24ff.jpg?v=1785898559,"DELTA ZETA"
"DZ Dezigns","Floral Trio","DZ Dezigns",UPI260618838217,"Shirts > Short sleeve t-shirts",https://cdn.shopify.com/s/files/1/0052/8321/7498/files/DZD-220003-MINTGREEN-5000_0472bbfa-941c-4209-89e3-12bcbb941555.jpg?v=1785898561,"DELTA ZETA"
"DZ Dezigns","I Am Enough Tote","DZ Dezigns",UPI260618044611,"Bags > Market tote bags",https://cdn.shopify.com/s/files/1/0052/8321/7498/files/DZD-220004-WHITE-Q800_098e48cb-5e6b-4201-b29c-81893cb3bcb4.jpg?v=1785898563,"DELTA ZETA"
"DZ Dezigns","Two Tone Delta Zeta Hat","DZ Dezigns",UPI260618019018,"Headwear > Billed hats",https://cdn.shopify.com/s/files/1/0052/8321/7498/files/DZD-220005-WHITE-VC300A-EMB_f8796056-001d-4b2e-bde2-02723049caaf.jpg?v=1785898565,"DELTA ZETA"
"DZ Dezigns","Trucker Hat","The Kappa Collection",UPI260618172612,"Headwear > Billed hats",https://cdn.shopify.com/s/files/1/0052/8321/7498/files/DZD-220007-PINK-6006W-EMB_0544a52b-fffa-4622-aa02-84b625d017a4.jpg?v=1785898567,"DELTA ZETA"
"DZ Dezigns","Script Meets Print","DZ Dezigns",UPI260618067021,"Shirts > Short sleeve t-shirts",https://cdn.shopify.com/s/files/1/0052/8321/7498/files/DZD-220009-SOFTCREAM-3001_144b36ef-32af-4537-b18b-3fed2a6f2748.jpg?v=1785898569,"DELTA ZETA"
"DZ Dezigns","Offline Tee","DZ Dezigns",UPI260618353419,"Shirts > Short sleeve t-shirts",https://cdn.shopify.com/s/files/1/0052/8321/7498/files/DZD-220010-CHARCOAL-6413_3be0adfa-604c-43b5-9f4b-f47df805b414.jpg?v=1785898572,"DELTA ZETA"
"DZ Dezigns","Always Crop Tank","DZ Dezigns",UPI260618327815,"Shirts > Tank tops",https://cdn.shopify.com/s/files/1/0052/8321/7498/files/DZD-220011-MAUVE-6682_52c36a46-c564-4d6a-a2bc-3b75d895f8f4.jpg?v=1785898575,"DELTA ZETA"
"DZ Dezigns","Four Star Slouchy Tee","DZ Dezigns",UPI260618150215,"Shirts > Short sleeve t-shirts",https://cdn.shopify.com/s/files/1/0052/8321/7498/files/DZD-220012-BLACK-8816_6445ea37-fa71-4bfc-8144-8e2f3a2bab08.jpg?v=1785898577,"DELTA ZETA"
"DZ Dezigns","Unicorn Hoodie","DZ Dezigns",UPI260618607811,"Sweatshirts > Hooded sweatshirts",https://cdn.shopify.com/s/files/1/0052/8321/7498/files/DZD-220013-UNICORN-CD8600_1_f7c1981e-ed17-4001-86b9-645a6ad057f4.jpg?v=1785898579,"DELTA ZETA"
"DZ Dezigns","Butterfly Ring Tank","DZ Dezigns",UPI260618475015,"Shirts > Tank tops",https://cdn.shopify.com/s/files/1/0052/8321/7498/files/DZD-220014-WHITE-8809_01755c89-b577-42ad-aed2-bf0b8fc96413.jpg?v=1785898581,"DELTA ZETA"
"DZ Dezigns","Love Peace Tee","DZ Dezigns",UPI260618051011,"Shirts > Short sleeve t-shirts",https://cdn.shopify.com/s/files/1/0052/8321/7498/files/DZD2202138-CHAMBRAY-1717_4b84de34-2f5b-4ea2-8e4b-86b50c11ccf2.jpg?v=1785898626,"DELTA ZETA"
"DZ Dezigns","Happy Hanukkah Tee","DZ Dezigns",UPI260618875015,"Shirts > Short sleeve t-shirts",https://cdn.shopify.com/s/files/1/0052/8321/7498/files/DZD2202139-WHITE-1717_42abffdb-14ac-4b0f-9efc-559dceb53bb2.jpg?v=1785898628,"DELTA ZETA"
"DZ Dezigns","Merry and Bright Tee","DZ Dezigns",UPI260618215815,"Shirts > Short sleeve t-shirts",https://cdn.shopify.com/s/files/1/0052/8321/7498/files/DZD2202141-CRIMSON-1717_47affea6-a8f5-4fd7-be83-1b30550e56eb.jpg?v=1785898635,"DELTA ZETA"
"DZ Dezigns","Stitch It T-Shirt","DZ Dezigns",UPI260618591814,"Shirts > Short sleeve t-shirts",https://cdn.shopify.com/s/files/1/0052/8321/7498/files/DZD2202144-EMERALD-1717_926a2224-8f86-4a51-95c6-112bddc7a3eb.jpg?v=1785898641,"DELTA ZETA"
"DZ Dezigns","Reindeer Game Crewneck","DZ Dezigns",UPI260618815811,"Sweatshirts > Crewneck sweatshirts",https://cdn.shopify.com/s/files/1/0052/8321/7498/files/DZD2202148-RED-18000_6d4bbc02-0a3c-4fcb-a75a-5eb7f553ed2f.jpg?v=1785898650,"DELTA ZETA"
"DZ Dezigns","Delta Zeta Angel","DZ Dezigns",UPI260618807813,"Sweatshirts > Crewneck sweatshirts",https://cdn.shopify.com/s/files/1/0052/8321/7498/files/DZD2202149-RED-18000_dd7b57ca-c60b-46b6-b32c-09128428e99e.jpg?v=1785898652,"DELTA ZETA"
"DZ Dezigns","Merry and Bright Crewneck","DZ Dezigns",UPI260618174217,"Sweatshirts > Crewneck sweatshirts",https://cdn.shopify.com/s/files/1/0052/8321/7498/files/DZD2202150-FOREST-18000_e4a5fa4b-3e68-4491-a2c6-64969f1117ed.jpg?v=1785898656,"DELTA ZETA"
"DZ Dezigns","Be Bold Sisterhood Tee","DZ Dezigns",UPI260618564615,"Shirts > Short sleeve t-shirts",https://cdn.shopify.com/s/files/1/0052/8321/7498/files/DZD220215-LEAF-3001_0c4663da-2adb-4156-b926-220df37dfb1d.jpg?v=1785898672,"DELTA ZETA"
"DZ Dezigns","1902 Crest Crewneck","DZ Dezigns",UPI260618503820,"Sweatshirts > Crewneck sweatshirts",https://cdn.shopify.com/s/files/1/0052/8321/7498/files/DZD220216-LIGHTPINK-18000_0123c7f3-0192-46fb-a110-47b5622637ed.jpg?v=1785898674,"DELTA ZETA"
"DZ Dezigns","Diamond in the Rough Crewneck","DZ Dezigns",UPI260618041415,"Sweatshirts > Crewneck sweatshirts",https://cdn.shopify.com/s/files/1/0052/8321/7498/files/DZD220217-MILITARYGREEN-18000_853e0030-c3e6-49f6-a72e-12d29c852b96.jpg?v=1785898677,"DELTA ZETA"
"DZ Dezigns","DeeZee Pennant Tee","DZ Dezigns",UPI260618801411,"Shirts > Short sleeve t-shirts",https://cdn.shopify.com/s/files/1/0052/8321/7498/files/DZD220218-EVERGREEN-3001_13af1474-6458-49d5-8d71-9b9cb532c1d2.jpg?v=1785898678,"DELTA ZETA"
"DZ Dezigns","Ivory Seal Long Sleeve","DZ Dezigns",UPI260618079817,"Shirts > Long sleeve t-shirts",https://cdn.shopify.com/s/files/1/0052/8321/7498/files/DZD220219-IVORY-6014_74f812b8-9703-4749-a62a-a0d4703b5348.jpg?v=1785898680,"DELTA ZETA"
"DZ Dezigns","Be Bold Crest Crewneck","DZ Dezigns",UPI260618867012,"Sweatshirts > Crewneck sweatshirts",https://cdn.shopify.com/s/files/1/0052/8321/7498/files/DZD220220-ASH-18000_a1b5a0ac-0fdd-4a70-9189-9172bf69f890.jpg?v=1785898682,"DELTA ZETA"
"DZ Dezigns","Record Crewneck","DZ Dezigns",UPI260618502215,"Sweatshirts > Crewneck sweatshirts",https://cdn.shopify.com/s/files/1/0052/8321/7498/files/DZD220221-HTHRSPRTDRK-18000_b653e041-1f15-4ac3-988c-44e318b2d7d1.jpg?v=1785898685,"DELTA ZETA"
"DZ Dezigns","Print to Script High Neck Tank","DZ Dezigns",UPI260618987014,"Shirts > Tank tops",https://cdn.shopify.com/s/files/1/0052/8321/7498/files/DZD220222-DKGREYHTR-8809_ee3d158a-4e58-4360-8547-535e663aff85.jpg?v=1785898687,"DELTA ZETA"
"DZ Dezigns","Bottle Cap Tee","DZ Dezigns",UPI260618729417,"Shirts > Short sleeve t-shirts",https://cdn.shopify.com/s/files/1/0052/8321/7498/files/DZD220223-ATHHTHR-3001CVC_5fc8e077-685e-4f14-b3e2-8a49f520f0a7.jpg?v=1785898689,"DELTA ZETA"
"DZ Dezigns","Print to Script Hoodie","DZ Dezigns",UPI260618935813,"Sweatshirts > Hooded sweatshirts",https://cdn.shopify.com/s/files/1/0052/8321/7498/files/DZD220224-HTRGREY-JHA001_0bb40bf4-e248-411a-a23a-fd966c241ca1.jpg?v=1785898691,"DELTA ZETA"
"DZ Dezigns","Varsity Hoodie","DZ Dezigns",UPI260618598215,"Sweatshirts > Hooded sweatshirts",https://cdn.shopify.com/s/files/1/0052/8321/7498/files/DZD220225-HOTPINK-JHA001_1_8b1b7785-8475-4eed-bcd5-038dd77fbc58.jpg?v=1785898693,"DELTA ZETA"
"DZ Dezigns","Print to Script Tee","DZ Dezigns",UPI260618527811,"Shirts > Short sleeve t-shirts",https://cdn.shopify.com/s/files/1/0052/8321/7498/files/DZD220226-PINK-3001_b9d051f9-06b2-4d9d-9bad-5ac4c122b09a.jpg?v=1785898695,"DELTA ZETA"
"DZ Dezigns","Be Bold Crest Crewneck","DZ Dezigns",UPI260618011015,"Sweatshirts > Crewneck sweatshirts",https://cdn.shopify.com/s/files/1/0052/8321/7498/files/DZD220227-LIGHTPINK-18000_94e6f5a6-7ffc-4f09-aafd-9c1b609e0fe1.jpg?v=1785898697,"DELTA ZETA"
"DZ Dezigns","Varsity Long Sleeve","DZ Dezigns",UPI260618459020,"Shirts > Long sleeve t-shirts",https://cdn.shopify.com/s/files/1/0052/8321/7498/files/DZD220228-NAVY-6014_7a887c59-2c89-4204-8ecc-5459ef1697e4.jpg?v=1785898699,"DELTA ZETA"
"DZ Dezigns","Vintage Emblem Tee","DZ Dezigns",UPI260618585420,"Shirts > Short sleeve t-shirts",https://cdn.shopify.com/s/files/1/0052/8321/7498/files/DZD220229-VINTAGEWHITE-3001_8ab9ad59-d620-4f89-8055-6c3d88283701.jpg?v=1785898701,"DELTA ZETA"
"DZ Dezigns","Local Team Tank","DZ Dezigns",UPI260618363015,"Shirts > Tank tops",https://cdn.shopify.com/s/files/1/0052/8321/7498/files/DZD220230-SHIRAZ-5033_e125d0e1-733b-4b0d-942c-5d6b36447569.jpg?v=1785898703,"DELTA ZETA"
"DZ Dezigns","The Official Delta Zeta Pocket Tee","DZ Dezigns",UPI26061872147,"Shirts > Short sleeve t-shirts",https://cdn.shopify.com/s/files/1/0052/8321/7498/files/DZD220232-WHITE-6030-BACK_4afe2eb2-2951-4474-b896-34c40733bd95.jpg?v=1785898705,"DELTA ZETA"
"DZ Dezigns","Local Team Pocket Tee","DZ Dezigns",UPI260618294216,"Shirts > Short sleeve t-shirts",https://cdn.shopify.com/s/files/1/0052/8321/7498/files/DZD220233-MOSS-6030-BACK_3382847e-804b-4681-95f9-322f059e7633.jpg?v=1785898708,"DELTA ZETA"
"DZ Dezigns","Crest Pocket Tee","DZ Dezigns",UPI260618143811,"Shirts > Short sleeve t-shirts",https://cdn.shopify.com/s/files/1/0052/8321/7498/files/DZD220234-IVORY-6030-BACK_cb0257cf-7748-47fc-b79b-2d9485868d26.jpg?v=1785898709,"DELTA ZETA"
"DZ Dezigns","Outline Crewneck","DZ Dezigns",UPI260618305415,"Sweatshirts > Crewneck sweatshirts",https://cdn.shopify.com/s/files/1/0052/8321/7498/files/DZD220235-WHITE-18000_69010b7c-b924-4880-b5e2-6be33b2a28a8.jpg?v=1785898712,"DELTA ZETA"
"DZ Dezigns","Classic Club Athletics","DZ Dezigns",UPI260618851015,"Shirts > Short sleeve t-shirts",https://cdn.shopify.com/s/files/1/0052/8321/7498/files/DZD220236-WHITE-3001_3639eba2-4633-4aca-9540-2f356098205b.jpg?v=1785898714,"DELTA ZETA"
"DZ Dezigns","Shield Tee","SDT Boutique",UPI260618843024,Default,https://cdn.shopify.com/s/files/1/0052/8321/7498/products/DZD220237-EVERGREEN-3001.jpg?v=1735843819,"DELTA ZETA"
"DZ Dezigns","Silver Trophy Tee","DZ Dezigns",UPI260618558215,"Shirts > Short sleeve t-shirts",https://cdn.shopify.com/s/files/1/0052/8321/7498/files/DZD220238-SILVER-3001_99ee74f4-3a1d-4907-89a8-6fc5ccb47328.jpg?v=1785898716,"DELTA ZETA"
"DZ Dezigns","Convex Tee","DZ Dezigns",UPI260618470214,"Shirts > Short sleeve t-shirts",https://cdn.shopify.com/s/files/1/0052/8321/7498/files/DZD220239-IVORY-1717_a2e635a9-aabc-4c70-a772-b29cae00570a.jpg?v=1785898718,"DELTA ZETA"
"DZ Dezigns","Pink Doodle Tee","DZ Dezigns",UPI260618015813,"Shirts > Short sleeve t-shirts",https://cdn.shopify.com/s/files/1/0052/8321/7498/files/DZD220240-PINK-3001_a9e5710f-bc96-46cd-99fe-ffd9be3ed837.jpg?v=1785898720,"DELTA ZETA"
"DZ Dezigns","Fine Line Tee","DZ Dezigns",UPI260618311811,"Shirts > Short sleeve t-shirts",https://cdn.shopify.com/s/files/1/0052/8321/7498/files/DZD220241-PEPPER-1717_fc87ad5a-d402-4be6-b350-6dd5fe8e8035.jpg?v=1785898722,"DELTA ZETA"
"DZ Dezigns","Established Script Crewneck","DZ Dezigns",UPI260618564616,"Sweatshirts > Crewneck sweatshirts",https://cdn.shopify.com/s/files/1/0052/8321/7498/files/DZD220242-WHITE-18000_c213ba25-690f-483f-a313-c8e8053cf2a3.jpg?v=1785898724,"DELTA ZETA"
"DZ Dezigns","Pink Panther Crewneck","DZ Dezigns",UPI260618092616,"Sweatshirts > Crewneck sweatshirts",https://cdn.shopify.com/s/files/1/0052/8321/7498/files/DZD220243-BLACK-18000_3aee0297-1dbf-4ede-a232-60289d98a525.jpg?v=1785898727,"DELTA ZETA"
"DZ Dezigns","Classic Greek Crewneck","DZ Dezigns",UPI260618596611,"Sweatshirts > Crewneck sweatshirts",https://cdn.shopify.com/s/files/1/0052/8321/7498/files/DZD220244-MILITARYGREEN-18000_8d12b441-edc8-41e8-a7aa-8c258adec53b.jpg?v=1785898729,"DELTA ZETA"
"DZ Dezigns","1902 Crewneck","DZ Dezigns",UPI260618937411,"Sweatshirts > Crewneck sweatshirts",https://cdn.shopify.com/s/files/1/0052/8321/7498/files/DZD220245-HTHRSPRTDRK-18000_2240f4ac-9bb6-48af-83c8-a867b6dc109f.jpg?v=1785898731,"DELTA ZETA"
"DZ Dezigns","Set the Bar Crewneck","DZ Dezigns",UPI260618174216,"Sweatshirts > Crewneck sweatshirts",https://cdn.shopify.com/s/files/1/0052/8321/7498/files/DZD220246-LTASH-3901_1e50c16d-6c6f-4d3d-a6b0-9272f693a875.jpg?v=1785898733,"DELTA ZETA"
"DZ Dezigns","Signature Crewneck","DZ Dezigns",UPI260618817421,"Sweatshirts > Crewneck sweatshirts",https://cdn.shopify.com/s/files/1/0052/8321/7498/files/DZD220247-HTHRDUST-3901_80c36a05-00c2-47d2-8e4b-9e28f3411f4e.jpg?v=1785898735,"DELTA ZETA"
"DZ Dezigns","Classic Greek Hoodie","DZ Dezigns",UPI260618041416,"Sweatshirts > Hooded sweatshirts",https://cdn.shopify.com/s/files/1/0052/8321/7498/files/DZD220248-VANILLAMILKSHAKE-JHA001_776c9a46-2fe3-422d-ad7b-64cc84ba9f20.jpg?v=1785898737,"DELTA ZETA"
"DZ Dezigns","Est. Hoodie","DZ Dezigns",UPI260618916610,"Sweatshirts > Hooded sweatshirts",https://cdn.shopify.com/s/files/1/0052/8321/7498/files/DZD220249-HOTPINK-JHA001_6e2aa213-6830-4d88-aa15-9e8b742b0fc4.jpg?v=1785898739,"DELTA ZETA"
"DZ Dezigns","Island Reef Tank","DZ Dezigns",UPI260618729418,"Shirts > Tank tops",https://cdn.shopify.com/s/files/1/0052/8321/7498/files/DZD220250-ISLANDREEF-9360_bf898ef7-fa6e-4e0b-bde2-b22d67699996.jpg?v=1785898741,"DELTA ZETA"
"DZ Dezigns","Turtle Trophy Long Sleeve","DZ Dezigns",UPI260618095813,"Shirts > Long sleeve t-shirts",https://cdn.shopify.com/s/files/1/0052/8321/7498/files/DZD220252-WHITE-6014_04fa679d-9117-4015-865f-4f3afd5b4537.jpg?v=1785898743,"DELTA ZETA"
"DZ Dezigns","DZ 1902 Long Sleeve","DZ Dezigns",UPI260618247810,"Shirts > Long sleeve t-shirts",https://cdn.shopify.com/s/files/1/0052/8321/7498/files/DZD220253-WATERMELON-6014_b187fef0-d656-4385-bd5b-fbc16fa142f6.jpg?v=1785898746,"DELTA ZETA"
"DZ Dezigns","Sisterhood Pocket Tee","DZ Dezigns",UPI260618641418,"Shirts > Short sleeve t-shirts",https://cdn.shopify.com/s/files/1/0052/8321/7498/files/DZD220254-BERRY-6030-BACK_f406e633-5c88-4c00-9f12-2ad85cfa5f06.jpg?v=1785898748,"DELTA ZETA"
"DZ Dezigns","Peppered Pocket Tee","DZ Dezigns",UPI260618838218,"Shirts > Short sleeve t-shirts",https://cdn.shopify.com/s/files/1/0052/8321/7498/files/DZD220255-GRAPHITE-6030-BACK_bceeff3a-6055-4cc3-838a-61e9d2bf9d92.jpg?v=1785898750,"DELTA ZETA"
"DZ Dezigns","Turtle Pocket Tee","DZ Dezigns",UPI260618159810,"Shirts > Short sleeve t-shirts",https://cdn.shopify.com/s/files/1/0052/8321/7498/files/DZD220256-MOSS_1717-BACK_077d818a-2833-4701-a35d-ca14e0efb870.jpg?v=1785898752,"DELTA ZETA"
"DZ Dezigns","With Love Delta Zeta","DZ Dezigns",UPI260618611021,"Shirts > Short sleeve t-shirts",https://cdn.shopify.com/s/files/1/0052/8321/7498/files/DZD220281-FUNNELCAKE-CD100_508fede1-34fd-4662-8d80-c74b83c9389a.jpg?v=1785898790,"DELTA ZETA"
"DZ Dezigns","Silver Crystal Tee","DZ Dezigns",UPI260618299017,"Shirts > Short sleeve t-shirts",https://cdn.shopify.com/s/files/1/0052/8321/7498/files/DZD220282-SILVER-1390_f1d70abd-9a2b-4cc8-83ef-aac7dce12910.jpg?v=1785898792,"DELTA ZETA"
"DZ Dezigns","Touchdown Tee",ShopPhiDE,UPI260618710217,"Shirts > Short sleeve t-shirts",https://cdn.shopify.com/s/files/1/0052/8321/7498/products/DZD220284-VNTGHOTPINK-6937.jpg?v=1735843796,"DELTA ZETA"
"DZ Dezigns","Shiraz Festival Tank","DZ Dezigns",UPI260618246220,"Shirts > Tank tops",https://cdn.shopify.com/s/files/1/0052/8321/7498/files/DZD220285-SHIRAZ-5033_3ec24d14-111e-427b-9f71-28753e56c760.jpg?v=1785898794,"DELTA ZETA"
"DZ Dezigns","Smile Through the Storm Muscle Tee","DZ Dezigns",UPI260618782210,"Shirts > Short sleeve t-shirts",https://cdn.shopify.com/s/files/1/0052/8321/7498/files/DZD220286-STORM-8804_514eb756-fcb7-4e05-8303-c1855cd353dd.jpg?v=1785898796,"DELTA ZETA"
"DZ Dezigns","Vintage Corded Crewneck","DZ Dezigns",UPI260618639812,"Sweatshirts > Crewneck sweatshirts",https://cdn.shopify.com/s/files/1/0052/8321/7498/files/DZD220287-VINBLACK-9930_6aafc9d8-f1f6-430c-be4e-185226684050.jpg?v=1785898798,"DELTA ZETA"
"DZ Dezigns","Truly Grin Crewneck","DZ Dezigns",UPI260618899018,"Sweatshirts > Crewneck sweatshirts",https://cdn.shopify.com/s/files/1/0052/8321/7498/files/DZD220288-HTHRSPRTDRK-18000_12c9e36f-d9b6-43da-86be-473993dcf290.jpg?v=1785898800,"DELTA ZETA"
"DZ Dezigns","Etched in Sand Crewneck","DZ Dezigns",UPI260618819014,"Sweatshirts > Crewneck sweatshirts",https://cdn.shopify.com/s/files/1/0052/8321/7498/files/DZD220289-SAND-18000-BACK_6ebce4ad-77e6-47d2-84f0-e150654cf1f9.jpg?v=1785898802,"DELTA ZETA"
"DZ Dezigns","Text Me Hoodie","DZ Dezigns",UPI260618214212,"Sweatshirts > Hooded sweatshirts",https://cdn.shopify.com/s/files/1/0052/8321/7498/files/DZD220290-WHITE-18500-BACK_52bcd187-8b1f-49ff-8739-9c0e9478949e.jpg?v=1785898804,"DELTA ZETA"
"DZ Dezigns","Twelve Turtle Hoodie","DZ Dezigns",UPI260618116610,"Sweatshirts > Hooded sweatshirts",https://cdn.shopify.com/s/files/1/0052/8321/7498/files/DZD220291-MINT-18500-BACK_e0450cf5-372b-4112-8143-48a91748b3dd.jpg?v=1785898806,"DELTA ZETA"
"DZ Dezigns","Butterfly Outline Crewneck","DZ Dezigns",UPI26061869749,"Sweatshirts > Crewneck sweatshirts",https://cdn.shopify.com/s/files/1/0052/8321/7498/files/DZD220292-WHITE-18000_977378f8-7edb-4454-8112-181c393e9900.jpg?v=1785898808,"DELTA ZETA"
"DZ Dezigns","Silver Grin Tee","DZ Dezigns",UPI260618447817,"Shirts > Short sleeve t-shirts",https://cdn.shopify.com/s/files/1/0052/8321/7498/files/DZD220293-SILVER-3001_3ce8cdd0-6845-492a-a7fb-855e7d5776fa.jpg?v=1785898811,"DELTA ZETA"
"DZ Dezigns","Retro Turtle Tee","DZ Dezigns",UPI260618260611,"Shirts > Short sleeve t-shirts",https://cdn.shopify.com/s/files/1/0052/8321/7498/files/DZD220294-WHITE-3001_77cc9547-c51f-4723-a974-d00774f357ae.jpg?v=1785898813,"DELTA ZETA"
"DZ Dezigns","DZ In 1898 Tank","DZ Dezigns",UPI260618734223,"Shirts > Tank tops",https://cdn.shopify.com/s/files/1/0052/8321/7498/files/DZD220295-HTHRDUST-8838_ae589ce4-aafd-4b69-8ad7-b96e72b27618.jpg?v=1785898815,"DELTA ZETA"
"DZ Dezigns","Flip It and Reverse It Tee","DZ Dezigns",UPI260618761416,"Shirts > Short sleeve t-shirts",https://cdn.shopify.com/s/files/1/0052/8321/7498/files/DZD220296-BLACK-3001-BACK_be649b75-ca93-418b-8289-b86fb0e16cc1.jpg?v=1785898817,"DELTA ZETA"
"DZ Dezigns","Charcoal Grin Crewneck","DZ Dezigns",UPI260618065417,"Sweatshirts > Crewneck sweatshirts",https://cdn.shopify.com/s/files/1/0052/8321/7498/files/DZD220297-CHARCOAL-18000_f3d0bd97-0828-4a69-841d-4b834192e4df.jpg?v=1785898819,"DELTA ZETA"
"DZ Dezigns","Homerun Tee","The Delt Store",UPI260618459021,"Shirts > Short sleeve t-shirts",https://cdn.shopify.com/s/files/1/0052/8321/7498/products/DZD220298-WHITEHELICONIA-5700.jpg?v=1735843783,"DELTA ZETA"
"DZ Dezigns","Oxford OH Long Sleeve","DZ Dezigns",UPI260618977422,"Shirts > Long sleeve t-shirts",https://cdn.shopify.com/s/files/1/0052/8321/7498/files/DZD220299-LIGHTGREEN-6014-BACK_efd121a9-7a43-45ac-812d-c5cbac85964e.jpg?v=1785898821,"DELTA ZETA"
"DZ Dezigns","Portrait Crewneck","DZ Dezigns",UPI260618665415,"Sweatshirts > Crewneck sweatshirts",https://cdn.shopify.com/s/files/1/0052/8321/7498/files/DZD2202100-CHARCOAL-18000_48866e0a-5e8c-4d03-a7ba-6c7c9e0701f3.jpg?v=1785898602,"DELTA ZETA"
"DZ Dezigns","Straight Outta of Ohio Tee","DZ Dezigns",UPI260618969425,"Shirts > Short sleeve t-shirts",https://cdn.shopify.com/s/files/1/0052/8321/7498/files/DZD2202101-STORM-3001_7adbb7a7-49a3-4e7a-a26e-2c527ee35a51.jpg?v=1785898605,"DELTA ZETA"
"DZ Dezigns","Founders Name Tee","DZ Dezigns",UPI260618380614,"Shirts > Short sleeve t-shirts",https://cdn.shopify.com/s/files/1/0052/8321/7498/files/DZD2202102-VINTAGEWHITE-3001_889a6339-1c6a-4142-830a-d63f2ecef452.jpg?v=1785898607,"DELTA ZETA"
"DZ Dezigns","October 24th Crewneck","DZ Dezigns",UPI260618622211,"Sweatshirts > Crewneck sweatshirts",https://cdn.shopify.com/s/files/1/0052/8321/7498/files/DZD2202103-GREY-1566_e172cd62-981c-4cfa-84e6-d4d64123cd8e.jpg?v=1785898609,"DELTA ZETA"
"DZ Dezigns","Six Women Tee","DZ Dezigns",UPI260618372610,"Shirts > Short sleeve t-shirts",https://cdn.shopify.com/s/files/1/0052/8321/7498/files/DZD2202104-BLOSSOM-1717_de318609-da5a-48e6-a923-cb45a0c1a10c.jpg?v=1785898611,"DELTA ZETA"
"DZ Dezigns","10.24.1902 Festival Tank","DZ Dezigns",UPI26061867666,"Shirts > Tank tops",https://cdn.shopify.com/s/files/1/0052/8321/7498/files/DZD2202105-WHITE-5033_bbba4b92-0b1d-4f33-91c3-d1c1d800ba0b.jpg?v=1785898613,"DELTA ZETA"
"DZ Dezigns","Delta Zeta Logo Tee","DZ Dezigns",UPI260618924622,"Shirts > Short sleeve t-shirts",https://cdn.shopify.com/s/files/1/0052/8321/7498/files/DZD220201-LEAF-3001_3f24206a-1e4c-415b-93dc-c8711c418704.jpg?v=1785898583,"DELTA ZETA"
"DZ Dezigns","Official Logo Crewneck","DZ Dezigns",UPI260618737421,"Sweatshirts > Crewneck sweatshirts",https://cdn.shopify.com/s/files/1/0052/8321/7498/files/DZD220202-WHITE-18000_406fe488-88fd-4147-aa48-da69206b0b29.jpg?v=1785898585,"DELTA ZETA"
"DZ Dezigns","Crest Polo","DZ Dezigns",UPI260618996613,"Shirts > Short sleeve polo shirts",https://cdn.shopify.com/s/files/1/0052/8321/7498/files/DZD220203-CRWNRSPBRRY-DG20W-EMB_2dfd696a-87a3-43a4-85c0-2187631da08a.jpg?v=1785898587,"DELTA ZETA"
"DZ Dezigns","Official Logo Polo","DZ Dezigns",UPI260618979016,"Shirts > Short sleeve polo shirts",https://cdn.shopify.com/s/files/1/0052/8321/7498/files/DZD220204-WHITE-DG20W-EMB_687729ef-3687-495a-bc13-a68a60dcc5d4.jpg?v=1785898589,"DELTA ZETA"
"DZ Dezigns","Logo Rain Jacket","DZ Dezigns",UPI260618051010,"Outerwear > Jackets",https://cdn.shopify.com/s/files/1/0052/8321/7498/files/DZD220205-CORAL-5099-EMB_9c6a9be6-9117-434c-b7b6-8ecceb4f1f8b.jpg?v=1785898592,"DELTA ZETA"
"DZ Dezigns","Classic Logo Tee","DZ Dezigns",UPI260618078211,"Shirts > Short sleeve t-shirts",https://cdn.shopify.com/s/files/1/0052/8321/7498/files/DZD220206-WHITE-3001_7a1ecabe-5fca-4941-9470-a15a4111e46a.jpg?v=1785898594,"DELTA ZETA"
"DZ Dezigns","Repeat Hoodie","DZ Dezigns",UPI26061850709,"Sweatshirts > Hooded sweatshirts",https://cdn.shopify.com/s/files/1/0052/8321/7498/files/DZD220207-WHITE-18500_6c1d26cb-8fa8-460c-81d5-2d0d7b37d79d.jpg?v=1785898596,"DELTA ZETA"
"DZ Dezigns","Delta Zeta Truly Logo Tee","DZ Dezigns",UPI260618284612,"Shirts > Short sleeve t-shirts",https://cdn.shopify.com/s/files/1/0052/8321/7498/files/DZD220208-CHARITYPINK-3001_2d60ad33-1471-4f07-8f3e-613a51f39c76.jpg?v=1785898598,"DELTA ZETA"
"DZ Dezigns","Classic Pink Crewneck","DZ Dezigns",UPI260618724617,"Sweatshirts > Crewneck sweatshirts",https://cdn.shopify.com/s/files/1/0052/8321/7498/files/DZD220209-LIGHTPINK-18000_d30f4d20-e68a-41aa-ac93-e3b154d2fea5.jpg?v=1785898600,"DELTA ZETA"
"DZ Dezigns","Crest Cardigan","DZ Dezigns",UPI260618921417,"Apparel > Sweaters",https://cdn.shopify.com/s/files/1/0052/8321/7498/files/DZD220210-HUNTER-M425W-EMB_7420c6d9-2367-42ef-9a85-25ef357d9994.jpg?v=1785898615,"DELTA ZETA"
"DZ Dezigns","Delta Zeta Cardigan","DZ Dezigns",UPI260618028611,"Apparel > Sweaters",https://cdn.shopify.com/s/files/1/0052/8321/7498/files/DZD220211-GREYHEATHER-M425W-EMB_7d06d0a6-caf1-45d2-9d3c-6cffb13f79b1.jpg?v=1785898617,"DELTA ZETA"
"DZ Dezigns","Crest Nylon Pull Over","DZ Dezigns",UPI260618975814,"Shirts > Wind shirts",https://cdn.shopify.com/s/files/1/0052/8321/7498/files/DZD220212-FOREST-9905-EMB_b7b20297-ec3e-4b47-8e4b-6aca0caf3a0a.jpg?v=1785898619,"DELTA ZETA"
"DZ Dezigns","Pink Ladies V-neck","DZ Dezigns",UPI260618753416,"Shirts > Short sleeve t-shirts",https://cdn.shopify.com/s/files/1/0052/8321/7498/files/DZD220213-PINK-6405_8cc5e8c2-5175-4451-9bf6-e27569424ec6.jpg?v=1785898630,"DELTA ZETA"
"DZ Dezigns","Truly V-Neck","DZ Dezigns",UPI260618566225,"Shirts > Short sleeve t-shirts",https://cdn.shopify.com/s/files/1/0052/8321/7498/files/DZD220214-WHITE-6405_8fd396d9-1927-45dd-a744-3bf9488353ef.jpg?v=1785898654,"DELTA ZETA"
"DZ Dezigns","Delta Zeta Pride","DZ Dezigns",UPI260618390214,"Shirts > Short sleeve t-shirts",https://cdn.shopify.com/s/files/1/0052/8321/7498/files/DZD2202136-WHITE-3001_447ac225-72f8-469f-bf60-3c01aacd80ed.jpg?v=1785898621,"DELTA ZETA"
"DZ Dezigns","Colorful Tee","DZ Dezigns",UPI260618926213,"Shirts > Short sleeve t-shirts",https://cdn.shopify.com/s/files/1/0052/8321/7498/files/DZD2202137-WHITE-3001_269de6bf-5152-4a11-a5ae-81ae6212f861.jpg?v=1785898624,"DELTA ZETA"
"DZ Dezigns","Sweet Heart Tee","DZ Dezigns",UPI26061895347,"Shirts > Short sleeve t-shirts",https://cdn.shopify.com/s/files/1/0052/8321/7498/files/DZD2202140-WHITE-1717_b08c96b8-41b4-4c24-9cd3-6eae1d452182.jpg?v=1785898633,"DELTA ZETA"
"DZ Dezigns","American Tee","DZ Dezigns",UPI260618427017,"Shirts > Short sleeve t-shirts",https://cdn.shopify.com/s/files/1/0052/8321/7498/files/DZD2202142-FLOBLUE-1717_9df0ae4b-0688-4fd8-baa0-291d26e92440.jpg?v=1785898637,"DELTA ZETA"
"DZ Dezigns","What's In Your Heart Tee","DZ Dezigns",UPI260618239813,"Shirts > Short sleeve t-shirts",https://cdn.shopify.com/s/files/1/0052/8321/7498/files/DZD2202143-BLOSSOM-1717_27c9c212-1b57-49c0-96f3-0a7382fe876a.jpg?v=1785898639,"DELTA ZETA"
"DZ Dezigns","Candy Corn Tee","DZ Dezigns",UPI260618159811,"Shirts > Short sleeve t-shirts",https://cdn.shopify.com/s/files/1/0052/8321/7498/files/DZD2202145-YAM-1717_53587f7e-fa8f-4d0d-88f2-ccbbe75d27c0.jpg?v=1785898643,"DELTA ZETA"
"DZ Dezigns","Colorful Crewneck","DZ Dezigns",UPI260618481413,"Sweatshirts > Crewneck sweatshirts",https://cdn.shopify.com/s/files/1/0052/8321/7498/files/DZD2202146-WHITE-18000_44a7ddb9-36ea-4b58-bb7a-b1eb6599cbeb.jpg?v=1785898646,"DELTA ZETA"
"DZ Dezigns","American Crewneck","DZ Dezigns",UPI260618847824,"Sweatshirts > Crewneck sweatshirts",https://cdn.shopify.com/s/files/1/0052/8321/7498/files/DZD2202147-NAVY-18000_ef585efa-5775-4abd-8806-3dc2676fc9eb.jpg?v=1785898648,"DELTA ZETA"
"DZ Dezigns","Candy Corn Crewneck","DZ Dezigns",UPI260618785412,"Sweatshirts > Crewneck sweatshirts",https://cdn.shopify.com/s/files/1/0052/8321/7498/files/DZD2202151-BLACK-18000_5868f136-4269-4430-b48f-eb87fa88a125.jpg?v=1785898658,"DELTA ZETA"
"DZ Dezigns","Sweet Heart Crewneck","DZ Dezigns",UPI26061883989,"Sweatshirts > Crewneck sweatshirts",https://cdn.shopify.com/s/files/1/0052/8321/7498/files/DZD2202152-LIGHTPINK-18000_1c009d60-5347-41c4-aa0e-9bba55b7eaac.jpg?v=1785898660,"DELTA ZETA"
"DZ Dezigns","Rainbow DZ Crewneck","DZ Dezigns",UPI260618831822,"Sweatshirts > Crewneck sweatshirts",https://cdn.shopify.com/s/files/1/0052/8321/7498/files/DZD2202153-WHITE-18000_379fa727-0798-4871-bc3a-ca9177982bf5.jpg?v=1785898662,"DELTA ZETA"
"DZ Dezigns","It's What's Inside That Counts Tee","DZ Dezigns",UPI260618993420,"Shirts > Short sleeve t-shirts",https://cdn.shopify.com/s/files/1/0052/8321/7498/files/DZD2202154-WHITE-3001_d9426d80-c914-4926-bb21-5828069a3355.jpg?v=1785898664,"DELTA ZETA"
"DZ Dezigns","It's a Good Day Crewneck","DZ Dezigns",UPI260618092617,"Sweatshirts > Crewneck sweatshirts",https://cdn.shopify.com/s/files/1/0052/8321/7498/files/DZD2202155-BUTTER-1566_b79fa110-dc8e-48b6-8c22-ec1c41c45119.jpg?v=1785898666,"DELTA ZETA"
"DZ Dezigns","Many Faces Crewneck","DZ Dezigns",UPI260618611022,"Sweatshirts > Crewneck sweatshirts",https://cdn.shopify.com/s/files/1/0052/8321/7498/files/DZD2202156-WHITE-1566_6eebe2b4-c70a-4d13-87de-58293116933f.jpg?v=1785898668,"DELTA ZETA"
"DZ Dezigns","Barcode Hoodie","DZ Dezigns",UPI260618755023,"Sweatshirts > Hooded sweatshirts",https://cdn.shopify.com/s/files/1/0052/8321/7498/files/DZD2202157-BLACK-18500_9cd6987e-c2ee-44f2-8d71-40407ffaac54.jpg?v=1785898670,"DELTA ZETA"
"DZ Dezigns","Signature Alumna Tee","DZ Dezigns",UPI260618193415,"Shirts > Short sleeve t-shirts",https://cdn.shopify.com/s/files/1/0052/8321/7498/files/DZD220257-CHARITYPINK-1717_1_2b00ce7c-b1a3-4713-ba50-d5efecc1eb62.jpg?v=1785898754,"DELTA ZETA"
"DZ Dezigns","Lined Alumna Tee","DZ Dezigns",UPI26061820307,"Shirts > Short sleeve t-shirts",https://cdn.shopify.com/s/files/1/0052/8321/7498/files/DZD220258-PINK-1717_e517b878-e848-4f92-90e2-cfb0a53e2670.jpg?v=1785898756,"DELTA ZETA"
"DZ Dezigns","Asphalt Alumna Tee","DZ Dezigns",UPI260618382214,"Shirts > Short sleeve t-shirts",https://cdn.shopify.com/s/files/1/0052/8321/7498/files/DZD220259-ASPHALT-3001_fcfb0f63-fa1a-403d-8c93-de68324b81a2.jpg?v=1785898758,"DELTA ZETA"
"DZ Dezigns","Script Alumna Tee","DZ Dezigns",UPI260618025417,"Shirts > Short sleeve t-shirts",https://cdn.shopify.com/s/files/1/0052/8321/7498/files/DZD220260-WHITE-3001_943bb7a0-4972-428e-b531-83a7907587fa.jpg?v=1785898760,"DELTA ZETA"
"DZ Dezigns","Script Alumna Polo","DZ Dezigns",UPI260618276613,"Shirts > Short sleeve polo shirts",https://cdn.shopify.com/s/files/1/0052/8321/7498/files/DZD220261-WHITE-DG20W-EMB_1fe4a2f9-71c2-4707-8d84-6b80e8754693.jpg?v=1785898762,"DELTA ZETA"
"DZ Dezigns","Lined Alumna Polo","DZ Dezigns",UPI260618455812,"Shirts > Short sleeve polo shirts",https://cdn.shopify.com/s/files/1/0052/8321/7498/files/DZD220262-CRWNRSPBRRY-DG20W-EMB_0127f98e-f2c3-42ac-b43e-2a2a3d0179b8.jpg?v=1785898764,"DELTA ZETA"
"DZ Dezigns","Signature Alumna Cardigan","DZ Dezigns",UPI260618679821,"Apparel > Sweaters",https://cdn.shopify.com/s/files/1/0052/8321/7498/files/DZD220263-HUNTER-M425W-EMB_0607a416-d4af-40dd-b62d-3204ee46b248.jpg?v=1785898766,"DELTA ZETA"
"DZ Dezigns","Lined Alumna Cardigan","DZ Dezigns",UPI260618796621,"Apparel > Sweaters",https://cdn.shopify.com/s/files/1/0052/8321/7498/files/DZD220264-GREYHTHR-M425W-EMB_3aa0e0b7-35f1-412e-b95a-c71575fffbe0.jpg?v=1785898769,"DELTA ZETA"
"DZ Dezigns","Be Bold Alumna Crewneck","DZ Dezigns",UPI260618975815,"Sweatshirts > Crewneck sweatshirts",https://cdn.shopify.com/s/files/1/0052/8321/7498/files/DZD220265-HTHRGREY-JHA030_4ef9a5bd-7c6b-49e7-917a-62b9079edde4.jpg?v=1785898771,"DELTA ZETA"
"DZ Dezigns","Signature Alumna Crewneck","DZ Dezigns",UPI260618771010,"Sweatshirts > Crewneck sweatshirts",https://cdn.shopify.com/s/files/1/0052/8321/7498/files/DZD220266-LIGHTPINK-JHA030_1c1320f4-c6ef-451e-a3b9-f3e6843ccdb0.jpg?v=1785898773,"DELTA ZETA"
"DZ Dezigns","Artic Alumna Crewneck","DZ Dezigns",UPI260618164614,"Sweatshirts > Crewneck sweatshirts",https://cdn.shopify.com/s/files/1/0052/8321/7498/files/DZD220267-ARCTICWHITE-JHA030_eb70f8ac-53fe-4adc-9e7b-0abda004e125.jpg?v=1785898775,"DELTA ZETA"
"DZ Dezigns","Signature Alumna Fleece Jacket","DZ Dezigns",UPI260618852616,"Outerwear > Jackets",https://cdn.shopify.com/s/files/1/0052/8321/7498/files/DZD220268-BLACK-5250-EMB_609e9306-7d30-441f-b48c-5e86963ca3f1.jpg?v=1785898777,"DELTA ZETA"
"DZ Dezigns","Lined Alumna Fleece Jacket","DZ Dezigns",UPI260618755021,"Outerwear > Jackets",https://cdn.shopify.com/s/files/1/0052/8321/7498/files/DZD220269-LTGREYHTHR-5250-EMB_3b891e62-a114-421d-959a-2caa1222e2ff.jpg?v=1785898779,"DELTA ZETA"
"DZ Dezigns","Dad's Tee","DZ Dezigns",UPI260618774211,"Shirts > Short sleeve t-shirts",https://cdn.shopify.com/s/files/1/0052/8321/7498/files/DZD220270-DARKGREY-3001_20d46bd9-e5d4-4186-a79d-7e55e5b31d1c.jpg?v=1785898781,"DELTA ZETA"
"DZ Dezigns","Mom's Tee","DZ Dezigns",UPI260618631810,"Shirts > Short sleeve t-shirts",https://cdn.shopify.com/s/files/1/0052/8321/7498/files/DZD220271-SOFTPINK-3001_900bd274-62b3-4bce-869c-76a4f636718b.jpg?v=1785898783,"DELTA ZETA"
"DZ Dezigns","Mom's Signature Crewneck","DZ Dezigns",UPI260618551812,"Sweatshirts > Crewneck sweatshirts",https://cdn.shopify.com/s/files/1/0052/8321/7498/files/DZD220272-LIGHTPINK-JHA030_1600603d-df4f-41e4-8098-eae9b10cd4dd.jpg?v=1785898785,"DELTA ZETA"
"DZ Dezigns","Dad's Crewneck","DZ Dezigns",UPI260618695816,"Sweatshirts > Crewneck sweatshirts",https://cdn.shopify.com/s/files/1/0052/8321/7498/files/DZD220273-CHARCOAL-JHA030_6d701848-8046-44e0-aa3c-1087297d6af9.jpg?v=1785898788,"DELTA ZETA"
"DZ Dezigns","Oval Necklace","Shawn Paul",UPI260618063818,"Jewelry > Necklaces",https://cdn.shopify.com/s/files/1/0052/8321/7498/files/dz-6n-g_06630136-4d3b-48ef-b062-9e39def30896.webp?v=1785898333,"DELTA ZETA"
"DZ Dezigns","Vertical Lavaliere Nekclace","Shawn Paul",UPI260618671818,"Jewelry > Necklaces",https://cdn.shopify.com/s/files/1/0052/8321/7498/files/dz-1n-g_9f068dd8-c004-40bf-af7a-67a7030ad2c7.jpg?v=1785898329,"DELTA ZETA"
"DZ Dezigns","Bar Necklace","Shawn Paul",UPI260618975816,"Jewelry > Necklaces",https://cdn.shopify.com/s/files/1/0052/8321/7498/files/dz-3n-g_f43f7f3a-9323-4b57-bd07-5af3b8d27070.jpg?v=1785898331,"DELTA ZETA"
"DZ Dezigns","Phoebe Necklace","Shawn Paul",UPI260618342214,"Jewelry > Necklaces",https://cdn.shopify.com/s/files/1/0052/8321/7498/files/dz10__31974_5ea6ee86-73c9-4f0a-875d-4ae6cc0e7461.jpg?v=1785898327,"DELTA ZETA"
"DZ Dezigns","Purity Bracelet","Shawn Paul",UPI260618771012,"Jewelry > Bracelets",https://cdn.shopify.com/s/files/1/0052/8321/7498/files/PearlDeltaZeta480_0aa99963-f3f4-471d-b524-f36958643a1f.jpg?v=1785899036,"DELTA ZETA"
"DZ Dezigns","Make Me Smile Onesie","DZ Dezigns",UPI260618620616,"Apparel > Bodysuits",https://cdn.shopify.com/s/files/1/0052/8321/7498/files/DZD220274-RASPBERRY-4400_8c491945-4013-44c5-a0c4-7dcc6a87c410.jpg?v=1785897957,"DELTA ZETA"
"DZ Dezigns","Repeat Truly Tote","DZ Dezigns",UPI260618942211,"Bags > Tote bags",https://cdn.shopify.com/s/files/1/0052/8321/7498/files/DZD2202158-WHITE-Q800_6a41e0f7-396c-4331-ade9-b32abd7cac3b.jpg?v=1785897947,"DELTA ZETA"
"DZ Dezigns","Classic Delta Zeta Tote","DZ Dezigns",UPI260618772614,"Bags > Tote bags",https://cdn.shopify.com/s/files/1/0052/8321/7498/files/DZD2202159-LIGHTPINK-Q800_65e9dc86-7191-4125-aa4a-067b71fa83c0.jpg?v=1785897949,"DELTA ZETA"
"DZ Dezigns","Text Me Tote","DPHIE Designs",UPI260618263820,"Bags > Tote bags",https://cdn.shopify.com/s/files/1/0052/8321/7498/files/DZD2202160-NATURAL-Q800_849897e2-fdf9-4a81-842c-34324dae11c4.jpg?v=1785897951,"DELTA ZETA"
"DZ Dezigns","Repeat Truly Tote","DZ Dezigns",UPI260618817420,"Bags > Tote bags",https://cdn.shopify.com/s/files/1/0052/8321/7498/files/DZD2202161-BLACK-Q800_67ee0051-e7cd-408f-8eb4-13d1f95ebb78.jpg?v=1785897953,"DELTA ZETA"
"DZ Dezigns","Official DZ Tote","DZ Dezigns",UPI260618862224,"Bags > Tote bags",https://cdn.shopify.com/s/files/1/0052/8321/7498/files/DZD2202162-WHITE-Q800_57a3599d-0cd9-475a-8300-88be554be8c2.jpg?v=1785897955,"DELTA ZETA"
"DZ Dezigns","Crest Patch Book Bag","DZ Dezigns",UPI26061806069,"Bags > Backpacks",https://cdn.shopify.com/s/files/1/0052/8321/7498/files/DZD2202133-BLACK-BE0303-EMB_3f40358a-dc7c-4471-b9dd-ef11c62e5390.jpg?v=1785897945,"DELTA ZETA"
"DZ Dezigns","Crest Patch Anorak Jacket","DZ Dezigns",UPI260618382213,"Outerwear > Anoraks",https://cdn.shopify.com/s/files/1/0052/8321/7498/files/DZD2202131-FOREST-9904-EMB_0f8c7758-8404-4340-9312-fe85bf2719dc.jpg?v=1785897943,"DELTA ZETA"
"DZ Dezigns","Crest Patch Beanie","DZ Dezigns",UPI260618319814,"Headwear > Beanies",https://cdn.shopify.com/s/files/1/0052/8321/7498/files/DZD2202115-FOREST-SP15-EMB_d9d05c9b-1615-4d2e-b5c1-adb57593c92c.jpg?v=1785897941,"DELTA ZETA"
"DZ Dezigns","Crest Patch Hat","DZ Dezigns",UPI260618686215,"Headwear > Billed hats",https://cdn.shopify.com/s/files/1/0052/8321/7498/files/DZD2202107-WHITE-VC300A-EMB_ec33bd8f-6e29-4726-83d4-3db9ceafd400.jpg?v=1785897939,"DELTA ZETA"
"DZ Dezigns","Pink Rose Logo Button","DZ Dezigns",UPI260618623812,"Promotional > Pin-back buttons",https://cdn.shopify.com/s/files/1/0052/8321/7498/files/IMG_2831_b6faf0ea-4159-4bda-8e6a-4d91f65f8127.jpg?v=1785898230,"DELTA ZETA"
"DZ Dezigns","You Had Me at Dee Zee Button","DZ Dezigns",UPI260618598214,"Promotional > Pin-back buttons",https://cdn.shopify.com/s/files/1/0052/8321/7498/files/IMG_2832_ec12fe9a-ac41-4bef-8008-ddaeec5c1ebc.jpg?v=1785898233,"DELTA ZETA"
"DZ Dezigns","White DZ Repeat Cup","DZ Dezigns",UPI260618215814,"Drinkware > Stadium cups",https://cdn.shopify.com/s/files/1/0052/8321/7498/files/IMG_2837_2a54eea8-5ea3-4fa1-a56a-90a5515c69b2.jpg?v=1785898240,"DELTA ZETA"
"DZ Dezigns","Delta Zeta Repeat Cups","DZ Dezigns",UPI260618903813,"Drinkware > Stadium cups",https://cdn.shopify.com/s/files/1/0052/8321/7498/files/IMG_2836_195a69eb-85c9-4154-b782-175b439a8ea0.jpg?v=1785898237,"DELTA ZETA"
"DZ Dezigns","Medieval Water Bottle","DZ Dezigns",UPI260618771011,"Water bottles > Plastic water bottles",https://cdn.shopify.com/s/files/1/0052/8321/7498/files/hf_20260524_193505_20fd2115-a414-4d74-a486-10fdc3156e52.png?v=1785898212,"DELTA ZETA"
"DZ Dezigns","Clear Medieval Water Bottle","DZ Dezigns",UPI260618137413,"Water bottles > Plastic water bottles",https://cdn.shopify.com/s/files/1/0052/8321/7498/files/IMG_2826_55bff1de-c474-426d-8d4a-2f7c8b2687e5.jpg?v=1785898224,"DELTA ZETA"
"DZ Dezigns","Clear Greek Letter Water Bottle","DZ Dezigns",UPI260618843023,"Water bottles > Plastic water bottles",https://cdn.shopify.com/s/files/1/0052/8321/7498/files/IMG_2828_86c3295b-242b-4a07-9ff6-b18b8fcb01b9.jpg?v=1785898226,"DELTA ZETA"
"DZ Dezigns","DZ Rose Notepad","DZ Dezigns",UPI260618531021,"Stationery > Note pads",https://cdn.shopify.com/s/files/1/0052/8321/7498/files/IMG_2830_d7b1cee3-22ac-44b5-931b-f37fb54b6933.jpg?v=1785898228,"DELTA ZETA"
"DZ Dezigns","Truly Amazing Bracelet","DZ Dezigns",UPI260618068615,"Jewelry > Bracelets",https://cdn.shopify.com/s/files/1/0052/8321/7498/files/IMG_2834_ef6119b7-d806-4650-a386-f87c0d651355.jpg?v=1785898235,"DELTA ZETA"
"DZ Dezigns","White and Black DZ Letter Hat","DZ Dezigns",UPI260618667012,Default,https://cdn.shopify.com/s/files/1/0052/8321/7498/files/IMG_2841_a6795d49-06d0-4b7d-9b99-f650e63b8b3d.jpg?v=1785898242,"DELTA ZETA"
"DZ Dezigns","Glam Baby Tee","DZ Dezigns",UPI260618689410,"Shirts > Short sleeve t-shirts",https://cdn.shopify.com/s/files/1/0052/8321/7498/files/DZD23GL0201_1010_BLACK_fa32dabb-1a24-4314-a4f5-7dac790fea72.jpg?v=1785897959,"DELTA ZETA"
"DZ Dezigns","Glam Hoodie","DZ Dezigns",UPI260618198210,"Sweatshirts > Hooded sweatshirts",https://cdn.shopify.com/s/files/1/0052/8321/7498/files/DZD23GL0201_18500_BLACK_38fc6f8c-3c86-4ac3-9e81-c6d73903e937.jpg?v=1785897961,"DELTA ZETA"
"DZ Dezigns","Luxe Lounge Set","DPHIE Designs",UPI260618369412,"Loungewear > Sweatsuit sets",https://cdn.shopify.com/s/files/1/0052/8321/7498/files/DZD23GL0202_TD055-NUDE_TD085-NUDE-EMB_8a995fd9-3592-4b2b-b732-5ef083a48907.jpg?v=1785897963,"DELTA ZETA"
"DZ Dezigns","Love You Crew","DZ Dezigns",UPI260618537412,"Sweatshirts > Crewneck sweatshirts",https://cdn.shopify.com/s/files/1/0052/8321/7498/files/DZD23GL0205_1566_WHITE-BACK_bd1b281e-3f62-46b2-9897-019636944b31.jpg?v=1785897965,"DELTA ZETA"
"DZ Dezigns","Bid Day Pack","DZ Dezigns",UPI260618321410,"Bundles > Apparel bundles",https://cdn.shopify.com/s/files/1/0052/8321/7498/files/DZD-BDP.jpg?v=1709678753,"DELTA ZETA"
"DZ Dezigns","Shadow Script Sticker","DZ Dezigns",UPI26061894709,"Promotional > Stickers",https://cdn.shopify.com/s/files/1/0052/8321/7498/files/DZD-BDP-STICKER_e7bb679c-66da-4acf-ad19-f6774f390f5c.jpg?v=1785898194,"DELTA ZETA"
"DZ Dezigns","MINIATURE FLAG","DZ Dezigns",UPI260618884610,Default,https://cdn.shopify.com/s/files/1/0052/8321/7498/files/DZD-BDP-FLAG.jpg?v=1735843724,"DELTA ZETA"
"DZ Dezigns","Locket Key Chain","DZ Dezigns",UPI260618929410,"Promotional > Key chains",https://cdn.shopify.com/s/files/1/0052/8321/7498/files/DZD-BDP-KEYCHAIN_80777cb0-74ee-482c-ab96-ec7ec6b3a8b4.jpg?v=1785898193,"DELTA ZETA"
"DZ Dezigns","Perfect Match Tee","DZ Dezigns",UPI260618967810,"Shirts > Short sleeve t-shirts",https://cdn.shopify.com/s/files/1/0052/8321/7498/files/DZD2400011717CRUNCHBERRYBACK_a8f051f3-ade7-4c52-b43b-d3c9bd5d0c32.jpg?v=1785897970,"DELTA ZETA"
"DZ Dezigns","DeeZee Wave Crop Tank","DZ Dezigns",UPI260618531020,"Shirts > Tank tops",https://cdn.shopify.com/s/files/1/0052/8321/7498/files/DZD2400021013BellaSolidNaturalBlend_bf4de114-5e40-4919-a3e5-e39e8a1948f1.jpg?v=1785897980,"DELTA ZETA"
"DZ Dezigns","It's a Sign Crop Tee","DZ Dezigns",UPI260618094221,"Shirts > Short sleeve t-shirts",https://cdn.shopify.com/s/files/1/0052/8321/7498/files/DZD2400031010BellaSolidWhiteBlend_09d0437f-687d-487c-a710-f25ade47dd2a.jpg?v=1785897982,"DELTA ZETA"
"DZ Dezigns","Pink Block Crop Tee","DZ Dezigns",UPI260618166215,"Shirts > Short sleeve t-shirts",https://cdn.shopify.com/s/files/1/0052/8321/7498/files/DZD2400041010BellaSolidWhiteBlend_ed4a8647-9893-4001-a3d4-e495d4e83c11.jpg?v=1785897984,"DELTA ZETA"
"DZ Dezigns","Happy Crewneck","DZ Dezigns",UPI260618604614,"Sweatshirts > Crewneck sweatshirts",https://cdn.shopify.com/s/files/1/0052/8321/7498/files/DZD240005PRM3500WHITEINDPTCREWNECKFRONT_b09c1971-33d4-4016-a944-8f3aa9d6bf44.jpg?v=1785897986,"DELTA ZETA"
"DZ Dezigns","Joyful Crewneck","DZ Dezigns",UPI260618686216,"Sweatshirts > Crewneck sweatshirts",https://cdn.shopify.com/s/files/1/0052/8321/7498/files/DZD240006PRM3500PigmentIvoryINDPTCREWNECK_ab34f39f-ee4d-4e40-bd6b-880fadb48237.jpg?v=1785897988,"DELTA ZETA"
"DZ Dezigns","Classic Club Athletics","DZ Dezigns",UPI260618134216,"Shirts > Short sleeve t-shirts",https://cdn.shopify.com/s/files/1/0052/8321/7498/files/DZD2400071717CCWHITE_06e6b739-987d-4dcf-86e8-b2c539f527c6.jpg?v=1785897991,"DELTA ZETA"
"DZ Dezigns","Classic Crop Tee","DZ Dezigns",UPI260618635014,"Shirts > Short sleeve t-shirts",https://cdn.shopify.com/s/files/1/0052/8321/7498/files/DZD2400081010BellaSolidBlackBlend_70a89053-f47b-4149-9f2e-3e92de93e049.jpg?v=1785897993,"DELTA ZETA"
"DZ Dezigns","Regina Crop Tee","DZ Dezigns",UPI260618734222,"Shirts > Short sleeve t-shirts",https://cdn.shopify.com/s/files/1/0052/8321/7498/files/DZD2400091010BellaSolidWhiteBlend_97252fa2-fb38-40f2-97ed-9bf85edbb727.jpg?v=1785897995,"DELTA ZETA"
"DZ Dezigns","Classic Club Athletics Tank","DZ Dezigns",UPI260618342213,"Shirts > Tank tops",https://cdn.shopify.com/s/files/1/0052/8321/7498/files/DZD2400111019NATURAL_c6a8df92-4c10-4687-9b0b-624ceccf3201.jpg?v=1785897998,"DELTA ZETA"
"DZ Dezigns","Happy to Be Crop Tee","DZ Dezigns",UPI260618092615,"Shirts > Short sleeve t-shirts",https://cdn.shopify.com/s/files/1/0052/8321/7498/files/DZD2400121010PINK_feec2690-3df9-4364-9133-4aa05984d5a8.jpg?v=1785897999,"DELTA ZETA"
"DZ Dezigns","Classic Crop Tee- white with pink","DZ Dezigns",UPI260618825413,"Shirts > Short sleeve t-shirts",https://cdn.shopify.com/s/files/1/0052/8321/7498/files/DZD2400131201PINK_41440e4f-dafc-4d16-80af-3bafd3f823ab.jpg?v=1785898002,"DELTA ZETA"
"DZ Dezigns","Shield Crop Tank","DZ Dezigns",UPI260618620617,"Shirts > Tank tops",https://cdn.shopify.com/s/files/1/0052/8321/7498/files/DZD24000101019PINK_2625e013-571f-4d0d-a0b9-5ccf3e327791.jpg?v=1785897967,"DELTA ZETA"
"DZ Dezigns","Truly Natural Tee","DZ Dezigns",UPI260618478219,"Shirts > Short sleeve t-shirts",https://cdn.shopify.com/s/files/1/0052/8321/7498/files/DZD24000141717IVORY_299d5192-f7b5-40e6-8760-4b14bb323d2a.jpg?v=1785897972,"DELTA ZETA"
"DZ Dezigns","Stone Ladies Tee","DZ Dezigns",UPI260618675014,"Shirts > Short sleeve t-shirts",https://cdn.shopify.com/s/files/1/0052/8321/7498/files/DZD24000156400CVCHSTONE_e620e522-f16c-475c-9493-53957cb713ee.jpg?v=1785897974,"DELTA ZETA"
"DZ Dezigns","Crest Crop Tank","DZ Dezigns",UPI260618871816,"Shirts > Tank tops",https://cdn.shopify.com/s/files/1/0052/8321/7498/files/DZD24000161019BLACK_c70af780-2760-4a7e-aa12-7ff777461542.jpg?v=1785897976,"DELTA ZETA"
"DZ Dezigns","Peach 1902","DZ Dezigns",UPI260618006217,"Shirts > Short sleeve t-shirts",https://cdn.shopify.com/s/files/1/0052/8321/7498/files/DZD24000171717PEACHY_29b28598-32ee-4e8c-b35a-9a318515c590.jpg?v=1785897978,"DELTA ZETA"
"DZ Dezigns","Island Reef Tee","DZ Dezigns",UPI260618390215,"Shirts > Short sleeve t-shirts",https://cdn.shopify.com/s/files/1/0052/8321/7498/files/DZD24GL101ISLANDREEF_d21bebc1-81ab-4d9c-962b-bad0562eaad1.jpg?v=1785898004,"DELTA ZETA"
"DZ Dezigns","Crunchberry Varsity Tee","DZ Dezigns",UPI260618479811,"Shirts > Short sleeve t-shirts",https://cdn.shopify.com/s/files/1/0052/8321/7498/files/DZD24GL1021717CRUNCHBERRY_6cb0aea2-3fae-481d-b010-511fa31edddb.jpg?v=1785898006,"DELTA ZETA"
"DZ Dezigns","Ivory Flower Tee","SDT Boutique",UPI26061814069,"Shirts > Short sleeve t-shirts",https://cdn.shopify.com/s/files/1/0052/8321/7498/files/DZD24GL1031717IVORY_ee5ebe6d-546f-42f0-ab56-d76b87b9b1de.jpg?v=1785898009,"DELTA ZETA"
"DZ Dezigns","02 Truly Crewneck","DZ Dezigns",UPI26061867667,"Sweatshirts > Crewneck sweatshirts",https://cdn.shopify.com/s/files/1/0052/8321/7498/files/DZD24GL104SS3000SANDSTONE_23d61e41-8eb7-4f12-980c-3bb7947eeea5.jpg?v=1785898012,"DELTA ZETA"
"DZ Dezigns","Truly DeeZee Sweatpants","DZ Dezigns",UPI260618918220,"Pants > Sweatpants",https://cdn.shopify.com/s/files/1/0052/8321/7498/files/DZD24GL105IND20PNTSANDSTONE_ea5f0f70-aa9b-45e7-9dec-c5fe472a113e.jpg?v=1785898014,"DELTA ZETA"
"DZ Dezigns","Light Green Rose Tee","DZ Dezigns",UPI260618900612,"Shirts > Short sleeve t-shirts",https://cdn.shopify.com/s/files/1/0052/8321/7498/files/DZD24GL1061717LIGHTGREEN_eb5cba58-05a6-401b-a948-2728eba134a3.jpg?v=1785898016,"DELTA ZETA"
"DZ Dezigns","Bella Crewneck","DZ Dezigns",UPI260618705416,"Sweatshirts > Crewneck sweatshirts",https://cdn.shopify.com/s/files/1/0052/8321/7498/files/DZD24GL107BELLA3945MAUVE_42bdcdd8-7e02-4e3c-b1fb-b740e47811b2.jpg?v=1785898019,"DELTA ZETA"
"DZ Dezigns","Bella Shorts","DZ Dezigns",UPI260618795011,"Apparel > Shorts",https://cdn.shopify.com/s/files/1/0052/8321/7498/files/DZD24GL108BELLA3797MAUVE.jpg?v=1721691062,"DELTA ZETA"
"DZ Dezigns","Sandy Crewneck","DZ Dezigns",UPI260618161412,"Sweatshirts > Crewneck sweatshirts",https://cdn.shopify.com/s/files/1/0052/8321/7498/files/DZD24GL10918000SAND_1debbd28-7fc0-47c9-8fbe-41d0475823bc.jpg?v=1785898021,"DELTA ZETA"
"DZ Dezigns","1902 Crewneck","DZ Dezigns",UPI260618188617,"Sweatshirts > Crewneck sweatshirts",https://cdn.shopify.com/s/files/1/0052/8321/7498/files/DZD24GL110GILDAN18000HELICONIA_dfc0d6b3-c78a-42a1-8974-929350e49a6e.jpg?v=1785898023,"DELTA ZETA"
"DZ Dezigns","Truly Standard Tee","DZ Dezigns",UPI260618430210,"Shirts > Short sleeve t-shirts",https://cdn.shopify.com/s/files/1/0052/8321/7498/files/DZD24GL1111717WHITEBACK_df5599cc-da76-4a05-b8e9-8094464bdfc7.jpg?v=1785898026,"DELTA ZETA"
"DZ Dezigns","Shaka Oatmeal Tee","DZ Dezigns",UPI260618627016,"Shirts > Short sleeve t-shirts",https://cdn.shopify.com/s/files/1/0052/8321/7498/files/DZD24GL112SHGDDOATMEAL_85d7b6c2-5980-4e5f-a814-5b36d2cac159.jpg?v=1785898028,"DELTA ZETA"
"DZ Dezigns","Since 1902 Hoodie","DZ Dezigns",UPI260618931016,"Sweatshirts > Hooded sweatshirts",https://cdn.shopify.com/s/files/1/0052/8321/7498/files/DZD24GL113SS4500FORESTBACK_77dfe343-4391-4d39-b32a-0cfa02ed9f02.jpg?v=1785898030,"DELTA ZETA"
"DZ Dezigns","Pink Crest Hoodie","DZ Dezigns",UPI260618279811,"Sweatshirts > Hooded sweatshirts",https://cdn.shopify.com/s/files/1/0052/8321/7498/files/DZD24GL114SS4500LIGHTPINKBACK_6d69a064-d408-4e2e-a7c5-6c2cb73c1a81.jpg?v=1785898032,"DELTA ZETA"
"DZ Dezigns","Retro Repeat Crewneck","DZ Dezigns",UPI260618583812,"Sweatshirts > Crewneck sweatshirts",https://cdn.shopify.com/s/files/1/0052/8321/7498/files/DZD24GL11518000FOREST_ceafee8b-7de0-4587-986d-19f077c4b1c6.jpg?v=1785898035,"DELTA ZETA"
"DZ Dezigns","Birch Cardigan","DZ Dezigns",UPI260618977423,"Apparel > Sweaters",https://cdn.shopify.com/s/files/1/0052/8321/7498/files/DZD24GL116MM3023BERCH.jpg?v=1735843690,"DELTA ZETA"
"DZ Dezigns","Olive Game Hat","DZ Dezigns",UPI260618004616,"Headwear > Billed hats",https://cdn.shopify.com/s/files/1/0052/8321/7498/files/DZD24GL117GB465LT.OLIVEGREEN_92896309-60d2-4f79-adef-15f3727ae0e4.jpg?v=1785898038,"DELTA ZETA"
"DZ Dezigns","Khaki Game Hat","DZ Dezigns",UPI260618094220,"Headwear > Billed hats",https://cdn.shopify.com/s/files/1/0052/8321/7498/files/DZD24GL118GB465KHAKI_61a61e7b-33f5-452c-8336-38ba910f5a39.jpg?v=1785898040,"DELTA ZETA"
"DZ Dezigns","Cameo Pink Colorblock Hoodie","DZ Dezigns",UPI260618103811,"Sweatshirts > Hooded sweatshirts",https://cdn.shopify.com/s/files/1/0052/8321/7498/files/DZD24GL119W23716CAMEOPINK_99c0aa64-c1e7-4640-b17e-fd6ff776d109.jpg?v=1785898042,"DELTA ZETA"
"DZ Dezigns","Vertical Tote","DZ Dezigns",UPI260618193417,"Bags > Tote bags",https://cdn.shopify.com/s/files/1/0052/8321/7498/files/DZD24GL120Q800NATURAL.jpg?v=1735843685,"DELTA ZETA"
"DZ Dezigns","Pink Bow Crop Tank","DZ Dezigns",UPI260618390216,"Shirts > Tank tops",https://cdn.shopify.com/s/files/1/0052/8321/7498/files/DZD24GL1211013WHITE_1cdd464d-d127-41c7-ad3c-bd0533e70c5d.jpg?v=1785898044,"DELTA ZETA"
"DZ Dezigns","Athletic Crop Tank","DZ Dezigns",UPI26061873905,"Shirts > Tank tops",https://cdn.shopify.com/s/files/1/0052/8321/7498/files/DZD24GL1221013ATHL.HEATHER_8ab100b1-c846-40c2-94de-2b72f18b3b43.jpg?v=1785898046,"DELTA ZETA"
"DZ Dezigns","3-Peat Crop Tee","DZ Dezigns",UPI260618551811,"Shirts > Short sleeve t-shirts",https://cdn.shopify.com/s/files/1/0052/8321/7498/files/DZD24GL1241010BLACK_109d756d-7191-4556-9d69-a21f976efef0.jpg?v=1785898049,"DELTA ZETA"
"DZ Dezigns","Athletic Crop Tee","DZ Dezigns",UPI260618150214,"Shirts > Short sleeve t-shirts",https://cdn.shopify.com/s/files/1/0052/8321/7498/files/DZD24GL1251010ATL.HEATHER_f19b6bec-8839-45e4-8489-2d093f0f3046.jpg?v=1785898051,"DELTA ZETA"
"DZ Dezigns","Truly Est Notecard","DZ Dezigns",UPI260618070212,"Stationery > Note cards",https://cdn.shopify.com/s/files/1/0052/8321/7498/files/DZD24GL126POSTCARDFRONT_d33c5700-72c7-4b7c-977b-00ab16383c59.jpg?v=1785898054,"DELTA ZETA"
"DZ Dezigns","Crest Notecard","DZ Dezigns",UPI260618945414,"Stationery > Note cards",https://cdn.shopify.com/s/files/1/0052/8321/7498/files/DZD24GL127FOLDOVERNOTECARD_28133adf-079a-459f-a602-67c6e0daf2b9.jpg?v=1785898056,"DELTA ZETA"
"DZ Dezigns","Checkered Button","DZ Dezigns",UPI260618079818,"Apparel > Buttons",https://cdn.shopify.com/s/files/1/0052/8321/7498/files/DZD24GL128BUTTON.jpg?v=1735843677,"DELTA ZETA"
"DZ Dezigns","Hand Sign Button","DZ Dezigns",UPI26061866068,"Apparel > Buttons",https://cdn.shopify.com/s/files/1/0052/8321/7498/files/DZD24GL129BUTTON.jpg?v=1735843676,"DELTA ZETA"
"DZ Dezigns","1902 Sticker","DZ Dezigns",UPI260618343818,"Promotional > Stickers",https://cdn.shopify.com/s/files/1/0052/8321/7498/files/DZD24GL130STICKER_919433cd-91e5-4214-bc2a-de6d0b930d51.jpg?v=1785898058,"DELTA ZETA"
"DZ Dezigns","Pink Bow Sticker","DZ Dezigns",UPI260618201420,"Promotional > Stickers",https://cdn.shopify.com/s/files/1/0052/8321/7498/files/DZD24GL131STICKER_7b01fc7a-3135-4106-a5d5-4e56105770b8.jpg?v=1785898060,"DELTA ZETA"
"DZ Dezigns","XO Tee","DZ Dezigns",UPI260618156615,"Shirts > Short sleeve t-shirts",https://cdn.shopify.com/s/files/1/0052/8321/7498/files/DZD24GL2011717BLACK_466190ac-4200-4a2e-bef1-19617c0425df.jpg?v=1785898061,"DELTA ZETA"
"DZ Dezigns","Cherry Bow Crewneck","DZ Dezigns",UPI260618854215,"Sweatshirts > Crewneck sweatshirts",https://cdn.shopify.com/s/files/1/0052/8321/7498/files/DZD24GL20218000LIGHTPINK_9c801970-504c-4212-b1f8-2f4987f795ea.jpg?v=1785898063,"DELTA ZETA"
"DZ Dezigns","Reindeer Games","DZ Dezigns",UPI260618651011,"Sweatshirts > Crewneck sweatshirts",https://cdn.shopify.com/s/files/1/0052/8321/7498/files/DZD24GL2031717CRIMSON_1_33f15c85-bead-4c8b-acef-1f6ffa0153b3.jpg?v=1785898066,"DELTA ZETA"
"DZ Dezigns","Snowfall Crewneck","DZ Dezigns",UPI260618286212,"Sweatshirts > Crewneck sweatshirts",https://cdn.shopify.com/s/files/1/0052/8321/7498/files/DZD24GL20418000SPORTSGRAY_8fe6cb32-c76d-4d30-91a3-b9c26c4be365.jpg?v=1785898068,"DELTA ZETA"
"DZ Dezigns","Ghosted Crewneck","DZ Dezigns",UPI260618100617,"Sweatshirts > Crewneck sweatshirts",https://cdn.shopify.com/s/files/1/0052/8321/7498/files/DZD24GL20518000BLACK_5b54cb3a-3fd0-46a6-b989-129cca10e6f1.jpg?v=1785898070,"DELTA ZETA"
"DZ Dezigns","Ginger Crewneck","DZ Dezigns",UPI260618164615,"Sweatshirts > Crewneck sweatshirts",https://cdn.shopify.com/s/files/1/0052/8321/7498/files/DZD24GL20618000SAND_0fe38223-9a9a-4a53-bd71-02511a9facf6.jpg?v=1785898072,"DELTA ZETA"
"DZ Dezigns","Pumpkin Bow Tee","Hannah's Closet - The Official Boutique for Delta Gamma",UPI260618148613,"Shirts > Short sleeve t-shirts",https://cdn.shopify.com/s/files/1/0052/8321/7498/files/DZD24GL2071717YAM.jpg?v=1735843661,"DELTA ZETA"
"DZ Dezigns","Holiday Bow Crewneck","DZ Dezigns",UPI26061889106,"Sweatshirts > Crewneck sweatshirts",https://cdn.shopify.com/s/files/1/0052/8321/7498/files/DZD24GL20818000MAROON_74cd5809-ed3a-49a5-9d03-45ea7c32b52e.jpg?v=1785898074,"DELTA ZETA"
"DZ Dezigns","Holiday Bow Crewneck","DZ Dezigns",UPI260618132613,"Sweatshirts > Crewneck sweatshirts",https://cdn.shopify.com/s/files/1/0052/8321/7498/files/DZD24GL20818000SAND_d6b120c8-8074-4472-ab6b-413c2faa8127.jpg?v=1785898077,"DELTA ZETA"
"DZ Dezigns","Dashing Crewneck","DZ Dezigns",UPI260618822214,"Sweatshirts > Crewneck sweatshirts",https://cdn.shopify.com/s/files/1/0052/8321/7498/files/DZD24GL20918000FOREST_76ce184c-5608-4125-8330-406398af5037.jpg?v=1785898079,"DELTA ZETA"
"DZ Dezigns","Script Beanie","DZ Dezigns",UPI260618263821,"Headwear > Beanies",https://cdn.shopify.com/s/files/1/0052/8321/7498/files/DZD24GL210SP15HEATHERCHARCOAL_b0902ab7-7a68-4ff2-8892-827f99e82122.jpg?v=1785898081,"DELTA ZETA"
"DZ Dezigns","November Exclusive Drop - Limited Edition w/Free Flag","DZ Dezigns",UPI26061808309,"Sweatshirts > Hooded sweatshirts",https://cdn.shopify.com/s/files/1/0052/8321/7498/files/DZD24NOV-BUNDLE_088eee04-9ef2-4eba-8586-8c29eeb167d7.jpg?v=1785898083,"DELTA ZETA"
"DZ Dezigns","Delta Zeta - Heart Tag Necklace","Shawn Paul",UPI260618798214,"Jewelry > Necklaces",https://cdn.shopify.com/s/files/1/0052/8321/7498/files/dz1_07f8315e-75e9-4eff-903a-770e0166cf56.jpg?v=1785897929,"DELTA ZETA"
"DZ Dezigns","Delta Zeta - Bead Bracelet - Heart Tag","Shawn Paul",UPI260618593415,"Jewelry > Bracelets",https://cdn.shopify.com/s/files/1/0052/8321/7498/files/dz2_2b7ad9dc-7248-47a6-9f92-e2d233ea1c71.jpg?v=1785897931,"DELTA ZETA"
"DZ Dezigns","Delta Zeta Bead Bracelet - Turtle","Shawn Paul",UPI260618004617,"Jewelry > Bracelets",https://cdn.shopify.com/s/files/1/0052/8321/7498/files/dz3_931e19ce-7b39-4a16-bb9d-a06936ee360a.jpg?v=1785897933,"DELTA ZETA"
"DZ Dezigns","Rose Bow Tee","DZ Dezigns",UPI260618843022,"Shirts > Short sleeve t-shirts",https://cdn.shopify.com/s/files/1/0052/8321/7498/files/DZD2500011717PEACHY_6e5e18cd-81b6-4701-8c7b-8d7bfe2c7e70.jpg?v=1785898085,"DELTA ZETA"
"DZ Dezigns","Matchbook Hoodie","DZ Dezigns",UPI260618433416,"Sweatshirts > Hooded sweatshirts",https://cdn.shopify.com/s/files/1/0052/8321/7498/files/DZD25000218500MINTGREENBACK_3db3ad99-63b8-4efe-9321-ea9e661fc981.jpg?v=1785898087,"DELTA ZETA"
"DZ Dezigns","Est 1902 Racer Tank","DZ Dezigns",UPI260618068614,"Shirts > Tank tops",https://cdn.shopify.com/s/files/1/0052/8321/7498/files/DZD2500031019WHITE_837cb8ab-cbd2-4528-a686-c1f40da7a02a.jpg?v=1785898089,"DELTA ZETA"
"DZ Dezigns","Western Turtle Crewneck","DZ Dezigns",UPI260618099010,"Sweatshirts > Crewneck sweatshirts",https://cdn.shopify.com/s/files/1/0052/8321/7498/files/DZD2500041800HELICONIABACK_8822e7a8-e20f-41c4-8b60-2ba5c4a3fe86.jpg?v=1785898091,"DELTA ZETA"
"DZ Dezigns","Cheetah Star Hoodie","DZ Dezigns",UPI260618252613,"Sweatshirts > Crewneck sweatshirts",https://cdn.shopify.com/s/files/1/0052/8321/7498/files/DZD25000518500SPORTSGREYBACK.jpg?v=1743615595,"DELTA ZETA"
"DZ Dezigns","Cheetah Star Sweatpants","DZ Dezigns",UPI260618030210,"Pants > Sweatpants",https://cdn.shopify.com/s/files/1/0052/8321/7498/files/DZD25000618400SPORTSGREY.jpg?v=1743615823,"DELTA ZETA"
"DZ Dezigns","Playful Print Crewneck","DZ Dezigns",UPI260618316612,"Sweatshirts > Crewneck sweatshirts",https://cdn.shopify.com/s/files/1/0052/8321/7498/files/DZD2500073945BLACK_a75c943a-4753-46ae-8bb9-a4ada4696612.jpg?v=1785898094,"DELTA ZETA"
"DZ Dezigns","Playful Print Shorts","DZ Dezigns",UPI260618423815,"Pants > Leggings",https://cdn.shopify.com/s/files/1/0052/8321/7498/files/DZD2500083787BLACK_54d172c6-fa7f-4e80-963d-028907708a9e.jpg?v=1785898096,"DELTA ZETA"
"DZ Dezigns","Forest Volunteer Crewneck","DZ Dezigns",UPI260618105415,"Sweatshirts > Crewneck sweatshirts",https://cdn.shopify.com/s/files/1/0052/8321/7498/files/DZD25010118000forest_1_770e1c42-5cd6-45d9-92bb-215c9fe4afb4.jpg?v=1785898098,"DELTA ZETA"
"DZ Dezigns","Bubble Pink Volunteer Zip Up","DZ Dezigns",UPI260618463823,"Sweatshirts > Hooded sweatshirts",https://cdn.shopify.com/s/files/1/0052/8321/7498/files/SXW037BUBBLEPINKDZD250102_0f969728-1522-418a-add8-177a77d48394.jpg?v=1785898255,"DELTA ZETA"
"DZ Dezigns","Volunteer Bow Tee","DZ Dezigns",UPI260618643013,"Shirts > Short sleeve t-shirts",https://cdn.shopify.com/s/files/1/0052/8321/7498/files/DZD2501031717BLOSSOM_719127c7-0227-4e18-91a7-b34d7ec8d634.jpg?v=1785898100,"DELTA ZETA"
"DZ Dezigns","Volunteer Cherry Sticker","DZ Dezigns",UPI26061843028,"Promotional > Stickers",https://cdn.shopify.com/s/files/1/0052/8321/7498/files/DZD250104sticker_9ab7f4ab-d24f-48ff-b75c-77618f69a8d9.jpg?v=1785898103,"DELTA ZETA"
"DZ Dezigns","Forest Green DZ Sweatshirt","DZ Dezigns",UPI260618059013,"Sweatshirts > Crewneck sweatshirts",https://cdn.shopify.com/s/files/1/0052/8321/7498/files/IMG_3662_c1e95445-4b95-4abb-89a0-7bd2895f1717.jpg?v=1785898247,"DELTA ZETA"
"DZ Dezigns","Pink Crest Hat","DZ Dezigns",UPI260618487814,"Headwear > Billed hats",https://cdn.shopify.com/s/files/1/0052/8321/7498/files/IMG_3658_ba95aeb3-797c-48bb-a098-28c201c965c5.jpg?v=1785898244,"DELTA ZETA"
"DZ Dezigns","Pink Logo Truly Cup","DZ Dezigns",UPI260618820612,"Drinkware > Stadium cups",https://cdn.shopify.com/s/files/1/0052/8321/7498/files/cup1_269da123-f687-4b76-874f-e9d8e9201b72.jpg?v=1785897920,"DELTA ZETA"
"DZ Dezigns","Sticker Sheet","DZ Dezigns",UPI260618313412,"Promotional > Stickers",https://cdn.shopify.com/s/files/1/0052/8321/7498/files/hf_20260524_193407_0d943a5e-ff07-46b2-b89e-4da8c540c858.png?v=1785898206,"DELTA ZETA"
"DZ Dezigns","Smiley Face Sticker","DZ Dezigns",UPI260618340619,"Promotional > Stickers",https://cdn.shopify.com/s/files/1/0052/8321/7498/files/IMG_3668_adfd7dfe-5310-46bd-9f90-14f56eebcb4a.jpg?v=1785898251,"DELTA ZETA"
"DZ Dezigns","Pink Pennant","DZ Dezigns",UPI260618243016,"Household items > Flags",https://cdn.shopify.com/s/files/1/0052/8321/7498/files/IMG_3666_407f2db5-cb93-43f2-8fc8-2de8011ad220.jpg?v=1785898249,"DELTA ZETA"
"DZ Dezigns","Beach Towel","DPHIE Designs",UPI260618524614,"Towels > Beach towels",https://cdn.shopify.com/s/files/1/0052/8321/7498/files/TOWELBEACH_422f5d54-c3e2-48b3-9182-f16e1e2fb016.jpg?v=1785898257,"DELTA ZETA"
"DZ Dezigns","Forest Green Hoodie","DZ Dezigns",UPI260618340620,"Sweatshirts > Hooded sweatshirts",https://cdn.shopify.com/s/files/1/0052/8321/7498/files/DZD250201996MRFORESTfront_ac1f0361-8a9a-4037-bca5-158c81101847.jpg?v=1785898105,"DELTA ZETA"
"DZ Dezigns","Forest Green Sweatpants","DZ Dezigns",UPI260618983813,"Pants > Leggings",https://cdn.shopify.com/s/files/1/0052/8321/7498/files/DZD250202973MRFOREST_2ccfb7cd-b598-43b6-9ea4-4b8d23ddb4e2.jpg?v=1785898107,"DELTA ZETA"
"DZ Dezigns","Watermark Hoodie","DZ Dezigns",UPI260618823822,"Sweatshirts > Hooded sweatshirts",https://cdn.shopify.com/s/files/1/0052/8321/7498/files/DZD25020418500HEATHERDARKGREEN_317a2f41-efd7-48c0-87ca-0caec2295a4c.jpg?v=1785898109,"DELTA ZETA"
"DZ Dezigns","Pennant Crop Tee","DZ Dezigns",UPI26061891348,"Shirts > Short sleeve t-shirts",https://cdn.shopify.com/s/files/1/0052/8321/7498/files/DZD2502051010SOLIDPINKBLEND_6eee3ca5-1ed0-43b7-8177-09ecd0661ecf.jpg?v=1785898111,"DELTA ZETA"
"DZ Dezigns","Bay Breeze Tee","DZ Dezigns",UPI260618556613,"Shirts > Short sleeve t-shirts",https://cdn.shopify.com/s/files/1/0052/8321/7498/files/DZD2502071717BAY_221e1b27-505f-4ccc-9110-aaef05751b6a.jpg?v=1785898114,"DELTA ZETA"
"DZ Dezigns","Western Turtle Tee","DZ Dezigns",UPI260618244616,"Shirts > Short sleeve t-shirts",https://cdn.shopify.com/s/files/1/0052/8321/7498/files/DZD2502081717SANDback_951170fe-6863-45c1-adfa-31f30bdf60f5.jpg?v=1785898116,"DELTA ZETA"
"DZ Dezigns","Sandy Crewneck","DZ Dezigns",UPI260618969426,"Sweatshirts > Crewneck sweatshirts",https://cdn.shopify.com/s/files/1/0052/8321/7498/files/DZD25020918000SAND_bbf30e9b-8a91-4acd-8453-b3171ee777d4.jpg?v=1785898118,"DELTA ZETA"
"DZ Dezigns","Pleasant Notecard","DZ Dezigns",UPI260618612614,"Stationery > Note cards",https://cdn.shopify.com/s/files/1/0052/8321/7498/files/DZD250210NOTECARDfront_bc59b47e-1daf-42a0-bcfb-6c46419665bd.jpg?v=1785898120,"DELTA ZETA"
"DZ Dezigns","Heart Sunglass Sticker","DZ Dezigns",UPI260618899017,"Promotional > Stickers",https://cdn.shopify.com/s/files/1/0052/8321/7498/files/DZD250212STICKER_95de7044-a69b-4d1d-a0d1-8b5f64eb1355.jpg?v=1785898122,"DELTA ZETA"
"DZ Dezigns","Turtle Sticker","DZ Dezigns",UPI26061846229,"Promotional > Stickers",https://cdn.shopify.com/s/files/1/0052/8321/7498/files/DZD250213STICKER_dd831155-1258-4889-b01d-b825dfe50b5f.jpg?v=1785898124,"DELTA ZETA"
"DZ Dezigns","Tennis Skirt","DZ Dezigns",UPI260618678214,"Pants > Leggings",https://cdn.shopify.com/s/files/1/0052/8321/7498/files/hf_20260524_193630_5a06b085-541b-49ff-8780-7f4804af98a6.png?v=1785898217,"DELTA ZETA"
"DZ Dezigns","Dusty Rose Hat","DZ Dezigns",UPI260618214211,"Headwear > Billed hats",https://cdn.shopify.com/s/files/1/0052/8321/7498/files/DZD250217EZADUSTYROSE_bc6962eb-6052-48e4-89cd-283569ca89fb.jpg?v=1785898126,"DELTA ZETA"
"DZ Dezigns","Pink Sweatshorts","DZ Dezigns",UPI260618833411,"Pants > Leggings",https://cdn.shopify.com/s/files/1/0052/8321/7498/files/SiteImages_e5a69165-1b5b-4797-b3c2-de75142a8145.jpg?v=1785898253,"DELTA ZETA"
"DZ Dezigns","Little Hoodie","DZ Dezigns",UPI260618982213,"Sweatshirts > Hooded sweatshirts",https://cdn.shopify.com/s/files/1/0052/8321/7498/files/DZD25GL101front_d334cd37-6506-4f3a-be77-a6bec3c221fa.jpg?v=1785898131,"DELTA ZETA"
"DZ Dezigns","Big Hoodie","DZ Dezigns",UPI26061850069,"Sweatshirts > Hooded sweatshirts",https://cdn.shopify.com/s/files/1/0052/8321/7498/files/DZD25GL101back_0e53cf78-c769-4d00-83d5-794c51a79b94.jpg?v=1785898129,"DELTA ZETA"
"DZ Dezigns","Big Little Shorts","DZ Dezigns",UPI260618406218,"Pants > Leggings",https://cdn.shopify.com/s/files/1/0052/8321/7498/files/DZD25GL101frontshorts_fc2574b3-cfe1-4b9e-b3ea-29940cdb7ca9.jpg?v=1785898133,"DELTA ZETA"
"DZ Dezigns","Big or Little Bay Tee","DZ Dezigns",UPI260618212612,"Shirts > Short sleeve t-shirts",https://cdn.shopify.com/s/files/1/0052/8321/7498/files/DZD25GL1031717bay_f03273b7-196c-4b72-be44-c78b0a3ba932.jpg?v=1785898135,"DELTA ZETA"
"DZ Dezigns","Big or Little Hat","DZ Dezigns",UPI260618342212,"Headwear > Billed hats",https://cdn.shopify.com/s/files/1/0052/8321/7498/files/DZD25GL105palepinklp101_66294b8e-9847-4be9-996d-d42649cfea39.jpg?v=1785898138,"DELTA ZETA"
"DZ Dezigns","Big Little Cherry Sticker","DZ Dezigns",UPI260618183818,"Promotional > Stickers",https://cdn.shopify.com/s/files/1/0052/8321/7498/files/DZD25GL107sticker_0a333579-6395-4453-921f-374991f137b9.jpg?v=1785898140,"DELTA ZETA"
"DZ Dezigns","Dazzling Sticker","DZ Dezigns",UPI260618487815,"Promotional > Stickers",https://cdn.shopify.com/s/files/1/0052/8321/7498/files/DZD25GL108sticker_478cf13d-84f1-4a24-9566-d74820f871b2.jpg?v=1785898142,"DELTA ZETA"
"DZ Dezigns","Lacy Bow Knitted Sweater","DZ Dezigns",UPI260618475014,"Apparel > Sweaters",https://cdn.shopify.com/s/files/1/0052/8321/7498/files/Front_4df40b55-28d2-47ff-9d8a-3819bfaaa22f.jpg?v=1785898196,"DELTA ZETA"
"DZ Dezigns","Ash Mock Neck- Limited Edition","DZ Dezigns",UPI260618835015,"Apparel > Sweaters",https://cdn.shopify.com/s/files/1/0052/8321/7498/files/DZD25NOV1ASHMOCKNECK_f1bc3dd0-f74d-4364-ac3c-53c609ad1d5e.jpg?v=1785898144,"DELTA ZETA"
"DZ Dezigns","Ugly Knitted Sweater","SDT Boutique",UPI260618862225,"Apparel > Sweaters",https://cdn.shopify.com/s/files/1/0052/8321/7498/files/Front_138cd7ae-fd4e-4bed-9178-b3325e0443da.jpg?v=1763057553,"DELTA ZETA"
"DZ Dezigns","White Beanie","DZ Dezigns",UPI260618932613,"Headwear > Beanies",https://cdn.shopify.com/s/files/1/0052/8321/7498/files/DFD26GL1071501KCWHITEemb_d51a4ce8-ce5e-4e9b-9ba5-1743ebe5f45a.jpg?v=1785897922,"DELTA ZETA"
"DZ Dezigns","Crewneck & Beanie Bundle","DZ Dezigns",UPI260618147014,"Sweatshirts > Crewneck sweatshirts",https://cdn.shopify.com/s/files/1/0052/8321/7498/files/DFD26GL107CRewneckandBeanie_5b99e6ef-98b6-4392-9f57-5d9635985d80.jpg?v=1785897927,"DELTA ZETA"
"DZ Dezigns","Since 1902 Crewneck","DZ Dezigns",UPI260618807812,"Sweatshirts > Crewneck sweatshirts",https://cdn.shopify.com/s/files/1/0052/8321/7498/files/DFD26GL10718000FRSTGREEN_b2b18730-7c9e-45d0-9072-4daf6abf1310.jpg?v=1785897925,"DELTA ZETA"
"DZ Dezigns","Simple Bow Crewneck","DZ Dezigns",UPI260618364612,"Sweatshirts > Crewneck sweatshirts",https://cdn.shopify.com/s/files/1/0052/8321/7498/files/DZD26GL30118000RED.jpg?v=1769623328,"DELTA ZETA"
"DZ Dezigns","Patched Bow Hoodie","DZ Dezigns",UPI260618705417,"Sweatshirts > Hooded sweatshirts",https://cdn.shopify.com/s/files/1/0052/8321/7498/files/DZD26GL30218500ASHBACK_2106dc9b-d67e-4ad1-897a-93f631d225df.jpg?v=1785898178,"DELTA ZETA"
"DZ Dezigns","Graphic Galentine Tee","DZ Dezigns",UPI260618372611,"Shirts > Short sleeve t-shirts",https://cdn.shopify.com/s/files/1/0052/8321/7498/files/DZD26GL303.jpg?v=1769800634,"DELTA ZETA"
"DZ Dezigns","Script Cardigan Sweater","DZ Dezigns",UPI260618804615,"Apparel > Sweaters",https://cdn.shopify.com/s/files/1/0052/8321/7498/files/DZD26GL101MM3023GUSTYGREYEMB_421575dc-f4bb-4bdf-91f1-5b9cf77d166a.jpg?v=1785898174,"DELTA ZETA"
"DZ Dezigns","Concept Cardigan","DZ Dezigns",UPI260618787020,"Apparel > Sweaters",https://cdn.shopify.com/s/files/1/0052/8321/7498/files/DZD26GL102L545BLACKEMB_163f0145-3719-4bb7-997b-a5b1088d15cb.jpg?v=1785898176,"DELTA ZETA"
"DZ Dezigns","Oxford Shirt","DZ Dezigns",UPI260618707013,"Shirts > Button-up shirts",https://cdn.shopify.com/s/files/1/0052/8321/7498/files/DZD26GL103L658WHITEEMB.jpg?v=1769710837,"DELTA ZETA"
"DZ Dezigns","Relaxed Knit Blazer","DZ Dezigns",UPI260618225419,"Outerwear > Blazers",https://cdn.shopify.com/s/files/1/0052/8321/7498/files/DZD26GL104LM2000BLACKEMB.jpg?v=1769711032,"DELTA ZETA"
"DZ Dezigns",Flip-Flops,"SDT Boutique",UPI260618195015,"Footwear > Flip flops",https://cdn.shopify.com/s/files/1/0052/8321/7498/files/DZFF1.jpg?v=1770836120,"DELTA ZETA"
"DZ Dezigns","Clear tote bag","SDT Boutique",UPI260618404611,"Bags > Tote bags",https://cdn.shopify.com/s/files/1/0052/8321/7498/files/DZBAG_4806b472-4c0e-4f26-9fc6-4c11c6292c80.jpg?v=1785897935,"DELTA ZETA"
"DZ Dezigns","Paradise Tee","DZ Dezigns",UPI260618755022,"Shirts > Short sleeve t-shirts",https://cdn.shopify.com/s/files/1/0052/8321/7498/files/DZD26GL4011717IVORYback_de9d37b5-0fbd-4530-89d0-eb81a4b43c9f.jpg?v=1785898180,"DELTA ZETA"
"DZ Dezigns","Beach Mode Trucker Hat","DZ Dezigns",UPI260618907020,"Headwear > Billed hats",https://cdn.shopify.com/s/files/1/0052/8321/7498/files/DZD26GL402VC700PINK_WHITE.jpg?v=1771262960,"DELTA ZETA"
"DZ Dezigns","Tidal Wave Crewneck","DZ Dezigns",UPI260618335810,"Sweatshirts > Crewneck sweatshirts",https://cdn.shopify.com/s/files/1/0052/8321/7498/files/DZD26GL4031545CLAY.jpg?v=1771263098,"DELTA ZETA"
"DZ Dezigns","Four Turtle Tee","DZ Dezigns",UPI260618273414,"Shirts > Short sleeve t-shirts",https://cdn.shopify.com/s/files/1/0052/8321/7498/files/DZD26GL4081717BLOSSOMback_d61a1842-a4e6-49b1-bf34-c21966edc4bd.jpg?v=1785898182,"DELTA ZETA"
"DZ Dezigns","Volunteer Frame Tee","DZ Dezigns",UPI260618411016,"Shirts > Short sleeve t-shirts",https://cdn.shopify.com/s/files/1/0052/8321/7498/files/DZD26GL6011717WHITE_c4bfd891-fe67-498f-93fc-b246529d85e7.jpg?v=1785898184,"DELTA ZETA"
"DZ Dezigns","Mint Volunteer Hoodie","DZ Dezigns",UPI260618555017,"Sweatshirts > Hooded sweatshirts",https://cdn.shopify.com/s/files/1/0052/8321/7498/files/DZD26GL60218500MINTback_5674aac5-d4c0-49dc-b448-20dc868fb1b2.jpg?v=1785898187,"DELTA ZETA"
"DZ Dezigns","Forest Full Zip Jacket","DZ Dezigns",UPI260618788616,"Outerwear > Jackets",https://cdn.shopify.com/s/files/1/0052/8321/7498/files/DZD26GL603F217GREEN_fd6aae6e-a01a-4c95-b526-d987690ffb4f.jpg?v=1785898188,"DELTA ZETA"
"DZ Dezigns","Crest 1/4 Zip","DZ Dezigns",UPI260618575818,"Sweatshirts > Crewneck sweatshirts",https://cdn.shopify.com/s/files/1/0052/8321/7498/files/DZD26GL604ST253ATHHTR_bb9f26a7-4ebc-456f-b76f-f557c7eb5895.jpg?v=1785898190,"DELTA ZETA"
"DZ Dezigns","Hike for Hearing Crunchberry Tee","DZ Dezigns",UPI260618838216,"Shirts > Short sleeve t-shirts",https://cdn.shopify.com/s/files/1/0052/8321/7498/files/DZD2600011717CRUNCHBERRY_9c2d43f8-216a-42c1-96d4-920af884fa75.jpg?v=1785898146,"DELTA ZETA"
"DZ Dezigns","Hike for Hearing Hat","DZ Dezigns",UPI260618151813,"Headwear > Billed hats",https://cdn.shopify.com/s/files/1/0052/8321/7498/files/DZD2600026440WHITE_f94836cf-378c-403c-a61f-f2a7da5a7ef5.jpg?v=1785898148,"DELTA ZETA"
"DZ Dezigns","Hike for Hearing Hat (Pink)","DZ Dezigns",UPI260618822213,"Headwear > Billed hats",https://cdn.shopify.com/s/files/1/0052/8321/7498/files/DZD2600036440PINK_d87e2821-9f3d-4657-a559-44b0b5282b27.jpg?v=1785898150,"DELTA ZETA"
"DZ Dezigns","Hike for Hearing Tee","DZ Dezigns",UPI260618529420,"Shirts > Short sleeve t-shirts",https://cdn.shopify.com/s/files/1/0052/8321/7498/files/DZD260004CE10WHITEBACK_83842c41-b07d-41e4-9883-fb0028fcfe6a.jpg?v=1785898153,"DELTA ZETA"
"DZ Dezigns","Hike for Hearing Long Sleeve","DZ Dezigns",UPI260618324610,"Shirts > Short sleeve t-shirts",https://cdn.shopify.com/s/files/1/0052/8321/7498/files/DZD260005CE10LWHITEBACK_64443a27-7c4e-46d6-b460-66b4a3b2f2f7.jpg?v=1785898155,"DELTA ZETA"
"DZ Dezigns","Hot Pink Towel","DZ Dezigns",UPI26061843029,Default,https://cdn.shopify.com/s/files/1/0052/8321/7498/files/DZD260103QV3060PINK_06154b15-165a-4c34-a4f9-79b8310b486d.jpg?v=1785898159,"DELTA ZETA"
"DZ Dezigns","Air Brush Turtle","DZ Dezigns",UPI260618145420,"Shirts > Short sleeve t-shirts",https://cdn.shopify.com/s/files/1/0052/8321/7498/files/DZD2601051717WHITE_1_870fa4d5-38e5-49a0-a7e0-87be1ee12d1e.jpg?v=1785898161,"DELTA ZETA"
"DZ Dezigns","Cowgirl Turtle tee","DZ Dezigns",UPI260618513419,"Shirts > Short sleeve t-shirts",https://cdn.shopify.com/s/files/1/0052/8321/7498/files/DZD2601061717BLOSSOM_f7d8a067-aa6e-4c4e-8c77-0e72fee7812b.jpg?v=1785898163,"DELTA ZETA"
"DZ Dezigns","Checker Meet Polka Dot Crewneck","DZ Dezigns",UPI26061877749,"Sweatshirts > Crewneck sweatshirts",https://cdn.shopify.com/s/files/1/0052/8321/7498/files/DZD26010718500ASH_02f79ea7-b2c4-4f9f-9616-6e78deb32263.jpg?v=1785898165,"DELTA ZETA"
"DZ Dezigns","Find Me Hoodie","DZ Dezigns",UPI260618697410,"Sweatshirts > Hooded sweatshirts",https://cdn.shopify.com/s/files/1/0052/8321/7498/files/DZD26010818500MINTGREEN_2_786624cb-fb8a-4037-9ecb-57ad776117fc.jpg?v=1785898167,"DELTA ZETA"
"DZ Dezigns","Natural Turtle Crop Tee","DZ Dezigns",UPI260618851014,"Shirts > Short sleeve t-shirts",https://cdn.shopify.com/s/files/1/0052/8321/7498/files/DZD2601091010NATURAL_61861d50-f8fb-4fa2-9f28-eb997d5934d6.jpg?v=1785898169,"DELTA ZETA"
"DZ Dezigns","Truly Bouquet Tee","DZ Dezigns",UPI260618575817,"Shirts > Short sleeve t-shirts",https://cdn.shopify.com/s/files/1/0052/8321/7498/files/DZD2602041717IVORYBACK_08d92c1b-f1ca-409f-9aae-c0326e019f9d.jpg?v=1785898172,"DELTA ZETA"
"DZ Dezigns","Zen Sport Tank","DZ Dezigns",UPI260618214210,"Shirts > Short sleeve t-shirts",https://cdn.shopify.com/s/files/1/0052/8321/7498/files/DZD260101BW2703COSMICPINK.jpg?v=1780067863,"DELTA ZETA"
"DZ Dezigns","Zen Sport Short","DZ Dezigns",UPI26061811669,"Apparel > Bodysuits",https://cdn.shopify.com/s/files/1/0052/8321/7498/files/DZD260102BW6104COSMICPINK_7ebd7a58-042e-4dd5-9cb0-c8621a2e2482.jpg?v=1785898157,"DELTA ZETA"
