"Product ID","Title","Tags","Matched Keywords","Matched Licensors","Winning Licensor","Winning Score","Reason"
"162182741","TSL  CaboBandz™","campaign_past_campaign, past_campaign_temp","","","Various","0","No matching keywords found"
"217284325","Charcoal Grey Black Buette Crewneck Sweatshirt","campaign_past_campaign, past_campaign_temp","","","Various","0","No matching keywords found"
"229042309","TSL - Test Tank","campaign_past_campaign, past_campaign_temp","","","Various","0","No matching keywords found"
"233145873","Winterfest Tanks","campaign_past_campaign, past_campaign_temp","","","Various","0","No matching keywords found"
"237155865","CornHole Tourney - Tee","campaign_past_campaign, past_campaign_temp","","","Various","0","No matching keywords found"
"237159365","CornHole Tourney - Racerback","campaign_past_campaign, past_campaign_temp","","","Various","0","No matching keywords found"
"238056645","Shipwrecked CaboBandz","campaign_past_campaign, past_campaign_temp","","","Various","0","No matching keywords found"
"238724857","Custom Pocket Spring Break Tank","campaign_past_campaign, past_campaign_temp","","","Various","0","No matching keywords found"
"238725637","Kappa Muscle Tank","campaign_past_campaign, past_campaign_temp","","","Various","0","No matching keywords found"
"238727569","Boxy Crop Tank","campaign_past_campaign, past_campaign_temp","","","Various","0","No matching keywords found"
"240621041","Phi Guy / Soccer shirts!","campaign_past_campaign, past_campaign_temp","","","Various","0","No matching keywords found"
"241013781","Custom Pocket Tank","campaign_past_campaign, past_campaign_temp","","","Various","0","No matching keywords found"
"241014313","Custom Pocket Tee","campaign_past_campaign, past_campaign_temp","","","Various","0","No matching keywords found"
"241015053","Triad Black Unisex Tank","campaign_past_campaign, past_campaign_temp","","","Various","0","No matching keywords found"
"241016093","Triad Power Washed Tank","campaign_past_campaign, past_campaign_temp","","","Various","0","No matching keywords found"
"241932985","Roll Wave Flowy Racer Tank","campaign_past_campaign, past_campaign_temp","","","Various","0","No matching keywords found"
"241942121","Just Cure It Tee","campaign_past_campaign, past_campaign_temp","","","Various","0","No matching keywords found"
"241942965","Just Cure It V-neck","campaign_past_campaign, past_campaign_temp","","","Various","0","No matching keywords found"
"241944841","Just Cure It Crewneck","campaign_past_campaign, past_campaign_temp","","","Various","0","No matching keywords found"
"244084225","Spring Break Muscle Tee","campaign_past_campaign, past_campaign_temp","","","Various","0","No matching keywords found"
"245086829","Hera Day Lyre V-Neck","campaign_past_campaign, past_campaign_temp","","","Various","0","No matching keywords found"
"245094001","Hera Day Lyre V-Neck","campaign_past_campaign, past_campaign_temp","","","Various","0","No matching keywords found"
"248674477","Cabo Spring Break Official Tank","ALL, campaign_past_campaign, General, past_campaign_temp","","","Various","0","No matching keywords found"
"249286129","Vandal Friday ""Ramones"" Dolman","campaign_past_campaign, past_campaign_temp","","","Various","0","No matching keywords found"
"249297445","Top Gun Tank","campaign_past_campaign, past_campaign_temp","","","Various","0","No matching keywords found"
"254913657","All Good Things Muscle Tank","ALL, campaign_past_campaign, General, past_campaign_temp","","","Various","0","No matching keywords found"
"256995337","Theta Loving Tank","campaign_past_campaign, past_campaign_temp","THETA","Kappa Alpha Theta","Kappa Alpha Theta","80","Highest score match"
"257350233","Marilyn Crewneck Sweatshirt - Black","campaign_past_campaign, past_campaign_temp","","","Various","0","No matching keywords found"
"257351849","Marilyn Crewneck Sweatshirt - Red","campaign_past_campaign, past_campaign_temp","","","Various","0","No matching keywords found"
"258380169","Phi Ball Triblend Racerback","campaign_past_campaign, past_campaign_temp","","","Various","0","No matching keywords found"
"258418933","Greek Week Racerback Tank","campaign_past_campaign, past_campaign_temp","","","Various","0","No matching keywords found"
"258420721","Greek Week Bro Tank","campaign_past_campaign, past_campaign_temp","","","Various","0","No matching keywords found"
"262047865","Phi Ball Bro Tank","campaign_past_campaign, past_campaign_temp","","","Various","0","No matching keywords found"
"262316797","Spring Break FOREVER Tank","campaign_past_campaign, General, past_campaign_temp","","","Various","0","No matching keywords found"
"264945949","Amherst Greek Week Jerseys","campaign_past_campaign, past_campaign_temp","","","Various","0","No matching keywords found"
"265324009","Phiesta Fanny Pack","campaign_past_campaign, past_campaign_temp","","","Various","0","No matching keywords found"
"266461401","Coachella Flowy Muscle Tank","ALL, campaign_past_campaign, General, past_campaign_temp","","","Various","0","No matching keywords found"
"266515265","Coachella Phone Case","ALL, campaign_past_campaign, General, past_campaign_temp","","","Various","0","No matching keywords found"
"268816545","Anchorbowl AA Unisex Tank","campaign_past_campaign, past_campaign_temp","","","Various","0","No matching keywords found"
"272783369","Anchorbowl Crop Tank II","campaign_past_campaign, past_campaign_temp","","","Various","0","No matching keywords found"
"278105421","Stagecoach Flowy Muscle Tank","campaign_past_campaign, General, past_campaign_temp","","","Various","0","No matching keywords found"
"278211461","Coachella Flowy Muscle Tank","ALL, General, Instagram, RTS","","","Various","0","No matching keywords found"
"279732113","Coachella Crop","ALL, General, instagram, RTS","","","Various","0","No matching keywords found"
"280658769","DX - Vegas Formal Pocket Tee","campaign_past_campaign, past_campaign_temp","","","Various","0","No matching keywords found"
"280660541","DX - Vegas Formal Tank","campaign_past_campaign, past_campaign_temp","","","Various","0","No matching keywords found"
"280833213","Stay Vertical American Apparel Unisex Tank","campaign_past_campaign, past_campaign_temp","","","Various","0","No matching keywords found"
"280838221","Stay Vertical Bro Tank","campaign_past_campaign, past_campaign_temp","","","Various","0","No matching keywords found"
"281532985","ALPHA PHI War of the Roses Tank","campaign_past_campaign, past_campaign_temp","Alpha Phi","Alpha Phi","Alpha Phi","100","Highest score match"
"281535533","ALPHA DELTA PI War of the Roses Tank","campaign_past_campaign, past_campaign_temp","Alpha Delta Pi","Alpha Delta Pi","Alpha Delta Pi","100","Highest score match"
"281538325","SIGMA KAPPA War of the Roses Tank","campaign_past_campaign, past_campaign_temp","Sigma Kappa","Sigma Kappa","Sigma Kappa","100","Highest score match"
"281539009","ALPHA GAMMA DELTA War of the Roses Tank","campaign_past_campaign, past_campaign_temp","Alpha Gamma Delta","Alpha Gamma Delta","Alpha Gamma Delta","100","Highest score match"
"281541421","GAMMA PHI War of the Roses Tank","campaign_past_campaign, past_campaign_temp","Gamma Phi","Gamma Phi Beta","Gamma Phi Beta","80","Highest score match"
"281543445","ALPHA OMICRON PI War of the Roses Tank","campaign_past_campaign, past_campaign_temp","Alpha Omicron Pi","Alpha Omicron Pi","Alpha Omicron Pi","100","Highest score match"
"284412913","Give Cancer The Boot Bro Tank (sand color)","campaign_past_campaign, past_campaign_temp","","","Various","0","No matching keywords found"
"284458485","Do Good Flowy V-Neck","campaign_past_campaign, past_campaign_temp","","","Various","0","No matching keywords found"
"285256005","APHI Derby Days Tank","campaign_past_campaign, past_campaign_temp","APHI","Alpha Phi","Alpha Phi","80","Highest score match"
"285257649","AXO Derby Days Tank","campaign_past_campaign, past_campaign_temp","AXO","Alpha Chi Omega","Alpha Chi Omega","80","Highest score match"
"285258449","DG Derby Days Tank","campaign_past_campaign, past_campaign_temp","DG","Delta Gamma","Delta Gamma","80","Highest score match"
"285260121","Pi Phi Derby Days Tank","campaign_past_campaign, past_campaign_temp","Pi Phi","Pi Beta Phi","Pi Beta Phi","80","Highest score match"
"285261453","Sigma Kappa Derby Days Tank","campaign_past_campaign, past_campaign_temp","Sigma Kappa","Sigma Kappa","Sigma Kappa","100","Highest score match"
"285263609","Theta Derby Days Tank","campaign_past_campaign, past_campaign_temp","THETA","Kappa Alpha Theta","Kappa Alpha Theta","80","Highest score match"
"285413969","KKG Derby Days Tank","campaign_past_campaign, past_campaign_temp","KKG","Kappa Kappa Gamma","Kappa Kappa Gamma","80","Highest score match"
"285424733","ASU Greek Week Tank","campaign_past_campaign, past_campaign_temp","","","Various","0","No matching keywords found"
"295463861","OSU Shasta 2014 Bro Tank","campaign_past_campaign, past_campaign_temp","","","Various","0","No matching keywords found"
"296067397","ZBTahiti Bro Tank","campaign_past_campaign, past_campaign_temp","","","Various","0","No matching keywords found"
"296083161","Official 2014 Shasta Tank","campaign_past_campaign, past_campaign_temp","","","Various","0","No matching keywords found"
"296776093","Custom Fresh Prince Snapback!","campaign_past_campaign, General, past_campaign_temp","","","Various","0","No matching keywords found"
"298688957","Custom Hawaiian Snapback!","campaign_past_campaign, General, past_campaign_temp","","","Various","0","No matching keywords found"
"298758197","Rowing Championship Tank","campaign_past_campaign, past_campaign_temp","","","Various","0","No matching keywords found"
"299680905","2014 Senior Bar Crawl Racerback","campaign_past_campaign, past_campaign_temp","","","Various","0","No matching keywords found"
"299816477","Alpha Breezy Crop Tank.","campaign_past_campaign, past_campaign_temp","","","Various","0","No matching keywords found"
"300646237","Kaotic and Patriotic Tank","campaign_past_campaign, past_campaign_temp","","","Various","0","No matching keywords found"
"300660561","2014 Greek Week 'DGAF' Tank","campaign_past_campaign, past_campaign_temp","","","Various","0","No matching keywords found"
"301809989","CSU Hawaiian Camp Hat","campaign_past_campaign, past_campaign_temp","","","Various","0","No matching keywords found"
"302714133","UCSB Annual Fund Tank","campaign_past_campaign, past_campaign_temp","","","Various","0","No matching keywords found"
"302717473","Diva Definition Tank","campaign_past_campaign, past_campaign_temp","","","Various","0","No matching keywords found"
"303811881","""Shasta Lake"" Bro Tank","campaign_past_campaign, past_campaign_temp","","","Various","0","No matching keywords found"
"303813997","USAnchor Bro Tank","campaign_past_campaign, past_campaign_temp","","","Various","0","No matching keywords found"
"306116421","Shasta Bro Tank","campaign_past_campaign, past_campaign_temp","","","Various","0","No matching keywords found"
"306119305","2014 Shasta ""Booze Cruise"" Tank","campaign_past_campaign, past_campaign_temp","","","Various","0","No matching keywords found"
"306663753","Rip'Em Eaters Baseball Tee","campaign_past_campaign, past_campaign_temp","","","Various","0","No matching keywords found"
"306678929","Kappa Bro Tank","campaign_past_campaign, past_campaign_temp","","","Various","0","No matching keywords found"
"306690381","UW Greek Olympics Tank","campaign_past_campaign, past_campaign_temp","","","Various","0","No matching keywords found"
"306836221","Kite + Key Zip Up Hoodie","campaign_past_campaign, past_campaign_temp","","","Various","0","No matching keywords found"
"306841593","Kite + Key Crew Sweatshirt","campaign_past_campaign, past_campaign_temp","","","Various","0","No matching keywords found"
"312865801","Delt Jäger Bro Tank","campaign_past_campaign, past_campaign_temp","","","Various","0","No matching keywords found"
"312866553","Delt Jäger Ladies Boxy Tank","campaign_past_campaign, past_campaign_temp","","","Various","0","No matching keywords found"
"320194365","Rho Gamma WSU Fanny Pack","campaign_past_campaign, past_campaign_temp","","","Various","0","No matching keywords found"
"320197989","Rho Gamma WSU Snapback","campaign_past_campaign, past_campaign_temp","","","Various","0","No matching keywords found"
"320199653","Rho Gamma WSU Pocket Tank","campaign_past_campaign, past_campaign_temp","","","Various","0","No matching keywords found"
"320202113","Rho Gamma WSU Zip-Up Hoodie","campaign_past_campaign, past_campaign_temp","","","Various","0","No matching keywords found"
"320207577","Rho Gamma WSU Floral Tank","campaign_past_campaign, past_campaign_temp","","","Various","0","No matching keywords found"
"323345625","Sapphire Ball Tank","campaign_past_campaign, past_campaign_temp","","","Various","0","No matching keywords found"
"326445537","IV Strong Tee","campaign_past_campaign, General, past_campaign_temp","","","Various","0","No matching keywords found"
"326446869","IV Strong Tank","campaign_past_campaign, General, past_campaign_temp","","","Various","0","No matching keywords found"
"329640765","'Merica Spirit Jersey","campaign_past_campaign, General, past_campaign_temp","","","Various","0","No matching keywords found"
"331023729","USA - It's Your Birthday! (Tank)","America, General, RTS","","","Various","0","No matching keywords found"
"331024189","USA - It's Your Birthday! (Crop)","America, General, RTS","","","Various","0","No matching keywords found"
"349223933","Plant a Tree","","","","Various","0","No matching keywords found"
"349773393","2014 Work Week Racerback Tank","campaign_past_campaign, past_campaign_temp","","","Various","0","No matching keywords found"
"349773993","2014 Bid Day Flowy Racerback - Coral","campaign_past_campaign, past_campaign_temp","","","Various","0","No matching keywords found"
"349774653","2014 Bid Day Snapback","campaign_past_campaign, past_campaign_temp","","","Various","0","No matching keywords found"
"349775913","2014 Bid Day Wayfarers - Yellow","campaign_past_campaign, past_campaign_temp","","","Various","0","No matching keywords found"
"350760093","RVCA Shirts","campaign_past_campaign, past_campaign_temp","","","Various","0","No matching keywords found"
"350766745","CaboBandz","campaign_past_campaign, past_campaign_temp","","","Various","0","No matching keywords found"
"350768841","AA neon mock pock tank","campaign_past_campaign, past_campaign_temp","","","Various","0","No matching keywords found"
"352004537","""Love Shouldn't Hurt"" V-Neck","campaign_past_campaign, past_campaign_temp","","","Various","0","No matching keywords found"
"353169265","Team No Sleep","campaign_past_campaign, General, past_campaign_temp","","","Various","0","No matching keywords found"
"354203729","Work Out Recruitment Tank","campaign_past_campaign, General, past_campaign_temp","","","Various","0","No matching keywords found"
"354727857","""On My Level"" Tie Dye Muscle Tee","campaign_past_campaign, past_campaign_temp, Washingont University","","","Various","0","No matching keywords found"
"356282841","Ultra Club Zippered Tote","campaign_past_campaign, past_campaign_temp","","","Various","0","No matching keywords found"
"356756977","USA Pullover Sweatshirt","campaign_past_campaign, General, past_campaign_temp","","","Various","0","No matching keywords found"
"357043333","Bella Crop Tank","campaign_past_campaign, past_campaign_temp","","","Various","0","No matching keywords found"
"357045113","Bella Muscle Tank","campaign_past_campaign, past_campaign_temp","","","Various","0","No matching keywords found"
"357047345","Pima Crop Tank","campaign_past_campaign, past_campaign_temp","","","Various","0","No matching keywords found"
"358164961","Seniors '15 Crop Tank","campaign_past_campaign, past_campaign_temp","","","Various","0","No matching keywords found"
"358381957","Product Test Fundraising","","","","Various","0","No matching keywords found"
"358385325","Shipping","","","","Various","0","No matching keywords found"
"358386949","Product Test Goal","","","","Various","0","No matching keywords found"
"358657901","EMAIL TEST1 - Campaign Closed Success","","","","Various","0","No matching keywords found"
"358679145","EMAIL TEST2 - Campaign Closed Fail","campaign_past_campaign, past_campaign_temp","","","Various","0","No matching keywords found"
"358683825","EMAIL TEST3 - Campaign No Goal","campaign_past_campaign, past_campaign_temp","","","Various","0","No matching keywords found"
"358692497","EMAIL TEST4 - Split Shipping","campaign_past_campaign, past_campaign_temp","","","Various","0","No matching keywords found"
"360413713","No Direct Ship Test","campaign_past_campaign, past_campaign_temp","","","Various","0","No matching keywords found"
"360509681","Custom American Apparel Racerback in White","campaign_past_campaign, past_campaign_temp","","","Various","0","No matching keywords found"
"362940381","Dad's Weekend Tee","campaign_past_campaign, past_campaign_temp","","","Various","0","No matching keywords found"
"362941269","Dad's Weekend Long Sleeve","campaign_past_campaign, past_campaign_temp","","","Various","0","No matching keywords found"
"363102669","ADPI x PIKE Fire Fighter Challenge","campaign_past_campaign, past_campaign_temp","ADPI, PIKE","Alpha Delta Pi, Pi Kappa Alpha","Various","80","Score tie between multiple licensors: Alpha Delta Pi, Pi Kappa Alpha"
"363104101","APHI x PIKE Fire Fighter Challenge","campaign_past_campaign, past_campaign_temp","APHI, PIKE","Alpha Phi, Pi Kappa Alpha","Various","80","Score tie between multiple licensors: Alpha Phi, Pi Kappa Alpha"
"363104301","AXO x PIKE Fire Fighter Challenge","campaign_past_campaign, past_campaign_temp","PIKE, AXO","Pi Kappa Alpha, Alpha Chi Omega","Pi Kappa Alpha","80","Longest keyword wins tie-breaker"
"363104569","DG x PIKE Fire Fighter Challenge","campaign_past_campaign, past_campaign_temp","PIKE, DG","Pi Kappa Alpha, Delta Gamma","Pi Kappa Alpha","80","Longest keyword wins tie-breaker"
"363104833","GPHI x PIKE Fire Fighter Challenge","campaign_past_campaign, past_campaign_temp","GPHI, PIKE","Gamma Phi Beta, Pi Kappa Alpha","Various","80","Score tie between multiple licensors: Gamma Phi Beta, Pi Kappa Alpha"
"363104981","KKG x PIKE Fire Fighter Challenge","campaign_past_campaign, past_campaign_temp","PIKE, KKG","Pi Kappa Alpha, Kappa Kappa Gamma","Pi Kappa Alpha","80","Longest keyword wins tie-breaker"
"364499521","Phi X Sig Ep Tank","campaign_past_campaign, past_campaign_temp","SIG EP","Sigma Phi Epsilon","Sigma Phi Epsilon","80","Highest score match"
"364852533","Krew Black Hawaiian Snapback","campaign_past_campaign, past_campaign_temp","","","Various","0","No matching keywords found"
"365222113","Dad's Day Polos","campaign_past_campaign, past_campaign_temp","","","Various","0","No matching keywords found"
"365233433","""You won't...I might"" Muscle Tank","campaign_past_campaign, past_campaign_temp","","","Various","0","No matching keywords found"
"365233681","Kappa Heart Racerback","campaign_past_campaign, past_campaign_temp","","","Various","0","No matching keywords found"
"365233905","Keep it Kappa Power Washed Tank","campaign_past_campaign, past_campaign_temp","","","Various","0","No matching keywords found"
"366570161","Script Heart Boxy Tank - Little","big little, blackfriday2016, Clearance Bin, Clearance Tank, Crop, General, RTS, saleFEB2017, Tank, Trunk Show","","","Various","0","No matching keywords found"
"366572333","Script Heart Boxy Tank - Big","big little, blackfriday2016, Clearance Bin, Clearance Permanent, Clearance Tank, Crop, General, RTS, saleFEB2017, Tank, Trunk Show","","","Various","0","No matching keywords found"
"366730285","2014 Anchor Splash Tank","campaign_past_campaign, past_campaign_temp","","","Various","0","No matching keywords found"
"366818937","Gift Card","General, Holiday","","","Various","0","No matching keywords found"
"367259713","SigKap SLO Bid Day StrapBack","campaign_past_campaign, past_campaign_temp","","","Various","0","No matching keywords found"
"367286545","Disneyland Tank","campaign_past_campaign, past_campaign_temp","","","Various","0","No matching keywords found"
"367492385","D PHI E - Syracuse Derby Days","campaign_past_campaign, past_campaign_temp","","","Various","0","No matching keywords found"
"367907565","Biggie Smalls Tee - SMALLS","campaign_past_campaign, past_campaign_temp","","","Various","0","No matching keywords found"
"367907693","Biggie Smalls Tee - BIGGIE","campaign_past_campaign, past_campaign_temp","","","Various","0","No matching keywords found"
"367907965","Biggie Smalls Tee - NOTORIOUS","campaign_past_campaign, past_campaign_temp","","","Various","0","No matching keywords found"
"368053777","TEST OM NAME","campaign_past_campaign, past_campaign_temp","","","Various","0","No matching keywords found"
"368228017","Phi Ball Tank","campaign_past_campaign, past_campaign_temp","","","Various","0","No matching keywords found"
"368691613","Biggie Power Wash Tee","big little, General, RTS, Tee, Trunk Show","","","Various","0","No matching keywords found"
"368692249","Smalls Power Wash Tee","big little, General, RTS, Tee, Trunk Show","","","Various","0","No matching keywords found"
"368848333","Hooters with Hooties Tank","campaign_past_campaign, past_campaign_temp","","","Various","0","No matching keywords found"
"369182385","AGD x Sigma Chi Derby Days Tee","campaign_past_campaign, past_campaign_temp","Sigma Chi, AGD","Sigma Chi, Alpha Gamma Delta","Sigma Chi","100","Highest score match"
"369182529","APHI x Sigma Chi Derby Days Tee","campaign_past_campaign, past_campaign_temp","Sigma Chi, APHI","Sigma Chi, Alpha Phi","Sigma Chi","100","Highest score match"
"369183141","Tridelt x Sigma Chi Derby Days Tee","campaign_past_campaign, past_campaign_temp","Sigma Chi, TriDelt","Sigma Chi, Delta Delta Delta","Sigma Chi","100","Highest score match"
"369183361","DG x Sigma Chi Derby Days Tee","campaign_past_campaign, past_campaign_temp","Sigma Chi, DG","Sigma Chi, Delta Gamma","Sigma Chi","100","Highest score match"
"369183601","DZ x Sigma Chi Derby Days Tee","campaign_past_campaign, past_campaign_temp","Sigma Chi, DZ","Sigma Chi, Delta Zeta","Sigma Chi","100","Highest score match"
"369183949","GPHI x Sigma Chi Derby Days Tee","campaign_past_campaign, past_campaign_temp","Sigma Chi, GPHI","Sigma Chi, Gamma Phi Beta","Sigma Chi","100","Highest score match"
"369184477","KAO x Sigma Chi Derby Days Tee","campaign_past_campaign, past_campaign_temp","Sigma Chi, KAO","Sigma Chi, Kappa Alpha Theta","Sigma Chi","100","Highest score match"
"369184765","KD x Sigma Chi Derby Days Tee","campaign_past_campaign, past_campaign_temp","Sigma Chi, KD","Sigma Chi, Kappa Delta","Sigma Chi","100","Highest score match"
"369185121","KKG x Sigma Chi Derby Days Tee","campaign_past_campaign, past_campaign_temp","Sigma Chi, KKG","Sigma Chi, Kappa Kappa Gamma","Sigma Chi","100","Highest score match"
"369185345","Pi Phi x Sigma Chi Derby Days Tee","campaign_past_campaign, past_campaign_temp","Sigma Chi, Pi Phi","Sigma Chi, Pi Beta Phi","Sigma Chi","100","Highest score match"
"369187257","EX Derby Days Mens Shirt","campaign_past_campaign, past_campaign_temp","","","Various","0","No matching keywords found"
"369713276","Sailor Gang Hooded Pullover","campaign_past_campaign, past_campaign_temp","","","Various","0","No matching keywords found"
"370821784","ASU Anchor Splash Tanks","campaign_past_campaign, past_campaign_temp","","","Various","0","No matching keywords found"
"370822008","ASU Anchor Splash Tanks - ADPhi","campaign_past_campaign, past_campaign_temp","","","Various","0","No matching keywords found"
"370833008","ASU Anchor Splash Tanks - DKE","campaign_past_campaign, past_campaign_temp","","","Various","0","No matching keywords found"
"370833664","ASU Anchor Splash Tanks - DSP","campaign_past_campaign, past_campaign_temp","DSP","Delta Sigma Phi, Delta Sigma Pi","Various","80","Score tie between multiple licensors: Delta Sigma Phi, Delta Sigma Pi"
"370836772","ASU Anchor Splash Tanks - Fiji","campaign_past_campaign, past_campaign_temp","FIJI","Phi Gamma Delta","Phi Gamma Delta","80","Highest score match"
"370838132","ASU Anchor Splash Tanks - TKE","campaign_past_campaign, past_campaign_temp, TKE","TKE","Tau Kappa Epsilon","Tau Kappa Epsilon","80","Highest score match"
"370851564","DPE Homecoming Tank","campaign_past_campaign, past_campaign_temp","","","Various","0","No matching keywords found"
"370871316","MADD Tanks","campaign_past_campaign, past_campaign_temp","","","Various","0","No matching keywords found"
"372695688","Tailgate Cropped 3/4 Sleeve Tee","All, campaign_past_campaign, General, past_campaign_temp","","","Various","0","No matching keywords found"
"373421560","Phi Ball Tank II","campaign_past_campaign, past_campaign_temp","","","Various","0","No matching keywords found"
"373914168","Family Weekend - Mom Tee","campaign_past_campaign, past_campaign_temp","","","Various","0","No matching keywords found"
"373915200","Family Weekend - Dads Tee","campaign_past_campaign, past_campaign_temp","","","Various","0","No matching keywords found"
"373915956","Family Weekend - Cap (Mom)","campaign_past_campaign, past_campaign_temp","","","Various","0","No matching keywords found"
"373915988","Family Weekend - Cap (Dad)","campaign_past_campaign, past_campaign_temp","","","Various","0","No matching keywords found"
"374125080","Harry Potter V-Neck","campaign_past_campaign, past_campaign_temp","","","Various","0","No matching keywords found"
"374141080","""Maphia"" Fall Frenzy Oversized T Shirt","campaign_past_campaign, past_campaign_temp","","","Various","0","No matching keywords found"
"374714468","Hot Damn Fanny Pack","campaign_past_campaign, past_campaign_temp","","","Various","0","No matching keywords found"
"375552508","Karaoke Tanks","campaign_past_campaign, past_campaign_temp","","","Various","0","No matching keywords found"
"376200724","'Merica Spirit Jersey","All, America, campaign_past_campaign, General, past_campaign_temp","","","Various","0","No matching keywords found"
"376204044","TSL Spirit Jersey","All, General","","","Various","0","No matching keywords found"
"376215008","Alpha Xi Leggings","campaign_past_campaign, past_campaign_temp","","","Various","0","No matching keywords found"
"376215616","Sigma Jam Tank","AC, campaign_past_campaign, past_campaign_temp","","","Various","0","No matching keywords found"
"376673620","KATwalk ""Mr. Casanova"" Bro Tank","campaign_past_campaign, past_campaign_temp","","","Various","0","No matching keywords found"
"376678052","Young Wild & Greek","campaign_past_campaign, past_campaign_temp","","","Various","0","No matching keywords found"
"376687504","KATwalk Flowy Racerback","campaign_past_campaign, past_campaign_temp","","","Various","0","No matching keywords found"
"377293768","Karaoke Tanks","","","","Various","0","No matching keywords found"
"377881224","Letters Down Tank","campaign_past_campaign, General, past_campaign_temp","","","Various","0","No matching keywords found"
"378019340","Illinois Cheer Spirit Jersey","campaign_past_campaign, past_campaign_temp","","","Various","0","No matching keywords found"
"378023584","Jaegermeister Tanks","campaign_past_campaign, past_campaign_temp","","","Various","0","No matching keywords found"
"378023908","Jaegermeister Bro Tank","campaign_past_campaign, past_campaign_temp","","","Various","0","No matching keywords found"
"378137500","Alpha Phifa Long Sleeve","campaign_past_campaign, past_campaign_temp","","","Various","0","No matching keywords found"
"378138996","Secret Fam Tanks","campaign_past_campaign, past_campaign_temp","","","Various","0","No matching keywords found"
"378769104","Illinois Cheerleading Dad Crewneck","campaign_past_campaign, past_campaign_temp","","","Various","0","No matching keywords found"
"378769976","Illinois Cheerleading Mom Crewneck","campaign_past_campaign, past_campaign_temp","","","Various","0","No matching keywords found"
"378770932","Illinois Cheerleading Crewneck","campaign_past_campaign, past_campaign_temp","","","Various","0","No matching keywords found"
"378848288","USG - ASU Dog Days","campaign_past_campaign, past_campaign_temp","","","Various","0","No matching keywords found"
"379185488","Kappa Chanel Tee","campaign_past_campaign, past_campaign_temp","","","Various","0","No matching keywords found"
"379185960","Kappa Key Sweatpants","campaign_past_campaign, past_campaign_temp","","","Various","0","No matching keywords found"
"379312824","Grab-A-Date Ladies","campaign_past_campaign, past_campaign_temp","","","Various","0","No matching keywords found"
"379312956","Grab-A-Date Men","campaign_past_campaign, past_campaign_temp","","","Various","0","No matching keywords found"
"379317076","Domestic Violence Awareness Tanks","","","","Various","0","No matching keywords found"
"379323948","ASU Dog Days (Non-affiliated)","campaign_past_campaign, past_campaign_temp","","","Various","0","No matching keywords found"
"379548424","Robot Fam Tanks","campaign_past_campaign, past_campaign_temp","","","Various","0","No matching keywords found"
"380461200","Grateful Dead","campaign_past_campaign, past_campaign_temp","","","Various","0","No matching keywords found"
"382222232","Chaptown Tank","","","","Various","0","No matching keywords found"
"382657324","Private Conf Test","campaign_past_campaign, past_campaign_temp","","","Various","0","No matching keywords found"
"382659672","Test Retail Backpack","campaign_past_campaign, past_campaign_temp","","","Various","0","No matching keywords found"
"382659688","Test Campaign Item","campaign_past_campaign, past_campaign_temp","","","Various","0","No matching keywords found"
"382904444","A Phi x Lambda Chi Tank","campaign_past_campaign, past_campaign_temp","Lambda Chi","Lambda Chi Alpha","Lambda Chi Alpha","80","Highest score match"
"382904940","A Phi x Lambda Chi Tee","campaign_past_campaign, past_campaign_temp","Lambda Chi","Lambda Chi Alpha","Lambda Chi Alpha","80","Highest score match"
"383594732","Fight Off Tank","campaign_past_campaign, past_campaign_temp","","","Various","0","No matching keywords found"
"384429508","OSU ""Kappa Kristmas"" Long Sleeve","campaign_past_campaign, past_campaign_temp","","","Various","0","No matching keywords found"
"386725708","TSL Holiday Beanie","campaign_past_campaign, forblackfriday, General, past_campaign_temp","","","Various","0","No matching keywords found"
"387299972","TSL Holiday Beanie","General, MOTIVATOR_HIDDEN_PRODUCT","","","Various","0","No matching keywords found"
"387319024","FREE SHIPPING","campaign_past_campaign, past_campaign_temp","","","Various","0","No matching keywords found"
"397756568","Campaign Relaunch Product Hidden","campaign_past_campaign, past_campaign_temp","","","Various","0","No matching keywords found"
"399525460","Whistler College Weekend Sweatshirt","campaign_past_campaign, past_campaign_temp","","","Various","0","No matching keywords found"
"401356068","L∆TEΓ'S BABY Tank","campaign_past_campaign, past_campaign_temp","","","Various","0","No matching keywords found"
"401356540","Spring Bid Day Collection Long Sleeves","campaign_past_campaign, past_campaign_temp","","","Various","0","No matching keywords found"
"402412436","A Phi Flannels","campaign_past_campaign, past_campaign_temp","","","Various","0","No matching keywords found"
"402452760","Alpha Gam Boyfriend Flannel","campaign_past_campaign, past_campaign_temp","","","Various","0","No matching keywords found"
"410814680","Werk It Sports Bra","campaign_past_campaign, General, past_campaign_temp","","","Various","0","No matching keywords found"
"411810292","Alpha Maroon Crop","campaign_past_campaign, past_campaign_temp","","","Various","0","No matching keywords found"
"411837760","Alpha Maroon Crop","campaign_past_campaign, past_campaign_temp","","","Various","0","No matching keywords found"
"412408484","Holibaes Invite Tee","campaign_past_campaign, past_campaign_temp","","","Various","0","No matching keywords found"
"412418164","DDS Quarter Zip Sweatshirt","campaign_past_campaign, past_campaign_temp","","","Various","0","No matching keywords found"
"414960256","Cancun Spring Break Tank","campaign_past_campaign, past_campaign_temp","","","Various","0","No matching keywords found"
"414964064","Cabo Spring Break Tank","campaign_past_campaign, past_campaign_temp","","","Various","0","No matching keywords found"
"414974232","Dance Marathon CaboBandz","campaign_past_campaign, past_campaign_temp","","","Various","0","No matching keywords found"
"415595500","Zip Tie Coral","campaign_past_campaign, past_campaign_temp","","","Various","0","No matching keywords found"
"415599888","Zip Tie Aqua","campaign_past_campaign, past_campaign_temp","","","Various","0","No matching keywords found"
"416428764","UCLA Casino Royale Tank","","","","Various","0","No matching keywords found"
"418074712","Spring Break Forever CaboBandz","General","","","Various","0","No matching keywords found"
"418076900","Aloha Beaches CaboBandz","Cabobandz, campaign_past_campaign, General, past_campaign_temp, Spring Break","","","Various","0","No matching keywords found"
"419742724","Ship Faced Tank","Crop, General, RTS, sale bin, Spring Break, Tank","","","Various","0","No matching keywords found"
"419747748","Beach Please Tank","All, campaign_past_campaign, General, GL NO, past_campaign_temp, Spring Break","","","Various","0","No matching keywords found"
"419749488","Aloha Beaches Tank","Clearance Bin, Clearance Tank, Crop, General, GL NO, RTS, sale bin, saleaug2016, saleFEB2017, Spring Break, Tank, Trunk Show","","","Various","0","No matching keywords found"
"420049296","Sail with the Best Flannel","campaign_past_campaign, past_campaign_temp","","","Various","0","No matching keywords found"
"420056112","Far From Ordinary Backpack","campaign_past_campaign, past_campaign_temp","","","Various","0","No matching keywords found"
"421168404","Test Product - Campaign Failed and Refunded","campaign_past_campaign, past_campaign_temp","","","Various","0","No matching keywords found"
"426440016","ZBT Tundra Shirt","campaign_past_campaign, past_campaign_temp","","","Various","0","No matching keywords found"
"426446032","Cabo Spring Break Pocket Tank","campaign_past_campaign, past_campaign_temp","","","Various","0","No matching keywords found"
"427844004","U of A Greek Week 2015 Bro Tank","campaign_past_campaign, past_campaign_temp","","","Various","0","No matching keywords found"
"432365968","St. Patty's Day Pitcher","campaign_past_campaign, General, GL NO, past_campaign_temp","","","Various","0","No matching keywords found"
"432367948","Clover Crop Tank","campaign_past_campaign, General, past_campaign_temp","","","Various","0","No matching keywords found"
"432520424","Narnia Club Muscle Tee","campaign_past_campaign, past_campaign_temp","","","Various","0","No matching keywords found"
"432589188","Spiderman Hero Tee","campaign_past_campaign, past_campaign_temp","","","Various","0","No matching keywords found"
"432593064","Captain America Hero Shirt","campaign_past_campaign, past_campaign_temp","","","Various","0","No matching keywords found"
"432595924","Captain America NFL Jersey Tee","campaign_past_campaign, past_campaign_temp","","","Various","0","No matching keywords found"
"432601760","Superman Hero Shirt","campaign_past_campaign, past_campaign_temp","","","Various","0","No matching keywords found"
"432602844","Superman NFL Jersey Tee","campaign_past_campaign, past_campaign_temp","","","Various","0","No matching keywords found"
"433126484","Batman Hero Shirt","campaign_past_campaign, past_campaign_temp","","","Various","0","No matching keywords found"
"433130964","Batman Jersey Tee","campaign_past_campaign, past_campaign_temp","","","Various","0","No matching keywords found"
"433152364","Hulk Hero Shirt","campaign_past_campaign, past_campaign_temp","","","Various","0","No matching keywords found"
"433160180","Hulk Jersey Tee","campaign_past_campaign, past_campaign_temp","","","Various","0","No matching keywords found"
"433168992","X-Men Hero Shirt","campaign_past_campaign, past_campaign_temp","","","Various","0","No matching keywords found"
"433173472","X-Men Jersey Tee","campaign_past_campaign, past_campaign_temp","","","Various","0","No matching keywords found"
"433196776","Ironman Hero Shirt","campaign_past_campaign, past_campaign_temp","","","Various","0","No matching keywords found"
"433197856","Ironman Jersey Tee","campaign_past_campaign, past_campaign_temp","","","Various","0","No matching keywords found"
"433201740","Fantastic 4 Hero Shirt","campaign_past_campaign, past_campaign_temp","","","Various","0","No matching keywords found"
"433207612","Fantastic 4 Jersey Tee","campaign_past_campaign, past_campaign_temp","","","Various","0","No matching keywords found"
"433211852","Spiderman Jersey Tee","campaign_past_campaign, past_campaign_temp","","","Various","0","No matching keywords found"
"433213712","Panhellenic Greek Week Shirt","campaign_past_campaign, past_campaign_temp","","","Various","0","No matching keywords found"
"433214564","Panhellenic Jersey Tee","campaign_past_campaign, past_campaign_temp","","","Various","0","No matching keywords found"
"433220884","Power Rangers Hero Shirt","campaign_past_campaign, past_campaign_temp","","","Various","0","No matching keywords found"
"433222984","Power Rangers Jersey Tee","campaign_past_campaign, past_campaign_temp","","","Various","0","No matching keywords found"
"433261572","Spring Break '15 Good Times Bro Tank","campaign_past_campaign, past_campaign_temp","","","Various","0","No matching keywords found"
"434131428","Kappa Kappa Snappa Tank","campaign_past_campaign, past_campaign_temp","","","Various","0","No matching keywords found"
"435053108","Big/Little Reveal Flowy Shirt","campaign_past_campaign, past_campaign_temp","","","Various","0","No matching keywords found"
"435915444","Mom's Weekend Tank","campaign_past_campaign, past_campaign_temp","","","Various","0","No matching keywords found"
"437987344","Flowy V-Neck","campaign_past_campaign, past_campaign_temp","","","Various","0","No matching keywords found"
"440069400","Wild and Free Tank","General, RTS, Tank, Trunk Show","","","Various","0","No matching keywords found"
"442690624","Caborado Spring Break Tank","campaign_past_campaign, past_campaign_temp","","","Various","0","No matching keywords found"
"442775248","America Spirit Jersey","campaign_past_campaign, General, past_campaign_temp","","","Various","0","No matching keywords found"
"443398432","Delta Pullover","campaign_past_campaign, past_campaign_temp","","","Various","0","No matching keywords found"
"443551016","eXp Custom Pocket Tank","campaign_past_campaign, past_campaign_temp","","","Various","0","No matching keywords found"
"443551704","Run EXP Muscle Tank","campaign_past_campaign, past_campaign_temp","","","Various","0","No matching keywords found"
"443556880","Phi Sigma's Boyfriend Flannel","campaign_past_campaign, past_campaign_temp","","","Various","0","No matching keywords found"
"446082924","Arizona D & G","campaign_past_campaign, past_campaign_temp","","","Various","0","No matching keywords found"
"447369916","Fine Like Wine Tank","General, RTS, saleaug2016, Spring Break, Tank","","","Various","0","No matching keywords found"
"447485664","Phi Kappa Psi Tank","campaign_past_campaign, past_campaign_temp","","","Various","0","No matching keywords found"
"447914896","Spartan Flannel","campaign_past_campaign, past_campaign_temp","","","Various","0","No matching keywords found"
"448548524","Please Return - Big's Tank","big little, Clearance Bin, Clearance Permanent, General, RTS, Tank","","","Various","0","No matching keywords found"
"448548884","Please Return - Little's Tank","big little, Clearance Permanent, General, RTS, Tank","","","Various","0","No matching keywords found"
"450128908","Namast'ay Tee","Clearance Tee, Comfy, General, RTS, saleaug2016, saleFEB2017, Tee","","","Various","0","No matching keywords found"
"450413056","Spade Party Tank","All, campaign_past_campaign, General, past_campaign_temp","","","Various","0","No matching keywords found"
"450413688","Spade Party Flowy Tee","All, campaign_past_campaign, General, past_campaign_temp","","","Various","0","No matching keywords found"
"451209616","Team Zoe Tees","campaign_past_campaign, past_campaign_temp","","","Various","0","No matching keywords found"
"451309432","Senior Bar Crawl","campaign_past_campaign, General, past_campaign_temp","","","Various","0","No matching keywords found"
"451838368","TSL & The Best Things Tank","AMG RTS, General, RTS, Trunk Show","","","Various","0","No matching keywords found"
"452246420","Kappa Denim Jacket","campaign_past_campaign, past_campaign_temp","","","Various","0","No matching keywords found"
"452247312","Kappa Camelbak","campaign_past_campaign, past_campaign_temp","","","Various","0","No matching keywords found"
"452252796","Kappagonia Long Sleeve","campaign_past_campaign, past_campaign_temp","","","Various","0","No matching keywords found"
"453025244","Kite Invite Tee","campaign_past_campaign, past_campaign_temp","","","Various","0","No matching keywords found"
"453026312","Kite Invite Tank","campaign_past_campaign, past_campaign_temp","","","Various","0","No matching keywords found"
"453697648","HP Wizard Tank","campaign_past_campaign, General, past_campaign_temp","","","Various","0","No matching keywords found"
"453984148","Party Like Gatsby Flowy Tee","all, campaign_past_campaign, General, past_campaign_temp","","","Various","0","No matching keywords found"
"454016204","Test Flannel - 1 APHI","campaign_past_campaign, past_campaign_temp","APHI","Alpha Phi","Alpha Phi","80","Highest score match"
"454016260","Test Flannel - 2 DG","campaign_past_campaign, past_campaign_temp","DG","Delta Gamma","Delta Gamma","80","Highest score match"
"454016324","Test Flannel - 3 AXO","campaign_past_campaign, past_campaign_temp","AXO","Alpha Chi Omega","Alpha Chi Omega","80","Highest score match"
"454523012","Test Cherry Flannel 1","campaign_past_campaign, past_campaign_temp","","","Various","0","No matching keywords found"
"454523092","Test Cherry Flannel 2","campaign_past_campaign, past_campaign_temp","","","Various","0","No matching keywords found"
"454523216","Test Cherry Flannel 3","campaign_past_campaign, past_campaign_temp","","","Various","0","No matching keywords found"
"454880356","Team Christina Tank Pack","","","","Various","0","No matching keywords found"
"454884004","Team Christina Tee Pack","","","","Various","0","No matching keywords found"
"455620788","Alpha Phifa Tank","campaign_past_campaign, past_campaign_temp","","","Various","0","No matching keywords found"
"456357908","DSP - Premium Athletic Jersey Hat","blackfriday2016, Hat, Headwear, made to order, Premium Snapback, saleFEB2017","DSP","Delta Sigma Phi, Delta Sigma Pi","Various","80","Score tie between multiple licensors: Delta Sigma Phi, Delta Sigma Pi"
"456359164","TSL - Premium Athletic Jersey Hat","blackfriday2016, General, Headwear, made to order, Premium Snapback, saleFEB2017","","","Various","0","No matching keywords found"
"456373624","DSP - Premium Black Hawaiian Hat","blackfriday2016, Hat, Headwear, made to order, Premium Snapback, saleFEB2017","DSP","Delta Sigma Phi, Delta Sigma Pi","Various","80","Score tie between multiple licensors: Delta Sigma Phi, Delta Sigma Pi"
"456376112","TSL - Premium Black Hawaiian Hat","blackfriday2016, General, Headwear, made to order, Premium Snapback, saleFEB2017","","","Various","0","No matching keywords found"
"456380980","DSP - Premium Military Canvas Hat","blackfriday2016, Hat, Headwear, made to order, Premium Snapback, saleFEB2017","DSP","Delta Sigma Phi, Delta Sigma Pi","Various","80","Score tie between multiple licensors: Delta Sigma Phi, Delta Sigma Pi"
"456383316","TSL - Premium Military Canvas Hat","blackfriday2016, General, Headwear, made to order, Premium Snapback, saleFEB2017","","","Various","0","No matching keywords found"
"456753996","So Sweet Tank","campaign_past_campaign, General, past_campaign_temp","","","Various","0","No matching keywords found"
"457320404","Mermaid Tee","campaign_past_campaign, General, past_campaign_temp","","","Various","0","No matching keywords found"
"457321672","Mermaid Fringe Tank","campaign_past_campaign, General, past_campaign_temp","","","Various","0","No matching keywords found"
"457417752","Letters Tank","campaign_past_campaign, past_campaign_temp","","","Various","0","No matching keywords found"
"457418780","Distressed Camo Hat","campaign_past_campaign, past_campaign_temp","","","Various","0","No matching keywords found"
"458103432","Wanderlust Boxy Tee","campaign_past_campaign, General, past_campaign_temp","","","Various","0","No matching keywords found"
"458104352","UW Greek Week 2015 Tank","campaign_past_campaign, past_campaign_temp","","","Various","0","No matching keywords found"
"458108356","Always Hungry Muscle Tank","campaign_past_campaign, General, past_campaign_temp","","","Various","0","No matching keywords found"
"458315416","XO Mandala Long Sleeve Shirt","campaign_past_campaign, past_campaign_temp","","","Various","0","No matching keywords found"
"458316336","XO Mandala Half Sleeve Shirt","campaign_past_campaign, past_campaign_temp","","","Various","0","No matching keywords found"
"458317364","XO Running Shorts","campaign_past_campaign, past_campaign_temp","","","Various","0","No matching keywords found"
"458319208","XO Formal Pocket Tee","campaign_past_campaign, past_campaign_temp","","","Various","0","No matching keywords found"
"458441740","Summer Slouchy Tank","General","","","Various","0","No matching keywords found"
"458443532","Mermaids Have More Fun Tank","campaign_past_campaign, General, past_campaign_temp","","","Various","0","No matching keywords found"
"459494588","Cropped Baseball Tee","campaign_past_campaign, past_campaign_temp","","","Various","0","No matching keywords found"
"459495704","Regular Unisex Baseball Tee","campaign_past_campaign, past_campaign_temp","","","Various","0","No matching keywords found"
"459875160","Ring Of Daises Tank","campaign_past_campaign, past_campaign_temp","","","Various","0","No matching keywords found"
"459876548","Michigan Tailgate Champs","campaign_past_campaign, past_campaign_temp","","","Various","0","No matching keywords found"
"460013664","Pre-Launch - TEST NB1","","","","Various","0","No matching keywords found"
"460799428","Kappa Guy Spring Formal Tee","campaign_past_campaign, past_campaign_temp","","","Various","0","No matching keywords found"
"461118844","This is Probably Tequila Tumbler","General, GL NO, RTS","","","Various","0","No matching keywords found"
"461707636","I'll Be There For You Tank","campaign_past_campaign, General, past_campaign_temp","","","Various","0","No matching keywords found"
"461710416","UW Party Tank","campaign_past_campaign, past_campaign_temp","","","Various","0","No matching keywords found"
"461737040","Good Vibes Paradise Tank","campaign_past_campaign, General, past_campaign_temp","","","Various","0","No matching keywords found"
"462514828","That 70's Team","campaign_past_campaign, past_campaign_temp","","","Various","0","No matching keywords found"
"462786808","Reminder Sign Up - Test NB1","campaign_past_campaign, past_campaign_temp","","","Various","0","No matching keywords found"
"462792168","Pre-Launch - TEST NB2","","","","Various","0","No matching keywords found"
"463040956","BareFoot Tank","campaign_past_campaign, past_campaign_temp","","","Various","0","No matching keywords found"
"463043060","Barefoot CC Tank","campaign_past_campaign, past_campaign_temp","","","Various","0","No matching keywords found"
"463047744","More Shots Crop Tank","campaign_past_campaign, past_campaign_temp","","","Various","0","No matching keywords found"
"463053868","Tour De Franzia Tank","campaign_past_campaign, past_campaign_temp","","","Various","0","No matching keywords found"
"469028292","B2B World War Champs Tank","America, Crop, General, RTS, Tank","","","Various","0","No matching keywords found"
"469251844","USA Snapback","America, blackfriday2016, Clearance Bin, General, Headwear, RTS, saleFEB2017, Snapbacks","","","Various","0","No matching keywords found"
"469322308","Reminder2 Sign Up - Test NB2","campaign_past_campaign, past_campaign_temp","","","Various","0","No matching keywords found"
"480135300","Stay Fly With Sigma Pi Fanny","campaign_past_campaign, past_campaign_temp","","","Various","0","No matching keywords found"
"480428932","Kappa Just Do It Tank","campaign_past_campaign, past_campaign_temp","","","Various","0","No matching keywords found"
"489889860","UC Davis Fleur Tank","campaign_past_campaign, past_campaign_temp","","","Various","0","No matching keywords found"
"508434756","Alpha O Lovin' TEST PRE-LAUNCH","","","","Various","0","No matching keywords found"
"515746500","Roll With Us Tank","campaign_past_campaign, General, past_campaign_temp","","","Various","0","No matching keywords found"
"515945540","Whale Slouchy Tank","campaign_past_campaign, General, past_campaign_temp","","","Various","0","No matching keywords found"
"522268740","Mermaids Have More Fun","campaign_past_campaign, past_campaign_temp","","","Various","0","No matching keywords found"
"549592068","SP America Tank","campaign_past_campaign, past_campaign_temp","","","Various","0","No matching keywords found"
"549594052","SP America Long Sleeve","campaign_past_campaign, past_campaign_temp","","","Various","0","No matching keywords found"
"550087748","Shasta Cabobandz","campaign_past_campaign, past_campaign_temp","","","Various","0","No matching keywords found"
"561605444","Life Is Better On The Coast","General","","","Various","0","No matching keywords found"
"606374788","Elephant Tank","campaign_past_campaign, General, past_campaign_temp","","","Various","0","No matching keywords found"
"620422788","Good Times Tank","General","","","Various","0","No matching keywords found"
"631333060","Aloha Tank","campaign_past_campaign, General, past_campaign_temp","","","Various","0","No matching keywords found"
"818351684","Michigan Crewneck Sweater","campaign_past_campaign, past_campaign_temp","","","Various","0","No matching keywords found"
"845810372","USA Tie Dye Muscle Tank","General","","","Various","0","No matching keywords found"
"845832324","Made in USA","campaign_past_campaign, General, past_campaign_temp","","","Various","0","No matching keywords found"
"851210500","Mermaid Off Duty","campaign_past_campaign, General, past_campaign_temp","","","Various","0","No matching keywords found"
"861236292","Quad Day Tank","campaign_past_campaign, past_campaign_temp","","","Various","0","No matching keywords found"
"861242564","PR tank #2","campaign_past_campaign, past_campaign_temp, Spring Break","","","Various","0","No matching keywords found"
"869378308","XO Boyfriend Flannel","campaign_past_campaign, past_campaign_temp","","","Various","0","No matching keywords found"
"889624644","Arizona Kappa Tank","campaign_past_campaign, past_campaign_temp","","","Various","0","No matching keywords found"
"893649412","In Need Of Vitamin Sea Tank","General","","","Various","0","No matching keywords found"
"945103940","Kappa Football Jersey","campaign_past_campaign, past_campaign_temp","","","Various","0","No matching keywords found"
"945236804","Go Greek Sac Tank","campaign_past_campaign, past_campaign_temp","","","Various","0","No matching keywords found"
"945734212","St. Jude V-Neck","campaign_past_campaign, past_campaign_temp","","","Various","0","No matching keywords found"
"946204804","I Love It When You Call Me Tank","General","","","Various","0","No matching keywords found"
"980806596","UofA Kappa Senior Shirt","campaign_past_campaign, past_campaign_temp","","","Various","0","No matching keywords found"
"1025270532","Michigan Navy Tank","campaign_past_campaign, past_campaign_temp","","","Various","0","No matching keywords found"
"1025283396","Michigan Gold Tank","campaign_past_campaign, past_campaign_temp","","","Various","0","No matching keywords found"
"1062826244","Michigan Anchor","campaign_past_campaign, past_campaign_temp","","","Various","0","No matching keywords found"
"1062947268","Get Like XI","campaign_past_campaign, past_campaign_temp","","","Various","0","No matching keywords found"
"1062951620","Spartan Head","campaign_past_campaign, past_campaign_temp","","","Various","0","No matching keywords found"
"1062956804","Spartan Head Dress","campaign_past_campaign, past_campaign_temp","","","Various","0","No matching keywords found"
"1079681220","Example T-Shirt","","","","Various","0","No matching keywords found"
"1112505988","Chi Omega ""Go Canes"" Flowy Racerback","campaign_past_campaign, past_campaign_temp","Chi Omega","Chi Omega","Chi Omega","100","Highest score match"
"1112536900","Chi Omega ""Go Canes"" Flowy Crop","campaign_past_campaign, past_campaign_temp","Chi Omega","Chi Omega","Chi Omega","100","Highest score match"
"1132881156","Fresno St Gameday Tailgate Fitted Tank","campaign_past_campaign, past_campaign_temp","","","Various","0","No matching keywords found"
"1146134212","But First, Recruitment Tank","campaign_past_campaign, General, past_campaign_temp","","","Various","0","No matching keywords found"
"1149274692","Recruitment Is My Cardio Flowy Tank","back to school, blackfriday2016, Clearance Tank, featured, General, HIDDENJULY2017, RTS, saleFEB2017, Tank","","","Various","0","No matching keywords found"
"1168657028","Fresno St Gameday Tailgate Flowy Tank","campaign_past_campaign, past_campaign_temp","","","Various","0","No matching keywords found"
"1190127940","Vintage Cap","campaign_past_campaign, past_campaign_temp","","","Various","0","No matching keywords found"
"1192623684","Kite On Fanny Pack","campaign_past_campaign, past_campaign_temp","","","Various","0","No matching keywords found"
"1192631492","Gameday Bucket Hat","campaign_past_campaign, past_campaign_temp","","","Various","0","No matching keywords found"
"1192955780","Fight On Boxy Tank","campaign_past_campaign, past_campaign_temp","","","Various","0","No matching keywords found"
"1193050180","Cotton Spandex Cheer Top","campaign_past_campaign, past_campaign_temp","","","Various","0","No matching keywords found"
"1193060356","Cotton Spandex Crop Tee","campaign_past_campaign, past_campaign_temp","","","Various","0","No matching keywords found"
"1193132420","Spandex Fitted Shorts","campaign_past_campaign, past_campaign_temp","","","Various","0","No matching keywords found"
"1193356612","Cotton Spandex Tank Bodysuit","campaign_past_campaign, past_campaign_temp","","","Various","0","No matching keywords found"
"1201342468","Toy Story Tank","campaign_past_campaign, past_campaign_temp","","","Various","0","No matching keywords found"
"1201362500","Trident Tank","campaign_past_campaign, past_campaign_temp","","","Various","0","No matching keywords found"
"1242107076","UMD Rush OX Mascot Pocket Tee","campaign_past_campaign, past_campaign_temp","","","Various","0","No matching keywords found"
"1248933828","LA Kappa Alumni Shirt","","","","Various","0","No matching keywords found"
"1249046596","SJSU SX Cornhole Tanks","campaign_past_campaign, past_campaign_temp","","","Various","0","No matching keywords found"
"1258341508","Drafting The Best Tank","campaign_past_campaign, General, past_campaign_temp","","","Various","0","No matching keywords found"
"1258345924","On Saturdays We Tailgate Jersey","gameday, General, RTS, Tee","","","Various","0","No matching keywords found"
"1267732420","UMiami Sebastian Tank","campaign_past_campaign, past_campaign_temp","","","Various","0","No matching keywords found"
"1281031300","Floral Lil Love","big little, General, RTS, Tank","","","Various","0","No matching keywords found"
"1281066948","Floral Big Love","big little, blackfriday2016, Clearance Bin, Clearance Permanent, Clearance Tank, General, RTS, saleFEB2017, Tank","","","Various","0","No matching keywords found"
"1281136900","Floral GBig Love","campaign_past_campaign, General, past_campaign_temp","","","Various","0","No matching keywords found"
"1281637508","Tailgate With Me Hat","campaign_past_campaign, General, past_campaign_temp","","","Various","0","No matching keywords found"
"1299719108","Cotton Spandex Crop Tee - II","campaign_past_campaign, past_campaign_temp","","","Various","0","No matching keywords found"
"1299740292","Fight On Boxy Tank - II","campaign_past_campaign, past_campaign_temp","","","Various","0","No matching keywords found"
"1299751940","Cotton Spandex Cheer Top - II","campaign_past_campaign, past_campaign_temp","","","Various","0","No matching keywords found"
"1299758852","Spandex Fitted Shorts - II","campaign_past_campaign, past_campaign_temp","","","Various","0","No matching keywords found"
"1299764420","Gameday Bucket Hat - II","campaign_past_campaign, past_campaign_temp","","","Various","0","No matching keywords found"
"1309468100","UCLA Kappa Spirit Tank/Halter","campaign_past_campaign, past_campaign_temp","","","Various","0","No matching keywords found"
"1309589444","Life Is Good Slouchy Tee","campaign_past_campaign, past_campaign_temp","","","Various","0","No matching keywords found"
"1309934276","Trojan Tube Top","campaign_past_campaign, past_campaign_temp","","","Various","0","No matching keywords found"
"1309937796","High Neck Fight On Tank","campaign_past_campaign, past_campaign_temp","","","Various","0","No matching keywords found"
"1309978884","Cheer Spandex","campaign_past_campaign, past_campaign_temp","","","Various","0","No matching keywords found"
"1310000644","Wings Fanny","campaign_past_campaign, past_campaign_temp","","","Various","0","No matching keywords found"
"1323611972","We Tailgate Harder Then Your Team Plays","campaign_past_campaign, General, past_campaign_temp","","","Various","0","No matching keywords found"
"1336854148","Raglan Angels Shirts","campaign_past_campaign, past_campaign_temp","","","Various","0","No matching keywords found"
"1352037636","UMiami Set, Spike, Splash Bro Tank","campaign_past_campaign, past_campaign_temp","","","Various","0","No matching keywords found"
"1352649284","U$C Sports Bra","campaign_past_campaign, past_campaign_temp","","","Various","0","No matching keywords found"
"1352653316","U$C Crop Top","campaign_past_campaign, past_campaign_temp","","","Various","0","No matching keywords found"
"1352665156","FTFO! Crop Tank","campaign_past_campaign, past_campaign_temp","","","Various","0","No matching keywords found"
"1352929412","USC Leotard","campaign_past_campaign, past_campaign_temp","","","Various","0","No matching keywords found"
"1354667652","USC Heritage Bracelet","Accessories, General","","","Various","0","No matching keywords found"
"1402629188","Big & Lil Dream Team","campaign_past_campaign, General, past_campaign_temp","","","Various","0","No matching keywords found"
"1402694276","Big Bold Tank","campaign_past_campaign, General, past_campaign_temp","","","Various","0","No matching keywords found"
"1402747076","Little Bold Tank","campaign_past_campaign, General, past_campaign_temp","","","Various","0","No matching keywords found"
"1402780740","Flawless BIG","big little, General, Long Sleeve, RTS","","","Various","0","No matching keywords found"
"1402786884","Flawless Little","big little, General, Long Sleeve, RTS","","","Various","0","No matching keywords found"
"1402790980","Flawless Grand Big","campaign_past_campaign, General, past_campaign_temp","","","Various","0","No matching keywords found"
"1402808196","Lil - Watch Me Whip","campaign_past_campaign, General, past_campaign_temp","","","Various","0","No matching keywords found"
"1402812932","Big - Watch Me Whip","campaign_past_campaign, General, past_campaign_temp","","","Various","0","No matching keywords found"
"1403799876","Vs. Stanford T Shirt","campaign_past_campaign, General, past_campaign_temp","","","Various","0","No matching keywords found"
"1422520516","U of A Heritage Bracelet","Accessories, General","","","Various","0","No matching keywords found"
"1423389316","Pike Fire Fighter Challenge Women's Racerback - ADPi","campaign_past_campaign, past_campaign_temp","ADPI, PIKE","Alpha Delta Pi, Pi Kappa Alpha","Various","80","Score tie between multiple licensors: Alpha Delta Pi, Pi Kappa Alpha"
"1423410308","Pike Fire Fighter Challenge Women's Racerback - APHI","campaign_past_campaign, past_campaign_temp","APHI, PIKE","Alpha Phi, Pi Kappa Alpha","Various","80","Score tie between multiple licensors: Alpha Phi, Pi Kappa Alpha"
"1423448580","Pike Fire Fighter Challenge Women's Racerback - AXO","campaign_past_campaign, past_campaign_temp","PIKE, AXO","Pi Kappa Alpha, Alpha Chi Omega","Pi Kappa Alpha","80","Longest keyword wins tie-breaker"
"1423689860","Pike Fire Fighter Challenge Women's Racerback - DDD","campaign_past_campaign, past_campaign_temp","PIKE, DDD","Pi Kappa Alpha, Delta Delta Delta","Pi Kappa Alpha","80","Longest keyword wins tie-breaker"
"1423732868","Pike Fire Fighter Challenge Women's Racerback - DG","campaign_past_campaign, past_campaign_temp","PIKE, DG","Pi Kappa Alpha, Delta Gamma","Pi Kappa Alpha","80","Longest keyword wins tie-breaker"
"1423779204","Pike Fire Fighter Challenge Women's Racerback - GPHI","campaign_past_campaign, past_campaign_temp","GPHI, PIKE","Gamma Phi Beta, Pi Kappa Alpha","Various","80","Score tie between multiple licensors: Gamma Phi Beta, Pi Kappa Alpha"
"1423809924","Pike Fire Fighter Challenge Women's Racerback - KAO","campaign_past_campaign, past_campaign_temp","PIKE, KAO","Pi Kappa Alpha, Kappa Alpha Theta","Pi Kappa Alpha","80","Longest keyword wins tie-breaker"
"1423838212","Pike Fire Fighter Challenge Women's Racerback - KKG","campaign_past_campaign, past_campaign_temp","PIKE, KKG","Pi Kappa Alpha, Kappa Kappa Gamma","Pi Kappa Alpha","80","Longest keyword wins tie-breaker"
"1424241156","Pike Fire Fighter Challenge Women's Racerback - SK","campaign_past_campaign, past_campaign_temp","PIKE, SK","Pi Kappa Alpha, Sigma Kappa","Pi Kappa Alpha","80","Longest keyword wins tie-breaker"
"1427212548","Dad's ""I'm Her #1 Fan"" Navy T-Shirt","campaign_past_campaign, past_campaign_temp","","","Various","0","No matching keywords found"
"1427222468","Daughter's ""It Takes a Winner to Raise a Winner""","campaign_past_campaign, past_campaign_temp","","","Various","0","No matching keywords found"
"1427322180","Pike Fire Fighter Challenge Women's Racerback - XO","campaign_past_campaign, past_campaign_temp","PIKE","Pi Kappa Alpha","Pi Kappa Alpha","80","Highest score match"
"1439388100","Red Gala Tee","campaign_past_campaign, past_campaign_temp","","","Various","0","No matching keywords found"
"1439484164","SYRD Tank","campaign_past_campaign, past_campaign_temp","","","Various","0","No matching keywords found"
"1464377284","Buffthon Committee Tee","campaign_past_campaign, past_campaign_temp","","","Various","0","No matching keywords found"
"1466201156","Derby Days - Syracuse University","campaign_past_campaign, past_campaign_temp","","","Various","0","No matching keywords found"
"1484211524","Walk To End Guys Tanks","campaign_past_campaign, past_campaign_temp","","","Various","0","No matching keywords found"
"1498634180","Kent State Homecoming Long Sleeve","campaign_past_campaign, past_campaign_temp","","","Various","0","No matching keywords found"
"1499004164","Men's Luau Tee","campaign_past_campaign, past_campaign_temp","","","Various","0","No matching keywords found"
"1499014276","Women's Luau Tank","campaign_past_campaign, past_campaign_temp","","","Various","0","No matching keywords found"
"1507130692","Testing Shopify","General, Test123","","","Various","0","No matching keywords found"
"1510500548","CU Boulder Homecoming Tee","campaign_past_campaign, past_campaign_temp","","","Various","0","No matching keywords found"
"1511493380","Brunch Beaches Tank","blackfriday2016, Clearance Bin, Clearance Tank, Crop, General, Muscle Tank, RTS, Tank, TSL Premiere","","","Various","0","No matching keywords found"
"1513644740","Gameday Bucket Hat - III","campaign_past_campaign, past_campaign_temp","","","Various","0","No matching keywords found"
"1521629252","Mas Rosé Tank","blackfriday2016, Clearance Tank, General, RTS, Tank, TSL Premiere","","","Various","0","No matching keywords found"
"1521657476","Big Knows Best Tank","campaign_past_campaign, General, past_campaign_temp","","","Various","0","No matching keywords found"
"1521659140","Little Get's What Little Wants Tank","campaign_past_campaign, General, past_campaign_temp","","","Various","0","No matching keywords found"
"1540817476","TSL - Tie Dye Hair Tie Pack","General, Hair Ties, holiday BOGO","","","Various","0","No matching keywords found"
"1540817540","TSL - Palms Hair Tie Pack","General, Hair Ties, holiday BOGO","","","Various","0","No matching keywords found"
"1540817668","TSL - Combo 1 Hair Tie Pack","General, Hair Ties, holiday BOGO","","","Various","0","No matching keywords found"
"1540817732","TSL - XX Hair Tie Pack","General, Hair Ties, holiday BOGO","","","Various","0","No matching keywords found"
"1540817796","TSL - USA Stars Hair Tie Pack","General, Hair Ties, holiday BOGO","","","Various","0","No matching keywords found"
"1540817860","TSL - Combo 2 Hair Tie Pack","General, Hair Ties, holiday BOGO","","","Various","0","No matching keywords found"
"1551574724","Phi Ball Tank","campaign_past_campaign, past_campaign_temp","","","Various","0","No matching keywords found"
"1583039364","""Donut Worry"" Art Print","AMG RTS, blackfriday2016, Clearance Permanent, Decor, General, Holiday BOGO, RTS, saleFEB2017, Trunk Show, wall art","","","Various","0","No matching keywords found"
"1583066756","Free Hugs Art Print","AMG RTS, blackfriday2016, Clearance Permanent, Decor, General, Holiday BOGO, RTS, saleFEB2017, Trunk Show, wall art","","","Various","0","No matching keywords found"
"1583351172","""World Traveler"" Art Print","AMG RTS, blackfriday2016, Clearance Permanent, Decor, General, Holiday BOGO, RTS, saleFEB2017, Trunk Show, wall art","","","Various","0","No matching keywords found"
"1583420292","""Forever Wild"" Art Print","AMG RTS, blackfriday2016, Clearance Permanent, Decor, General, Holiday BOGO, RTS, saleFEB2017, Trunk Show, wall art","","","Various","0","No matching keywords found"
"1584158020","Disco Phiver Tee","campaign_past_campaign, past_campaign_temp","","","Various","0","No matching keywords found"
"1584165700","Men's Southern Cali Tee","campaign_past_campaign, past_campaign_temp","","","Various","0","No matching keywords found"
"1584462404","ZBT Baseball Jersey","campaign_past_campaign, past_campaign_temp","","","Various","0","No matching keywords found"
"1585296132","Weather Signs (Trunk Show)","General, RTS, Trunk Show","","","Various","0","No matching keywords found"
"1592935684","Theta Crest Hoodie","campaign_past_campaign, past_campaign_temp","THETA","Kappa Alpha Theta","Kappa Alpha Theta","80","Highest score match"
"1603756228","Anchor Splash 3/4 Sleeves","campaign_past_campaign, past_campaign_temp","","","Various","0","No matching keywords found"
"1603783940","FTFW V-neck","campaign_past_campaign, past_campaign_temp","","","Various","0","No matching keywords found"
"1637513860","BoomBoom Flannel","campaign_past_campaign, past_campaign_temp","","","Various","0","No matching keywords found"
"1638009284","Flower Crown - Big","campaign_past_campaign, flowercrown, General, past_campaign_temp","","","Various","0","No matching keywords found"
"1638171972","Flower Crown - Lil","campaign_past_campaign, flowercrown, General, past_campaign_temp","","","Various","0","No matching keywords found"
"1638680452","Big Crown Tank","campaign_past_campaign, General, past_campaign_temp","","","Various","0","No matching keywords found"
"1638711236","Little Crown Tank","campaign_past_campaign, General, past_campaign_temp","","","Various","0","No matching keywords found"
"1638755140","But First, Coffee Tumbler","campaign_past_campaign, General, past_campaign_temp","","","Various","0","No matching keywords found"
"1640685444","Michigan Fanny Packs","campaign_past_campaign, past_campaign_temp","","","Various","0","No matching keywords found"
"1640982020","Running Through The Row With My BIG","big little, Clearance Bin, Clearance Permanent, General, RTS, Tank","","","Various","0","No matching keywords found"
"1640989764","Running Through The Row With My LITTLE","big little, blackfriday2016, General, Hid 170502, RTS, saleFEB2017, Tank","","","Various","0","No matching keywords found"
"1650879876","TKE Zeta Lambda Homecoming","campaign_past_campaign, past_campaign_temp","Lambda, TKE","Lambda Chi Alpha, Tau Kappa Epsilon","Lambda Chi Alpha","80","Longest keyword wins tie-breaker"
"1678479876","Fat Talk Free Triblend Tanks","campaign_past_campaign, past_campaign_temp","","","Various","0","No matching keywords found"
"1702818052","No Scrubs Senior Tank","campaign_past_campaign, past_campaign_temp","","","Various","0","No matching keywords found"
"1703270852","Kappa Alpha Theta Raglan Shirt","campaign_past_campaign, past_campaign_temp","Kappa Alpha Theta","Kappa Alpha Theta","Kappa Alpha Theta","100","Highest score match"
"1710871812","But First Kappa V Neck","campaign_past_campaign, past_campaign_temp","","","Various","0","No matching keywords found"
"1710898180","UCLA Spirit Crop","campaign_past_campaign, past_campaign_temp","","","Various","0","No matching keywords found"
"1711067652","But First, Kappa Tee","campaign_past_campaign, past_campaign_temp","","","Various","0","No matching keywords found"
"1720054020","Tinder Big Tank","big little, blackfriday2016, Clearance Bin, Clearance Permanent, Clearance Tank, Crop, General, RTS, Tank, valentines","","","Various","0","No matching keywords found"
"1720062212","Tinder Little Tank","big little, Crop, General, RTS, Tank, valentines","","","Various","0","No matching keywords found"
"1721559940","Tinder Big Little Combo!","campaign_past_campaign, General, past_campaign_temp","","","Various","0","No matching keywords found"
"1724438788","Woodstock Shirt","campaign_past_campaign, past_campaign_temp","","","Various","0","No matching keywords found"
"1745044420","Fight On Flannel","General, RTS","","","Various","0","No matching keywords found"
"1745057668","P LONG SLEEVE","General, RTS, Trunk Show Only","","","Various","0","No matching keywords found"
"1745065732","TSL Tie Dye Boxy (Trunk Show)","General, RTS, Trunk Show Only","","","Various","0","No matching keywords found"
"1745067652","TSL Perfect Racerback (Trunk Show)","General, RTS, Trunk Show Only","","","Various","0","No matching keywords found"
"1745076548","Flannel","General, RTS","","","Various","0","No matching keywords found"
"1745077060","Snapback (Misc)","General, RTS, Trunk Show Only","","","Various","0","No matching keywords found"
"1759029124","Necklace (Space 103)","General, RTS, Trunk Show Only","","","Various","0","No matching keywords found"
"1759040708","Rings","General, RTS, Trunk Show Only","","","Various","0","No matching keywords found"
"1759102596","Bracelet","General, RTS, Trunk Show Only","","","Various","0","No matching keywords found"
"1759113284","LDR Tank","General, RTS, Trunk Show Only","","","Various","0","No matching keywords found"
"1759357572","Misc Small Sign","General, Home Goods, made to order, Trunk Show Only","","","Various","0","No matching keywords found"
"1759365252","Misc Big Sign","General, Home Goods, made to order, Trunk Show Only","","","Various","0","No matching keywords found"
"1759373700","Fight On Sign","General, Home Goods, made to order","","","Various","0","No matching keywords found"
"1760038660","Flower Crown","General, RTS, Trunk Show Only","","","Various","0","No matching keywords found"
"1780521732","UW PiPhi Cheer Leotard","campaign_past_campaign, past_campaign_temp","","","Various","0","No matching keywords found"
"1780533380","UW PiPhi Cheer Jersey","campaign_past_campaign, past_campaign_temp","","","Various","0","No matching keywords found"
"1789264004","MILA Perfect Racerback Tank","Clearance Tank, General, RTS, Tank, TSL Premiere","","","Various","0","No matching keywords found"
"1789376196","TSL Classic Boyfriend Crewneck","Classic, Clearance LS Crew, General, RTS, Sweatshirt, TSL Premiere","","","Various","0","No matching keywords found"
"1789609540","Tie Dye Palms Boxy Muscle Tank","Clearance Bin, Clearance Tank, Crop, General, Muscle Tank, RTS, Summer, Tank, TSL Premiere","","","Various","0","No matching keywords found"
"1789618180","The Classic Greek Sporty Top","blackfriday2016, Crop, General, RTS, TSL Premiere","","","Various","0","No matching keywords found"
"1791597188","TSL LA Boyfriend Flannel","Flannel, General, Hid 170502, made to order, TSL Premiere","","","Various","0","No matching keywords found"
"1791668292","I Love Bat Witches","General, RTS, TSL Premiere","","","Various","0","No matching keywords found"
"1807256068","Boulder Kappaccino","campaign_past_campaign, past_campaign_temp","","","Various","0","No matching keywords found"
"1833758596","USC Weekender Zip Up","campaign_past_campaign, past_campaign_temp","","","Various","0","No matching keywords found"
"1833797316","USC Crop","campaign_past_campaign, past_campaign_temp","","","Various","0","No matching keywords found"
"1833942596","Men's Football Tee","campaign_past_campaign, past_campaign_temp","","","Various","0","No matching keywords found"
"1834151428","XO Decade Guys","campaign_past_campaign, past_campaign_temp","","","Various","0","No matching keywords found"
"1880238532","Alpha Squad Tees","campaign_past_campaign, past_campaign_temp","","","Various","0","No matching keywords found"
"1880277892","Stanford House Divided Big Game Shirt","campaign_past_campaign, past_campaign_temp","","","Various","0","No matching keywords found"
"1880339332","Tailgate Harder Pocket Tee","campaign_past_campaign, past_campaign_temp","","","Various","0","No matching keywords found"
"1880351556","Helmet Design Tee","campaign_past_campaign, past_campaign_temp","","","Various","0","No matching keywords found"
"1880369156","Obey Inspired Pullover","campaign_past_campaign, past_campaign_temp","","","Various","0","No matching keywords found"
"1880493316","Sigma Nu & Tri Delta Pullover","campaign_past_campaign, past_campaign_temp","Sigma Nu, Tri Delta","Sigma Nu, Delta Delta Delta","Sigma Nu","100","Highest score match"
"1880512900","Homecoming Men's Tee","campaign_past_campaign, past_campaign_temp","","","Various","0","No matching keywords found"
"1880531140","Homecoming Women's Flowy Tank","campaign_past_campaign, past_campaign_temp","","","Various","0","No matching keywords found"
"1880802884","USC Weekender Pullover","campaign_past_campaign, past_campaign_temp","","","Various","0","No matching keywords found"
"1883079812","Men's Helmet Tee","campaign_past_campaign, past_campaign_temp","","","Various","0","No matching keywords found"
"1892475076","Obey Inspired Crewneck","campaign_past_campaign, past_campaign_temp","","","Various","0","No matching keywords found"
"1895781060","AGD & Kappa Sigma Homecoming Tank","campaign_past_campaign, past_campaign_temp","Kappa Sigma, AGD","Kappa Sigma, Alpha Gamma Delta","Kappa Sigma","100","Highest score match"
"1975170436","Theta x Lambda Homecoming Crewneck","campaign_past_campaign, past_campaign_temp","Lambda, THETA","Lambda Chi Alpha, Kappa Alpha Theta","Lambda Chi Alpha","80","Longest keyword wins tie-breaker"
"1976646468","Sigma Pi Dice","campaign_past_campaign, past_campaign_temp","","","Various","0","No matching keywords found"
"1976718340","LXA Watermelon Tank","","","","Various","0","No matching keywords found"
"3367717252","MSU Alpha O Boyfriend Flannel","campaign_past_campaign, past_campaign_temp","","","Various","0","No matching keywords found"
"3388351748","Tailgate With Pandas Tank","campaign_past_campaign, General, past_campaign_temp","","","Various","0","No matching keywords found"
"3415556100","Kappa Boulder Flannel","campaign_past_campaign, past_campaign_temp","","","Various","0","No matching keywords found"
"3417272068","TEAM USA Tank","campaign_past_campaign, past_campaign_temp","","","Various","0","No matching keywords found"
"3426818692","LXA Watermelon Girls 2","","","","Various","0","No matching keywords found"
"3426843332","LXA Watermelon Guys 2","","","","Various","0","No matching keywords found"
"3428853956","Weekender Baseball Tee","campaign_past_campaign, past_campaign_temp","","","Various","0","No matching keywords found"
"3490571332","Michigan AED Crewneck","campaign_past_campaign, past_campaign_temp","","","Various","0","No matching keywords found"
"3492230980","Nap Queen Crewneck Sweatshirt","campaign_past_campaign, General, past_campaign_temp","","","Various","0","No matching keywords found"
"3493295044","Buy Me Letters for Christmas Nightgown","campaign_past_campaign, General, past_campaign_temp","","","Various","0","No matching keywords found"
"3548394756","Men's Wolf White Long Sleeve","campaign_past_campaign, past_campaign_temp","","","Various","0","No matching keywords found"
"3548443140","Women's Wolf White Long Sleeve","campaign_past_campaign, past_campaign_temp","","","Various","0","No matching keywords found"
"3645331844","TSL & Chill Ringer Tee","campaign_past_campaign, General, past_campaign_temp","","","Various","0","No matching keywords found"
"3645414404","Nap All Day Vintage Sign","Decor, Full Sign, General, holiday flash, Home Goods, made to order, stocking stuffer, wood sign","","","Various","0","No matching keywords found"
"3645430468","Namaste Vintage Sign","Clearance Permanent, Decor, Full Sign, General, holiday flash, Home Goods, made to order, stocking stuffer, wood sign","","","Various","0","No matching keywords found"
"3645446084","Be Rad Vintage Sign","Clearance Permanent, Decor, Full Sign, General, holiday flash, Home Goods, made to order, stocking stuffer, wood sign","","","Various","0","No matching keywords found"
"3645513348","Good Vibes Vintage Sign","Decor, Full Sign, General, holiday flash, Home Goods, made to order, stocking stuffer, wood sign","","","Various","0","No matching keywords found"
"3645548868","No Bad Days Vintage Sign","Decor, Full Sign, General, holiday flash, Home Goods, made to order, stocking stuffer, wood sign","","","Various","0","No matching keywords found"
"3645571396","Cheers Vintage Sign","Decor, Full Sign, General, holiday flash, Home Goods, made to order, stocking stuffer, wood sign","","","Various","0","No matching keywords found"
"3645591812","Killin' It Vintage Sign","Clearance Permanent, Decor, Full Sign, General, holiday flash, Home Goods, made to order, stocking stuffer, wood sign","","","Various","0","No matching keywords found"
"3646462468","Weekend Warrior Vintage Sign","Clearance Bin, Clearance Permanent, Decor, Full Sign, General, holiday flash, Home Goods, made to order, stocking stuffer, wood sign","","","Various","0","No matching keywords found"
"3646480516","Keep Dreamin Vintage Sign","Clearance Permanent, Decor, Full Sign, General, holiday flash, Home Goods, made to order, stocking stuffer, wood sign","","","Various","0","No matching keywords found"
"3646505092","West Coast Vintage Sign","Decor, Full Sign, General, holiday flash, Home Goods, made to order, stocking stuffer, wood sign","","","Various","0","No matching keywords found"
"3646543300","East Coast Vintage Sign","campaign_past_campaign, General, made to order, past_campaign_temp","","","Various","0","No matching keywords found"
"3646598660","Sigma Nu & Tri Delta Pullover","campaign_past_campaign, past_campaign_temp","Sigma Nu, Tri Delta","Sigma Nu, Delta Delta Delta","Sigma Nu","100","Highest score match"
"3646628868","Sigma Nu & Tri Delta Homecoming Tee","campaign_past_campaign, past_campaign_temp","Sigma Nu, Tri Delta","Sigma Nu, Delta Delta Delta","Sigma Nu","100","Highest score match"
"3646684932","Sigma Nu & Tri Delta Women's Homecoming Tank","campaign_past_campaign, past_campaign_temp","Sigma Nu, Tri Delta","Sigma Nu, Delta Delta Delta","Sigma Nu","100","Highest score match"
"3659803908","Mistletoe Vintage Sign","campaign_past_campaign, General, past_campaign_temp","","","Various","0","No matching keywords found"
"3660055876","Santa Baby Vintage Sign","campaign_past_campaign, General, past_campaign_temp","","","Various","0","No matching keywords found"
"3699353156","1 - Rummage","General, RTS, Trunk Show Only","","","Various","0","No matching keywords found"
"3699364932","2 - Rummage","General, RTS, Trunk Show Only","","","Various","0","No matching keywords found"
"3699369028","3 - Rummage","General, RTS, Trunk Show Only","","","Various","0","No matching keywords found"
"3785156548","Life is Better Long Sleeve","campaign_past_campaign, past_campaign_temp","","","Various","0","No matching keywords found"
"3785211332","Ok, But First Tank","campaign_past_campaign, past_campaign_temp","","","Various","0","No matching keywords found"
"3876967044","Big House Raglan","campaign_past_campaign, past_campaign_temp","","","Various","0","No matching keywords found"
"3877068420","Tie Dye Leggings","campaign_past_campaign, past_campaign_temp","","","Various","0","No matching keywords found"
"3888896452","Princeton Wide Neck Sweatshirt","campaign_past_campaign, past_campaign_temp","","","Various","0","No matching keywords found"
"3888956932","Golden Keys & Fleur De Lis T-Shirt","campaign_past_campaign, past_campaign_temp","","","Various","0","No matching keywords found"
"4029402564","HuskyThon Tie-Dye Tank","campaign_past_campaign, past_campaign_temp","","","Various","0","No matching keywords found"
"4070982468","Athletic Leggings","campaign_past_campaign, Live Private","","","Various","0","No matching keywords found"
"4070995588","Sigma Pi Omega Stateline","campaign_past_campaign, Live Private","","","Various","0","No matching keywords found"
"4071011652","Sigmas ""Old English"" Jersey","campaign_past_campaign, Live Private","","","Various","0","No matching keywords found"
"4071025540","Sigma Phi Omega Leotard","campaign_past_campaign, Live Private","","","Various","0","No matching keywords found"
"4071037508","Sigma Phi Omega Flowy Hoodie","campaign_past_campaign, Live Private","","","Various","0","No matching keywords found"
"4071043908","Sigma Phi Omega Boyfriend Flannel","campaign_past_campaign, Live Private","","","Various","0","No matching keywords found"
"4071051716","Sigma Pi Omega Crest Quarter Zip","campaign_past_campaign, Live Private","","","Various","0","No matching keywords found"
"4071066564","Sigmas MCMXLIX Raglan Crop Top","campaign_past_campaign, Live Private","","","Various","0","No matching keywords found"
"4071079108","Sigma Phi Omega Spirit Jersey","campaign_past_campaign, Live Private","","","Various","0","No matching keywords found"
"4104010116","Good Times Tee","campaign_past_campaign, past_campaign_temp","","","Various","0","No matching keywords found"
"4153093892","Irvine KatWalk Tee","campaign_past_campaign, past_campaign_temp","","","Various","0","No matching keywords found"
"4153781508","Babe Cave Vintage Sign","Decor, Full Sign, General, holiday flash, Home Goods, made to order, stocking stuffer, wood sign","","","Various","0","No matching keywords found"
"4161575428","Kappa Athletics Tee","campaign_past_campaign, past_campaign_temp","","","Various","0","No matching keywords found"
"4161578436","Vintage Kappa Crewneck","campaign_past_campaign, past_campaign_temp","","","Various","0","No matching keywords found"
"4171440516","Delta Idol Raglan","campaign_past_campaign, past_campaign_temp","","","Various","0","No matching keywords found"
"4171475204","Delta Idol Raglan 2","campaign_past_campaign, past_campaign_temp","","","Various","0","No matching keywords found"
"4171498820","Delta Idol Fanny Pack","campaign_past_campaign, past_campaign_temp","","","Various","0","No matching keywords found"
"4189960452","Sigma Pi Palms Long Sleeve","campaign_past_campaign, past_campaign_temp","","","Various","0","No matching keywords found"
"4189985220","ONLY Sigma Pi","campaign_past_campaign, Live Private","","","Various","0","No matching keywords found"
"4223326916","State Pocket L/S","campaign_past_campaign, past_campaign_temp","","","Various","0","No matching keywords found"
"4223330052","Kappa Ringer Tee","campaign_past_campaign, past_campaign_temp","","","Various","0","No matching keywords found"
"4223350852","Kappa Tie Dye Tank","campaign_past_campaign, past_campaign_temp","","","Various","0","No matching keywords found"
"4235678596","Bachelor Be Mine Tee","campaign_past_campaign, featured, General","","","Various","0","No matching keywords found"
"4263796484","Together Forever W/ Pizza Wide Neck Tee","AMG RTS, blackfriday2016, Clearance Bin, Clearance Permanent, Clearance Tee, General, RTS, Tee, valentines","","","Various","0","No matching keywords found"
"4266573892","Oregon XO Henley","campaign_past_campaign, Live Private","","","Various","0","No matching keywords found"
"4271329220","SDSU APHICHELLA Tanks","campaign_past_campaign, Live Private","","","Various","0","No matching keywords found"
"4272889924","SDSU Athletic Crewneck","campaign_pre_order, Live Private","","","Various","0","No matching keywords found"
"4289706884","BOLD TEST - 1","bold test, campaign_past_campaign","","","Various","0","No matching keywords found"
"4289707332","BOLD TEST - 2","bold test, campaign_pre_order, past_campaign_temp","","","Various","0","No matching keywords found"
"4289716804","BOLD TEST - 3","bold test, campaign_past_campaign","","","Various","0","No matching keywords found"
"4289720452","BOLD TEST - 4","bold test, RTS","","","Various","0","No matching keywords found"
"4307283780","We Never Lost a Party Fanny Pack","Black, Blue, campaign_past_campaign, General, Pink","","","Various","0","No matching keywords found"
"4318417540","SLO LXA Pops & Chops","campaign_past_campaign","","","Various","0","No matching keywords found"
"4333601476","FSU Dance Marathon Cabobandz","campaign_past_campaign","","","Various","0","No matching keywords found"
"4342172996","Kappa Beta Gamma Flannel","campaign_past_campaign","Beta","Beta Theta Pi","Beta Theta Pi","80","Highest score match"
"4342215812","FSU Dance Marathon Cabobandz - Aqua","campaign_past_campaign","","","Various","0","No matching keywords found"
"4342316804","Dad's Weekend Pocket Tee","campaign_past_campaign","","","Various","0","No matching keywords found"
"4342318020","Mom's Weekend Tee","campaign_past_campaign","","","Various","0","No matching keywords found"
"4342322180","Dad's Weekend Travel Mug","campaign_past_campaign","","","Various","0","No matching keywords found"
"4342325316","Mom's Weekend Travel Mug","campaign_past_campaign","","","Various","0","No matching keywords found"
"4362670020","Doin' Good Ringer Tee","campaign_past_campaign","","","Various","0","No matching keywords found"
"4362672260","Doin' Good Raglan Tee","campaign_past_campaign","","","Various","0","No matching keywords found"
"4362909700","Classic Stripped Crewneck","campaign_past_campaign","","","Various","0","No matching keywords found"
"4362985924","Kiss Me Scoop Neck Tee","campaign_past_campaign","","","Various","0","No matching keywords found"
"4363293124","Southern California Denim Hat","campaign_past_campaign","","","Various","0","No matching keywords found"
"4363380548","Atlanta Zoo Tee","campaign_past_campaign","","","Various","0","No matching keywords found"
"4363415236","Atlanta Zoo Zip Up","campaign_past_campaign","","","Various","0","No matching keywords found"
"4363429444","Shady Storage Fanny Packs","campaign_pre_order","","","Various","0","No matching keywords found"
"4363675844","UCI KatWalk Tank","campaign_past_campaign","","","Various","0","No matching keywords found"
"4364055108","Mr. Heartthrob Block Letters Tank","campaign_past_campaign","","","Various","0","No matching keywords found"
"4364074308","Mr. Heartthrob Cursive Tank","campaign_past_campaign","","","Various","0","No matching keywords found"
"4385467460","UCSC Tour De Franzia","campaign_pre_order","","","Various","0","No matching keywords found"
"4411810436","Alpha Phifa V-Neck","campaign_past_campaign","","","Various","0","No matching keywords found"
"4411815748","Alpha Phifa Tank","campaign_past_campaign","","","Various","0","No matching keywords found"
"4413679364","Take A Pitcher St. Patty's T-Shirt","campaign_past_campaign","","","Various","0","No matching keywords found"
"4424256132","Delta Gama Fanny Pack","campaign_past_campaign","","","Various","0","No matching keywords found"
"4431090564","Delta Upsilon/Gamma Phi Beta Spring Break Tank","campaign_past_campaign","Gamma Phi Beta, Beta","Gamma Phi Beta, Beta Theta Pi","Gamma Phi Beta","100","Highest score match"
"4447150980","SDSU DU Tanks","campaign_past_campaign","","","Various","0","No matching keywords found"
"4447175684","Spring Break Unisex Tank","campaign_pre_order","","","Various","0","No matching keywords found"
"4459674372","Bass Lake Spring Break Tee","campaign_past_campaign","","","Various","0","No matching keywords found"
"4466313924","Boulder Spring Break Tank","campaign_past_campaign","","","Various","0","No matching keywords found"
"4468744452","Seek The Heights Tank","campaign_past_campaign","","","Various","0","No matching keywords found"
"4476027844","University of Hawaii Relay for Life Tank","campaign_pre_order","","","Various","0","No matching keywords found"
"4476099460","MSU XO Joggers","campaign_past_campaign","","","Various","0","No matching keywords found"
"4495585156","'Kiss Me' Cropped Baseball Tee","campaign_past_campaign","","","Various","0","No matching keywords found"
"4495619716","Sigma Pi Metro Boomin'","campaign_past_campaign","","","Various","0","No matching keywords found"
"4502339972","Green Team Fraternity Football","campaign_past_campaign","","","Various","0","No matching keywords found"
"4502343748","Red Team Fraternity Football","campaign_past_campaign","","","Various","0","No matching keywords found"
"4502347076","White Team Fraternity Football","campaign_past_campaign","","","Various","0","No matching keywords found"
"4502353220","Black Team Fraternity Football","campaign_past_campaign","","","Various","0","No matching keywords found"
"4502357188","Purple Team Fraternity Football","campaign_past_campaign","","","Various","0","No matching keywords found"
"4502359876","Pink Team Fraternity Football","campaign_past_campaign","","","Various","0","No matching keywords found"
"4502364932","Yellow Team Fraternity Football","campaign_pre_order","","","Various","0","No matching keywords found"
"4502380292","Orange Team Fraternity Football","campaign_past_campaign","","","Various","0","No matching keywords found"
"4502384516","Blue Team Fraternity Football","campaign_past_campaign","","","Various","0","No matching keywords found"
"4506542596","TCU PiPhi Cabobandz","campaign_past_campaign","","","Various","0","No matching keywords found"
"4506602180","Zim Zam Tee","campaign_past_campaign","","","Various","0","No matching keywords found"
"4506954948","Men's Anchor Bowl Tee","campaign_past_campaign","","","Various","0","No matching keywords found"
"4514235716","Boulder Greek Week Tee","campaign_past_campaign","","","Various","0","No matching keywords found"
"4518779780","Jr. Panhellenic Long Sleeve Pocket Tee","campaign_past_campaign","","","Various","0","No matching keywords found"
"4518812164","Jr. Panhellenic Short Sleeve Pocket Tee","campaign_past_campaign","","","Various","0","No matching keywords found"
"4542200964","America Spirit Jersey","America, blackfriday2016, Clearance Bin, Clearance LS Crew, Clearance Permanent, Long Sleeve, RTS, SJ America, SJ Limited, Spirit Jersey, Sweatshirt","","","Various","0","No matching keywords found"
"4542437892","Running Shorts","campaign_past_campaign","","","Various","0","No matching keywords found"
"4542556868","Please Return - Little's Tank","big little, Clearance Bin, General, RTS","","","Various","0","No matching keywords found"
"4542562692","Please Return - Big's Tank","big little, blackfriday2016, Clearance Tank, General, RTS, Shirt, Tank","","","Various","0","No matching keywords found"
"4547594692","Bold Test Product","","","","Various","0","No matching keywords found"
"4555061316","Wolves of 12th St Tanks","campaign_past_campaign","","","Various","0","No matching keywords found"
"4555078724","Seek Heights Tee","campaign_past_campaign","","","Various","0","No matching keywords found"
"4555502532","SLO Puppy Parade","campaign_past_campaign","","","Various","0","No matching keywords found"
"4555537284","SW Benefit Tee","campaign_past_campaign","","","Various","0","No matching keywords found"
"4560272260","The Social Life Cabobandz™","Accessories, blackfriday2016, Cabobandz, General, made to order, saleFEB2017, Spring Break, SpringBreak2017, stockingstuffer2016, TSLMTOBFCM2017","","","Various","0","No matching keywords found"
"4561841540","Team Phi UW","campaign_past_campaign","","","Various","0","No matching keywords found"
"4567566916","Dream Girl Package","","","","Various","0","No matching keywords found"
"4571481604","Just Do it For CASA Jersey","campaign_past_campaign","","","Various","0","No matching keywords found"
"4586749060","SLO Puppy Parade Girls","campaign_past_campaign","","","Various","0","No matching keywords found"
"4596478148","Golden Ticket Tank","campaign_past_campaign","","","Various","0","No matching keywords found"
"4596481412","Wonka Wonderland Tank","campaign_past_campaign","","","Various","0","No matching keywords found"
"4596545476","The Koozie (3-pack)","campaign_past_campaign, RTS","","","Various","0","No matching keywords found"
"4596548996","The Long Sleeve","campaign_past_campaign, RTS","","","Various","0","No matching keywords found"
"4596560068","The Frocket Tank","campaign_past_campaign, RTS","","","Various","0","No matching keywords found"
"4596567364","The Cap","campaign_past_campaign, RTS","","","Various","0","No matching keywords found"
"4609758276","Comfort Colors Ohio Tee","campaign_pre_order","","","Various","0","No matching keywords found"
"4631320772","USC Surf Tank","campaign_past_campaign","","","Various","0","No matching keywords found"
"4634569348","Alphas Athletic Flowy Boxy Tee","campaign_past_campaign","","","Various","0","No matching keywords found"
"4666279236","Headbangers Muscle Tank","campaign_past_campaign","","","Various","0","No matching keywords found"
"4666289668","UCI TriDelta Dodgeball","campaign_past_campaign","","","Various","0","No matching keywords found"
"4666298436","Alpha Philosophi Tank (UofA)","campaign_past_campaign","","","Various","0","No matching keywords found"
"4670599044","UO XO Muscle Tank","campaign_past_campaign","","","Various","0","No matching keywords found"
"4670732804","Daughter's Tee - Moms Weekend","campaign_past_campaign","","","Various","0","No matching keywords found"
"4670743300","Mom's Tee - Moms Weekend","campaign_past_campaign","","","Various","0","No matching keywords found"
"4686984836","XO USA Tank","campaign_past_campaign","","","Various","0","No matching keywords found"
"4687026692","Skull Muscle Tank","campaign_past_campaign","","","Various","0","No matching keywords found"
"4687063620","Lips Crewneck Sweatshirt","campaign_past_campaign","","","Various","0","No matching keywords found"
"4695074244","UW TauderPuff Tank","campaign_past_campaign","","","Various","0","No matching keywords found"
"4695086340","UW TauderPuff Jersey Tank","campaign_past_campaign","","","Various","0","No matching keywords found"
"4714376324","UMiami Bar Crawl Tank","campaign_past_campaign","","","Various","0","No matching keywords found"
"4732228292","UW XO High Neck","campaign_past_campaign","","","Various","0","No matching keywords found"
"4736623812","UW PiPhi Arrow Games","campaign_past_campaign","","","Various","0","No matching keywords found"
"4741615492","UMiami Bar Crawl Tank","campaign_past_campaign","","","Various","0","No matching keywords found"
"4755416132","SDSU DU Athletic Tee","campaign_past_campaign","","","Various","0","No matching keywords found"
"4759163268","Seniors 2016 Tank (CSUS)","campaign_past_campaign","","","Various","0","No matching keywords found"
"4759214980","Booze Squad Shirt (Iowa)","campaign_past_campaign","","","Various","0","No matching keywords found"
"4788065860","Always Anchored Tee","campaign_past_campaign","","","Various","0","No matching keywords found"
"4791146884","Festival Besties Festie Top","campaign_past_campaign","","","Various","0","No matching keywords found"
"4791166084","Festival Besties Bestie Top","campaign_past_campaign","","","Various","0","No matching keywords found"
"4820618948","U of A Gamma PhiLand Tank","campaign_past_campaign","","","Various","0","No matching keywords found"
"4835807748","Cabo San Luis Tank","campaign_past_campaign","","","Various","0","No matching keywords found"
"4876683460","UCSC OBall Tank","campaign_past_campaign","","","Various","0","No matching keywords found"
"4935312836","Cal Poly Classic Crop Tee","Cal Poly San Luis Obispo, Collegiate, Crop, White","","","Various","0","No matching keywords found"
"4935327684","Cal Poly Classic Vintage Cap","Black, Cal Poly San Luis Obispo, Collegiate, Dad Hat, Headwear, RTS, Vintage hat, White","","","Various","0","No matching keywords found"
"4935347204","Cal Poly Standard Raglan","Cal Poly San Luis Obispo, Collegiate, Green, Long Sleeve, Shirt","","","Various","0","No matching keywords found"
"4935394948","Penn St. Black Bar Crawl Tank Top","campaign_pre_order","","","Various","0","No matching keywords found"
"4935414212","Cal Poly Mustang Tank","Cal Poly San Luis Obispo, Collegiate, Grey, Tank","","","Various","0","No matching keywords found"
"4935458692","Cal Poly Mustang Tank (Alumni)","Cal Poly San Luis Obispo, campaign_past_campaign, Collegiate, Grey","","","Various","0","No matching keywords found"
"4935565956","Cal Poly Boyfriend Flannel","Cal Poly San Luis Obispo, Collegiate, Flannel, Green, Hid 170502, Long Sleeve, made to order","","","Various","0","No matching keywords found"
"4935590724","Cal Poly Classic Baseball Jersey","baseball, black, Cal Poly San Luis Obispo, Collegiate, jersey, Shirt","","","Various","0","No matching keywords found"
"6161849156","Miami Ohio PiPhi Wings Tank","campaign_past_campaign","","","Various","0","No matching keywords found"
"6334249348","Michigan Pi Phi & Sigma Chi Football Tank","campaign_pre_order, private_product","Sigma Chi, Pi Phi","Sigma Chi, Pi Beta Phi","Sigma Chi","100","Highest score match"
"6343388932","""Big"" Dad Hat","big little, Black, Dad Hat, Hat, Headwear, RTS, Vintage hat","","","Various","0","No matching keywords found"
"6343400644","""Lil"" Dad Hat","big little, Dad Hat, Hat, Headwear, RTS, Vintage hat, white","","","Various","0","No matching keywords found"
"6344420484","Cal Poly Alumni Classic Vintage Cap","Black, campaign_past_campaign","","","Various","0","No matching keywords found"
"6352926340","Washington 4548 Leotard","campaign_pre_order, private_product","","","Various","0","No matching keywords found"
"6352933060","Washington PiPhi Tube Top","campaign_pre_order, private_product","","","Various","0","No matching keywords found"
"6352937540","Washington PiPhi Skirt","campaign_pre_order, private_product","","","Various","0","No matching keywords found"
"6360436356","Fight On Off the Shoulder Crop","campaign_past_campaign","","","Various","0","No matching keywords found"
"6360437636","SC Gameday Fitted Crop Tank","campaign_past_campaign","","","Various","0","No matching keywords found"
"6360439364","Fight On Gameday Leotard","campaign_past_campaign","","","Various","0","No matching keywords found"
"6360442180","Southern California Bandeau","campaign_past_campaign","","","Various","0","No matching keywords found"
"6369824644","Strength To Survive Fundraiser","campaign_past_campaign, private_product","","","Various","0","No matching keywords found"
"6383294020","Trojan Leotard","campaign_past_campaign, private_product","","","Various","0","No matching keywords found"
"6402923780","The Social Life White Marble Cosmetic Bag","Accessories, back to school, Bag, General, On Demand, Pouch, Qbreak High PM, stockingstuffer2016, white","","","Various","0","No matching keywords found"
"6402926852","The Social Life Tropical Leaf Cosmetic Bag","Accessories, back to school, Bag, General, On Demand, Pouch, Qbreak High PM, SpringBreak2017, stockingstuffer2016, white","","","Various","0","No matching keywords found"
"6405509892","Stone's FTFO Bodysuit","campaign_past_campaign, private_product","","","Various","0","No matching keywords found"
"6410506244","""Big"" Athletic Top","campaign_past_campaign, Design Gallery","","","Various","0","No matching keywords found"
"6410528964","""Little"" Athletic Top","campaign_past_campaign","","","Various","0","No matching keywords found"
"6410570052","""G-Big"" Athletic Top","campaign_past_campaign","","","Various","0","No matching keywords found"
"6416136452","Team USA Tank","_tab_size-chart-40, America, blue, General, Red, Shirt, T6, Tank","","","Various","0","No matching keywords found"
"6425431876","Tailgate Touchdown Tank","campaign_past_campaign, private_product","","","Various","0","No matching keywords found"
"6425437828","Touchdown Dancing Socks","campaign_past_campaign, private_product","","","Various","0","No matching keywords found"
"6426614212","Sigma Pi Champ Pocket Tee","campaign_past_campaign, private_product","","","Various","0","No matching keywords found"
"6426680132","Halt! Here Comes Wash Kappa!","campaign_past_campaign, private_product","","","Various","0","No matching keywords found"
"6427892292","Big Moon Dad Hat","campaign_past_campaign","","","Various","0","No matching keywords found"
"6427903876","Little Moon Dad Hat","campaign_past_campaign","","","Various","0","No matching keywords found"
"6430780420","The Notorious Biggie Tee","_tab_size-chart-85, big little, General, T6, TBT, Tee, white","","","Various","0","No matching keywords found"
"6430785412","The Notorious Smalls Tee","_tab_size-chart-85, big little, General, T6, TBT, Tee, white","","","Various","0","No matching keywords found"
"6438292420","Halt! Tri and Run","campaign_past_campaign, private_product","","","Various","0","No matching keywords found"
"6438294660","Tri Deezy Tees","campaign_past_campaign, private_product","","","Various","0","No matching keywords found"
"6438924804","Tri-lata Vintage Caps","campaign_past_campaign, private_product","","","Various","0","No matching keywords found"
"6440164740","Bucky Long Sleeve","campaign_past_campaign, private_product","","","Various","0","No matching keywords found"
"6440168900","Tailgate Wisconsin Tee","campaign_past_campaign, private_product","","","Various","0","No matching keywords found"
"6443413572","Pablo T-Shirt","campaign_past_campaign, private_product","","","Various","0","No matching keywords found"
"6443488324","Pablo Long Sleeve","campaign_past_campaign, private_product","","","Various","0","No matching keywords found"
"6443536772","LA Pablo T-Shirt","campaign_past_campaign, private_product","","","Various","0","No matching keywords found"
"6444658820","The Social Life White Marble Tote Bag","Accessories, back to school, Bag, Black, General, On Demand, Qbreak High PM, The Social Life, tote, White","","","Various","0","No matching keywords found"
"6447234308","Big/Lil Heart Peel-n-Stick Badge","Accessories, AMG RTS, back to school, big little, Clearance Permanent, General, Patch, RTS, stockingstuffer2016","","","Various","0","No matching keywords found"
"6448951300","SC Weekender Cropped Sweatshirt","campaign_past_campaign, private_product","","","Various","0","No matching keywords found"
"6448958276","SC Burn Trees Bodysuit","campaign_past_campaign, private_product","","","Various","0","No matching keywords found"
"6453424260","Kent State University Homecoming Long Sleeve","campaign_past_campaign, private_product","","","Various","0","No matching keywords found"
"6454116804","SC Fingers Leotard","campaign_past_campaign, private_product","","","Various","0","No matching keywords found"
"6455640516","GA Tech Alpha Phifa Tank","campaign_past_campaign, private_product","","","Various","0","No matching keywords found"
"6470442884","Big & Lil Heart Pins","Accessories, big little, Clearance Permanent, General, Pins, stockingstuffer2016","","","Various","0","No matching keywords found"
"8985802564","Arizona State Sigma Pi Champ Shirt","campaign_past_campaign, private_product","","","Various","0","No matching keywords found"
"9015824772","BFF Leather Wrap Necklace","Accessories, BFF, big little, Black, blue, Green, jewelry, made to order, pink, Red, stockingstuffer2016","","","Various","0","No matching keywords found"
"9027713924","Hawaii Alpha Gam Shaka Tee","campaign_pre_order, private_product","","","Various","0","No matching keywords found"
"9039495748","Bowling Green XO Relay for Life Tees","campaign_past_campaign, private_product","","","Various","0","No matching keywords found"
"9058621892","BU For The Girls Tees","campaign_past_campaign, private_product","","","Various","0","No matching keywords found"
"9064922372","Kats & Bats Philanthropy Long Sleeve","campaign_pre_order, private_product","","","Various","0","No matching keywords found"
"9083708868","Tulane PiPhi Zip Up Sweatshirt","campaign_past_campaign, private_product","","","Various","0","No matching keywords found"
"9086241220","SDSU Delta Upsilon Girls Rush Tee","campaign_past_campaign, private_product","","","Various","0","No matching keywords found"
"9109427972","Big Sis Yin Yang Relaxed Ringer Tee","big little, Black, Clearance Tee, HIDDENMAY2017, RTS, Shirt, Tee, The Social Life, white","","","Various","0","No matching keywords found"
"9109533700","Lil Sis Yin Yang Relaxed Ringer Tee","big little, Black, Hid 170502, HIDDENMAY2017, RTS, Shirt, Tee, The Social Life, white","","","Various","0","No matching keywords found"
"9111942532","Coastal Carolina Phi Sigma Pi Flannels","campaign_pre_order, private_product","","","Various","0","No matching keywords found"
"9114026692","UCSC Sigma Pi Dad's Hat","campaign_past_campaign, private_product","","","Various","0","No matching keywords found"
"9148271300","Alabama Glitter Eye Black","Accessories, Alabama, Collegiate, Eye Black, Gameday","","","Various","0","No matching keywords found"
"9148326660","Alabama Classic Eye Black","Accessories, Alabama, Collegiate, Eye Black, Gameday","","","Various","0","No matching keywords found"
"9148590660","Arizona Glitter Eye Black","Accessories, Arizona, Collegiate, Eye Black, Gameday","","","Various","0","No matching keywords found"
"9148590724","Arizona Classic Eye Black","Accessories, Arizona, Collegiate, Eye Black, Gameday","","","Various","0","No matching keywords found"
"9148590788","Arizona State Glitter Eye Black","Accessories, Arizona State, Collegiate, Eye Black, Gameday","","","Various","0","No matching keywords found"
"9148590980","Arizona State Classic Eye Black","Accessories, Arizona State, Collegiate, Eye Black, Gameday","","","Various","0","No matching keywords found"
"9148591044","Florida Glitter Eye Black","Accessories, Collegiate, Eye Black, Florida, Gameday","","","Various","0","No matching keywords found"
"9148591172","Florida Classic Eye Black","Accessories, Collegiate, Eye Black, Florida, Gameday","","","Various","0","No matching keywords found"
"9148591236","Florida State Glitter Eye Black","Accessories, Collegiate, Eye Black, Florida State, Gameday","","","Various","0","No matching keywords found"
"9148591300","Florida State Classic Eye Black","Accessories, Collegiate, Eye Black, Florida State, Gameday","","","Various","0","No matching keywords found"
"9148591364","Miami Glitter Eye Black","Accessories, Collegiate, Eye Black, Gameday, Miami","","","Various","0","No matching keywords found"
"9148591492","Miami Classic Eye Black","Accessories, Collegiate, Eye Black, Gameday, Miami","","","Various","0","No matching keywords found"
"9148591620","Oregon Glitter Eye Black","Accessories, Collegiate, Eye Black, Gameday, Oregon","","","Various","0","No matching keywords found"
"9148591684","Oregon Classic Eye Black","Accessories, Collegiate, Eye Black, Gameday, Oregon","","","Various","0","No matching keywords found"
"9148591748","Penn State Glitter Eye Black","Accessories, Collegiate, Eye Black, Gameday, Penn State","","","Various","0","No matching keywords found"
"9148591876","Penn State Classic Eye Black","Accessories, Collegiate, Eye Black, Gameday, Penn State","","","Various","0","No matching keywords found"
"9148591940","South Carolina Glitter Eye Black","Accessories, Collegiate, Eye Black, Gameday, South Carolina","","","Various","0","No matching keywords found"
"9148592068","South Carolina Classic Eye Black","Accessories, Collegiate, Eye Black, Gameday, South Carolina","","","Various","0","No matching keywords found"
"9148592132","Virginia Tech Glitter Eye Black","Accessories, Collegiate, Eye Black, Gameday, Virginia Tech","","","Various","0","No matching keywords found"
"9148592196","Virginia Tech Classic Eye Black","Accessories, Collegiate, Eye Black, Gameday, Virginia Tech","","","Various","0","No matching keywords found"
"9148592388","Michigan State Glitter Eye Black","Accessories, Collegiate, Eye Black, Gameday, Michigan State","","","Various","0","No matching keywords found"
"9162771716","Michigan State Scholarship Cap","Collegiate, Gameday, Hat, Headwear, Michigan State, RTS","","","Various","0","No matching keywords found"
"9162812612","Michigan State Summertime Cap","Collegiate, Gameday, Green, Hat, Headwear, Michigan State, RTS","","","Various","0","No matching keywords found"
"9162812740","Michigan State Landmark Cap","Collegiate, Gameday, Green, Hat, Headwear, Michigan State, RTS","","","Various","0","No matching keywords found"
"9162812804","Oregon Scholarship Cap (Duck W/ Scarf)","Collegiate, Gameday, Green, Hat, Headwear, Oregon, RTS","","","Various","0","No matching keywords found"
"9162812868","Oregon Scholarship Cap (Duck Head)","Collegiate, Gameday, Green, Hat, Headwear, Oregon, RTS","","","Various","0","No matching keywords found"
"9162812932","Oregon Summer Cap","Collegiate, Gameday, Green, Hat, Headwear, Oregon, RTS","","","Various","0","No matching keywords found"
"9162812996","Oregon Landmark Cap","Collegiate, Gameday, Green, Hat, Headwear, Oregon, RTS","","","Various","0","No matching keywords found"
"9162813124","Miami Scholarship Cap","Collegiate, Gameday, Green, Hat, Headwear, Miami, RTS","","","Various","0","No matching keywords found"
"9162813188","Miami Summertime Cap","Collegiate, Gameday, Green, Hat, Headwear, Miami, RTS","","","Various","0","No matching keywords found"
"9162813380","Miami Landmark Cap","Collegiate, Gameday, Green, Hat, Headwear, Miami, RTS","","","Various","0","No matching keywords found"
"9162813444","Arizona State Scholarship Cap","Arizona State, Collegiate, Gameday, Hat, Headwear, Red, RTS","","","Various","0","No matching keywords found"
"9162813508","Arizona State Summertime Cap","Arizona State, Collegiate, Gameday, Hat, Headwear, Red, RTS","","","Various","0","No matching keywords found"
"9162813572","Arizona State Landmark Cap","Arizona State, Collegiate, Gameday, Hat, Headwear, Red, RTS","","","Various","0","No matching keywords found"
"9162813700","Arizona Scholarship Cap","Arizona, Collegiate, Gameday, Hat, Headwear, Navy, RTS","","","Various","0","No matching keywords found"
"9162813764","Arizona  Summertime Cap","Arizona, Collegiate, Gameday, Hat, Headwear, Navy, RTS","","","Various","0","No matching keywords found"
"9162813828","Alabama Scholarship Cap","Alabama, Collegiate, Gameday, Hat, Headwear, Red, RTS","","","Various","0","No matching keywords found"
"9162813892","Alabama Summertime Cap","Alabama, Collegiate, Gameday, Hat, Headwear, Red, RTS","","","Various","0","No matching keywords found"
"9162814020","Alabama Landmark Cap","Alabama, Black, Collegiate, Gameday, Hat, Headwear, RTS","","","Various","0","No matching keywords found"
"9162814084","Florida State Scholarship Cap","Collegiate, Florida State, Gameday, Hat, Headwear, Red, RTS","","","Various","0","No matching keywords found"
"9162814148","Florida State Summertime Cap","Collegiate, Florida State, Gameday, Hat, Headwear, Red, RTS","","","Various","0","No matching keywords found"
"9162814212","Florida State Landmark Cap","Collegiate, Florida State, Gameday, Hat, Headwear, Red, RTS","","","Various","0","No matching keywords found"
"9162814276","Virginia Tech Centerpiece Cap","Collegiate, Gameday, Hat, Headwear, Red, RTS, Virginia Tech","","","Various","0","No matching keywords found"
"9162814404","South Carolina Scholarship Cap","Collegiate, Gameday, Hat, Headwear, Red, RTS, South Carolina","","","Various","0","No matching keywords found"
"9162814468","South Carolina Summertime Cap","Black, Collegiate, Gameday, Hat, Headwear, Red, RTS, South Carolina","","","Various","0","No matching keywords found"
"9162814532","South Carolina Riptide Cap","Collegiate, Gameday, Hat, Headwear, Red, RTS, South Carolina","","","Various","0","No matching keywords found"
"9162814596","Penn State Scholarship Cap","Collegiate, Gameday, Hat, Headwear, Navy, Penn State, RTS","","","Various","0","No matching keywords found"
"9163079236","Alabama Team Crop Tee","Alabama, Collegiate, Crop, Gameday, Red, T6, Tee","","","Various","0","No matching keywords found"
"9163121220","Alabama Gameday Jersey Tee","Alabama, Collegiate, Gameday, Red, Shirt, T6, Tee, White","","","Various","0","No matching keywords found"
"9163172420","Alabama Team Tank","Alabama, Collegiate, Gameday, Red, T6, Tank","","","Various","0","No matching keywords found"
"9163255236","Alabama Gameday Leggings","Alabama, Collegiate, Gameday, Grey, Leggings, T6","","","Various","0","No matching keywords found"
"9163769220","Arizona Team Crop Tee","Arizona, Collegiate, Crop, Gameday, Navy, Red, T6, Tee","","","Various","0","No matching keywords found"
"9163769348","Arizona Gameday Jersey Tee","Arizona, Collegiate, Gameday, Navy, Shirt, T6, Tee, White","","","Various","0","No matching keywords found"
"9163769476","Arizona Team Tank","Arizona, Collegiate, Gameday, Navy, Red, T6, Tank","","","Various","0","No matching keywords found"
"9163769540","Arizona Gameday Leggings","Arizona, Collegiate, Gameday, Leggings, Navy, T6","","","Various","0","No matching keywords found"
"9163769668","Arizona State Team Crop Tee","Arizona State, Collegiate, Crop, Gameday, Red, T6, Tee, Yellow","","","Various","0","No matching keywords found"
"9163769796","Arizona State Gameday Jersey Tee","Arizona State, Collegiate, Gameday, Red, Shirt, T6, Tee, White","","","Various","0","No matching keywords found"
"9163769860","Arizona State Team Tank","Arizona State, Collegiate, Gameday, Red, T6, Tank, Yellow","","","Various","0","No matching keywords found"
"9163769924","Arizona State Gameday Leggings","Arizona State, Black, Collegiate, Gameday, Leggings, T6","","","Various","0","No matching keywords found"
"9163770052","Cal Poly San Luis Obispo Team Crop Tee","Cal Poly San Luis Obispo, Collegiate, Crop, Gameday, Green, T6, Tee","","","Various","0","No matching keywords found"
"9163770244","Cal Poly San Luis Obispo Gameday Jersey Tee","Cal Poly San Luis Obispo, Collegiate, Gameday, Green, Shirt, T6, Tee, White","","","Various","0","No matching keywords found"
"9163770308","Cal Poly San Luis Obispo Team Tank","Cal Poly San Luis Obispo, Collegiate, Gameday, Green, T6, Tank, White","","","Various","0","No matching keywords found"
"9163770372","Cal Poly San Luis Obispo Gameday Leggings","Cal Poly San Luis Obispo, Collegiate, Gameday, Green, Leggings, T6","","","Various","0","No matching keywords found"
"9163770500","Florida Team Crop Tee","Blue, Collegiate, Crop, Florida, Gameday, Orange, T6, Tee","","","Various","0","No matching keywords found"
"9163770564","Florida Gameday Jersey Tee","Blue, Collegiate, Florida, Gameday, Shirt, T6, Tee, White","","","Various","0","No matching keywords found"
"9163770756","Florida Team Tank","Blue, Collegiate, Florida, Gameday, Orange, T6, Tank","","","Various","0","No matching keywords found"
"9163770884","Florida Gameday Leggings","Blue, Collegiate, Florida, Gameday, Leggings, Orange, T6","","","Various","0","No matching keywords found"
"9163770948","Florida State Team Crop Tee","Black, Collegiate, Crop, Florida State, Gameday, Red, T6, Tee","","","Various","0","No matching keywords found"
"9163771076","Florida State Gameday Jersey Tee","Collegiate, Florida State, Gameday, Red, Shirt, T6, Tee, White","","","Various","0","No matching keywords found"
"9163771140","Florida State Team Tank","Collegiate, Florida State, Gameday, Gold, Red, T6, Tank","","","Various","0","No matching keywords found"
"9163771204","Florida State Gameday Leggings","Black, Collegiate, Florida State, Gameday, Leggings, T6","","","Various","0","No matching keywords found"
"9163771396","Fresno State Team Crop Tee","Collegiate, Crop, Fresno State, Gameday, Red, T6, Tee, White","","","Various","0","No matching keywords found"
"9163771460","Fresno State Gameday Jersey Tee","Collegiate, Fresno State, Gameday, Red, Shirt, T6, Tee, White","","","Various","0","No matching keywords found"
"9163771524","Fresno State Team Tank","Collegiate, Fresno State, Gameday, Navy, Red, T6, Tank","","","Various","0","No matching keywords found"
"9163771588","Fresno State Gameday Leggings","Collegiate, Fresno State, Gameday, Leggings, Red, T6","","","Various","0","No matching keywords found"
"9163771780","Miami Team Crop Tee","Collegiate, Crop, Gameday, Miami, Orange, T6, Tee, White","","","Various","0","No matching keywords found"
"9163771908","Miami Gameday Jersey Tee","Collegiate, Gameday, Miami, Orange, Shirt, T6, Tee, White","","","Various","0","No matching keywords found"
"9163772036","Miami Team Tank","Collegiate, Gameday, Miami, Orange, T6, Tank, White","","","Various","0","No matching keywords found"
"9163772100","Miami Gameday Leggings","Collegiate, Gameday, Leggings, Miami, T6, White","","","Various","0","No matching keywords found"
"9163772164","Michigan State Team Crop Tee","Collegiate, Crop, Gameday, Green, Michigan State, T6, Tee","","","Various","0","No matching keywords found"
"9163772228","Michigan State Gameday Jersey Tee","Collegiate, Gameday, Green, Michigan State, Shirt, T6, Tee, White","","","Various","0","No matching keywords found"
"9163772356","Michigan State Team Tank","Collegiate, Gameday, Green, Michigan State, T6, Tank, White","","","Various","0","No matching keywords found"
"9163772420","Michigan State Gameday Leggings","Collegiate, Gameday, Green, Leggings, Michigan State, T6","","","Various","0","No matching keywords found"
"9163772548","Oregon Team Crop Tee","Collegiate, Crop, Gameday, Green, Oregon, T6, Tee","","","Various","0","No matching keywords found"
"9163772676","Oregon Gameday Jersey Tee","Collegiate, Gameday, Green, Oregon, Shirt, T6, Tee, White","","","Various","0","No matching keywords found"
"9163772740","Oregon Team Tank","Collegiate, Gameday, Green, Oregon, T6, Tank, Yellow","","","Various","0","No matching keywords found"
"9163772932","Oregon Gameday Leggings","Collegiate, Gameday, Grey, Leggings, Oregon, T6","","","Various","0","No matching keywords found"
"9163772996","Penn State Team Crop Tee","Collegiate, Crop, Gameday, Navy, Penn State, T6, Tee","","","Various","0","No matching keywords found"
"9163773060","Penn State Gameday Jersey Tee","Collegiate, Gameday, Navy, Penn State, Shirt, T6, Tee, White","","","Various","0","No matching keywords found"
"9163773124","Penn State Team Tank","Collegiate, Gameday, Navy, Penn State, T6, Tank, White","","","Various","0","No matching keywords found"
"9163773316","Penn State Gameday Leggings","Collegiate, Gameday, Leggings, Navy, Penn State, T6","","","Various","0","No matching keywords found"
"9163773380","SDSU Team Crop Tee","Black, Collegiate, Crop, Gameday, Red, SDSU, T6, Tee","","","Various","0","No matching keywords found"
"9163773444","SDSU Gameday Jersey Tee","Collegiate, Gameday, Red, SDSU, Shirt, T6, Tee, White","","","Various","0","No matching keywords found"
"9163773508","SDSU Team Tank","Black, Collegiate, Gameday, Red, SDSU, T6, Tank","","","Various","0","No matching keywords found"
"9163773636","SDSU Gameday Leggings","Black, Collegiate, Gameday, Leggings, SDSU, T6","","","Various","0","No matching keywords found"
"9163773700","South Carolina Team Crop Tee","Black, Collegiate, Crop, Gameday, Red, South Carolina, T6, Tee","","","Various","0","No matching keywords found"
"9163773764","South Carolina Gameday Jersey Tee","Collegiate, Gameday, Red, Shirt, South Carolina, T6, Tee, White","","","Various","0","No matching keywords found"
"9163773828","South Carolina Team Tank","Black, Collegiate, Gameday, Red, South Carolina, T6, Tank","","","Various","0","No matching keywords found"
"9163774020","South Carolina Gameday Leggings","Black, Collegiate, Gameday, Leggings, South Carolina, T6","","","Various","0","No matching keywords found"
"9163774148","UCSB Team Crop Tee","Blue, Collegiate, Crop, Gameday, T6, Tee, UCSB, Yellow","","","Various","0","No matching keywords found"
"9163774212","UCSB Gameday Jersey Tee","Blue, Collegiate, Gameday, Shirt, T6, Tee, UCSB, White","","","Various","0","No matching keywords found"
"9163774276","UCSB Team Tank","Blue, Collegiate, Gameday, T6, Tank, UCSB, White","","","Various","0","No matching keywords found"
"9163774404","UCSB Gameday Leggings","Blue, Collegiate, Gameday, Leggings, T6, UCSB","","","Various","0","No matching keywords found"
"9163774532","Virginia Tech Team Crop Tee","Collegiate, Crop, Gameday, Orange, Red, T6, Tee, Virginia Tech","","","Various","0","No matching keywords found"
"9163774596","Virginia Tech Gameday Jersey Tee","Collegiate, Gameday, Red, Shirt, T6, Tee, Virginia Tech, White","","","Various","0","No matching keywords found"
"9163774660","Virginia Tech Team Tank","Collegiate, Gameday, Orange, Red, T6, Tank, Virginia Tech","","","Various","0","No matching keywords found"
"9163774724","Virginia Tech Gameday Leggings","Collegiate, Gameday, Leggings, Red, T6, Virginia Tech","","","Various","0","No matching keywords found"
"9164840068","Alabama Classic Boy Tee","Alabama, Collegiate, Shirt, Tee, White","","","Various","0","No matching keywords found"
"9164840132","Arizona Classic Boy Tee","Arizona, Collegiate, Shirt, Tee, White","","","Various","0","No matching keywords found"
"9164840196","Arizona State Classic Boy Tee","Arizona State, Collegiate, Shirt, Tee, White","","","Various","0","No matching keywords found"
"9164840260","Cal Poly San Luis Obispo Classic Boy Tee","Cal Poly San Luis Obispo, Collegiate, Shirt, Tee, White","","","Various","0","No matching keywords found"
"9164840324","Florida Classic Boy Tee","Collegiate, Florida, Shirt, Tee, White","","","Various","0","No matching keywords found"
"9164840388","Florida State Classic Boy Tee","Collegiate, Florida State, Shirt, Tee, White","","","Various","0","No matching keywords found"
"9164840452","Fresno State Classic Boy Tee","Collegiate, Fresno State, Shirt, Tee, White","","","Various","0","No matching keywords found"
"9164840516","Miami Classic Boy Tee","Collegiate, Miami, Shirt, Tee, White","","","Various","0","No matching keywords found"
"9164840580","Michigan State Classic Boy Tee","Collegiate, Michigan State, Shirt, Tee, White","","","Various","0","No matching keywords found"
"9164840644","Oregon Classic Boy Tee","Collegiate, Oregon, Shirt, Tee, White","","","Various","0","No matching keywords found"
"9164840708","Penn State Classic Boy Tee","Collegiate, Penn State, Shirt, Tee, White","","","Various","0","No matching keywords found"
"9164840772","SDSU Classic Boy Tee","Collegiate, SDSU, Shirt, Tee, White","","","Various","0","No matching keywords found"
"9164840964","South Carolina Classic Boy Tee","Collegiate, Shirt, South Carolina, Tee, White","","","Various","0","No matching keywords found"
"9164841028","UCSB Classic Boy Tee","Collegiate, Shirt, Tee, UCSB, White","","","Various","0","No matching keywords found"
"9164841092","Virginia Tech Classic Boy Tee","Collegiate, Shirt, Tee, Virginia Tech, White","","","Various","0","No matching keywords found"
"9171439556","It's Lit - Jack O' Lantern Tank","Black, General, T6, Tank","","","Various","0","No matching keywords found"
"9171981060","Like Little Tee","big little, blue, Clearance Tee, DTG Ready, HIDDENJUNE2017, HIDDENMAY2017, Red, RTS, Shirt, Tee, The Social Life","","","Various","0","No matching keywords found"
"9172028996","Like Big Tee","big little, blue, Clearance Bin, Clearance Permanent, Clearance Tee, DTG Ready, Red, RTS, Shirt, Tee, The Social Life","","","Various","0","No matching keywords found"
"9172894148","UCLA Kite & Key Tees","campaign_past_campaign, private_product","","","Various","0","No matching keywords found"
"9191984964","Michigan State Classic Eye Black","Accessories, Collegiate, Eye Black, Gameday, Michigan State","","","Various","0","No matching keywords found"
"9192108484","Michigan Dad's Weekend Navy Crewneck","campaign_past_campaign, private_product","","","Various","0","No matching keywords found"
"9279863428","UW 4548 Shield Crop","campaign_past_campaign, private_product","","","Various","0","No matching keywords found"
"9333400772","Kent State Anchor Games T-Shirt","campaign_pre_order, private_product","","","Various","0","No matching keywords found"
"9427010628","Alpha Epsilon Pi Lion Crewnecks","campaign_past_campaign, private_product","Alpha Epsilon Pi","Alpha Epsilon Pi","Alpha Epsilon Pi","100","Highest score match"
"9490766724","Hattiesburg Tennis Long Sleeves","campaign_past_campaign, private_product","","","Various","0","No matching keywords found"
"9533190084","The Social Life Palms Silky Robe","Comfy, General, made to order, Robes","","","Various","0","No matching keywords found"
"9533618500","Vintage Letters Sign","Decor, DISCOUNT_HIDDEN_PRODUCT, Home Goods, made to order, wood sign","","","Various","0","No matching keywords found"
"9553497743","The Social Life Galaxy Velvet Plush Blanket","Blanket, General, Home Goods, On Demand, Qbreak Low PM","","","Various","0","No matching keywords found"
"9556702095","SDSU Delta Upsilon Collection","campaign_past_campaign, private_product","","","Various","0","No matching keywords found"
"9559458191","AXΩ Fullerton Flannels","campaign_past_campaign, private_product","","","Various","0","No matching keywords found"
"9575441871","Black Friday $20 Gift Card","","","","Various","0","No matching keywords found"
"9575497167","Black Friday $20 Gift Card","","","","Various","0","No matching keywords found"
"9588803855","Q Break Test","Muscle Tank","","","Various","0","No matching keywords found"
"9621980495","Kristy Pocket Tees","campaign_pre_order, private_product","","","Various","0","No matching keywords found"
"9645945039","Alpha Epsilon Phi Foil Silky Robe","Alpha Epsilon Phi, made to order, Robes, white","Alpha Epsilon Phi","Alpha Epsilon Phi","Alpha Epsilon Phi","100","Highest score match"
"9697490511","SUNY Oneonta Alpha Kappa Phi Space Jam Long Sleeve","campaign_past_campaign, private_product","","","Various","0","No matching keywords found"
"9754233871","The Social Life Marble Crest Velvet Plush Blanket","Blanket, General, Home Goods, On Demand, Qbreak Low PM","","","Various","0","No matching keywords found"
"9848177295","XO Rainbow Patch (2 Pack)","campaign_past_campaign, private_product","","","Various","0","No matching keywords found"
"9848303119","XO Vintage Velvet Crewneck","campaign_past_campaign, private_product","","","Various","0","No matching keywords found"
"9848392527","XO Frosted Long Sleeve","campaign_past_campaign, holiday, private_product","","","Various","0","No matching keywords found"
"9848475023","XO Vintage Boy Tee","campaign_past_campaign, private_product","","","Various","0","No matching keywords found"
"9849625423","XO Block Muscle Tank","campaign_past_campaign, private_product","","","Various","0","No matching keywords found"
"9885148303","Tampa Greek Week Tees","campaign_past_campaign, private_product","","","Various","0","No matching keywords found"
"9890919567","Duck TV Pocket Tee","campaign_past_campaign, private_product","","","Various","0","No matching keywords found"
"9891037967","Duck TV Long Sleeve","campaign_past_campaign, private_product","","","Various","0","No matching keywords found"
"9891210063","Duck TV Muscle Tank","campaign_pre_order, private_product","","","Various","0","No matching keywords found"
"9891260239","Duck TV Racer Back Tank","campaign_past_campaign, private_product","","","Various","0","No matching keywords found"
"9891386127","Duck TV V-Neck","campaign_pre_order, private_product","","","Various","0","No matching keywords found"
"9910957647","Virginia Tech Relaxed Ringer Tee","Collegiate, Orange, Shirt, Tee, Virginia Tech","","","Various","0","No matching keywords found"
"9910957775","UCSB Relaxed Ringer Tee","Blue, Collegiate, Shirt, Tee, UCSB","","","Various","0","No matching keywords found"
"9910957839","South Carolina Relaxed Ringer Tee","Collegiate, Red, Shirt, South Carolina, Tee","","","Various","0","No matching keywords found"
"9910957903","SDSU Relaxed Ringer Tee","Collegiate, Red, SDSU, Shirt, Tee","","","Various","0","No matching keywords found"
"9910957967","Penn State Relaxed Ringer Tee","Collegiate, Navy, Penn State, Shirt, Tee","","","Various","0","No matching keywords found"
"9910958031","Oregon Relaxed Ringer Tee","Collegiate, Oregon, Shirt, Tee, White","","","Various","0","No matching keywords found"
"9910958095","Michigan State Relaxed Ringer Tee","Collegiate, Grey, Michigan State, Shirt, Tee","","","Various","0","No matching keywords found"
"9910958159","Miami Relaxed Ringer Tee","Collegiate, Miami, Shirt, Tee, White","","","Various","0","No matching keywords found"
"9910958223","Fresno State Relaxed Ringer Tee","Collegiate, Fresno State, Red, Shirt, Tee","","","Various","0","No matching keywords found"
"9910958287","Florida State Relaxed Ringer Tee","Collegiate, Florida State, Red, Shirt, Tee","","","Various","0","No matching keywords found"
"9910958351","Florida Relaxed Ringer Tee","Collegiate, Florida, Shirt, Tee, White","","","Various","0","No matching keywords found"
"9910958479","Cal Poly San Luis Obispo Relaxed Ringer Tee","Cal Poly San Luis Obispo, Collegiate, Green, Shirt, Tee","","","Various","0","No matching keywords found"
"9910958543","Arizona State Relaxed Ringer Tee","Arizona State, Collegiate, Shirt, Tee, Yellow","","","Various","0","No matching keywords found"
"9910958607","Arizona Relaxed Ringer Tee","Arizona, Collegiate, Navy, Shirt, Tee","","","Various","0","No matching keywords found"
"9910958671","Alabama Relaxed Ringer Tee","Alabama, Collegiate, Red, Shirt, Tee","","","Various","0","No matching keywords found"
"9920113615","UC Santa Barbara Father's Day Palm Tree Long Sleeves","campaign_past_campaign, private_product","","","Various","0","No matching keywords found"
"9924842575","FSU Dance Marathon Cabobandz","campaign_past_campaign, private_product","","","Various","0","No matching keywords found"
"10031929679","FSU Do More Cabobandz","campaign_past_campaign, private_product","","","Various","0","No matching keywords found"
"10040296655","UCSB PiPhi Men's Long Sleeve","campaign_past_campaign, private_product","","","Various","0","No matching keywords found"
"10040375375","UCSB PiPhi Arrows Quarter Zip","campaign_past_campaign, private_product","","","Various","0","No matching keywords found"
"10040395663","UCSB PiPhi Puff Caps","campaign_past_campaign, private_product","","","Various","0","No matching keywords found"
"10040414927","UCSB PiPhi Vintage Velvet Crew","campaign_past_campaign, private_product","","","Various","0","No matching keywords found"
"10117797647","UCSD PiPhi Beau & Arrow Long Sleeves","campaign_past_campaign, private_product","","","Various","0","No matching keywords found"
"10117890703","University of Idaho Triad","campaign_past_campaign, private_product","","","Various","0","No matching keywords found"
"10119319055","Green Glitter St. Patrick's Shirt","campaign_past_campaign, private_product","","","Various","0","No matching keywords found"
"10119600655","Alpha Kappa Phi Kitty Pocket Tee","campaign_past_campaign, private_product","","","Various","0","No matching keywords found"
"10119705167","UW PiPhi Formal Long Sleeves","campaign_past_campaign, private_product","","","Various","0","No matching keywords found"
"10125325711","University of Washington Cabobandz","campaign_past_campaign, private_product","","","Various","0","No matching keywords found"
"10134947407","Pig Roast Shirt","campaign_pre_order, private_product","","","Various","0","No matching keywords found"
"10172400335","NAU PiPhi Cactus Long Sleeve","campaign_past_campaign, private_product","","","Various","0","No matching keywords found"
"10176775119","Green Foil Clover Tee","campaign_past_campaign, private_product","","","Various","0","No matching keywords found"
"10176891151","Vintage Green Striped Tee","campaign_past_campaign, private_product","","","Various","0","No matching keywords found"
"10223567503","Persistence Red Hats","campaign_past_campaign, private_product","","","Various","0","No matching keywords found"
"10229696335","Minimal Light Pink Embroidered Ball Cap","campaign_past_campaign, private_product","","","Various","0","No matching keywords found"
"10230939279","SigKap Tour Tee","campaign_past_campaign, private_product","","","Various","0","No matching keywords found"
"10257287503","Texas A&M Shamrock Mixer","campaign_past_campaign, private_product","","","Various","0","No matching keywords found"
"10334358351","Ahh! Greek Week Tank","campaign_past_campaign, private_product","","","Various","0","No matching keywords found"
"10335229135","Boston Marathon Runners Shirt","campaign_past_campaign, private_product","","","Various","0","No matching keywords found"
"10347643535","Northern Arizona Sigma Tau Gamma Sweatshirts","campaign_past_campaign, private_product","","","Various","0","No matching keywords found"
"10349718799","Big Blue Nation Shirts","campaign_past_campaign, private_product","","","Various","0","No matching keywords found"
"10431496399","Alpha Kappa Phi Shamrock Tee","campaign_past_campaign, private_product","","","Various","0","No matching keywords found"
"10442606991","Feeding America Food Festival - Brothers T-Shirt","campaign_past_campaign, private_product","","","Various","0","No matching keywords found"
"10442683727","Feeding America Food Festival - T-Shirt & Ticket Bundle","campaign_past_campaign, private_product","","","Various","0","No matching keywords found"
"10448812303","ISU Trend Tees","campaign_past_campaign, private_product","","","Various","0","No matching keywords found"
"10448817487","ISU Trend Stickers","campaign_past_campaign, private_product","","","Various","0","No matching keywords found"
"10463065231","Denim Hat with Pink Unicorn Embroidery","campaign_past_campaign, private_product","","","Various","0","No matching keywords found"
"10463089615","Baker University Greek Week","campaign_past_campaign, private_product","","","Various","0","No matching keywords found"
"10473051663","East Carolina Sigma Tri Tour Tees","campaign_past_campaign, private_product","","","Various","0","No matching keywords found"
"10477380367","TEKE Shirt","campaign_past_campaign, private_product","","","Various","0","No matching keywords found"
"10495646287","Idaho PiPhi Quarter Zip","campaign_past_campaign, private_product","","","Various","0","No matching keywords found"
"10501259919","Ohio XO Hil Tee","campaign_past_campaign, private_product","","","Various","0","No matching keywords found"
"10568026639","FSU DM Cabobandz","campaign_past_campaign, private_product","","","Various","0","No matching keywords found"
"10606897295","TAMU - Zeta Tau Alpha & Kappa Alpha Order Shirts","campaign_past_campaign, private_product","Kappa Alpha Order, Zeta Tau Alpha","Kappa Alpha Order, Zeta Tau Alpha","Kappa Alpha Order","100","Longest keyword wins tie-breaker"
"10726113487","JMU OT Henley","campaign_past_campaign, private_product","","","Various","0","No matching keywords found"
"10746783631","NAU PiPhi Layups For Literacy Tanks","campaign_past_campaign, private_product","","","Various","0","No matching keywords found"
"10769384399","JMU OT Hat","campaign_past_campaign, private_product","","","Various","0","No matching keywords found"
"10769516943","NAU PiPhi Founders Day Tees","campaign_past_campaign","","","Various","0","No matching keywords found"
"10814248847","KSU Seniors Bar Crawl Tee","campaign_past_campaign, private_product","","","Various","0","No matching keywords found"
"10913392655","CHE Bar Crawl Pocket Tee","campaign_past_campaign, private_product","","","Various","0","No matching keywords found"
"10914422415","UCSB PiPhi Moms Day Tees","campaign_past_campaign, private_product","","","Various","0","No matching keywords found"
"10945194255","Ducks Crop Top","campaign_past_campaign, private_product","","","Various","0","No matching keywords found"
"10945241807","Ducks Sweatshirt","campaign_past_campaign, private_product","","","Various","0","No matching keywords found"
"10946614095","Ducks Tank","campaign_past_campaign, private_product","","","Various","0","No matching keywords found"
"10947632527","Delta Delta Delta","campaign_past_campaign, private_product","Delta Delta Delta","Delta Delta Delta","Delta Delta Delta","100","Highest score match"
"10947707855","Sigma Delta Tau","campaign_past_campaign, private_product","Sigma Delta Tau","Sigma Delta Tau","Sigma Delta Tau","100","Highest score match"
"10947762959","Alpha Gamma Delta","campaign_past_campaign, private_product","Alpha Gamma Delta","Alpha Gamma Delta","Alpha Gamma Delta","100","Highest score match"
"10947858063","Alpha Xi Delta","campaign_past_campaign, private_product","Alpha Xi Delta","Alpha Xi Delta","Alpha Xi Delta","100","Highest score match"
"10947896399","Kappa Alpha Theta","campaign_past_campaign, private_product","Kappa Alpha Theta","Kappa Alpha Theta","Kappa Alpha Theta","100","Highest score match"
"10947930895","Kappa Kappa Gamma","campaign_past_campaign, private_product","Kappa Kappa Gamma","Kappa Kappa Gamma","Kappa Kappa Gamma","100","Highest score match"
"10947966927","Alpha Phi","campaign_past_campaign, private_product","Alpha Phi","Alpha Phi","Alpha Phi","100","Highest score match"
"10948007183","Gamma Phi Beta","campaign_past_campaign, private_product","Gamma Phi Beta, Beta","Gamma Phi Beta, Beta Theta Pi","Gamma Phi Beta","100","Highest score match"
"10948048015","Delta Gamma","campaign_past_campaign, private_product","Delta Gamma","Delta Gamma","Delta Gamma","100","Highest score match"
"10948299343","Phi Sigma Sigma","campaign_past_campaign, private_product","Phi Sigma Sigma","Phi Sigma Sigma","Phi Sigma Sigma","100","Highest score match"
"10948357391","Alpha Chi Omega","campaign_past_campaign, private_product","Alpha Chi Omega, Chi Omega","Alpha Chi Omega, Chi Omega","Alpha Chi Omega","100","Longest keyword wins tie-breaker"
"10948955151","Alpha Epsilon Phi","campaign_past_campaign, private_product","Alpha Epsilon Phi","Alpha Epsilon Phi","Alpha Epsilon Phi","100","Highest score match"
"10948984399","Delta Phi Epsilon","campaign_past_campaign, private_product","Delta Phi Epsilon","Delta Phi Epsilon","Delta Phi Epsilon","100","Highest score match"
"10949056847","Friends & Family","campaign_past_campaign, private_product","","","Various","0","No matching keywords found"
"10949403087","Virginia Tech Senior Bar Crawl","campaign_past_campaign, private_product","","","Various","0","No matching keywords found"
"11015136719","UCSB PiPhi Cinco De Mayo Shirts","campaign_past_campaign, private_product","","","Various","0","No matching keywords found"
"11129495695","SDSU DU Floral Tanks","campaign_past_campaign, private_product","","","Various","0","No matching keywords found"
"11130026639","SDSU DU Royalty Tees","campaign_past_campaign, private_product","","","Various","0","No matching keywords found"
"11145097487","UCSB PiPhi Festival","campaign_past_campaign, private_product","","","Various","0","No matching keywords found"
"11170757903","UW PiPhi Jerseys","campaign_past_campaign, private_product","","","Various","0","No matching keywords found"
"11291181071","Brooke's Bachelorette","campaign_past_campaign, private_product","","","Various","0","No matching keywords found"
"11296360079","Spring Retreat CaboBandz","campaign_past_campaign, private_product","","","Various","0","No matching keywords found"
"11298851343","Shasta 2017 CaboBandz","campaign_past_campaign, private_product","","","Various","0","No matching keywords found"
"11307478415","Senior Bar Crawl Unisex Tee","campaign_past_campaign, private_product","","","Various","0","No matching keywords found"
"11307500687","Senior Bar Crawl Flowy Racerback","campaign_past_campaign, private_product","","","Various","0","No matching keywords found"
"11307520335","Senior Bar Crawl Tank","campaign_past_campaign, private_product","","","Various","0","No matching keywords found"
"11339390991","Theta Unisex Sporty Tank","campaign_past_campaign, private_product","THETA","Kappa Alpha Theta","Kappa Alpha Theta","80","Highest score match"
"11351509071","UCSB Blue House Tees","campaign_past_campaign, private_product","","","Various","0","No matching keywords found"
"11353039503","Alpha Kappa Phi Sharky Tank","campaign_past_campaign, private_product","","","Various","0","No matching keywords found"
"11441081295","SUNYO Go AKPhi Tee","campaign_past_campaign, private_product","","","Various","0","No matching keywords found"
"11549443343","UCLA Stamp Tee","campaign_past_campaign, private_product","","","Various","0","No matching keywords found"
"11646024335","SUNYO Alpha Kappa Phi University Halter","campaign_past_campaign, private_product","","","Various","0","No matching keywords found"
"11737862287","Fresno Go Greek Tees","campaign_past_campaign, private_product","","","Various","0","No matching keywords found"
"11781079567","Hattiesburg Men's Tees","campaign_past_campaign, private_product","","","Various","0","No matching keywords found"
"11781909455","Hattiesburg Women's Shirts","campaign_past_campaign, private_product","","","Various","0","No matching keywords found"
"11781930447","Hattiesburg Sweatpants","campaign_past_campaign, private_product","","","Various","0","No matching keywords found"
"11792910735","So. California Tube Top","campaign_past_campaign, USC Gameday 2017","","","Various","0","No matching keywords found"
"11792935695","So. California Sparkle Cami","campaign_past_campaign, USC Gameday 2017","","","Various","0","No matching keywords found"
"11792942287","SC Bandeau Top (White)","campaign_past_campaign, USC Gameday 2017","","","Various","0","No matching keywords found"
"11792944591","Ol' SC Bandeau Top (Yellow)","campaign_past_campaign, USC Gameday 2017","","","Various","0","No matching keywords found"
"11792950031","We Are SC Cami Crop Top","campaign_past_campaign, USC Gameday 2017","","","Various","0","No matching keywords found"
"11792965199","Socal Onepiece Swimsuit","campaign_past_campaign, USC Gameday 2017","","","Various","0","No matching keywords found"
"11821214287","Kite On Fight On Muscle Tank","campaign_past_campaign, KRTR10985, private_product","","","Various","0","No matching keywords found"
"11821430479","Tommy Tube Top","campaign_past_campaign, KRTR10985-private, private_product","","","Various","0","No matching keywords found"
"11821536143","We Are 'SC Crop Tee","campaign_past_campaign, KRTR10985-private, private_product","","","Various","0","No matching keywords found"
"11821600719","SO CAL Onepiece Swimsuit","campaign_past_campaign, KRTR10985-private, private_product","","","Various","0","No matching keywords found"
"11846973903","TSL Galaxy Man TEE","Represent DTG","","","Various","0","No matching keywords found"
"11863022607","Ambassador Welcome Pack","","","","Various","0","No matching keywords found"
"11869249615","Kappa Loves Gameday Tee","campaign_past_campaign, KRTR11504","","","Various","0","No matching keywords found"
"11869258959","FTFO It's Gameday Crop Tee","campaign_past_campaign, KRTR11504","","","Various","0","No matching keywords found"
"11869268687","FTFO One Piece","campaign_past_campaign, KRTR11504","","","Various","0","No matching keywords found"
"11869292047","Southern California One Piece","campaign_past_campaign, KRTR11504","","","Various","0","No matching keywords found"
"11869306127","Kappa Trojan Tee","campaign_past_campaign, KRTR11504","","","Various","0","No matching keywords found"
"11869321679","Kappa So Cal Crewneck Sweatshirt","KRTR11504","","","Various","0","No matching keywords found"
"11869325967","Southern California Cropped Hoodie","KRTR11504","","","Various","0","No matching keywords found"
"11893214351","SLO Phi Psi Rush Shirt","campaign_past_campaign, private_product","","","Various","0","No matching keywords found"
"11893631183","Kite On Fight On Muscle Tank - II","campaign_past_campaign, KRTR11529, private_product","","","Various","0","No matching keywords found"
"11893672783","SO CAL Onepiece Swimsuit - II","campaign_past_campaign, KRTR11529-private, private_product","","","Various","0","No matching keywords found"
"11893747151","Tommy Tube Top - II","campaign_past_campaign, KRTR11529-private, private_product","","","Various","0","No matching keywords found"
"11893808463","We Are 'SC Crop Tee - II","campaign_past_campaign, KRTR11529-private, private_product","","","Various","0","No matching keywords found"
"11901313999","UCSB PiPhi Oranges Tee","campaign_past_campaign, private_product","","","Various","0","No matching keywords found"
"11901327503","UCSB PiPhi Classic Tee","campaign_past_campaign, private_product","","","Various","0","No matching keywords found"
"11901336847","UCSB PiPhi Flames Tee","campaign_past_campaign, private_product","","","Various","0","No matching keywords found"
"11901345935","UCSB PiPhi Baseball Raglan","campaign_past_campaign, private_product","","","Various","0","No matching keywords found"
"11905299599","World's Greatest Big Mug","Accessories, big little, Drinkwear, Mug, On Demand, Qbreak High PM, The Social Life","","","Various","0","No matching keywords found"
"11905299663","World's Greatest Little Mug","Accessories, big little, Drinkwear, Mug, On Demand, Qbreak High PM, The Social Life","","","Various","0","No matching keywords found"
"11905875343","Big Twinkle Tote Bag","Accessories, back to school, Bag, big little, On Demand, Qbreak High PM, The Social Life, tote","","","Various","0","No matching keywords found"
"11905875407","Little Twinkle Tote Bag","Accessories, back to school, Bag, big little, On Demand, Qbreak High PM, The Social Life, tote","","","Various","0","No matching keywords found"
"11912733391","Boy tee","","","","Various","0","No matching keywords found"
"11912748943","prism scoop - s","","","","Various","0","No matching keywords found"
"11912794127","Prism scoop medium","","","","Various","0","No matching keywords found"
"11921393295","Big Pastel Colorblock Scoop Tee","_tab_size-chart-116, big little, blue, Colorblock, Pink, purple, T6, Tee, The Social Life, yellow","","","Various","0","No matching keywords found"
"11921393359","Little Pastel Colorblock Scoop Tee","_tab_size-chart-116, big little, blue, Colorblock, Pink, purple, T6, Tee, The Social Life, yellow","","","Various","0","No matching keywords found"
"11921974799","Big Rainbow Sherbet Tee","_tab_size-chart-85, big little, blue, Green, Pink, Rainbow, T6, Tee, The Social Life, yellow","","","Various","0","No matching keywords found"
"11921974863","Little Rainbow Sherbet Tee","_tab_size-chart-85, big little, blue, Green, Pink, Rainbow, T6, Tee, The Social Life, yellow","","","Various","0","No matching keywords found"
"11922222223","Ol' SC Bandeau Top (Yellow) II","campaign_past_campaign, USC Gameday 2017","","","Various","0","No matching keywords found"
"11922223631","So. California Tube Top II","campaign_past_campaign, USC Gameday 2017","","","Various","0","No matching keywords found"
"11922882895","UK Bring It On Tees","campaign_past_campaign, private_product","","","Various","0","No matching keywords found"
"11926389199","UW PiPhi Bow Down Halter Crop","campaign_past_campaign, private_product","","","Various","0","No matching keywords found"
"11926390095","UW PiPhi Dubs Up Game Day Crop Tee","campaign_past_campaign, private_product","","","Various","0","No matching keywords found"
"11926893647","We Are SC Cami Crop Top II","campaign_past_campaign, USC Gameday 2017","","","Various","0","No matching keywords found"
"11965563663","Rose ""BIG SIS"" Cropped Hoodie","big little, Black, Clearance Bin, Hoodie, Long Sleeve, Top 2020, valentines","","","Various","0","No matching keywords found"
"11965565519","Rose ""LIL SIS"" Cropped Hoodie","big little, Black, Clearance Bin, Hoodie, Long Sleeve, Sweatshirt, Top 2020, valentines","","","Various","0","No matching keywords found"
"11965588303","Headline ""Big"" Cropped Hoodie","Black, campaign_past_campaign, Grey, Pink","","","Various","0","No matching keywords found"
"11965591375","Headline ""Little"" Cropped Hoodie","Black, campaign_past_campaign, Grey, Pink","","","Various","0","No matching keywords found"
"11965605967","Big Rose Shoulder Scoop Tee","_tab_size-chart-116, big little, T6, Tee, The Social Life, valentines, white","","","Various","0","No matching keywords found"
"11965606031","Little Rose Shoulder Scoop Tee","_tab_size-chart-116, big little, T6, Tee, The Social Life, valentines, white","","","Various","0","No matching keywords found"
"11965674191","University of Arizona Body Suit","campaign_past_campaign, private_product","","","Various","0","No matching keywords found"
"11967621839","UW PiPhi Cheer Skirt","campaign_past_campaign, private_product","","","Various","0","No matching keywords found"
"11967627471","UW PiPhi Tube Tops","campaign_past_campaign, private_product","","","Various","0","No matching keywords found"
"11967642191","University Of Central Florida ZBT Tank","campaign_past_campaign, private_product","","","Various","0","No matching keywords found"
"11967646543","UW PiPhi Sports Bras","campaign_past_campaign, private_product","","","Various","0","No matching keywords found"
"11974014095","2017 Sammy Soaked Tee (UT Austin)","private_product","","","Various","0","No matching keywords found"
"11974165583","2017 Sammy ""Soaked"" Tee (UT Austin)","campaign_past_campaign","","","Various","0","No matching keywords found"
"11974404623","Fresno OM Flames Tees","campaign_past_campaign, private_product","","","Various","0","No matching keywords found"
"11980831055","JMU Think Pink Shirt","campaign_past_campaign, private_product","","","Various","0","No matching keywords found"
"11981431183","NAU PiPhi Family Weekend Tees","campaign_past_campaign, private_product","","","Various","0","No matching keywords found"
"11989791887","UW PiPhi Tailgate Tees","campaign_past_campaign, private_product","","","Various","0","No matching keywords found"
"11990336719","Syracuse SUA Long Sleeves","campaign_past_campaign, private_product","","","Various","0","No matching keywords found"
"12485492751","JMU OT Fall Retreat","campaign_past_campaign, private_product","","","Various","0","No matching keywords found"
"12505415695","Texas Sammy Game Day Polo (UT Austin)","campaign_past_campaign","","","Various","0","No matching keywords found"
"14475198479","SDSU DU Tie Dye Tees","campaign_past_campaign, private_product","","","Various","0","No matching keywords found"
"14783447055","Kent State Xi Man Shirts","campaign_past_campaign, private_product","","","Various","0","No matching keywords found"
"15824715791","NAU PiPhi Homecoming Shirts","campaign_past_campaign, private_product","","","Various","0","No matching keywords found"
"20205142031","Nebraska Game Day One Piece","campaign_past_campaign, private_product","","","Various","0","No matching keywords found"
"26831552527","SDSU ADM Crewnecks","campaign_past_campaign, private_product","","","Various","0","No matching keywords found"
"26869301263","SDSU ADM Saturday Shirts","campaign_past_campaign, private_product","","","Various","0","No matching keywords found"
"26894761999","SDSU ADM FTK","campaign_past_campaign, private_product","","","Various","0","No matching keywords found"
"30060806159","Grand Big Rainbow Sherbet Tee","_tab_size-chart-85, big little, blue, Green, Pink, Rainbow, T6, Tee, The Social Life, yellow","","","Various","0","No matching keywords found"
"30061920271","Great Grand Big Rainbow Sherbet Tee","_tab_size-chart-85, big little, blue, Green, Pink, Rainbow, T6, Tee, The Social Life, yellow","","","Various","0","No matching keywords found"
"30063820815","Grand Big Pastel Colorblock Scoop Tee","_tab_size-chart-116, big little, blue, Colorblock, Pink, purple, T6, Tee, The Social Life, yellow","","","Various","0","No matching keywords found"
"30064869391","Great Grand Big Pastel Colorblock Scoop Tee","_tab_size-chart-116, big little, blue, Colorblock, Pink, purple, T6, Tee, The Social Life, yellow","","","Various","0","No matching keywords found"
"36285349903","Tequila Sunrise Tees","campaign_past_campaign, private_product","","","Various","0","No matching keywords found"
"41545433103","ASU Homecoming ""May The Fork Be With You"" Tee","campaign_past_campaign, private_product","","","Various","0","No matching keywords found"
"44781043727","Syracuse SUA Shirts","campaign_past_campaign, private_product","","","Various","0","No matching keywords found"
"46037172239","Deegee Blue Denim Dad Hat","campaign_past_campaign, private_product","","","Various","0","No matching keywords found"
"46041301007","Do Good Grey Denim Dad Hat","campaign_past_campaign, private_product","","","Various","0","No matching keywords found"
"47548792847","Kentucky KD & Beta Halloween Shirts","campaign_past_campaign, private_product","Beta, KD","Beta Theta Pi, Kappa Delta","Beta Theta Pi","80","Longest keyword wins tie-breaker"
"54031941647","UCSB Arrowjam Tees","campaign_past_campaign, private_product","","","Various","0","No matching keywords found"
"54921134095","UCSB Tube Tops","campaign_past_campaign, private_product","","","Various","0","No matching keywords found"
"60377464847","FSU Alpha Gam Long Sleeve","campaign_past_campaign, private_product","","","Various","0","No matching keywords found"
"60515647503","Ohio Acacia Nite on the Nile","campaign_past_campaign, private_product","","","Various","0","No matching keywords found"
"60737028111","Oklahoma PiKap Big / Lil Shirt","campaign_past_campaign, private_product","","","Various","0","No matching keywords found"
"70019219471","SDSU DU Dynasty Tees","campaign_past_campaign, private_product","","","Various","0","No matching keywords found"
"70036586511","U of A Fiji Pig Dinner","campaign_past_campaign, private_product","FIJI","Phi Gamma Delta","Phi Gamma Delta","80","Highest score match"
"70371606543","Big Silky Robe","big little, made to order, Robes, The Social Life","","","Various","0","No matching keywords found"
"70372032527","Little Silky Robe","big little, made to order, Robes, The Social Life","","","Various","0","No matching keywords found"
"70373113871","Little Foil Silky Robe","big little, made to order, Robes, The Social Life","","","Various","0","No matching keywords found"
"70375637007","Big Foil Silky Robe","big little, made to order, Robes, The Social Life","","","Various","0","No matching keywords found"
"70377439247","Big Palms Silky Robe","big little, made to order, Robes, The Social Life","","","Various","0","No matching keywords found"
"70379733007","Little Palms Silky Robe","big little, made to order, Robes, The Social Life","","","Various","0","No matching keywords found"
"70380453903","Oklahoma Fiji Homecoming Shirts","campaign_past_campaign, private_product","FIJI","Phi Gamma Delta","Phi Gamma Delta","80","Highest score match"
"71023493135","Fellner Pocket Tee","campaign_past_campaign, private_product","","","Various","0","No matching keywords found"
"77491470351","NAU PiPhi Mountains","campaign_past_campaign, private_product","","","Various","0","No matching keywords found"
"77623132175","Virginia Tech Anchorslam Tee - Fraternity Edition","campaign_past_campaign, private_product","","","Various","0","No matching keywords found"
"77631094799","Paint Your Colors Tee","campaign_past_campaign, private_product","","","Various","0","No matching keywords found"
"77632602127","Right To Thrive Tee","campaign_past_campaign, private_product","","","Various","0","No matching keywords found"
"78405107727","Alpha Kappa Phi Crewneck","campaign_past_campaign, private_product","","","Various","0","No matching keywords found"
"78485159951","Ohio State DSPi Fall Order","campaign_past_campaign, private_product","","","Various","0","No matching keywords found"
"81640325135","BTB Spaghetti Strap Tank","campaign_past_campaign, KRTR12456, private_product","","","Various","0","No matching keywords found"
"81659035663","Fucla Raw Edge Cropped Tee","campaign_past_campaign, KRTR12456, private_product","","","Various","0","No matching keywords found"
"81940840463","FTFO Sweatshirt","campaign_past_campaign, KRTR12456, private_product","","","Various","0","No matching keywords found"
"89904119823","Kent State Alpha Xi Vogue Tee","campaign_past_campaign, private_product","","","Various","0","No matching keywords found"
"92460154895","Alpha Kappa Phi Stranger Things Tee","campaign_past_campaign, private_product","","","Various","0","No matching keywords found"
"95519735823","Princeton Business Today Club Apparel","campaign_past_campaign, private_product","","","Various","0","No matching keywords found"
"95535562767","GMU Pi Kap Formal Shirt","campaign_past_campaign, private_product","","","Various","0","No matching keywords found"
"98711306255","UCSD PiPhi Quarter Zips","campaign_past_campaign, private_product","","","Various","0","No matching keywords found"
"123975434255","Palmers Society Alumni Long Sleeve Tee","campaign_past_campaign, private_product","","","Various","0","No matching keywords found"
"126233968655","UCSB Dance Tees","campaign_past_campaign, private_product","","","Various","0","No matching keywords found"
"126256250895","UCSB Gauchos Tube Tops","campaign_past_campaign, private_product","","","Various","0","No matching keywords found"
"139460837391","Cap and Gown Bracelet","campaign_past_campaign, private_product","","","Various","0","No matching keywords found"
"139470372879","Cap and Gown Club Crewneck","campaign_past_campaign, private_product","","","Various","0","No matching keywords found"
"139474501647","Cap and Gown Baseball Shirt","campaign_past_campaign, private_product","","","Various","0","No matching keywords found"
"139476631567","Cap and Gown Fanny Pack","campaign_past_campaign, private_product","","","Various","0","No matching keywords found"
"139480137743","Cap and Gown Flannel","campaign_past_campaign, private_product","","","Various","0","No matching keywords found"
"139499372559","Cap and Gown Henley","campaign_past_campaign, private_product","","","Various","0","No matching keywords found"
"139501535247","Cap and Gown Joggers","campaign_past_campaign, private_product","","","Various","0","No matching keywords found"
"139506745359","Cap and Gown Muscle Tank","campaign_past_campaign, private_product","","","Various","0","No matching keywords found"
"139533123599","Cap and Gown Socks","campaign_past_campaign, private_product","","","Various","0","No matching keywords found"
"139536400399","Cap and Gown Club Spirit Jersey","campaign_past_campaign, private_product","","","Various","0","No matching keywords found"
"139540004879","Cap and Gown White Tee","campaign_past_campaign, private_product","","","Various","0","No matching keywords found"
"140176916495","Cap and Gown Sweatshirt","campaign_past_campaign, private_product","","","Various","0","No matching keywords found"
"140183240719","Cap and Gown Retro Tee","campaign_past_campaign, private_product","","","Various","0","No matching keywords found"
"141531611151","Cap and Gown Hat","campaign_past_campaign, private_product","","","Various","0","No matching keywords found"
"145397284879","Alpha Kappa Phi Rock Crewneck Undo","campaign_past_campaign, private_product","","","Various","0","No matching keywords found"
"191236309007","UCSB PiPhi Henley","campaign_past_campaign, private_product","","","Various","0","No matching keywords found"
"191238733839","UCSB PiPhi Joggers","campaign_past_campaign, private_product","","","Various","0","No matching keywords found"
"191241093135","UCSB PiPhi Cow Skull Tees","campaign_past_campaign, private_product","","","Various","0","No matching keywords found"
"192338034703","UC Boulder AChiO Jacket","campaign_past_campaign, private_product","","","Various","0","No matching keywords found"
"197974196239","UCSB PiPhi Embroidered Crewneck","campaign_past_campaign, private_product","","","Various","0","No matching keywords found"
"208636575759","OSU DOK Marathon Tanks","campaign_past_campaign, private_product","","","Various","0","No matching keywords found"
"208711614479","OSU Residence Team Marathon Shirt","campaign_past_campaign, private_product","","","Various","0","No matching keywords found"
"208793075727","UI Spring Block Jersey","campaign_past_campaign, private_product","","","Various","0","No matching keywords found"
"208815259663","UI Spring Block Crewneck","campaign_past_campaign, private_product","","","Various","0","No matching keywords found"
"209610080271","UI Spring Block Henley","campaign_past_campaign, private_product","","","Various","0","No matching keywords found"
"215155834895","UMN Greek Week Bee Tee","campaign_past_campaign, private_product","","","Various","0","No matching keywords found"
"215158882319","UNM Greek Week Star Tee","campaign_past_campaign, private_product","","","Various","0","No matching keywords found"
"216923045903","UI Spring Block Flannel","campaign_past_campaign, private_product","","","Various","0","No matching keywords found"
"216929697807","UNM Greek Week Ringer","campaign_past_campaign","","","Various","0","No matching keywords found"
"219648983055","UI PSK Spring Block Jersey","campaign_past_campaign, private_product","","","Various","0","No matching keywords found"
"219691515919","UI PSK Spring Block Tee","campaign_past_campaign, private_product","","","Various","0","No matching keywords found"
"220103933967","Ball State Pi Kap Marathon Tank","campaign_past_campaign, private_product","","","Various","0","No matching keywords found"
"231968342031","University of Washington Alpha Phear Factor Shirts","campaign_past_campaign, private_product","","","Various","0","No matching keywords found"
"232145289231","CC Sample Pack","","","","Various","0","No matching keywords found"
"234698014735","Oklahoma DTD/Chi O Mixer","campaign_past_campaign, private_product","Chi O, DTD","Chi Omega, Delta Tau Delta","Chi Omega","80","Longest keyword wins tie-breaker"
"235542544399","Kent State ST Pattys Hoodie","campaign_past_campaign, private_product","","","Various","0","No matching keywords found"
"501822980111","Carnation Bowl Pocket Tee","campaign_past_campaign, private_product","","","Various","0","No matching keywords found"
"503295246351","Hawaii Shark Pocket Tee","campaign_past_campaign, private","","","Various","0","No matching keywords found"
"503303471119","UF Draft a Date Tees","campaign_past_campaign, private_product","","","Various","0","No matching keywords found"
"503622402063","OSU Dance Connection Shirt","campaign_past_campaign, private_product","","","Various","0","No matching keywords found"
"503686004751","Villanova Voices Poodle Fleece Crew","campaign_past_campaign, private_product","","","Various","0","No matching keywords found"
"504062246927","Texas Tech Kapp Delta Shirt","campaign_past_campaign, private_product","","","Various","0","No matching keywords found"
"504062935055","Texas Tech Kay Dee Shirt","campaign_past_campaign, private_product","","","Various","0","No matching keywords found"
"504112873487","Stanford Kappa Hats","campaign_past_campaign, private_product","","","Various","0","No matching keywords found"
"505945325583","U Del Sigma Kappa White T-Shirt","campaign_past_campaign, private_product","Sigma Kappa","Sigma Kappa","Sigma Kappa","100","Highest score match"
"505947586575","Kentucky Stomp-A-Palooza Tees","campaign_past_campaign, private_product","","","Various","0","No matching keywords found"
"518352175119","NAU PiPhi Founders Day Tee","campaign_past_campaign, private_product","","","Various","0","No matching keywords found"
"518372032527","NAU DSP Fanny Pack (Bulk Shipping)","campaign_past_campaign, private_product","DSP","Delta Sigma Phi, Delta Sigma Pi","Various","80","Score tie between multiple licensors: Delta Sigma Phi, Delta Sigma Pi"
"518372786191","NAU DSP Sticker (Bulk Shipping)","campaign_past_campaign, private_product","DSP","Delta Sigma Phi, Delta Sigma Pi","Various","80","Score tie between multiple licensors: Delta Sigma Phi, Delta Sigma Pi"
"518373834767","NAU DSP Hat (Bulk Shipping)","campaign_past_campaign, private_product","DSP","Delta Sigma Phi, Delta Sigma Pi","Various","80","Score tie between multiple licensors: Delta Sigma Phi, Delta Sigma Pi"
"518374096911","NAU DSP HAT (Individual Shipping)","campaign_past_campaign, private_product","DSP","Delta Sigma Phi, Delta Sigma Pi","Various","80","Score tie between multiple licensors: Delta Sigma Phi, Delta Sigma Pi"
"518374227983","NAU DSP Spring Tee (Bulk Shipping)","campaign_past_campaign, private_product","DSP","Delta Sigma Phi, Delta Sigma Pi","Various","80","Score tie between multiple licensors: Delta Sigma Phi, Delta Sigma Pi"
"518374817807","NAU DSP Fanny (Individual shipping)","campaign_past_campaign, private_product","DSP","Delta Sigma Phi, Delta Sigma Pi","Various","80","Score tie between multiple licensors: Delta Sigma Phi, Delta Sigma Pi"
"518374948879","NAU DSP Sticker (individual shipping)","campaign_past_campaign, private_product","DSP","Delta Sigma Phi, Delta Sigma Pi","Various","80","Score tie between multiple licensors: Delta Sigma Phi, Delta Sigma Pi"
"518375079951","NAU DSP Spring Tee (Individual shipping)","campaign_past_campaign, private_product","DSP","Delta Sigma Phi, Delta Sigma Pi","Various","80","Score tie between multiple licensors: Delta Sigma Phi, Delta Sigma Pi"
"519990345743","Indiana University Southeast Panhellenic Tee","campaign_past_campaign, private_product","","","Various","0","No matching keywords found"
"520155168783","University of Minnesota EX Derby Days","campaign_past_campaign, private_product","","","Various","0","No matching keywords found"
"520514764815","St. Patrick's Day Lucky Tee","campaign_past_campaign, private_product","","","Various","0","No matching keywords found"
"523733991439","UDel Alpha Zeta Crewneck","campaign_past_campaign, private_product","","","Various","0","No matching keywords found"
"524000624655","TSL All-Star Tank","campaign_past_campaign","","","Various","0","No matching keywords found"
"524000657423","TSL All-Star Tee","campaign_past_campaign","","","Various","0","No matching keywords found"
"524000690191","TSL All-Star Crewneck Sweatshirt","campaign_past_campaign","","","Various","0","No matching keywords found"
"524137496591","UF Girl Power Tees","campaign_past_campaign, private_product","","","Various","0","No matching keywords found"
"524149129231","One 2 Seven TShirt","campaign_past_campaign, private_product","","","Various","0","No matching keywords found"
"524149161999","Washington Kappa Prism Scoop Tee","campaign_past_campaign, private_product, Rainbow","","","Various","0","No matching keywords found"
"524149227535","SDSU DU WolfPack Shirts","campaign_past_campaign, private_product","","","Various","0","No matching keywords found"
"524150931471","WVU Red Dress Gala","campaign_past_campaign, private_product","","","Various","0","No matching keywords found"
"524151586831","VT Senior Crawl","campaign_past_campaign, private_product","","","Various","0","No matching keywords found"
"524163317775","USC XDC | Quarter Zip Sweatshirt","campaign_past_campaign, private_product","","","Various","0","No matching keywords found"
"524800032783","test","","","","Various","0","No matching keywords found"
"525099270159","Sammy Sandlot Tanks","campaign_past_campaign, private_product","","","Various","0","No matching keywords found"
"525126991887","OSU PiKap Formal Shirts","campaign_past_campaign, private_product","","","Various","0","No matching keywords found"
"525548945423","Charlie's Bachelor Party Tanks","campaign_past_campaign, private_product","","","Various","0","No matching keywords found"
"525610647567","Saved By Alpha Kappa Phi Tie-Dye Tee","campaign_past_campaign, private_product","","","Various","0","No matching keywords found"
"525659930639","Ohio University Chi O Jersey","campaign_past_campaign, private_product","Chi O","Chi Omega","Chi Omega","80","Highest score match"
"749012451444","SDSU DU Circle Tees","campaign_past_campaign, private_product","","","Various","0","No matching keywords found"
"749019693172","Baylor FIJI Crawfish Boil","campaign_past_campaign, private_product","FIJI","Phi Gamma Delta","Phi Gamma Delta","80","Highest score match"
"749253984372","Stetson Bar Crawl Teees","campaign_past_campaign, private_product","","","Various","0","No matching keywords found"
"749925400692","Oregon Theta Spring PR","campaign_past_campaign, private_product","THETA","Kappa Alpha Theta","Kappa Alpha Theta","80","Highest score match"
"750035107956","Theta Derby Days","campaign_past_campaign","THETA","Kappa Alpha Theta","Kappa Alpha Theta","80","Highest score match"
"750035435636","Kappa Derby Days","campaign_past_campaign, private_product","","","Various","0","No matching keywords found"
"750035665012","DG Derby Days","campaign_past_campaign, private_product","DG","Delta Gamma","Delta Gamma","80","Highest score match"
"750036615284","AlphaPhi Derby Days","campaign_past_campaign, private_product","AlphaPhi","Alpha Phi","Alpha Phi","80","Highest score match"
"750037106804","TriDelt Derby Days","campaign_past_campaign, private_product","TriDelt","Delta Delta Delta","Delta Delta Delta","80","Highest score match"
"750037729396","DPhi Derby Days","campaign_past_campaign, private_product","","","Various","0","No matching keywords found"
"750037958772","AGD Derby Days","campaign_past_campaign, private_product","AGD","Alpha Gamma Delta","Alpha Gamma Delta","80","Highest score match"
"750038876276","Azd Derby Days","campaign_past_campaign, private_product","AZD","Alpha Xi Delta","Alpha Xi Delta","80","Highest score match"
"750039564404","AChiO Derby Days","campaign_past_campaign, private_product","","","Various","0","No matching keywords found"
"750040088692","PhiSig Derby Days","campaign_past_campaign, private_product","","","Various","0","No matching keywords found"
"750040514676","SDT Derby Days","campaign_past_campaign, private_product","SDT","Sigma Delta Tau","Sigma Delta Tau","80","Highest score match"
"750040711284","AEPhi Derby Days","campaign_past_campaign, private_product","AEPHI","Alpha Epsilon Phi","Alpha Epsilon Phi","80","Highest score match"
"750041301108","Family & Friends Derby Days","campaign_past_campaign, private_product","","","Various","0","No matching keywords found"
"750749057140","GPhiB Derby Days","campaign_past_campaign, private_product","","","Various","0","No matching keywords found"
"751668166772","Oklahoma Dry-Fit Tee","campaign_past_campaign, private_product","","","Various","0","No matching keywords found"
"762562838644","Sigma Kappa That 70s Tote","Accessories, Bag, On Demand, Qbreak High PM, Sigma Kappa, tote","Sigma Kappa","Sigma Kappa","Sigma Kappa","100","Highest score match"
"1296928473204","NAU PiPhi Philo Night Tee","campaign_past_campaign, private_product","","","Various","0","No matching keywords found"
"1296929357940","NAU Orange Tee","campaign_past_campaign, private_product","","","Various","0","No matching keywords found"
"1296931422324","NAU PiPhi AZ Foil Tee","campaign_past_campaign, private_product","","","Various","0","No matching keywords found"
"1296931684468","NAU PiPhi Jansport Backpack","campaign_past_campaign, private_product","","","Various","0","No matching keywords found"
"1296948723828","ONE 2 SEVEN Flamingo","campaign_past_campaign, private_product","","","Various","0","No matching keywords found"
"1297806131316","Eugene Bar Crawl Tee","campaign_past_campaign, private_product","","","Various","0","No matching keywords found"
"1298428887156","Sheffler Strong Tee","campaign_past_campaign, private_product","","","Various","0","No matching keywords found"
"1299153059956","Standford ChiO Speak Kindly Tee","campaign_past_campaign, private_product","CHIO","Chi Omega","Chi Omega","80","Highest score match"
"1303046488180","Paint Your Colors Long Sleeves","campaign_past_campaign, private_product","","","Various","0","No matching keywords found"
"1303337599092","SEMO AXiD & SigEp Greek Week Camps!","campaign_past_campaign, private_product","SigEp, AXID","Sigma Phi Epsilon, Alpha Xi Delta","Sigma Phi Epsilon","80","Longest keyword wins tie-breaker"
"1328873865332","Fresno Panhellenic Tanks","campaign_past_campaign, private_product","","","Various","0","No matching keywords found"
"1332485357684","Texas Christian Zeta Bid Day 2018 Ringer","campaign_past_campaign, private_product","","","Various","0","No matching keywords found"
"1336643879028","Denver DSPI Fall Tee","campaign_past_campaign, private_product","","","Various","0","No matching keywords found"
"1337055281268","NAU PiPhi Flower Tank","campaign_past_campaign, private_product","","","Various","0","No matching keywords found"
"1399260217438","Alpha Epsilon Phi Everyday Tee","_tab_size-chart-3001, Alpha Epsilon Phi��, Black, BOGO Tee, Classic, DJ, Shirt, Tee","Alpha Epsilon Phi","Alpha Epsilon Phi","Alpha Epsilon Phi","100","Highest score match"
"1414088949854","DJ STU TANK","campaign_past_campaign","","","Various","0","No matching keywords found"
"1427454165086","Arizona Theta Fall 2018 PR","Apparel (Private), campaign_past_campaign, private_product","THETA","Kappa Alpha Theta","Kappa Alpha Theta","80","Highest score match"
"1435617001566","Big's Scorpion Tee","_tab_size-chart-3001, big little, BOGO Tee, DJ, Shirt, Tee, White","","","Various","0","No matching keywords found"
"1435617067102","Little's Scorpion Tee","_tab_size-chart-3001, big little, BOGO Tee, DJ, Shirt, Tee, White","","","Various","0","No matching keywords found"
"1435617132638","G Big's Scorpion Tee","_tab_size-chart-3001, big little, BOGO Tee, DJ, Shirt, Tee, White","","","Various","0","No matching keywords found"
"1435617165406","Big's Salty Tee","_tab_size-chart-3413C, big little, BOGO Tee, DJ, Shirt, Tee, White","","","Various","0","No matching keywords found"
"1435617230942","Little's Salty Tee","_tab_size-chart-3413C, big little, BOGO Tee, DJ, Shirt, Tee, White","","","Various","0","No matching keywords found"
"1435617296478","G Big's Salty Tee","_tab_size-chart-3413C, big little, BOGO Tee, DJ, Shirt, Tee, White","","","Various","0","No matching keywords found"
"1435617329246","Little's Rock n Roll Tee","_tab_size-chart-3413C, big little, BOGO Tee, DJ, Shirt, Tee, White","","","Various","0","No matching keywords found"
"1435617394782","Big's Rock n Roll Tee","_tab_size-chart-3413C, big little, BOGO Tee, DJ, Shirt, Tee, White","","","Various","0","No matching keywords found"
"1435617460318","G Big's Rock n Roll Tee","_tab_size-chart-3413C, big little, BOGO Tee, DJ, Shirt, Tee, White","","","Various","0","No matching keywords found"
"1435617525854","Little's OG Tee","_tab_size-chart-3001, big little, BOGO Tee, DJ, Shirt, Tee, White","","","Various","0","No matching keywords found"
"1435617558622","Big's OG Tee","_tab_size-chart-3001, big little, BOGO Tee, DJ, Shirt, Tee, White","","","Various","0","No matching keywords found"
"1435617591390","G Big's OG Tee","_tab_size-chart-3001, big little, BOGO Tee, DJ, Shirt, Tee, White","","","Various","0","No matching keywords found"
"1435617656926","Little's Cursive Tee","_tab_size-chart-3001, big little, BOGO Tee, Classic, DJ, Shirt, Tee, White","","","Various","0","No matching keywords found"
"1435617689694","Big's Cursive Tee","_tab_size-chart-3001, big little, BOGO Tee, Classic, DJ, Shirt, Tee, White","","","Various","0","No matching keywords found"
"1435617755230","G Big's Cursive Tee","_tab_size-chart-3001, big little, BOGO Tee, Classic, DJ, Shirt, Tee, White","","","Various","0","No matching keywords found"
"1435617787998","Little's Rainbow Tee","_tab_size-chart-3001, big little, BOGO Tee, DJ, Rainbow, Shirt, Tee, White","","","Various","0","No matching keywords found"
"1435617820766","Big's Rainbow Tee","_tab_size-chart-3001, big little, BOGO Tee, DJ, Rainbow, Shirt, Tee, White","","","Various","0","No matching keywords found"
"1435617853534","G Big's Rainbow Tee","_tab_size-chart-3001, big little, BOGO Tee, DJ, Rainbow, Shirt, Tee, White","","","Various","0","No matching keywords found"
"1435617919070","Little's Wild Cherry Tee","_tab_size-chart-3600, big little, BOGO Tee, DJ, Shirt, Tee, White","","","Various","0","No matching keywords found"
"1435617951838","Big's Wild Cherry Tee","_tab_size-chart-3600, big little, BOGO Tee, DJ, Shirt, Tee, White","","","Various","0","No matching keywords found"
"1435617984606","G Big's Wild Cherry Tee","_tab_size-chart-3600, big little, BOGO Tee, DJ, Shirt, Tee, White","","","Various","0","No matching keywords found"
"1435633483870","Game Day Bandana - Maroon / Gold","Accessories, Arizona State, Bandana, Gameday, Red, T6, Yellow","","","Various","0","No matching keywords found"
"1435633516638","Game Day Bandana - Navy / Red","Accessories, Arizona, Bandana, Blue, Fresno State, Gameday, Red, T6","","","Various","0","No matching keywords found"
"1435633549406","Game Day Bandana - Green / White","Accessories, Bandana, Gameday, Green, Michigan State, T6, White","","","Various","0","No matching keywords found"
"1435633582174","Game Day Bandana - Green / Yellow","Accessories, Bandana, Gameday, Green, Oregon, T6, Yellow","","","Various","0","No matching keywords found"
"1435633614942","Game Day Bandana - Blue / Yellow","Accessories, Bandana, Blue, Gameday, T6, UCLA, Yellow","","","Various","0","No matching keywords found"
"1435633647710","Game Day Bandana - Orange / Blue","Accessories, Bandana, Blue, Florida, Gameday, Orange, T6","","","Various","0","No matching keywords found"
"1435633680478","Game Day Bandana - Orange / Green","Accessories, Bandana, Gameday, Green, Miami, Orange, T6","","","Various","0","No matching keywords found"
"1435633713246","Game Day Bandana - Gold / Cardinal","Accessories, Bandana, Gameday, Red, T6, USC, Yellow","","","Various","0","No matching keywords found"
"1435633746014","Game Day Bandana - Orange / Maroon","Accessories, Bandana, Gameday, Maroon, Orange, T6, Virginia Tech","","","Various","0","No matching keywords found"
"1435633778782","Game Day Bandana - White / Purple","Accessories, Bandana, Gameday, Purple, T6, Washington, White","","","Various","0","No matching keywords found"
"1435633811550","Game Day Bandana - White / Red","Accessories, Alabama, Bandana, Fresno State, Gameday, Red, T6, Wisconsin","","","Various","0","No matching keywords found"
"1435634860126","Game Day Retro Shorts - Blue","Blue, Florida, Gameday, Shorts, T6","","","Various","0","No matching keywords found"
"1435634892894","Game Day Retro Shorts - Maroon","Arizona State, Gameday, Red, Shorts, T6, Virginia Tech","","","Various","0","No matching keywords found"
"1435634925662","Game Day Retro Shorts - Orange","Gameday, Miami, Orange, Shorts, T6","","","Various","0","No matching keywords found"
"1435634958430","Game Day Retro Shorts - Dark Green","Gameday, Green, Michigan State, Shorts, T6","","","Various","0","No matching keywords found"
"1435634991198","Game Day Retro Shorts - Yellow","Gameday, Oregon, Shorts, T6, UCLA, Yellow","","","Various","0","No matching keywords found"
"1435635023966","Game Day Retro Shorts - Red","Alabama, Arizona, Fresno State, Gameday, Red, Shorts, T6, USC, Wisconsin","","","Various","0","No matching keywords found"
"1435635056734","Game Day Retro Shorts - Baby Blue","Blue, Gameday, Shorts, T6, UCLA","","","Various","0","No matching keywords found"
"1435635089502","Game Day Retro Shorts - Purple","Gameday, Purple, Shorts, T6, Washington","","","Various","0","No matching keywords found"
"1435635122270","Game Day Striped Retro Shorts - Maroon / Gold","Arizona State, Gameday, Red, Shorts, T6, Yellow","","","Various","0","No matching keywords found"
"1435635155038","Game Day Striped Retro Shorts - Blue / Orange","Blue, Florida, Gameday, Orange, Shorts, T6","","","Various","0","No matching keywords found"
"1435635187806","Game Day Striped Retro Shorts - Orange / Green","Gameday, Green, Miami, Orange, Shorts, T6","","","Various","0","No matching keywords found"
"1435635220574","Game Day Striped Retro Shorts - Green / White","Gameday, Green, Michigan State, Shorts, T6, White","","","Various","0","No matching keywords found"
"1435635253342","Game Day Striped Retro Shorts - Green / Yellow","Gameday, Green, Oregon, Shorts, T6, Yellow","","","Various","0","No matching keywords found"
"1435635286110","Game Day Striped Retro Shorts - Blue / Yellow","Blue, Gameday, Shorts, T6, UCLA, Yellow","","","Various","0","No matching keywords found"
"1435635318878","Game Day Striped Retro Shorts - Red / Navy","Arizona, Blue, Fresno State, Gameday, Red, Shorts, T6","","","Various","0","No matching keywords found"
"1435635351646","Game Day Striped Retro Shorts - Cardinal / Gold","Gameday, Red, Shorts, T6, USC, Yellow","","","Various","0","No matching keywords found"
"1435635384414","Game Day Striped Retro Shorts - Orange / Maroon","Gameday, Orange, Red, Shorts, T6, Virginia Tech","","","Various","0","No matching keywords found"
"1435635417182","Game Day Striped Retro Shorts - Purple / White","Gameday, Purple, Shorts, T6, Washington, White","","","Various","0","No matching keywords found"
"1435635449950","Game Day Striped Retro Shorts - Red / White","Alabama, Fresno State, Gameday, Red, Shorts, T6, White, Wisconsin","","","Various","0","No matching keywords found"
"1435635712094","Game Day Bodysuit - Blue","Blue, Bodysuit, Florida, Gameday, T6","","","Various","0","No matching keywords found"
"1435635744862","Game Day Bodysuit - Maroon","Arizona State, Bodysuit, Gameday, Red, T6, Virginia Tech","","","Various","0","No matching keywords found"
"1435635810398","Game Day Bodysuit - Orange","Bodysuit, Gameday, Miami, Orange, T6","","","Various","0","No matching keywords found"
"1435635908702","Game Day Bodysuit - Dark Green","Bodysuit, Gameday, Green, Michigan State, T6","","","Various","0","No matching keywords found"
"1435635941470","Game Day Bodysuit - Green","Bodysuit, Gameday, Green, Oregon, T6","","","Various","0","No matching keywords found"
"1435635974238","Game Day Bodysuit - Red","Alabama, Arizona, Bodysuit, Fresno State, Gameday, Red, T6, USC, Wisconsin","","","Various","0","No matching keywords found"
"1435636007006","Game Day Bodysuit - Baby Blue","Blue, Bodysuit, Gameday, T6, UCLA","","","Various","0","No matching keywords found"
"1435636039774","Game Day Bodysuit - Purple","Bodysuit, Gameday, Purple, T6, Washington","","","Various","0","No matching keywords found"
"1435636072542","Game Day Striped Bodysuit - Maroon / Gold","Arizona State, Bodysuit, Gameday, Red, T6, Yellow","","","Various","0","No matching keywords found"
"1435636105310","Game Day Striped Bodysuit - Blue / Orange","Blue, Bodysuit, Florida, Gameday, Orange, T6","","","Various","0","No matching keywords found"
"1435636138078","Game Day Striped Bodysuit - Orange / Green","Bodysuit, Gameday, Green, Miami, Orange, T6","","","Various","0","No matching keywords found"
"1435636170846","Game Day Striped Bodysuit - Green / White","Bodysuit, Gameday, Green, Michigan State, T6, White","","","Various","0","No matching keywords found"
"1435636203614","Game Day Striped Bodysuit - Green / Yellow","Bodysuit, Gameday, Green, Oregon, T6, Yellow","","","Various","0","No matching keywords found"
"1435636236382","Game Day Striped Bodysuit - Blue / Yellow","Blue, Bodysuit, Gameday, T6, UCLA, Yellow","","","Various","0","No matching keywords found"
"1435636269150","Game Day Striped Bodysuit - Red / Navy","Arizona, Blue, Bodysuit, Fresno State, Gameday, Red, T6","","","Various","0","No matching keywords found"
"1435636301918","Game Day Striped Bodysuit - Cardinal / Gold","Bodysuit, Gameday, Red, T6, USC, Yellow","","","Various","0","No matching keywords found"
"1435636334686","Game Day Striped Bodysuit - Orange / Maroon","Bodysuit, Gameday, Orange, Red, T6, Virginia Tech","","","Various","0","No matching keywords found"
"1435636367454","Game Day Striped Bodysuit - Purple / White","Bodysuit, Gameday, Purple, T6, Washington, White","","","Various","0","No matching keywords found"
"1435636400222","Game Day Striped Bodysuit - Red / White","Alabama, Bodysuit, Fresno State, Gameday, Red, T6, White, Wisconsin","","","Various","0","No matching keywords found"
"1435638431838","Game Day Tube Top (Reversible) - Black / Maroon / Gold","Arizona State, Gameday, Red, T6, Tube Top, Yellow","","","Various","0","No matching keywords found"
"1435638464606","Game Day Tube Top (Reversible) - White / Blue / Orange","Blue, Florida, Gameday, Orange, T6, Tube Top","","","Various","0","No matching keywords found"
"1435638497374","Game Day Tube Top (Reversible) - White / Orange / Green","Gameday, Green, Miami, Orange, T6, Tube Top","","","Various","0","No matching keywords found"
"1435638530142","Game Day Tube Top (Reversible) - Green / White","Gameday, Green, Michigan State, T6, Tube Top, White","","","Various","0","No matching keywords found"
"1435638562910","Game Day Tube Top (Reversible) - White / Green / Yellow","Gameday, Green, Oregon, T6, Tube Top, Yellow","","","Various","0","No matching keywords found"
"1435638595678","Game Day Tube Top (Reversible) - White / Blue / Yellow","Blue, Gameday, T6, Tube Top, UCLA, Yellow","","","Various","0","No matching keywords found"
"1435638661214","Game Day Tube Top (Reversible) - White / Red / Navy","Arizona, Blue, Fresno State, Gameday, Red, T6, Tube Top","","","Various","0","No matching keywords found"
"1435638693982","Game Day Tube Top (Reversible) - White / Cardinal / Gold","Gameday, Red, T6, Tube Top, USC, Yellow","","","Various","0","No matching keywords found"
"1435638726750","Game Day Tube Top (Reversible) - White / Orange / Maroon","Gameday, Orange, Red, T6, Tube Top, Virginia Tech","","","Various","0","No matching keywords found"
"1435638759518","Game Day Tube Top (Reversible) - Purple / White","Gameday, Purple, T6, Tube Top, Washington, White","","","Various","0","No matching keywords found"
"1435638792286","Game Day Tube Top (Reversible) - Red / White","Alabama, Fresno State, Gameday, Red, T6, Tube Top, White, Wisconsin","","","Various","0","No matching keywords found"
"1441171308638","Sigma Del Sol Shirts","Apparel (Private), campaign_past_campaign, private_product","","","Various","0","No matching keywords found"
"1443469721694","Big's Zoom Tee","_tab_size-chart-3413C, big little, Black, BOGO Tee, DJ, Shirt, Tee","","","Various","0","No matching keywords found"
"1443469819998","Little's Zoom Tee","_tab_size-chart-3413C, big little, Black, BOGO Tee, DJ, Shirt, Tee","","","Various","0","No matching keywords found"
"1443469852766","G Big's Zoom Tee","_tab_size-chart-3413C, big little, Black, BOGO Tee, DJ, Shirt, Tee","","","Various","0","No matching keywords found"
"1443470835806","Big's Smiley Flower Ringer Tee","_tab_size-chart-988, big little, BOGO Tee, DJ, Shirt, Tee, White","","","Various","0","No matching keywords found"
"1443470868574","Little's Smiley Flower Ringer Tee","_tab_size-chart-988, big little, BOGO Tee, DJ, Shirt, Tee, White","","","Various","0","No matching keywords found"
"1443470934110","G Big's Smiley Flower Ringer Tee","_tab_size-chart-988, big little, BOGO Tee, DJ, Shirt, Tee, White","","","Various","0","No matching keywords found"
"1443623993438","Big's Primary Scoop Tee","90s, _tab_size-chart-116, big little, Colorblock, Shirt, T6, Tee, White","","","Various","0","No matching keywords found"
"1443624190046","G Big's Primary Scoop Tee","90s, _tab_size-chart-116, big little, Colorblock, Shirt, T6, Tee, White","","","Various","0","No matching keywords found"
"1443624386654","Little's Primary Scoop Tee","90s, _tab_size-chart-116, big little, Colorblock, Shirt, T6, Tee, White","","","Various","0","No matching keywords found"
"1443625500766","Big's Checkered Raglan Crewneck","90s, _tab_size-chart-191, big little, Crewneck, Sweatshirt, T6, White","","","Various","0","No matching keywords found"
"1443625730142","G Big's Checkered Raglan Crewneck","90s, _tab_size-chart-191, big little, Crewneck, Sweatshirt, T6, White","","","Various","0","No matching keywords found"
"1443625861214","Little's Checkered Raglan Crewneck","90s, _tab_size-chart-191, big little, Crewneck, Sweatshirt, T6, White","","","Various","0","No matching keywords found"
"1451633377374","Big's Colorblast Tee","_tab_size-chart-3001, big little, Blue, BOGO Tee, DJ, Rainbow, Shirt, Tee","","","Various","0","No matching keywords found"
"1451633573982","G Big's Colorblast Tee","_tab_size-chart-3001, big little, Blue, BOGO Tee, DJ, Rainbow, Shirt, Tee","","","Various","0","No matching keywords found"
"1451633836126","Little's Colorblast Tee","_tab_size-chart-3001, big little, Blue, BOGO Tee, DJ, Rainbow, Shirt, Tee","","","Various","0","No matching keywords found"
"1451701567582","Big's ABC Tee","_tab_size-chart-3001, big little, BOGO Tee, DJ, Shirt, Tee, White","","","Various","0","No matching keywords found"
"1451701633118","G Big's ABC Tee","_tab_size-chart-3001, big little, BOGO Tee, DJ, Shirt, Tee, White","","","Various","0","No matching keywords found"
"1451701665886","Little's ABC Tee","_tab_size-chart-3001, big little, BOGO Tee, DJ, Shirt, Tee, White","","","Various","0","No matching keywords found"
"1451712118878","KSU Tube Tops","Apparel (Private), campaign_past_campaign, private_product","","","Various","0","No matching keywords found"
"1455015297118","test","","","","Various","0","No matching keywords found"
"1455132999774","Boulder Alumni Tailgate Shirts","Apparel (Private), campaign_past_campaign, private_product","","","Various","0","No matching keywords found"
"1456034054238","Interact Area 6 T-Shirt","Apparel (Private), campaign_past_campaign, private_product","","","Various","0","No matching keywords found"
"1456080617566","Little's Holographic Tee","_tab_size-chart-85, big little, Rainbow, Shirt, T6, Tee","","","Various","0","No matching keywords found"
"1456080683102","G Big's Holographic Tee","_tab_size-chart-85, big little, Rainbow, Shirt, T6, Tee","","","Various","0","No matching keywords found"
"1456080715870","Big's Holographic Tee","_tab_size-chart-85, big little, Rainbow, Shirt, T6, Tee","","","Various","0","No matching keywords found"
"1457074077790","Interact Area 1 Long Sleeve T-Shirt","","","","Various","0","No matching keywords found"
"1457075290206","Interact Area 1 T-Shirt","","","","Various","0","No matching keywords found"
"1457200922718","Interact Area 1 T-Shirt","Apparel (Private), campaign_past_campaign, private_product","","","Various","0","No matching keywords found"
"1457262198878","Interact Area 3 T-Shirt","Apparel (Private), campaign_past_campaign, private_product","","","Various","0","No matching keywords found"
"1457312366686","Ol' SC - Tube Top","Apparel (Private), campaign_past_campaign","","","Various","0","No matching keywords found"
"1457312596062","We Are - Cami Crop Top - Black","Apparel (Private), campaign_past_campaign","","","Various","0","No matching keywords found"
"1457312989278","We Are - Cami - White","Apparel (Private), campaign_past_campaign","","","Various","0","No matching keywords found"
"1457321082974","Interact Area 13 Short sleeve","Apparel (Private), campaign_past_campaign, private_product","","","Various","0","No matching keywords found"
"1457322721374","Interact Area 13 Long Sleeve","Apparel (Private), private_product","","","Various","0","No matching keywords found"
"1457326882910","Interact Area 4 T-Shirt","Apparel (Private), campaign_past_campaign, private_product","","","Various","0","No matching keywords found"
"1457327669342","Interact Area 4 Long Sleeve","Apparel (Private), campaign_past_campaign, private_product","","","Various","0","No matching keywords found"
"1457329668190","Interact Area 5 T-Shirt","Apparel (Private), campaign_past_campaign, private_product","","","Various","0","No matching keywords found"
"1457332158558","Interact Area 7 T-Shirt","Apparel (Private), campaign_past_campaign, private_product","","","Various","0","No matching keywords found"
"1457332781150","Interact Area 8 T-Shirt","Apparel (Private), campaign_past_campaign, private_product","","","Various","0","No matching keywords found"
"1457333338206","Interact Area 9 T-Shirt","Apparel (Private), campaign_past_campaign, private_product","","","Various","0","No matching keywords found"
"1457333895262","Interact Area 9 Long Sleeve","Apparel (Private), campaign_past_campaign, private_product","","","Various","0","No matching keywords found"
"1457335009374","Interact Area 10 T-Shirt","Apparel (Private), campaign_past_campaign, private_product","","","Various","0","No matching keywords found"
"1457335861342","Interact Area 11 T-Shirt","Apparel (Private), campaign_past_campaign, private_product","","","Various","0","No matching keywords found"
"1457336385630","Interact Area 11 Long Sleeve","Apparel (Private), campaign_past_campaign, private_product","","","Various","0","No matching keywords found"
"1457338024030","Interact Area 12 T-Shirt","Apparel (Private), campaign_past_campaign, private_product","","","Various","0","No matching keywords found"
"1457632804958","Interact Area 2 T-Shirt","Apparel (Private), campaign_past_campaign, private_product","","","Various","0","No matching keywords found"
"1458502139998","Big's Turnt Tee","_tab_size-chart-3001, big little, Black, BOGO Tee, DJ, Rainbow, Shirt, Tee","","","Various","0","No matching keywords found"
"1458502533214","G Big's Turnt Tee","_tab_size-chart-3001, big little, Black, BOGO Tee, DJ, Rainbow, Shirt, Tee","","","Various","0","No matching keywords found"
"1458502697054","Little's Turnt Tee","_tab_size-chart-3001, big little, Black, BOGO Tee, DJ, Rainbow, Shirt, Tee","","","Various","0","No matching keywords found"
"1459593609310","Big's Darling Boyfriend Tee","_tab_size-chart-264, big little, Rainbow, Shirt, T6, Tee, White","","","Various","0","No matching keywords found"
"1459594199134","Little's Darling Boyfriend Tee","_tab_size-chart-264, big little, Rainbow, Shirt, T6, Tee, White","","","Various","0","No matching keywords found"
"1459608158302","Ken Test","","","","Various","0","No matching keywords found"
"1460342194270","Big's Friends Tee","_tab_size-chart-3001, big little, BOGO Tee, DJ, Shirt, Tee, White","","","Various","0","No matching keywords found"
"1460342227038","Little's Friends Tee","_tab_size-chart-3001, big little, BOGO Tee, DJ, Shirt, Tee, White","","","Various","0","No matching keywords found"
"1460342259806","Big's Barbie Tee","_tab_size-chart-3001, big little, BOGO Tee, DJ, Shirt, Tee, White","","","Various","0","No matching keywords found"
"1460342292574","Little's Barbie Tee","_tab_size-chart-3001, big little, BOGO Tee, DJ, Shirt, Tee, White","","","Various","0","No matching keywords found"
"1460342325342","G Big's Barbie Tee","_tab_size-chart-3001, big little, BOGO Tee, DJ, Shirt, Tee, White","","","Various","0","No matching keywords found"
"1460342489182","Big's Houston Tee","_tab_size-chart-3001, big little, BOGO Tee, DJ, Shirt, Tee, White","","","Various","0","No matching keywords found"
"1460342587486","Little's Houston Tee","_tab_size-chart-3001, big little, BOGO Tee, DJ, Shirt, Tee, White","","","Various","0","No matching keywords found"
"1460342620254","G Big's Houston Tee","_tab_size-chart-3001, big little, BOGO Tee, DJ, Shirt, Tee, White","","","Various","0","No matching keywords found"
"1460342653022","Little's Talladega Tee","_tab_size-chart-3001, big little, BOGO Tee, DJ, Shirt, Tee, White","","","Various","0","No matching keywords found"
"1460342685790","Big's Talladega Tee","_tab_size-chart-3001, big little, BOGO Tee, DJ, Shirt, Tee, White","","","Various","0","No matching keywords found"
"1460342718558","G Big's Talladega Tee","_tab_size-chart-3001, big little, BOGO Tee, DJ, Shirt, Tee, White","","","Various","0","No matching keywords found"
"1460342784094","Big's Old English Tee","_tab_size-chart-3001, big little, BOGO Tee, DJ, Shirt, Tee, White","","","Various","0","No matching keywords found"
"1460342816862","Little's Old English Tee","_tab_size-chart-3001, big little, BOGO Tee, DJ, Shirt, Tee, White","","","Various","0","No matching keywords found"
"1463040180318","Go Cats Tanks and Tees","Apparel (Private), campaign_past_campaign, private_product","","","Various","0","No matching keywords found"
"1463042211934","Dad's Day Shirt","Apparel (Private), campaign_past_campaign, private_product","","","Various","0","No matching keywords found"
"1463044112478","Delta Strong Tank","Apparel (Private), campaign_past_campaign, private_product","","","Various","0","No matching keywords found"
"1463081762910","White Crewneck","Apparel (Private), campaign_past_campaign, private_product","","","Various","0","No matching keywords found"
"1463083368542","OSU DC Beanie","Apparel (Private), campaign_past_campaign, private_product","","","Various","0","No matching keywords found"
"1464289230942","Alpha Xi Red Hot Crew","Apparel (Private), campaign_past_campaign, private_product","","","Various","0","No matching keywords found"
"1464973852766","SPEDC Tank","Apparel (Private), campaign_past_campaign, private_product","","","Various","0","No matching keywords found"
"1464976048222","SPEDC Crop","Apparel (Private), campaign_past_campaign, private_product","","","Various","0","No matching keywords found"
"1465218695262","Big's Jazzy Tee","_tab_size-chart-85, big little, Shirt, T6, Tee, White","","","Various","0","No matching keywords found"
"1465218728030","G Big's Jazzy Tee","_tab_size-chart-85, big little, Shirt, T6, Tee, White","","","Various","0","No matching keywords found"
"1465218793566","Little's Jazzy Tee","_tab_size-chart-85, big little, Shirt, T6, Tee, White","","","Various","0","No matching keywords found"
"1465218826334","Big's RetroSpeck Tee","_tab_size-chart-85, big little, Shirt, T6, Tee, White","","","Various","0","No matching keywords found"
"1465218891870","G Big's RetroSpeck Tee","_tab_size-chart-85, big little, Shirt, T6, Tee, White","","","Various","0","No matching keywords found"
"1465218924638","Little's RetroSpeck Tee","_tab_size-chart-85, big little, Shirt, T6, Tee, White","","","Various","0","No matching keywords found"
"1465218957406","Big's Elle Scoop Tee","_tab_size-chart-116, big little, Classic, Shirt, T6, Tee, White","","","Various","0","No matching keywords found"
"1465219022942","G Big's Elle Scoop Tee","_tab_size-chart-116, big little, Classic, Shirt, T6, Tee, White","","","Various","0","No matching keywords found"
"1465219088478","Little's Elle Scoop Tee","_tab_size-chart-116, big little, Classic, Shirt, T6, Tee, White","","","Various","0","No matching keywords found"
"1465219121246","Big's Marble Tank","_tab_size-chart-40, big little, T6, Tank","","","Various","0","No matching keywords found"
"1465219154014","G Big's Marble Tank","_tab_size-chart-40, big little, T6, Tank","","","Various","0","No matching keywords found"
"1465219219550","Little's Marble Tank","_tab_size-chart-40, big little, T6, Tank","","","Various","0","No matching keywords found"
"1466424557662","Kentucky Alpha Phi & Delta Sigma Phi Dog Walking","Apparel (Private), campaign_past_campaign, private_product","Delta Sigma Phi, Alpha Phi","Delta Sigma Phi, Alpha Phi","Delta Sigma Phi","100","Longest keyword wins tie-breaker"
"1468960440414","Big's Cosmic Boyfriend Tee","_tab_size-chart-264, big little, Purple, Shirt, T6, Tee, The Social Life","","","Various","0","No matching keywords found"
"1468960768094","G Big's Cosmic Boyfriend Tee","_tab_size-chart-264, big little, Purple, Shirt, T6, Tee, The Social Life","","","Various","0","No matching keywords found"
"1468960931934","Little's Cosmic Boyfriend Tee","_tab_size-chart-264, big little, Purple, Shirt, T6, Tee, The Social Life","","","Various","0","No matching keywords found"
"1469942104158","North Carolina Homecoming Tees","Apparel (Private), campaign_past_campaign, private_product","","","Various","0","No matching keywords found"
"1470928846942","Get Spooky Tee","campaign_past_campaign, private_product","","","Various","0","No matching keywords found"
"1472890372190","Syracuse Alpha Gam Roses Crew","Apparel (Private), campaign_past_campaign, private_product","","","Various","0","No matching keywords found"
"1474459795550","Boulder Homecoming Tee","Apparel (Private), campaign_past_campaign, private_product","","","Various","0","No matching keywords found"
"1475330408542","NAU ASPhi Puppy Bowl Shirt","Apparel (Private), campaign_past_campaign, private_product","","","Various","0","No matching keywords found"
"1476460904542","Oregon Kappa Dad's Day Apparel","campaign_past_campaign","","","Various","0","No matching keywords found"
"1477735055454","Kent State Chi Factor 2018 Shirts","Apparel (Private), campaign_past_campaign, private_product","","","Various","0","No matching keywords found"
"1478572965982","ASU - The Greatest Show Tees","Apparel (Private), private_product","","","Various","0","No matching keywords found"
"1479823425630","ADPI & Sig Ep Exchange Tees","campaign_past_campaign, private_product","SIG EP, ADPI","Sigma Phi Epsilon, Alpha Delta Pi","Sigma Phi Epsilon","80","Longest keyword wins tie-breaker"
"1479902298206","ADPI & Pike Exchange Tees","campaign_past_campaign, private_product","ADPI, PIKE","Alpha Delta Pi, Pi Kappa Alpha","Various","80","Score tie between multiple licensors: Alpha Delta Pi, Pi Kappa Alpha"
"1480176435294","UCLA PiPhi Overalls","Apparel (Private), campaign_past_campaign, private_product","","","Various","0","No matching keywords found"
"1480665923678","Rounding Up The Phinest Tees","campaign_past_campaign, private_product","","","Various","0","No matching keywords found"
"1480897134686","Chapman DSP Tees","Apparel (Private), campaign_past_campaign, private_product","DSP","Delta Sigma Phi, Delta Sigma Pi","Various","80","Score tie between multiple licensors: Delta Sigma Phi, Delta Sigma Pi"
"1480983576670","SDSU Phi Delt Pref Tees","Apparel (Private), campaign_past_campaign, private_product","","","Various","0","No matching keywords found"
"1481613934686","Kentucky DSig Skeleton Tees","Apparel (Private), campaign_past_campaign, private_product","","","Various","0","No matching keywords found"
"1483215044702","UK KS Halloween Tees","Apparel (Private), campaign_past_campaign, private_product","","","Various","0","No matching keywords found"
"1483336286302","UNA Zeta Dad's Day Pocket Tees","Apparel (Private), campaign_past_campaign, private_product","","","Various","0","No matching keywords found"
"1484552274014","Long Beach Gameday Tops","Apparel (Private), campaign_past_campaign, private_product","","","Various","0","No matching keywords found"
"1491513475166","Chapman Alpha Gam Tank","Apparel (Private), campaign_past_campaign, private_product","","","Various","0","No matching keywords found"
"1491524616286","Chapman Alpha Gam Ringer","Apparel (Private), campaign_past_campaign, private_product","","","Various","0","No matching keywords found"
"1491640189022","UK DSP Champion Crewneck","Apparel (Private), campaign_past_campaign, private_product","DSP","Delta Sigma Phi, Delta Sigma Pi","Various","80","Score tie between multiple licensors: Delta Sigma Phi, Delta Sigma Pi"
"1563535638622","Bad Santa Long Sleeves","Apparel (Private), campaign_past_campaign, private_product","","","Various","0","No matching keywords found"
"1564245360734","NAU ASPhi Formal Shirt","Apparel (Private), campaign_past_campaign, private_product","","","Various","0","No matching keywords found"
"1566275469406","UWisc PiPhi General Merch Crewneck","Apparel (Private), campaign_past_campaign, private_product","","","Various","0","No matching keywords found"
"1567808454750","Bar Crawl Long Sleeve","Apparel (Private), campaign_past_campaign, private_product","","","Various","0","No matching keywords found"
"1574903021662","Holiday Date Party Crew Sweatshirts","Apparel (Private), campaign_past_campaign, private_product","","","Various","0","No matching keywords found"
"1599673958494","OSU Buckeython Shirt","Apparel (Private), campaign_past_campaign, private_product","","","Various","0","No matching keywords found"
"1613233782878","Alpha Kappa Phi PR Sweatshirts","Apparel (Private), campaign_past_campaign, private_product","","","Various","0","No matching keywords found"
"1614939029598","Chi Psi Rush Pocket Tee","Apparel (Private), campaign_past_campaign, private_product","","","Various","0","No matching keywords found"
"1652287799390","*Silky Robes","","","","Various","0","No matching keywords found"
"1652342849630","*Denim Jackets","","","","Various","0","No matching keywords found"
"1657787351134","Big's Rosie Tee","_tab_size-chart-3001, big little, BOGO Tee, DJ, Shirt, Tee, White","","","Various","0","No matching keywords found"
"1657787449438","Little's Rosie Tee","_tab_size-chart-3001, big little, BOGO Tee, DJ, Shirt, Tee, White","","","Various","0","No matching keywords found"
"1657787514974","G Big's Rosie Tee","_tab_size-chart-3001, big little, BOGO Tee, DJ, Shirt, Tee, White","","","Various","0","No matching keywords found"
"3627219484766","Love is Love Cosmetic Bag","Accessories, NGL, On Demand, Pouch, Qbreak High PM, Rainbow","","","Various","0","No matching keywords found"
"3877792841822","Big's Melting Tee","_tab_size-chart-3001, big little, BOGO Tee, DJ, Grey, Shirt, Tee","","","Various","0","No matching keywords found"
"3877793005662","G Big's Melting Tee","_tab_size-chart-3001, big little, BOGO Tee, DJ, Grey, Shirt, Tee","","","Various","0","No matching keywords found"
"3877793169502","Little's Melting Tee","_tab_size-chart-3001, big little, BOGO Tee, DJ, Grey, Shirt, Tee","","","Various","0","No matching keywords found"
"3961476317278","Big's Splash Tee","_tab_size-chart-3001, big little, BOGO Tee, DJ, Grey, Shirt, Tee","","","Various","0","No matching keywords found"
"3961476350046","Little's Splash Tee","_tab_size-chart-3001, big little, BOGO Tee, DJ, Grey, Shirt, Tee","","","Various","0","No matching keywords found"
"3961476382814","G Big's Splash Tee","_tab_size-chart-3001, big little, BOGO Tee, DJ, Grey, Shirt, Tee","","","Various","0","No matching keywords found"
"3961476415582","Big's Vinyl Tee","_tab_size-chart-3413C, big little, BOGO Tee, DJ, Shirt, Tee","","","Various","0","No matching keywords found"
"3961476448350","G Big's Vinyl Tee","_tab_size-chart-3413C, big little, BOGO Tee, DJ, Shirt, Tee","","","Various","0","No matching keywords found"
"3961476481118","Little's Vinyl Tee","_tab_size-chart-3413C, big little, BOGO Tee, DJ, Shirt, Tee","","","Various","0","No matching keywords found"
"3963005239390","Little's Euphoria Tee","_tab_size-chart-3001, big little, Black, BOGO Tee, DJ, Shirt, Tee","","","Various","0","No matching keywords found"
"3963005272158","Big's Euphoria Tee","_tab_size-chart-3001, big little, Black, BOGO Tee, DJ, Shirt, Tee","","","Various","0","No matching keywords found"
"3963005337694","G Big's Euphoria Tee","_tab_size-chart-3001, big little, Black, BOGO Tee, DJ, Shirt, Tee","","","Various","0","No matching keywords found"
"3965159145566","Big's Red Hot Tee","_tab_size-chart-3001, big little, Black, BOGO Tee, DJ, Shirt, Tee","","","Various","0","No matching keywords found"
"3965159178334","G Big's Red Hot Tee","_tab_size-chart-3001, big little, Black, BOGO Tee, DJ, Shirt, Tee","","","Various","0","No matching keywords found"
"3965159374942","Little's Red Hot Tee","_tab_size-chart-3001, big little, Black, BOGO Tee, DJ, Shirt, Tee","","","Various","0","No matching keywords found"
"3965159407710","Big's ""My Lil Hood"" Tee","_tab_size-chart-3001, big little, BOGO Tee, DJ, Shirt, Tee, White","","","Various","0","No matching keywords found"
"3965159440478","Little's ""My Big Bad"" Tee","_tab_size-chart-3001, big little, BOGO Tee, DJ, Shirt, Tee, White","","","Various","0","No matching keywords found"
"4092055453790","Big's Retrograde Tee","_tab_size-chart-3001, big little, BOGO Tee, Coral, DJ, Navy, Shirt, Tee","","","Various","0","No matching keywords found"
"4092055945310","G Big's Retrograde Tee","_tab_size-chart-3001, big little, BOGO Tee, Coral, DJ, Navy, Shirt, Tee","","","Various","0","No matching keywords found"
"4092056404062","Little's Retrograde Tee","_tab_size-chart-3001, big little, BOGO Tee, Coral, DJ, Navy, Shirt, Tee","","","Various","0","No matching keywords found"
"4092056830046","Big's Martian Long Sleeve","_tab_size-chart-G2400, big little, DJ, Long Sleeve, Neon","","","Various","0","No matching keywords found"
"4092057354334","G Big's Martian Long Sleeve","_tab_size-chart-G2400, big little, DJ, Long Sleeve, Neon","","","Various","0","No matching keywords found"
"4092057518174","Little's Martian Long Sleeve","_tab_size-chart-G2400, big little, DJ, Long Sleeve, Neon","","","Various","0","No matching keywords found"
"4092071182430","Big's Yin Yang Ringer Tee","_tab_size-chart-988, big little, BOGO Tee, DJ, Shirt, Tee","","","Various","0","No matching keywords found"
"4092071477342","G Big's Yin Yang Ringer Tee","_tab_size-chart-988, big little, BOGO Tee, DJ, Shirt, Tee","","","Various","0","No matching keywords found"
"4092071706718","Little's Yin Yang Ringer Tee","_tab_size-chart-988, big little, BOGO Tee, DJ, Shirt, Tee","","","Various","0","No matching keywords found"
"4092535472222","Big's Area 51 Tee","_tab_size-chart-2000, big little, BOGO Tee, DJ, Neon, Shirt, Tee","","","Various","0","No matching keywords found"
"4092535668830","G Big's Area 51 Tee","_tab_size-chart-2000, big little, BOGO Tee, DJ, Neon, Shirt, Tee","","","Various","0","No matching keywords found"
"4092535832670","Little's Area 51 Tee","_tab_size-chart-2000, big little, BOGO Tee, DJ, Neon, Shirt, Tee","","","Various","0","No matching keywords found"
"4098101444702","Big's Baby Script Tee","_tab_size-chart-3001, big little, BOGO Tee, DJ, Pink, Shirt, Tee, White","","","Various","0","No matching keywords found"
"4098101870686","Gbig's Baby Script Tee","_tab_size-chart-3001, big little, BOGO Tee, DJ, Pink, Shirt, Tee, White","","","Various","0","No matching keywords found"
"4098102329438","Little's Baby Script Tee","_tab_size-chart-3001, big little, BOGO Tee, DJ, Pink, Shirt, Tee, White","","","Various","0","No matching keywords found"
"4098123104350","Big's Star Raglan Crewneck","_tab_size-chart-191, Big's, Crewneck, Sweatshirt, T6, Top 10 2019, Top 2020, White","","","Various","0","No matching keywords found"
"4098123268190","G Big's Star Raglan Crewneck","_tab_size-chart-191, Crewneck, G Big's, Sweatshirt, T6, Top 10 2019, Top 2020, White","","","Various","0","No matching keywords found"
"4098123464798","Little's Star Raglan Crewneck","_tab_size-chart-191, Crewneck, Little's, Sweatshirt, T6, Top 10 2019, Top 2020, White","","","Various","0","No matching keywords found"
"4162650865758","Big's Euro Tee","_tab_size-chart-3001, big little, BOGO Tee, DJ, Shirt, Tee, White","","","Various","0","No matching keywords found"
"4162650996830","G Big's Euro Tee","_tab_size-chart-3001, big little, BOGO Tee, DJ, Shirt, Tee, White","","","Various","0","No matching keywords found"
"4162651095134","Little's Euro Tee","_tab_size-chart-3001, big little, BOGO Tee, DJ, Shirt, Tee, White","","","Various","0","No matching keywords found"
"4166563823710","Big's Vogue Crewneck","_tab_size-chart-18000, big little, Black, Crewneck, DJ, Sweatshirt, White","","","Various","0","No matching keywords found"
"4166564216926","G Big's Vogue Crewneck","_tab_size-chart-18000, big little, Black, Crewneck, DJ, Sweatshirt, White","","","Various","0","No matching keywords found"
"4166564347998","Little's Vogue Crewneck","_tab_size-chart-18000, big little, Black, Crewneck, DJ, Sweatshirt, White","","","Various","0","No matching keywords found"
"4167385907294","*Tie Dye Corded Crewneck","","","","Various","0","No matching keywords found"
"4323452092510","Big's Famous Tee","_tab_size-chart-3001, big little, BOGO Tee, DJ, Red, Shirt, Tee","","","Various","0","No matching keywords found"
"4323452354654","G Big's Famous Tee","_tab_size-chart-3001, big little, BOGO Tee, DJ, Red, Shirt, Tee","","","Various","0","No matching keywords found"
"4323452584030","Little's Famous Tee","_tab_size-chart-3001, big little, BOGO Tee, DJ, Red, Shirt, Tee","","","Various","0","No matching keywords found"
"4323454058590","G Big's Stamp Long Sleeve","_tab_size-chart-G2400, big little, DJ, Long Sleeve","","","Various","0","No matching keywords found"
"4323454287966","Little's Stamp Long Sleeve","_tab_size-chart-G2400, big little, DJ, Long Sleeve","","","Various","0","No matching keywords found"
"4323466674270","Big's Stamp Long Sleeve","_tab_size-chart-G2400, big little, DJ, Long Sleeve","","","Various","0","No matching keywords found"
"4412598222942","Big's Leopard Tee","_tab_size-chart-3001, big little, BOGO Tee, DJ, Shirt, Tee, White","","","Various","0","No matching keywords found"
"4412598419550","G Big's Leopard Tee","_tab_size-chart-3001, big little, BOGO Tee, DJ, Shirt, Tee, White","","","Various","0","No matching keywords found"
"4412598648926","Little's Leopard Tee","_tab_size-chart-3001, big little, BOGO Tee, DJ, Shirt, Tee, White","","","Various","0","No matching keywords found"
"4412600025182","Big's Python Tee","_tab_size-chart-3001, big little, Black, BOGO Tee, DJ, Shirt, Tee","","","Various","0","No matching keywords found"
"4412600451166","Little's Python Tee","_tab_size-chart-3001, big little, Black, BOGO Tee, DJ, Shirt, Tee","","","Various","0","No matching keywords found"
"4422565036126","Big's Cherub Tee","_tab_size-chart-3001, big little, BOGO Tee, DJ, Pink, Shirt, Tee, valentines, White","","","Various","0","No matching keywords found"
"4422565232734","G Big's Cherub Tee","_tab_size-chart-3001, big little, BOGO Tee, DJ, Pink, Shirt, Tee, valentines, White","","","Various","0","No matching keywords found"
"4422565494878","Little's Cherub Tee","_tab_size-chart-3001, big little, BOGO Tee, DJ, Pink, Shirt, Tee, valentines, White","","","Various","0","No matching keywords found"
"4422566674526","Big's Blocked Crewneck","_tab_size-chart-18000, big little, Black, Classic, Crewneck, DJ, Red, Sweatshirt, White","","","Various","0","No matching keywords found"
"4422567460958","G Big's Blocked Crewneck","_tab_size-chart-18000, big little, Black, Classic, Crewneck, DJ, Red, Sweatshirt, White","","","Various","0","No matching keywords found"
"4422567624798","Little's Blocked Crewneck","_tab_size-chart-18000, big little, Black, Classic, Crewneck, DJ, Red, Sweatshirt, White","","","Various","0","No matching keywords found"
"4428639567966","Big's Lovely Tee","_tab_size-chart-3001, big little, BOGO Tee, DJ, Pink, Shirt, Tee, valentines, White","","","Various","0","No matching keywords found"
"4428639928414","G Big's Lovely Tee","_tab_size-chart-3001, big little, BOGO Tee, DJ, Pink, Shirt, Tee, valentines, White","","","Various","0","No matching keywords found"
"4428640157790","Little's Lovely Tee","_tab_size-chart-3001, big little, BOGO Tee, DJ, Pink, Shirt, Tee, valentines, White","","","Various","0","No matching keywords found"
"4428641697886","Big's Cherry Crewneck","_tab_size-chart-18000, big little, Crewneck, DJ, Sweatshirt, White","","","Various","0","No matching keywords found"
"4428641927262","G Big's Cherry Crewneck","_tab_size-chart-18000, big little, Crewneck, DJ, Sweatshirt, White","","","Various","0","No matching keywords found"
"4428645761118","Little's Cherry Crewneck","_tab_size-chart-18000, big little, Crewneck, DJ, Sweatshirt, White","","","Various","0","No matching keywords found"
"4431362195550","Big's Script Sherbet Scoop Tee","_tab_size-chart-116, big little, Shirt, Summer, T6, Tee, Tie Dye, Yellow","","","Various","0","No matching keywords found"
"4431362457694","G Big's Script Sherbet Scoop Tee","_tab_size-chart-116, big little, Shirt, Summer, T6, Tee, Tie Dye, Yellow","","","Various","0","No matching keywords found"
"4431362687070","Little's Script Sherbet Scoop Tee","_tab_size-chart-116, big little, Shirt, Summer, T6, Tee, Tie Dye, Yellow","","","Various","0","No matching keywords found"
"4439837507678","Big's Happy Tee","_tab_size-chart-3001, big little, Black, BOGO Tee, DJ, Green, Purple, Shirt, Tee, White","","","Various","0","No matching keywords found"
"4439837704286","G Big's Happy Tee","_tab_size-chart-3001, big little, Black, BOGO Tee, DJ, Green, Purple, Shirt, Tee, White","","","Various","0","No matching keywords found"
"4439838785630","Little's Happy Tee","_tab_size-chart-3001, big little, Black, BOGO Tee, DJ, Green, Purple, Shirt, Tee, White","","","Various","0","No matching keywords found"
"4439839440990","Big's Wavy Tee","_tab_size-chart-3001, Big's, BOGO Tee, DJ, Shirt, Tee, White","","","Various","0","No matching keywords found"
"4439840129118","G Big's Wavy Tee","_tab_size-chart-3001, BOGO Tee, DJ, G Big's, Shirt, Tee, White","","","Various","0","No matching keywords found"
"4439840489566","Little's Wavy Tee","_tab_size-chart-3001, BOGO Tee, DJ, Little's, Shirt, Tee, White","","","Various","0","No matching keywords found"
"4442567901278","*Tie Dye Pullover Hoodie","","","","Various","0","No matching keywords found"
"4494458388574","Face Mask (Anti-Microbial)","_tab4_size-chart-338, Accessories, Mask","","","Various","0","No matching keywords found"
"4494458519646","Tie Dye Spiral Face Mask (Anti-Microbial)","_tab4_size-chart-338, Accessories, Mask","","","Various","0","No matching keywords found"
"4494458585182","Tie Dye Purple Face Mask (Anti-Microbial)","_tab4_size-chart-338, Accessories, Mask","","","Various","0","No matching keywords found"
"4494458683486","Tie Dye Pink Face Mask (Anti-Microbial)","_tab4_size-chart-338, Accessories, Mask","","","Various","0","No matching keywords found"
"4494458716254","Tie Dye Candy Face Mask (Anti-Microbial)","_tab4_size-chart-338, Accessories, Mask","","","Various","0","No matching keywords found"
"4494458814558","Tie Dye Blue Face Mask (Anti-Microbial)","_tab4_size-chart-338, Accessories, Mask","","","Various","0","No matching keywords found"
"4494458880094","Splatter White Face Mask (Anti-Microbial)","_tab4_size-chart-338, Accessories, Mask","","","Various","0","No matching keywords found"
"4494459011166","Splatter Mint Face Mask (Anti-Microbial)","_tab4_size-chart-338, Accessories, Mask","","","Various","0","No matching keywords found"
"4494459175006","Radical Face Mask (Anti-Microbial)","_tab4_size-chart-338, Accessories, Mask","","","Various","0","No matching keywords found"
"4494459273310","Palms Face Mask (Anti-Microbial)","_tab4_size-chart-338, Accessories, Mask","","","Various","0","No matching keywords found"
"4494459306078","Marble Face Mask (Anti-Microbial)","_tab4_size-chart-338, Accessories, Mask","","","Various","0","No matching keywords found"
"4494459371614","Leopard Face Mask (Anti-Microbial)","_tab4_size-chart-338, Accessories, Mask","","","Various","0","No matching keywords found"
"4494459404382","Holo Face Mask (Anti-Microbial)","_tab4_size-chart-338, Accessories, Mask","","","Various","0","No matching keywords found"
"4494459469918","Hibiscus Face Mask (Anti-Microbial)","_tab4_size-chart-338, Accessories, Mask","","","Various","0","No matching keywords found"
"4494459568222","Happy Face Mask (Anti-Microbial)","_tab4_size-chart-338, Accessories, Mask","","","Various","0","No matching keywords found"
"4494459666526","Checkered Rainbow Face Mask (Anti-Microbial)","_tab4_size-chart-338, Accessories, Mask","","","Various","0","No matching keywords found"
"4494459797598","Checkered Face Mask (Anti-Microbial)","_tab4_size-chart-338, Accessories, Mask","","","Various","0","No matching keywords found"
"4494459830366","Camo White Face Mask (Anti-Microbial)","_tab4_size-chart-338, Accessories, Mask","","","Various","0","No matching keywords found"
"4494459863134","Camo Grey Face Mask (Anti-Microbial)","_tab4_size-chart-338, Accessories, Mask","","","Various","0","No matching keywords found"
"4494459895902","Camo Black Face Mask (Anti-Microbial)","_tab4_size-chart-338, Accessories, Mask","","","Various","0","No matching keywords found"
"4494459928670","Camo Face Mask (Anti-Microbial)","_tab4_size-chart-338, Accessories, Mask","","","Various","0","No matching keywords found"
"4494459961438","Lightning Face Mask (Anti-Microbial)","_tab4_size-chart-338, Accessories, Mask","","","Various","0","No matching keywords found"
"4503681957982","Socks","On Demand, Sock","","","Various","0","No matching keywords found"
"4592026550366","heysummerland Sunshine Tee","","","","Various","0","No matching keywords found"
"4592050077790","Wellspace Pineapple Tee","","","","Various","0","No matching keywords found"
"4592050307166","Immunity Co Tee","","","","Various","0","No matching keywords found"
"4592051454046","Community Member Tee","","","","Various","0","No matching keywords found"
"4592052142174","Ethr Sacred Geo Tee","","","","Various","0","No matching keywords found"
"4694361702494","Black Lives Matter Tee","_tab_size-chart-3001, BLM, BOGO Tee, DJ, Shirt, Tee","","","Various","0","No matching keywords found"
"4694361735262","BLM Girl Squad Tee","_tab_size-chart-3001, BLM, BOGO Tee, DJ, Shirt, Tee, The Social Life","","","Various","0","No matching keywords found"
"4694361768030","BLM Stacked Tee","_tab_size-chart-3001, BLM, BOGO Tee, DJ, Shirt, Tee","","","Various","0","No matching keywords found"
"4694363439198","BLM Script Tee","_tab_size-chart-3001, BLM, BOGO Tee, DJ, Shirt, Tee","","","Various","0","No matching keywords found"
"4694372515934","BLM Sticker Pack","BLM, Sticker","","","Various","0","No matching keywords found"
"4738505211998","Cosmic Clear Pouch","Accessories, AMG RTS, back to school, Bag, Free, Pouch, RTS","","","Various","0","No matching keywords found"
"4769795211358","Little's Holographic Velvet Tee","_tab_size-chart-85, big little, Shirt, T6, Tee, Velvet","","","Various","0","No matching keywords found"
"4769795244126","G Big's Holographic Velvet Tee","_tab_size-chart-85, big little, Shirt, T6, Tee, Velvet","","","Various","0","No matching keywords found"
"4769795276894","Big's Holographic Velvet Tee","_tab_size-chart-85, big little, Shirt, T6, Tee, Velvet","","","Various","0","No matching keywords found"
"4829306159198","Big's Cattle Tee","_tab_size-chart-3001, Big's, DJ, Shirt, Tee, White","","","Various","0","No matching keywords found"
"4829306388574","G Big's Cattle Tee","_tab_size-chart-3001, DJ, G Big's, Shirt, Tee, White","","","Various","0","No matching keywords found"
"4829306650718","Little's Cattle Tee","_tab_size-chart-3001, DJ, Little's, Shirt, Tee, White","","","Various","0","No matching keywords found"
"6535779024990","Alpha Sigma Tau Member Crewneck","_tab_size-chart-18000, Alpha Epsilon Phi, Crewneck, DJ, Sweatshirt","Alpha Sigma Tau, Alpha Epsilon Phi","Alpha Sigma Tau, Alpha Epsilon Phi","Alpha Sigma Tau","100","Highest score match"
"6541436485726","Big's Diva Tee","_tab_size-chart-3001, big little, DJ, Shirt, Tee","","","Various","0","No matching keywords found"
"6541436649566","G Big's Diva Tee","_tab_size-chart-3001, big little, DJ, Shirt, Tee","","","Various","0","No matching keywords found"
"6541436846174","Little's Diva Tee","_tab_size-chart-3001, big little, DJ, Shirt, Tee","","","Various","0","No matching keywords found"
"6541445529694","Big's Super Sister Tee","_tab_size-chart-3001, big little, DJ, Shirt, Tee","","","Various","0","No matching keywords found"
"6541445595230","G Big's Super Sister Tee","_tab_size-chart-3001, big little, DJ, Shirt, Tee","","","Various","0","No matching keywords found"
"6541445627998","Little's Super Sister Tee","_tab_size-chart-3001, big little, DJ, Shirt, Tee","","","Various","0","No matching keywords found"
"6541450444894","Big's Shooting Star Tee","_tab_size-chart-3001, big little, DJ, Shirt, Tee","","","Various","0","No matching keywords found"
"6541450674270","G Big's Shooting Star Tee","_tab_size-chart-3001, big little, DJ, Shirt, Tee","","","Various","0","No matching keywords found"
"6541450903646","Little's Shooting Star Tee","_tab_size-chart-3001, big little, DJ, Shirt, Tee","","","Various","0","No matching keywords found"
"6550886219870","Big's Angel Tee","_tab_size-chart-3001, Big's, DJ, Shirt, Tee","","","Various","0","No matching keywords found"
"6550886416478","G Big's Angel Tee","_tab_size-chart-3001, DJ, G Big's, Shirt, Tee","","","Various","0","No matching keywords found"
"6550886580318","Little's Angel Tee","_tab_size-chart-3001, DJ, Little's, Shirt, Tee","","","Various","0","No matching keywords found"
"6552832344158","Big's Spin Tee","_tab_size-chart-3001, Big's, Black, DJ, Shirt, Tee","","","Various","0","No matching keywords found"
"6552832507998","G Big's Spin Tee","_tab_size-chart-3001, Black, DJ, G Big's, Shirt, Tee","","","Various","0","No matching keywords found"
"6552832671838","Little's Spin Tee","_tab_size-chart-3001, Black, DJ, Little's, Shirt, Tee","","","Various","0","No matching keywords found"
"6560300531806","Big's Flipped Tee","Big's, DJ, Shirt, Tee","","","Various","0","No matching keywords found"
"6560300761182","G Big's Flipped Tee","DJ, G Big's, Shirt, Tee","","","Various","0","No matching keywords found"
"6560301318238","Little's Flipped Tee","DJ, Little's, Shirt, Tee","","","Various","0","No matching keywords found"
"6561425981534","Big's Pastel Tee","Big's, DJ, Shirt, Tee","","","Various","0","No matching keywords found"
"6561426309214","G Big's Pastel Tee","DJ, G Big's, Shirt, Tee","","","Various","0","No matching keywords found"
"6561426636894","Little's Pastel Tee","DJ, Little's, Shirt, Tee","","","Various","0","No matching keywords found"
"6604725092446","TAPL-PurpleWashButterflyAEPhi-NA","","","","Various","0","No matching keywords found"
"6604725125214","TAPL-PurpleWashButterflyAGD-NA","","","","Various","0","No matching keywords found"
"6604725157982","TAPL-PurpleWashButterflyAOII-NA","","","","Various","0","No matching keywords found"
"6604725223518","TAPL-PurpleWashButterflyAPHI-NA","","","","Various","0","No matching keywords found"
"6604725256286","TAPL-PurpleWashButterflyAXiD-NA","","","","Various","0","No matching keywords found"
"6604725289054","TAPL-PurpleWashButterflyAXO-NA","","","","Various","0","No matching keywords found"
"6604725321822","TAPL-PurpleWashButterflyCHIO-NA","","","","Various","0","No matching keywords found"
"6604725354590","TAPL-PurpleWashButterflyDDD-NA","","","","Various","0","No matching keywords found"
"6604725387358","TAPL-PurpleWashButterflyDG-NA","","","","Various","0","No matching keywords found"
"6604725420126","TAPL-PurpleWashButterflyDZ-NA","","","","Various","0","No matching keywords found"
"6604725452894","TAPL-PurpleWashButterflyGPHI-NA","","","","Various","0","No matching keywords found"
"6604725485662","TAPL-PurpleWashButterflyKAO-NA","","","","Various","0","No matching keywords found"
"6604725518430","TAPL-PurpleWashButterflyKD-NA","","","","Various","0","No matching keywords found"
"6604725551198","TAPL-PurpleWashButterflyKKG-NA","","","","Various","0","No matching keywords found"
"6604725583966","TAPL-PurpleWashButterflyPM-NA","","","","Various","0","No matching keywords found"
"6604725616734","TAPL-PurpleWashButterflyPIPHI-NA","","","","Various","0","No matching keywords found"
"6604725649502","TAPL-PurpleWashButterflySDT-NA","","","","Various","0","No matching keywords found"
"6604725682270","TAPL-PurpleWashButterflySK-NA","","","","Various","0","No matching keywords found"
"6604725715038","TAPL-PurpleWashButterflyZTA-NA","","","","Various","0","No matching keywords found"
"6633087205470","Big Accessories Dad Cap","","","","Various","0","No matching keywords found"
"6633087238238","Gildan Crewneck Sweatshirt","","","","Various","0","No matching keywords found"
"6638819508318","Happy Test Fuel","","","","Various","0","No matching keywords found"
"6640682762334","Yupoong Dad Cap","","","","Various","0","No matching keywords found"
"6640682991710","Yupoong Dad Cap - World Tour","","","","Various","0","No matching keywords found"
"6640683122782","Yupoong Dad Cap","","","","Various","0","No matching keywords found"
"6650125615198","Big's Bolt Tee","_tab_size-chart-2000, big little, Big's, DJ, New DJ, Shirt, Short Sleeve, Tee","","","Various","0","No matching keywords found"
"6650125647966","G Big's Vibes Tee","_tab_size-chart-2000, big little, DJ, G Big's, New DJ, Shirt, Short Sleeve, Tee","","","Various","0","No matching keywords found"
"6650125680734","Little's Vibes Tee","_tab_size-chart-2000, big little, DJ, Little's, New DJ, Shirt, Short Sleeve, Tee","","","Various","0","No matching keywords found"
"6650125746270","Big's Vibes Tee","_tab_size-chart-2000, big little, Big's, DJ, New DJ, Shirt, Short Sleeve, Tee","","","Various","0","No matching keywords found"
"6650125811806","G Big's Rock Tour Tee","_tab_size-chart-2000, big little, DJ, G Big's, New DJ, Shirt, Short Sleeve, Tee","","","Various","0","No matching keywords found"
"6650125844574","Little's Rock Tour Tee","_tab_size-chart-2000, big little, DJ, Little's, New DJ, Shirt, Short Sleeve, Tee","","","Various","0","No matching keywords found"
"6650125877342","Big's Rock Tour Tee","_tab_size-chart-2000, big little, Big's, DJ, New DJ, Shirt, Short Sleeve, Tee","","","Various","0","No matching keywords found"
"6650125910110","G Big's Bolt Tee","_tab_size-chart-2000, big little, DJ, G Big's, New DJ, Shirt, Short Sleeve, Tee","","","Various","0","No matching keywords found"
"6650125942878","Little's Bolt Tee","_tab_size-chart-2000, big little, DJ, Little's, New DJ, Shirt, Short Sleeve, Tee","","","Various","0","No matching keywords found"
"6650125975646","Big's Hippie Tee","big little, Big's, DJ, New DJ, Shirt, Short Sleeve, Tee","","","Various","0","No matching keywords found"
"6650126041182","G Big's Hippie Tee","big little, DJ, G Big's, New DJ, Shirt, Short Sleeve, Tee","","","Various","0","No matching keywords found"
"6650126073950","Little's Hippie Tee","big little, DJ, Little's, New DJ, Shirt, Short Sleeve, Tee","","","Various","0","No matching keywords found"
"6650126106718","Big's Athletic Tee","big little, Big's, DJ, New DJ, Shirt, Short Sleeve, Tee","","","Various","0","No matching keywords found"
"6650126139486","G Big's Athletic Tee","big little, DJ, G Big's, New DJ, Shirt, Short Sleeve, Tee","","","Various","0","No matching keywords found"
"6650126172254","Little's Athletic Tee","big little, DJ, Little's, New DJ, Shirt, Short Sleeve, Tee","","","Various","0","No matching keywords found"
"6650126237790","G Big's Rodeo Tee","_tab_size-chart-2000, big little, DJ, G Big's, New DJ, Shirt, Short Sleeve, Tee","","","Various","0","No matching keywords found"
"6650126270558","Big's Stay Wild Tee","_tab_size-chart-2000, big little, Big's, DJ, New DJ, Shirt, Short Sleeve, Tee","","","Various","0","No matching keywords found"
"6650126303326","Little's Stay Wild Tee","_tab_size-chart-2000, big little, DJ, Little's, New DJ, Shirt, Short Sleeve, Tee","","","Various","0","No matching keywords found"
"6650126336094","G Big's Stay Wild Tee","_tab_size-chart-2000, big little, DJ, G Big's, New DJ, Shirt, Short Sleeve, Tee","","","Various","0","No matching keywords found"
"6650126368862","G Big's Pizza Slice Tee","_tab_size-chart-2000, big little, DJ, G Big's, New DJ, Shirt, Short Sleeve, Tee","","","Various","0","No matching keywords found"
"6650126401630","Big's Cowgirl Tee","_tab_size-chart-2000, big little, Big's, DJ, New DJ, Shirt, Short Sleeve, Tee","","","Various","0","No matching keywords found"
"6650126434398","Little's Cowgirl Tee","_tab_size-chart-2000, big little, DJ, Little's, New DJ, Shirt, Short Sleeve, Tee","","","Various","0","No matching keywords found"
"6650126499934","G Big's Cowgirl Tee","_tab_size-chart-2000, big little, DJ, G Big's, New DJ, Shirt, Short Sleeve, Tee","","","Various","0","No matching keywords found"
"6650126532702","Big's Illusion Tee","_tab_size-chart-2000, big little, Big's, DJ, New DJ, Shirt, Short Sleeve, Tee","","","Various","0","No matching keywords found"
"6650126598238","Little's Illusion Tee","_tab_size-chart-2000, big little, DJ, Little's, New DJ, Shirt, Short Sleeve, Tee","","","Various","0","No matching keywords found"
"6650126663774","G Big's Illusion Tee","_tab_size-chart-2000, big little, DJ, G Big's, New DJ, Shirt, Short Sleeve, Tee","","","Various","0","No matching keywords found"
"6650126696542","Big's Rodeo Tee","_tab_size-chart-2000, big little, Big's, DJ, New DJ, Shirt, Short Sleeve, Tee","","","Various","0","No matching keywords found"
"6650126762078","Little's Rodeo Tee","_tab_size-chart-2000, big little, DJ, Little's, New DJ, Shirt, Short Sleeve, Tee","","","Various","0","No matching keywords found"
"6650126794846","Big's Twin Flame Tee","_tab_size-chart-2000, big little, Big's, DJ, New DJ, Shirt, Short Sleeve, Tee","","","Various","0","No matching keywords found"
"6650126827614","Little's Twin Flame Tee","_tab_size-chart-2000, big little, DJ, Little's, New DJ, Shirt, Short Sleeve, Tee","","","Various","0","No matching keywords found"
"6650126860382","G Big's Twin Flame Tee","_tab_size-chart-2000, big little, DJ, G Big's, New DJ, Shirt, Short Sleeve, Tee","","","Various","0","No matching keywords found"
"6650126925918","Big's XOXO Tee","_tab_size-chart-2000, big little, Big's, DJ, New DJ, Shirt, Short Sleeve, Tee","","","Various","0","No matching keywords found"
"6650126991454","Little's XOXO Tee","_tab_size-chart-2000, big little, DJ, Little's, New DJ, Shirt, Short Sleeve, Tee","","","Various","0","No matching keywords found"
"6650127056990","G Big's XOXO Tee","_tab_size-chart-2000, big little, DJ, G Big's, New DJ, Shirt, Short Sleeve, Tee","","","Various","0","No matching keywords found"
"6650127089758","Big's Pizza Slice Tee","_tab_size-chart-2000, big little, Big's, DJ, New DJ, Shirt, Short Sleeve, Tee","","","Various","0","No matching keywords found"
"6650127188062","Little's Pizza Slice Tee","_tab_size-chart-2000, big little, DJ, Little's, New DJ, Shirt, Short Sleeve, Tee","","","Various","0","No matching keywords found"
"6650130366558","Big's Angelic Tee","_tab_size-chart-2000, big little, Big's, DJ, New DJ, Shirt, Short Sleeve, Tee","","","Various","0","No matching keywords found"
"6650130464862","G Big's Angelic Tee","_tab_size-chart-2000, big little, DJ, G Big's, New DJ, Shirt, Short Sleeve, Tee","","","Various","0","No matching keywords found"
"6650130497630","Little's Angelic Tee","_tab_size-chart-2000, big little, DJ, Little's, New DJ, Shirt, Short Sleeve, Tee","","","Various","0","No matching keywords found"
"6657234632798","TSL Beanie","","","","Various","0","No matching keywords found"
"6657489993822","TSL Beanie","","","","Various","0","No matching keywords found"
"6657490026590","TSL 2 Beanie","","","","Various","0","No matching keywords found"
"6703082078302","Sunburst Canvas Promo Tote - SAMPLE","","","","Various","0","No matching keywords found"
"6703425224798","Vogue Tote - SAMPLE","","","","Various","0","No matching keywords found"
"6732800295006","The Social Life Tote","Accessories, Bag, Fuel, The Social Life, Tote","","","Various","0","No matching keywords found"
"6740681687134","Letters Beanie","","","","Various","0","No matching keywords found"
"6740682768478","Rowing Letters SAMPLE Hoodie","","","","Various","0","No matching keywords found"
"6740687224926","Carolina Lines Crewneck Sweatshirt","","","","Various","0","No matching keywords found"
"6740688437342","Bubbly Crewneck Sweatshirt","","","","Various","0","No matching keywords found"
"6740688765022","Established Dad Hat","","","","Various","0","No matching keywords found"
"6740689453150","Rowing Teee","","","","Various","0","No matching keywords found"
"6740689584222","Period Dad Hat","","","","Various","0","No matching keywords found"
"6740693581918","Divine Crewneck Sweatshirt","","","","Various","0","No matching keywords found"
"6740693778526","Wavy Beanie","","","","Various","0","No matching keywords found"
"6740695384158","Period Hoodie","","","","Various","0","No matching keywords found"
"6740699349086","Skrappa Neon Rowing Hoodie","","","","Various","0","No matching keywords found"
"6740700102750","Greek Club Dad Hat","","","","Various","0","No matching keywords found"
"6740701741150","Checker Smile Tee","","","","Various","0","No matching keywords found"
"6740703641694","Greek Club Crewneck","","","","Various","0","No matching keywords found"
"6880294404190","The Social Life Gift Card","","","","Various","0","No matching keywords found"
