Store Name,Product Name,UPI,Product Category,Product Main Image URL,Primary Licensor
"the-social-life-2.myshopify.com","TSL  CaboBandz™","","Sports > Wristbands","","Various"
"the-social-life-2.myshopify.com","Charcoal Grey Black Buette Crewneck Sweatshirt","","Sweatshirts > Crewneck sweatshirts","","Various"
"the-social-life-2.myshopify.com","TSL - Test Tank","","Shirts > Tank tops","","Various"
"the-social-life-2.myshopify.com","Winterfest Tanks","","Shirts > Tank tops","","Various"
"the-social-life-2.myshopify.com","CornHole Tourney - Tee","","Shirts > Short sleeve t-shirts","","Various"
"the-social-life-2.myshopify.com","CornHole Tourney - Racerback","","Shirts > Tank tops","","Various"
"the-social-life-2.myshopify.com","Shipwrecked CaboBandz","","Hair accessories > Headbands","","Various"
"the-social-life-2.myshopify.com","Custom Pocket Spring Break Tank","","Shirts > Tank tops","","Various"
"the-social-life-2.myshopify.com","Kappa Muscle Tank","","Shirts > Tank tops","","Various"
"the-social-life-2.myshopify.com","Boxy Crop Tank","","Shirts > Tank tops","","Various"
"the-social-life-2.myshopify.com","Phi Guy / Soccer shirts!","","Shirts > Jerseys","","Various"
"the-social-life-2.myshopify.com","Custom Pocket Tank","","Shirts > Tank tops","","Various"
"the-social-life-2.myshopify.com","Custom Pocket Tee","","Shirts > Short sleeve t-shirts","","Various"
"the-social-life-2.myshopify.com","Triad Black Unisex Tank","","Shirts > Tank tops","","Various"
"the-social-life-2.myshopify.com","Triad Power Washed Tank","","Shirts > Tank tops","","Various"
"the-social-life-2.myshopify.com","Roll Wave Flowy Racer Tank","","Shirts > Tank tops","","Various"
"the-social-life-2.myshopify.com","Just Cure It Tee","","Shirts > Short sleeve t-shirts","","Various"
"the-social-life-2.myshopify.com","Just Cure It V-neck","","Shirts > Short sleeve t-shirts","","Various"
"the-social-life-2.myshopify.com","Just Cure It Crewneck","","Sweatshirts > Crewneck sweatshirts","","Various"
"the-social-life-2.myshopify.com","Spring Break Muscle Tee","","Shirts > Tank tops","","Various"
"the-social-life-2.myshopify.com","Hera Day Lyre V-Neck","","Shirts > Short sleeve t-shirts","","Various"
"the-social-life-2.myshopify.com","Hera Day Lyre V-Neck","","Shirts > Short sleeve t-shirts","","Various"
"the-social-life-2.myshopify.com","Cabo Spring Break Official Tank","","Shirts > Tank tops","","Various"
"the-social-life-2.myshopify.com","Vandal Friday ""Ramones"" Dolman","","Shirts > Short sleeve t-shirts","","Various"
"the-social-life-2.myshopify.com","Top Gun Tank","","Shirts > Tank tops","","Various"
"the-social-life-2.myshopify.com","All Good Things Muscle Tank","","Shirts > Tank tops","","Various"
"the-social-life-2.myshopify.com","Marilyn Crewneck Sweatshirt - Black","","Sweatshirts > Crewneck sweatshirts","","Various"
"the-social-life-2.myshopify.com","Marilyn Crewneck Sweatshirt - Red","","Sweatshirts > Crewneck sweatshirts","","Various"
"the-social-life-2.myshopify.com","Phi Ball Triblend Racerback","","Shirts > Tank tops","","Various"
"the-social-life-2.myshopify.com","Greek Week Racerback Tank","","Shirts > Tank tops","","Various"
"the-social-life-2.myshopify.com","Greek Week Bro Tank","","Shirts > Tank tops","","Various"
"the-social-life-2.myshopify.com","Phi Ball Bro Tank","","Shirts > Tank tops","","Various"
"the-social-life-2.myshopify.com","Spring Break FOREVER Tank","","Shirts > Tank tops","","Various"
"the-social-life-2.myshopify.com","Amherst Greek Week Jerseys","","Shirts > Jerseys","","Various"
"the-social-life-2.myshopify.com","Phiesta Fanny Pack","","Bags > Fanny packs","","Various"
"the-social-life-2.myshopify.com","Coachella Flowy Muscle Tank","","Shirts > Tank tops","","Various"
"the-social-life-2.myshopify.com","Coachella Phone Case","","Promotional > Cell phone cases","","Various"
"the-social-life-2.myshopify.com","Anchorbowl AA Unisex Tank","","Shirts > Tank tops","","Various"
"the-social-life-2.myshopify.com","Anchorbowl Crop Tank II","","Shirts > Tank tops","","Various"
"the-social-life-2.myshopify.com","Stagecoach Flowy Muscle Tank","","Shirts > Tank tops","","Various"
"the-social-life-2.myshopify.com","Coachella Flowy Muscle Tank","","Shirts > Tank tops","","Various"
"the-social-life-2.myshopify.com","Coachella Crop","","Shirts > Crop tops","","Various"
"the-social-life-2.myshopify.com","DX - Vegas Formal Pocket Tee","","Shirts > Short sleeve t-shirts","","Various"
"the-social-life-2.myshopify.com","DX - Vegas Formal Tank","","Shirts > Tank tops","","Various"
"the-social-life-2.myshopify.com","Stay Vertical American Apparel Unisex Tank","","Shirts > Tank tops","","Various"
"the-social-life-2.myshopify.com","Stay Vertical Bro Tank","","Shirts > Tank tops","","Various"
"the-social-life-2.myshopify.com","Give Cancer The Boot Bro Tank (sand color)","","Shirts > Tank tops","","Various"
"the-social-life-2.myshopify.com","Do Good Flowy V-Neck","","Shirts > Short sleeve t-shirts","","Various"
"the-social-life-2.myshopify.com","ASU Greek Week Tank","","Shirts > Tank tops","","Various"
"the-social-life-2.myshopify.com","OSU Shasta 2014 Bro Tank","","Shirts > Tank tops","","Various"
"the-social-life-2.myshopify.com","ZBTahiti Bro Tank","","Shirts > Tank tops","","Various"
"the-social-life-2.myshopify.com","Official 2014 Shasta Tank","","Shirts > Tank tops","","Various"
"the-social-life-2.myshopify.com","Custom Fresh Prince Snapback!","","Headwear > Billed hats","","Various"
"the-social-life-2.myshopify.com","Custom Hawaiian Snapback!","","Headwear > Billed hats","","Various"
"the-social-life-2.myshopify.com","Rowing Championship Tank","","Shirts > Tank tops","","Various"
"the-social-life-2.myshopify.com","2014 Senior Bar Crawl Racerback","","Shirts > Tank tops","","Various"
"the-social-life-2.myshopify.com","Alpha Breezy Crop Tank.","","Shirts > Tank tops","","Various"
"the-social-life-2.myshopify.com","Kaotic and Patriotic Tank","","Shirts > Tank tops","","Various"
"the-social-life-2.myshopify.com","2014 Greek Week 'DGAF' Tank","","Shirts > Tank tops","","Various"
"the-social-life-2.myshopify.com","CSU Hawaiian Camp Hat","","Headwear > Billed hats","","Various"
"the-social-life-2.myshopify.com","UCSB Annual Fund Tank","","Shirts > Tank tops","","Various"
"the-social-life-2.myshopify.com","Diva Definition Tank","","Shirts > Tank tops","","Various"
"the-social-life-2.myshopify.com","""Shasta Lake"" Bro Tank","","Shirts > Tank tops","","Various"
"the-social-life-2.myshopify.com","USAnchor Bro Tank","","Shirts > Tank tops","","Various"
"the-social-life-2.myshopify.com","Shasta Bro Tank","","Shirts > Tank tops","","Various"
"the-social-life-2.myshopify.com","2014 Shasta ""Booze Cruise"" Tank","","Shirts > Tank tops","","Various"
"the-social-life-2.myshopify.com","Rip'Em Eaters Baseball Tee","","Shirts > 3/4 sleeve t-shirts","","Various"
"the-social-life-2.myshopify.com","Kappa Bro Tank","","Shirts > Tank tops","","Various"
"the-social-life-2.myshopify.com","UW Greek Olympics Tank","","Shirts > Tank tops","","Various"
"the-social-life-2.myshopify.com","Kite + Key Zip Up Hoodie","","Sweatshirts > Zip-up sweatshirts","","Various"
"the-social-life-2.myshopify.com","Kite + Key Crew Sweatshirt","","Sweatshirts > Crewneck sweatshirts","","Various"
"the-social-life-2.myshopify.com","Delt Jäger Bro Tank","","Shirts > Tank tops","","Various"
"the-social-life-2.myshopify.com","Delt Jäger Ladies Boxy Tank","","Shirts > Tank tops","","Various"
"the-social-life-2.myshopify.com","The Patriot Snapback","","Headwear > Billed hats","","Various"
"the-social-life-2.myshopify.com","The Patriot Split Snapback","","Headwear > Billed hats","","Various"
"the-social-life-2.myshopify.com","The Polkaztec Snapback","","Headwear > Billed hats","","Various"
"the-social-life-2.myshopify.com","Rho Gamma WSU Fanny Pack","","Bags > Fanny packs","","Various"
"the-social-life-2.myshopify.com","Rho Gamma WSU Snapback","","Headwear > Billed hats","","Various"
"the-social-life-2.myshopify.com","Rho Gamma WSU Pocket Tank","","Shirts > Tank tops","","Various"
"the-social-life-2.myshopify.com","Rho Gamma WSU Zip-Up Hoodie","","Sweatshirts > Zip-up sweatshirts","","Various"
"the-social-life-2.myshopify.com","Rho Gamma WSU Floral Tank","","Shirts > Tank tops","","Various"
"the-social-life-2.myshopify.com","Sapphire Ball Tank","","Shirts > Tank tops","","Various"
"the-social-life-2.myshopify.com","IV Strong Tee","","Shirts > Short sleeve t-shirts","","Various"
"the-social-life-2.myshopify.com","IV Strong Tank","","Shirts > Tank tops","","Various"
"the-social-life-2.myshopify.com","'Merica Spirit Jersey","","Shirts > Jerseys","","Various"
"the-social-life-2.myshopify.com","USA - It's Your Birthday! (Tank)","","Shirts > Tank tops","","Various"
"the-social-life-2.myshopify.com","USA - It's Your Birthday! (Crop)","","Shirts > Crop tops","","Various"
"the-social-life-2.myshopify.com","Plant a Tree","","Professional services > Fundraising","","Various"
"the-social-life-2.myshopify.com","2014 Work Week Racerback Tank","","Shirts > Tank tops","","Various"
"the-social-life-2.myshopify.com","2014 Bid Day Flowy Racerback - Coral","","Shirts > Tank tops","","Various"
"the-social-life-2.myshopify.com","2014 Bid Day Snapback","","Headwear > Billed hats","","Various"
"the-social-life-2.myshopify.com","2014 Bid Day Wayfarers - Yellow","","Promotional > Sunglasses","","Various"
"the-social-life-2.myshopify.com","RVCA Shirts","","Shirts > Short sleeve t-shirts","","Various"
"the-social-life-2.myshopify.com","CaboBandz","","Sports > Wristbands","","Various"
"the-social-life-2.myshopify.com","AA neon mock pock tank","","Shirts > Tank tops","","Various"
"the-social-life-2.myshopify.com","""Love Shouldn't Hurt"" V-Neck","","Shirts > Short sleeve t-shirts","","Various"
"the-social-life-2.myshopify.com","Team No Sleep","","Shirts > Short sleeve t-shirts","","Various"
"the-social-life-2.myshopify.com","Work Out Recruitment Tank","","Shirts > Tank tops","","Various"
"the-social-life-2.myshopify.com","""On My Level"" Tie Dye Muscle Tee","","Shirts > Tank tops","","Various"
"the-social-life-2.myshopify.com","Ultra Club Zippered Tote","","Bags > Tote bags","","Various"
"the-social-life-2.myshopify.com","USA Pullover Sweatshirt","","Sweatshirts > Crewneck sweatshirts","","Various"
"the-social-life-2.myshopify.com","Bella Crop Tank","","Shirts > Crop tops","","Various"
"the-social-life-2.myshopify.com","Bella Muscle Tank","","Shirts > Tank tops","","Various"
"the-social-life-2.myshopify.com","Pima Crop Tank","","Shirts > Crop tops","","Various"
"the-social-life-2.myshopify.com","Seniors '15 Crop Tank","","Shirts > Crop tops","","Various"
"the-social-life-2.myshopify.com","Product Test Fundraising","","Professional services > Fundraising","","Various"
"the-social-life-2.myshopify.com","Shipping","","Professional services > Financial management services","","Various"
"the-social-life-2.myshopify.com","Product Test Goal","","Professional services > Fundraising","","Various"
"the-social-life-2.myshopify.com","EMAIL TEST1 - Campaign Closed Success","","Professional services > Fundraising","","Various"
"the-social-life-2.myshopify.com","EMAIL TEST2 - Campaign Closed Fail","","Professional services > Fundraising","","Various"
"the-social-life-2.myshopify.com","EMAIL TEST3 - Campaign No Goal","","Professional services > Fundraising","","Various"
"the-social-life-2.myshopify.com","EMAIL TEST4 - Split Shipping","","Professional services > Financial management services","","Various"
"the-social-life-2.myshopify.com","No Direct Ship Test","","Professional services > Financial management services","","Various"
"the-social-life-2.myshopify.com","Custom American Apparel Racerback in White","","Shirts > Tank tops","","Various"
"the-social-life-2.myshopify.com","Dad's Weekend Tee","","Shirts > Short sleeve t-shirts","","Various"
"the-social-life-2.myshopify.com","Dad's Weekend Long Sleeve","","Shirts > Long sleeve t-shirts","","Various"
"the-social-life-2.myshopify.com","ADPI x PIKE Fire Fighter Challenge","","Apparel > Team Uniforms","","Various"
"the-social-life-2.myshopify.com","APHI x PIKE Fire Fighter Challenge","","Apparel > Team Uniforms","","Various"
"the-social-life-2.myshopify.com","GPHI x PIKE Fire Fighter Challenge","","Apparel > Team Uniforms","","Various"
"the-social-life-2.myshopify.com","Krew Black Hawaiian Snapback","","Headwear > Billed hats","","Various"
"the-social-life-2.myshopify.com","Dad's Day Polos","","Shirts > Short sleeve polo shirts","","Various"
"the-social-life-2.myshopify.com","""You won't...I might"" Muscle Tank","","Shirts > Tank tops","","Various"
"the-social-life-2.myshopify.com","Kappa Heart Racerback","","Shirts > Tank tops","","Various"
"the-social-life-2.myshopify.com","Keep it Kappa Power Washed Tank","","Shirts > Tank tops","","Various"
"the-social-life-2.myshopify.com","Script Heart Boxy Tank - Little","","Shirts > Tank tops","","Various"
"the-social-life-2.myshopify.com","Script Heart Boxy Tank - Big","","Shirts > Tank tops","","Various"
"the-social-life-2.myshopify.com","2014 Anchor Splash Tank","","Shirts > Tank tops","","Various"
"the-social-life-2.myshopify.com","Gift Card","","Paper/print goods > Plastic cards","","Various"
"the-social-life-2.myshopify.com","SigKap SLO Bid Day StrapBack","","Headwear > Billed hats","","Various"
"the-social-life-2.myshopify.com","Disneyland Tank","","Shirts > Tank tops","","Various"
"the-social-life-2.myshopify.com","D PHI E - Syracuse Derby Days","","Shirts > Short sleeve t-shirts","","Various"
"the-social-life-2.myshopify.com","Biggie Smalls Tee - SMALLS","","Shirts > Short sleeve t-shirts","","Various"
"the-social-life-2.myshopify.com","Biggie Smalls Tee - BIGGIE","","Shirts > Short sleeve t-shirts","","Various"
"the-social-life-2.myshopify.com","Biggie Smalls Tee - NOTORIOUS","","Shirts > Short sleeve t-shirts","","Various"
"the-social-life-2.myshopify.com","TEST OM NAME","","Shirts > Short sleeve t-shirts","","Various"
"the-social-life-2.myshopify.com","Phi Ball Tank","","Shirts > Tank tops","","Various"
"the-social-life-2.myshopify.com","Biggie Power Wash Tee","","Shirts > Short sleeve t-shirts","","Various"
"the-social-life-2.myshopify.com","Smalls Power Wash Tee","","Shirts > Short sleeve t-shirts","","Various"
"the-social-life-2.myshopify.com","Hooters with Hooties Tank","","Shirts > Tank tops","","Various"
"the-social-life-2.myshopify.com","EX Derby Days Mens Shirt","","Shirts > Short sleeve t-shirts","","Various"
"the-social-life-2.myshopify.com","Sailor Gang Hooded Pullover","","Sweatshirts > Hooded sweatshirts","","Various"
"the-social-life-2.myshopify.com","ASU Anchor Splash Tanks","","Shirts > Tank tops","","Various"
"the-social-life-2.myshopify.com","ASU Anchor Splash Tanks - ADPhi","","Shirts > Tank tops","","Various"
"the-social-life-2.myshopify.com","ASU Anchor Splash Tanks - DKE","","Shirts > Tank tops","","Various"
"the-social-life-2.myshopify.com","ASU Anchor Splash Tanks - DSP","","Shirts > Tank tops","","Various"
"the-social-life-2.myshopify.com","DPE Homecoming Tank","","Shirts > Tank tops","","Various"
"the-social-life-2.myshopify.com","MADD Tanks","","Shirts > Tank tops","","Various"
"the-social-life-2.myshopify.com","Vintage Grey Embroidered Cap","","Headwear > Billed hats","","Various"
"the-social-life-2.myshopify.com","Vintage Denim Embroidered Cap","","Headwear > Billed hats","","Various"
"the-social-life-2.myshopify.com","Tailgate Cropped 3/4 Sleeve Tee","","Shirts > 3/4 sleeve t-shirts","","Various"
"the-social-life-2.myshopify.com","Phi Ball Tank II","","Shirts > Tank tops","","Various"
"the-social-life-2.myshopify.com","Family Weekend - Mom Tee","","Shirts > Short sleeve t-shirts","","Various"
"the-social-life-2.myshopify.com","Family Weekend - Dads Tee","","Shirts > Short sleeve t-shirts","","Various"
"the-social-life-2.myshopify.com","Family Weekend - Cap (Mom)","","Headwear > Billed hats","","Various"
"the-social-life-2.myshopify.com","Family Weekend - Cap (Dad)","","Headwear > Billed hats","","Various"
"the-social-life-2.myshopify.com","Harry Potter V-Neck","","Shirts > Short sleeve t-shirts","","Various"
"the-social-life-2.myshopify.com","""Maphia"" Fall Frenzy Oversized T Shirt","","Shirts > Short sleeve t-shirts","","Various"
"the-social-life-2.myshopify.com","Hot Damn Fanny Pack","","Bags > Fanny packs","","Various"
"the-social-life-2.myshopify.com","Karaoke Tanks","","Shirts > Tank tops","","Various"
"the-social-life-2.myshopify.com","'Merica Spirit Jersey","","Shirts > Jerseys","","Various"
"the-social-life-2.myshopify.com","TSL Spirit Jersey","","Shirts > Jerseys","","Various"
"the-social-life-2.myshopify.com","Alpha Xi Leggings","","Pants > Leggings","","Various"
"the-social-life-2.myshopify.com","Sigma Jam Tank","","Shirts > Tank tops","","Various"
"the-social-life-2.myshopify.com","KATwalk ""Mr. Casanova"" Bro Tank","","Shirts > Tank tops","","Various"
"the-social-life-2.myshopify.com","Young Wild & Greek","","Shirts > Short sleeve t-shirts","","Various"
"the-social-life-2.myshopify.com","KATwalk Flowy Racerback","","Shirts > Tank tops","","Various"
"the-social-life-2.myshopify.com","Karaoke Tanks","","Shirts > Tank tops","","Various"
"the-social-life-2.myshopify.com","Custom Candy Stripe Backpack","","Bags > Backpacks","","Various"
"the-social-life-2.myshopify.com","Custom Denim Dye Backpack","","Bags > Backpacks","","Various"
"the-social-life-2.myshopify.com","Custom Cosmos Backpack","","Bags > Backpacks","","Various"
"the-social-life-2.myshopify.com","Letters Down Tank","","Shirts > Tank tops","","Various"
"the-social-life-2.myshopify.com","Illinois Cheer Spirit Jersey","","Shirts > Jerseys","","Various"
"the-social-life-2.myshopify.com","Jaegermeister Tanks","","Shirts > Tank tops","","Various"
"the-social-life-2.myshopify.com","Jaegermeister Bro Tank","","Shirts > Tank tops","","Various"
"the-social-life-2.myshopify.com","Alpha Phifa Long Sleeve","","Shirts > Long sleeve t-shirts","","Various"
"the-social-life-2.myshopify.com","Secret Fam Tanks","","Shirts > Tank tops","","Various"
"the-social-life-2.myshopify.com","Illinois Cheerleading Dad Crewneck","","Sweatshirts > Crewneck sweatshirts","","Various"
"the-social-life-2.myshopify.com","Illinois Cheerleading Mom Crewneck","","Sweatshirts > Crewneck sweatshirts","","Various"
"the-social-life-2.myshopify.com","Illinois Cheerleading Crewneck","","Sweatshirts > Crewneck sweatshirts","","Various"
"the-social-life-2.myshopify.com","USG - ASU Dog Days","","Bundles > Apparel bundles","","Various"
"the-social-life-2.myshopify.com","Kappa Chanel Tee","","Shirts > Short sleeve t-shirts","","Various"
"the-social-life-2.myshopify.com","Kappa Key Sweatpants","","Pants > Sweatpants","","Various"
"the-social-life-2.myshopify.com","Grab-A-Date Ladies","","Bundles > Apparel bundles","","Various"
"the-social-life-2.myshopify.com","Grab-A-Date Men","","Bundles > Apparel bundles","","Various"
"the-social-life-2.myshopify.com","Domestic Violence Awareness Tanks","","Shirts > Tank tops","","Various"
"the-social-life-2.myshopify.com","ASU Dog Days (Non-affiliated)","","Bundles > Apparel bundles","","Various"
"the-social-life-2.myshopify.com","Robot Fam Tanks","","Shirts > Tank tops","","Various"
"the-social-life-2.myshopify.com","Grateful Dead","","Bundles > Apparel bundles","","Various"
"the-social-life-2.myshopify.com","Chaptown Tank","","Shirts > Tank tops","","Various"
"the-social-life-2.myshopify.com","Private Conf Test","","Promotional > Stickers","","Various"
"the-social-life-2.myshopify.com","Test Retail Backpack","","Bags > Backpacks","","Various"
"the-social-life-2.myshopify.com","Test Campaign Item","","Promotional > Stickers","","Various"
"the-social-life-2.myshopify.com","Fight Off Tank","","Shirts > Tank tops","","Various"
"the-social-life-2.myshopify.com","OSU ""Kappa Kristmas"" Long Sleeve","","Shirts > Long sleeve t-shirts","","Various"
"the-social-life-2.myshopify.com","TSL Holiday Beanie","","Headwear > Beanies","","Various"
"the-social-life-2.myshopify.com","TSL Holiday Beanie","","Headwear > Beanies","","Various"
"the-social-life-2.myshopify.com","FREE SHIPPING","","Professional services > Financial management services","","Various"
"the-social-life-2.myshopify.com","Campaign Relaunch Product Hidden","","Professional services > Fundraising","","Various"
"the-social-life-2.myshopify.com","Whistler College Weekend Sweatshirt","","Sweatshirts > Crewneck sweatshirts","","Various"
"the-social-life-2.myshopify.com","L∆TEΓ'S BABY Tank","","Shirts > Tank tops","","Various"
"the-social-life-2.myshopify.com","Spring Bid Day Collection Long Sleeves","","Shirts > Long sleeve t-shirts","","Various"
"the-social-life-2.myshopify.com","A Phi Flannels","","Shirts > Button-up shirts","","Various"
"the-social-life-2.myshopify.com","Alpha Gam Boyfriend Flannel","","Shirts > Button-up shirts","","Various"
"the-social-life-2.myshopify.com","Werk It Sports Bra","","Undergarments > Sports Bras","","Various"
"the-social-life-2.myshopify.com","Alpha Maroon Crop","","Shirts > Crop tops","","Various"
"the-social-life-2.myshopify.com","Alpha Maroon Crop","","Shirts > Crop tops","","Various"
"the-social-life-2.myshopify.com","Holibaes Invite Tee","","Shirts > Short sleeve t-shirts","","Various"
"the-social-life-2.myshopify.com","DDS Quarter Zip Sweatshirt","","Sweatshirts > 1/4 zip sweatshirts","","Various"
"the-social-life-2.myshopify.com","Cancun Spring Break Tank","","Shirts > Tank tops","","Various"
"the-social-life-2.myshopify.com","Cabo Spring Break Tank","","Shirts > Tank tops","","Various"
"the-social-life-2.myshopify.com","Dance Marathon CaboBandz","","Sports > Wristbands","","Various"
"the-social-life-2.myshopify.com","Zip Tie Coral","","Apparel > Zipper pulls","","Various"
"the-social-life-2.myshopify.com","Zip Tie Aqua","","Promotional > All-purpose clips","","Various"
"the-social-life-2.myshopify.com","UCLA Casino Royale Tank","","Shirts > Tank tops","","Various"
"the-social-life-2.myshopify.com","Spring Break Forever CaboBandz","","Hair accessories > Headbands","","Various"
"the-social-life-2.myshopify.com","Aloha Beaches CaboBandz","","Hair accessories > Headbands","","Various"
"the-social-life-2.myshopify.com","Ship Faced Tank","","Shirts > Tank tops","","Various"
"the-social-life-2.myshopify.com","Beach Please Tank","","Shirts > Tank tops","","Various"
"the-social-life-2.myshopify.com","Aloha Beaches Tank","","Shirts > Tank tops","","Various"
"the-social-life-2.myshopify.com","Sail with the Best Flannel","","Shirts > Button-up shirts","","Various"
"the-social-life-2.myshopify.com","Far From Ordinary Backpack","","Bags > Backpacks","","Various"
"the-social-life-2.myshopify.com","Test Product - Campaign Failed and Refunded","","Shirts > Short sleeve t-shirts","","Various"
"the-social-life-2.myshopify.com","ZBT Tundra Shirt","","Shirts > Short sleeve t-shirts","","Various"
"the-social-life-2.myshopify.com","Cabo Spring Break Pocket Tank","","Shirts > Tank tops","","Various"
"the-social-life-2.myshopify.com","U of A Greek Week 2015 Bro Tank","","Shirts > Tank tops","","Various"
"the-social-life-2.myshopify.com","St. Patty's Day Pitcher","","Drinkware > Pitchers","","Various"
"the-social-life-2.myshopify.com","Clover Crop Tank","","Shirts > Crop tops","","Various"
"the-social-life-2.myshopify.com","Narnia Club Muscle Tee","","Shirts > Tank tops","","Various"
"the-social-life-2.myshopify.com","Spiderman Hero Tee","","Shirts > Short sleeve t-shirts","","Various"
"the-social-life-2.myshopify.com","Captain America Hero Shirt","","Shirts > Short sleeve t-shirts","","Various"
"the-social-life-2.myshopify.com","Captain America NFL Jersey Tee","","Shirts > Jerseys","","Various"
"the-social-life-2.myshopify.com","Superman Hero Shirt","","Shirts > Short sleeve t-shirts","","Various"
"the-social-life-2.myshopify.com","Superman NFL Jersey Tee","","Shirts > Jerseys","","Various"
"the-social-life-2.myshopify.com","Batman Hero Shirt","","Shirts > Short sleeve t-shirts","","Various"
"the-social-life-2.myshopify.com","Batman Jersey Tee","","Shirts > Jerseys","","Various"
"the-social-life-2.myshopify.com","Hulk Hero Shirt","","Shirts > Short sleeve t-shirts","","Various"
"the-social-life-2.myshopify.com","Hulk Jersey Tee","","Shirts > Jerseys","","Various"
"the-social-life-2.myshopify.com","X-Men Hero Shirt","","Shirts > Short sleeve t-shirts","","Various"
"the-social-life-2.myshopify.com","X-Men Jersey Tee","","Shirts > Jerseys","","Various"
"the-social-life-2.myshopify.com","Ironman Hero Shirt","","Shirts > Short sleeve t-shirts","","Various"
"the-social-life-2.myshopify.com","Ironman Jersey Tee","","Shirts > Jerseys","","Various"
"the-social-life-2.myshopify.com","Fantastic 4 Hero Shirt","","Shirts > Short sleeve t-shirts","","Various"
"the-social-life-2.myshopify.com","Fantastic 4 Jersey Tee","","Shirts > Jerseys","","Various"
"the-social-life-2.myshopify.com","Spiderman Jersey Tee","","Shirts > Jerseys","","Various"
"the-social-life-2.myshopify.com","Panhellenic Greek Week Shirt","","Shirts > Short sleeve t-shirts","","Various"
"the-social-life-2.myshopify.com","Panhellenic Jersey Tee","","Shirts > Jerseys","","Various"
"the-social-life-2.myshopify.com","Power Rangers Hero Shirt","","Shirts > Short sleeve t-shirts","","Various"
"the-social-life-2.myshopify.com","Power Rangers Jersey Tee","","Shirts > Jerseys","","Various"
"the-social-life-2.myshopify.com","Spring Break '15 Good Times Bro Tank","","Shirts > Tank tops","","Various"
"the-social-life-2.myshopify.com","Kappa Kappa Snappa Tank","","Shirts > Tank tops","","Various"
"the-social-life-2.myshopify.com","Big/Little Reveal Flowy Shirt","","Shirts > Short sleeve t-shirts","","Various"
"the-social-life-2.myshopify.com","Mom's Weekend Tank","","Shirts > Tank tops","","Various"
"the-social-life-2.myshopify.com","Flowy V-Neck","","Shirts > Short sleeve t-shirts","","Various"
"the-social-life-2.myshopify.com","Wild and Free Tank","","Shirts > Tank tops","","Various"
"the-social-life-2.myshopify.com","Caborado Spring Break Tank","","Shirts > Tank tops","","Various"
"the-social-life-2.myshopify.com","America Spirit Jersey","","Shirts > Jerseys","","Various"
"the-social-life-2.myshopify.com","Delta Pullover","","Sweatshirts > Crewneck sweatshirts","","Various"
"the-social-life-2.myshopify.com","eXp Custom Pocket Tank","","Shirts > Tank tops","","Various"
"the-social-life-2.myshopify.com","Run EXP Muscle Tank","","Shirts > Tank tops","","Various"
"the-social-life-2.myshopify.com","Phi Sigma's Boyfriend Flannel","","Shirts > Button-up shirts","","Various"
"the-social-life-2.myshopify.com","Arizona D & G","","Shirts > Short sleeve t-shirts","","Various"
"the-social-life-2.myshopify.com","Fine Like Wine Tank","","Shirts > Tank tops","","Various"
"the-social-life-2.myshopify.com","Phi Kappa Psi Tank","","Shirts > Tank tops","","Various"
"the-social-life-2.myshopify.com","Spartan Flannel","","Shirts > Button-up shirts","","Various"
"the-social-life-2.myshopify.com","Please Return - Big's Tank","","Shirts > Tank tops","","Various"
"the-social-life-2.myshopify.com","Please Return - Little's Tank","","Shirts > Tank tops","","Various"
"the-social-life-2.myshopify.com","Namast'ay Tee","","Shirts > Short sleeve t-shirts","","Various"
"the-social-life-2.myshopify.com","Spade Party Tank","","Shirts > Tank tops","","Various"
"the-social-life-2.myshopify.com","Spade Party Flowy Tee","","Shirts > Short sleeve t-shirts","","Various"
"the-social-life-2.myshopify.com","Team Zoe Tees","","Shirts > Short sleeve t-shirts","","Various"
"the-social-life-2.myshopify.com","Senior Bar Crawl","","Shirts > Short sleeve t-shirts","","Various"
"the-social-life-2.myshopify.com","TSL & The Best Things Tank","","Shirts > Tank tops","","Various"
"the-social-life-2.myshopify.com","Kappa Denim Jacket","","Outerwear > Jackets","","Various"
"the-social-life-2.myshopify.com","Kappa Camelbak","","Water bottles > Plastic water bottles","","Various"
"the-social-life-2.myshopify.com","Kappagonia Long Sleeve","","Shirts > Long sleeve t-shirts","","Various"
"the-social-life-2.myshopify.com","Kite Invite Tee","","Shirts > Short sleeve t-shirts","","Various"
"the-social-life-2.myshopify.com","Kite Invite Tank","","Shirts > Tank tops","","Various"
"the-social-life-2.myshopify.com","HP Wizard Tank","","Shirts > Tank tops","","Various"
"the-social-life-2.myshopify.com","Party Like Gatsby Flowy Tee","","Shirts > Short sleeve t-shirts","","Various"
"the-social-life-2.myshopify.com","Test Cherry Flannel 1","","Shirts > Button-up shirts","","Various"
"the-social-life-2.myshopify.com","Test Cherry Flannel 2","","Shirts > Button-up shirts","","Various"
"the-social-life-2.myshopify.com","Test Cherry Flannel 3","","Shirts > Button-up shirts","","Various"
"the-social-life-2.myshopify.com","Team Christina Tank Pack","","Bundles > Apparel bundles","","Various"
"the-social-life-2.myshopify.com","Team Christina Tee Pack","","Bundles > Apparel bundles","","Various"
"the-social-life-2.myshopify.com","Alpha Phifa Tank","","Shirts > Tank tops","","Various"
"the-social-life-2.myshopify.com","DSP - Premium Athletic Jersey Hat","","Headwear > Billed hats","","Various"
"the-social-life-2.myshopify.com","TSL - Premium Athletic Jersey Hat","","Headwear > Billed hats","","Various"
"the-social-life-2.myshopify.com","DSP - Premium Black Hawaiian Hat","","Headwear > Floppy hats","","Various"
"the-social-life-2.myshopify.com","TSL - Premium Black Hawaiian Hat","","Headwear > Floppy hats","","Various"
"the-social-life-2.myshopify.com","DSP - Premium Military Canvas Hat","","Headwear > Billed hats","","Various"
"the-social-life-2.myshopify.com","TSL - Premium Military Canvas Hat","","Headwear > Billed hats","","Various"
"the-social-life-2.myshopify.com","So Sweet Tank","","Shirts > Tank tops","","Various"
"the-social-life-2.myshopify.com","Mermaid Tee","","Shirts > Short sleeve t-shirts","","Various"
"the-social-life-2.myshopify.com","Mermaid Fringe Tank","","Shirts > Tank tops","","Various"
"the-social-life-2.myshopify.com","Letters Tank","","Shirts > Tank tops","","Various"
"the-social-life-2.myshopify.com","Distressed Camo Hat","","Headwear > Billed hats","","Various"
"the-social-life-2.myshopify.com","Wanderlust Boxy Tee","","Shirts > Short sleeve t-shirts","","Various"
"the-social-life-2.myshopify.com","UW Greek Week 2015 Tank","","Shirts > Tank tops","","Various"
"the-social-life-2.myshopify.com","Always Hungry Muscle Tank","","Shirts > Tank tops","","Various"
"the-social-life-2.myshopify.com","XO Mandala Long Sleeve Shirt","","Shirts > Long sleeve t-shirts","","Various"
"the-social-life-2.myshopify.com","XO Mandala Half Sleeve Shirt","","Shirts > 3/4 sleeve t-shirts","","Various"
"the-social-life-2.myshopify.com","XO Running Shorts","","Apparel > Shorts","","Various"
"the-social-life-2.myshopify.com","XO Formal Pocket Tee","","Shirts > Short sleeve t-shirts","","Various"
"the-social-life-2.myshopify.com","Summer Slouchy Tank","","Shirts > Tank tops","","Various"
"the-social-life-2.myshopify.com","Mermaids Have More Fun Tank","","Shirts > Tank tops","","Various"
"the-social-life-2.myshopify.com","Cropped Baseball Tee","","Shirts > 3/4 sleeve t-shirts","","Various"
"the-social-life-2.myshopify.com","Regular Unisex Baseball Tee","","Shirts > 3/4 sleeve t-shirts","","Various"
"the-social-life-2.myshopify.com","Ring Of Daises Tank","","Shirts > Tank tops","","Various"
"the-social-life-2.myshopify.com","Michigan Tailgate Champs","","Shirts > Short sleeve t-shirts","","Various"
"the-social-life-2.myshopify.com","Pre-Launch - TEST NB1","","Shirts > Short sleeve t-shirts","","Various"
"the-social-life-2.myshopify.com","Kappa Guy Spring Formal Tee","","Shirts > Short sleeve t-shirts","","Various"
"the-social-life-2.myshopify.com","This is Probably Tequila Tumbler","","Drinkware > Tumblers","","Various"
"the-social-life-2.myshopify.com","I'll Be There For You Tank","","Shirts > Tank tops","","Various"
"the-social-life-2.myshopify.com","UW Party Tank","","Shirts > Tank tops","","Various"
"the-social-life-2.myshopify.com","Good Vibes Paradise Tank","","Shirts > Tank tops","","Various"
"the-social-life-2.myshopify.com","That 70's Team","","Shirts > Short sleeve t-shirts","","Various"
"the-social-life-2.myshopify.com","Reminder Sign Up - Test NB1","","Shirts > Short sleeve t-shirts","","Various"
"the-social-life-2.myshopify.com","Pre-Launch - TEST NB2","","Shirts > Short sleeve t-shirts","","Various"
"the-social-life-2.myshopify.com","BareFoot Tank","","Shirts > Tank tops","","Various"
"the-social-life-2.myshopify.com","Barefoot CC Tank","","Shirts > Tank tops","","Various"
"the-social-life-2.myshopify.com","More Shots Crop Tank","","Shirts > Tank tops","","Various"
"the-social-life-2.myshopify.com","Tour De Franzia Tank","","Shirts > Tank tops","","Various"
"the-social-life-2.myshopify.com","B2B World War Champs Tank","","Shirts > Tank tops","","Various"
"the-social-life-2.myshopify.com","USA Snapback","","Headwear > Billed hats","","Various"
"the-social-life-2.myshopify.com","Reminder2 Sign Up - Test NB2","","Technology > Websites","","Various"
"the-social-life-2.myshopify.com","Stay Fly With Sigma Pi Fanny","","Bags > Fanny packs","","Various"
"the-social-life-2.myshopify.com","Kappa Just Do It Tank","","Shirts > Tank tops","","Various"
"the-social-life-2.myshopify.com","UC Davis Fleur Tank","","Shirts > Tank tops","","Various"
"the-social-life-2.myshopify.com","Alpha O Lovin' TEST PRE-LAUNCH","","Shirts > Short sleeve t-shirts","","Various"
"the-social-life-2.myshopify.com","Roll With Us Tank","","Shirts > Tank tops","","Various"
"the-social-life-2.myshopify.com","Whale Slouchy Tank","","Shirts > Tank tops","","Various"
"the-social-life-2.myshopify.com","Mermaids Have More Fun","","Shirts > Short sleeve t-shirts","","Various"
"the-social-life-2.myshopify.com","SP America Tank","","Shirts > Tank tops","","Various"
"the-social-life-2.myshopify.com","SP America Long Sleeve","","Shirts > Long sleeve t-shirts","","Various"
"the-social-life-2.myshopify.com","Shasta Cabobandz","","Hair accessories > Headbands","","Various"
"the-social-life-2.myshopify.com","Life Is Better On The Coast","","Shirts > Short sleeve t-shirts","","Various"
"the-social-life-2.myshopify.com","Elephant Tank","","Shirts > Tank tops","","Various"
"the-social-life-2.myshopify.com","Good Times Tank","","Shirts > Tank tops","","Various"
"the-social-life-2.myshopify.com","Aloha Tank","","Shirts > Tank tops","","Various"
"the-social-life-2.myshopify.com","Michigan Crewneck Sweater","","Sweatshirts > Crewneck sweatshirts","","Various"
"the-social-life-2.myshopify.com","USA Tie Dye Muscle Tank","","Shirts > Tank tops","","Various"
"the-social-life-2.myshopify.com","Made in USA","","Shirts > Short sleeve t-shirts","","Various"
"the-social-life-2.myshopify.com","Mermaid Off Duty","","Shirts > Short sleeve t-shirts","","Various"
"the-social-life-2.myshopify.com","Quad Day Tank","","Shirts > Tank tops","","Various"
"the-social-life-2.myshopify.com","PR tank #2","","Shirts > Tank tops","","Various"
"the-social-life-2.myshopify.com","XO Boyfriend Flannel","","Shirts > Button-up shirts","","Various"
"the-social-life-2.myshopify.com","Arizona Kappa Tank","","Shirts > Tank tops","","Various"
"the-social-life-2.myshopify.com","In Need Of Vitamin Sea Tank","","Shirts > Tank tops","","Various"
"the-social-life-2.myshopify.com","Kappa Football Jersey","","Shirts > Jerseys","","Various"
"the-social-life-2.myshopify.com","Go Greek Sac Tank","","Shirts > Tank tops","","Various"
"the-social-life-2.myshopify.com","St. Jude V-Neck","","Shirts > Short sleeve t-shirts","","Various"
"the-social-life-2.myshopify.com","I Love It When You Call Me Tank","","Shirts > Tank tops","","Various"
"the-social-life-2.myshopify.com","UofA Kappa Senior Shirt","","Shirts > Short sleeve t-shirts","","Various"
"the-social-life-2.myshopify.com","Michigan Navy Tank","","Shirts > Tank tops","","Various"
"the-social-life-2.myshopify.com","Michigan Gold Tank","","Shirts > Tank tops","","Various"
"the-social-life-2.myshopify.com","Michigan Anchor","","Shirts > Short sleeve t-shirts","","Various"
"the-social-life-2.myshopify.com","Get Like XI","","Shirts > Short sleeve t-shirts","","Various"
"the-social-life-2.myshopify.com","Spartan Head","","Shirts > Short sleeve t-shirts","","Various"
"the-social-life-2.myshopify.com","Spartan Head Dress","","Apparel > Dresses","","Various"
"the-social-life-2.myshopify.com","Example T-Shirt","","Shirts > Short sleeve t-shirts","","Various"
"the-social-life-2.myshopify.com","Fresno St Gameday Tailgate Fitted Tank","","Shirts > Tank tops","","Various"
"the-social-life-2.myshopify.com","But First, Recruitment Tank","","Shirts > Tank tops","","Various"
"the-social-life-2.myshopify.com","Recruitment Is My Cardio Flowy Tank","","Shirts > Tank tops","","Various"
"the-social-life-2.myshopify.com","Fresno St Gameday Tailgate Flowy Tank","","Shirts > Tank tops","","Various"
"the-social-life-2.myshopify.com","Vintage Cap","","Headwear > Billed hats","","Various"
"the-social-life-2.myshopify.com","Kite On Fanny Pack","","Bags > Fanny packs","","Various"
"the-social-life-2.myshopify.com","Gameday Bucket Hat","","Headwear > Bucket hats","","Various"
"the-social-life-2.myshopify.com","Fight On Boxy Tank","","Shirts > Tank tops","","Various"
"the-social-life-2.myshopify.com","Cotton Spandex Cheer Top","","Apparel > Cheer uniforms","","Various"
"the-social-life-2.myshopify.com","Cotton Spandex Crop Tee","","Shirts > Crop tops","","Various"
"the-social-life-2.myshopify.com","Spandex Fitted Shorts","","Apparel > Shorts","","Various"
"the-social-life-2.myshopify.com","Cotton Spandex Tank Bodysuit","","Apparel > Bodysuits","","Various"
"the-social-life-2.myshopify.com","Toy Story Tank","","Shirts > Tank tops","","Various"
"the-social-life-2.myshopify.com","Trident Tank","","Shirts > Tank tops","","Various"
"the-social-life-2.myshopify.com","UMD Rush OX Mascot Pocket Tee","","Shirts > Short sleeve t-shirts","","Various"
"the-social-life-2.myshopify.com","LA Kappa Alumni Shirt","","Shirts > Short sleeve t-shirts","","Various"
"the-social-life-2.myshopify.com","SJSU SX Cornhole Tanks","","Shirts > Tank tops","","Various"
"the-social-life-2.myshopify.com","Drafting The Best Tank","","Shirts > Tank tops","","Various"
"the-social-life-2.myshopify.com","On Saturdays We Tailgate Jersey","","Shirts > Jerseys","","Various"
"the-social-life-2.myshopify.com","UMiami Sebastian Tank","","Shirts > Tank tops","","Various"
"the-social-life-2.myshopify.com","Floral Lil Love","","Shirts > Short sleeve t-shirts","","Various"
"the-social-life-2.myshopify.com","Floral Big Love","","Shirts > Short sleeve t-shirts","","Various"
"the-social-life-2.myshopify.com","Floral GBig Love","","Shirts > Short sleeve t-shirts","","Various"
"the-social-life-2.myshopify.com","Tailgate With Me Hat","","Headwear > Billed hats","","Various"
"the-social-life-2.myshopify.com","Cotton Spandex Crop Tee - II","","Shirts > Crop tops","","Various"
"the-social-life-2.myshopify.com","Fight On Boxy Tank - II","","Shirts > Tank tops","","Various"
"the-social-life-2.myshopify.com","Cotton Spandex Cheer Top - II","","Apparel > Cheer uniforms","","Various"
"the-social-life-2.myshopify.com","Spandex Fitted Shorts - II","","Apparel > Shorts","","Various"
"the-social-life-2.myshopify.com","Gameday Bucket Hat - II","","Headwear > Bucket hats","","Various"
"the-social-life-2.myshopify.com","UCLA Kappa Spirit Tank/Halter","","Shirts > Halter tops","","Various"
"the-social-life-2.myshopify.com","Life Is Good Slouchy Tee","","Shirts > Short sleeve t-shirts","","Various"
"the-social-life-2.myshopify.com","Trojan Tube Top","","Shirts > Tube tops","","Various"
"the-social-life-2.myshopify.com","High Neck Fight On Tank","","Shirts > Tank tops","","Various"
"the-social-life-2.myshopify.com","Cheer Spandex","","Apparel > Shorts","","Various"
"the-social-life-2.myshopify.com","Wings Fanny","","Bags > Fanny packs","","Various"
"the-social-life-2.myshopify.com","We Tailgate Harder Then Your Team Plays","","Shirts > Short sleeve t-shirts","","Various"
"the-social-life-2.myshopify.com","Raglan Angels Shirts","","Shirts > 3/4 sleeve t-shirts","","Various"
"the-social-life-2.myshopify.com","UMiami Set, Spike, Splash Bro Tank","","Shirts > Tank tops","","Various"
"the-social-life-2.myshopify.com","U$C Sports Bra","","Undergarments > Sports Bras","","Various"
"the-social-life-2.myshopify.com","U$C Crop Top","","Shirts > Crop tops","","Various"
"the-social-life-2.myshopify.com","FTFO! Crop Tank","","Shirts > Crop tops","","Various"
"the-social-life-2.myshopify.com","USC Leotard","","Apparel > Leotards","","Various"
"the-social-life-2.myshopify.com","USC Heritage Bracelet","","Jewelry > Bracelets","","Various"
"the-social-life-2.myshopify.com","Big & Lil Dream Team","","Shirts > Short sleeve t-shirts","","Various"
"the-social-life-2.myshopify.com","Big Bold Tank","","Shirts > Tank tops","","Various"
"the-social-life-2.myshopify.com","Little Bold Tank","","Shirts > Tank tops","","Various"
"the-social-life-2.myshopify.com","Flawless BIG","","Shirts > Short sleeve t-shirts","","Various"
"the-social-life-2.myshopify.com","Flawless Little","","Shirts > Short sleeve t-shirts","","Various"
"the-social-life-2.myshopify.com","Flawless Grand Big","","Shirts > Short sleeve t-shirts","","Various"
"the-social-life-2.myshopify.com","Lil - Watch Me Whip","","Shirts > Short sleeve t-shirts","","Various"
"the-social-life-2.myshopify.com","Big - Watch Me Whip","","Shirts > Short sleeve t-shirts","","Various"
"the-social-life-2.myshopify.com","Vs. Stanford T Shirt","","Shirts > Short sleeve t-shirts","","Various"
"the-social-life-2.myshopify.com","U of A Heritage Bracelet","","Jewelry > Bracelets","","Various"
"the-social-life-2.myshopify.com","Pike Fire Fighter Challenge Women's Racerback - ADPi","","Shirts > Tank tops","","Various"
"the-social-life-2.myshopify.com","Pike Fire Fighter Challenge Women's Racerback - APHI","","Shirts > Tank tops","","Various"
"the-social-life-2.myshopify.com","Pike Fire Fighter Challenge Women's Racerback - GPHI","","Shirts > Tank tops","","Various"
"the-social-life-2.myshopify.com","Dad's ""I'm Her #1 Fan"" Navy T-Shirt","","Shirts > Short sleeve t-shirts","","Various"
"the-social-life-2.myshopify.com","Daughter's ""It Takes a Winner to Raise a Winner""","","Shirts > Short sleeve t-shirts","","Various"
"the-social-life-2.myshopify.com","Red Gala Tee","","Shirts > Short sleeve t-shirts","","Various"
"the-social-life-2.myshopify.com","SYRD Tank","","Shirts > Tank tops","","Various"
"the-social-life-2.myshopify.com","Buffthon Committee Tee","","Shirts > Short sleeve t-shirts","","Various"
"the-social-life-2.myshopify.com","Derby Days - Syracuse University","","Shirts > Short sleeve t-shirts","","Various"
"the-social-life-2.myshopify.com","Walk To End Guys Tanks","","Shirts > Tank tops","","Various"
"the-social-life-2.myshopify.com","Kent State Homecoming Long Sleeve","","Shirts > Long sleeve t-shirts","","Various"
"the-social-life-2.myshopify.com","Men's Luau Tee","","Shirts > Short sleeve t-shirts","","Various"
"the-social-life-2.myshopify.com","Women's Luau Tank","","Shirts > Tank tops","","Various"
"the-social-life-2.myshopify.com","Testing Shopify","","Shirts > Short sleeve t-shirts","","Various"
"the-social-life-2.myshopify.com","CU Boulder Homecoming Tee","","Shirts > Short sleeve t-shirts","","Various"
"the-social-life-2.myshopify.com","Brunch Beaches Tank","","Shirts > Tank tops","","Various"
"the-social-life-2.myshopify.com","Gameday Bucket Hat - III","","Headwear > Bucket hats","","Various"
"the-social-life-2.myshopify.com","Mas Rosé Tank","","Shirts > Tank tops","","Various"
"the-social-life-2.myshopify.com","Big Knows Best Tank","","Shirts > Tank tops","","Various"
"the-social-life-2.myshopify.com","Little Get's What Little Wants Tank","","Shirts > Tank tops","","Various"
"the-social-life-2.myshopify.com","TSL - Tie Dye Hair Tie Pack","","Hair accessories > Hair ties","","Various"
"the-social-life-2.myshopify.com","TSL - Palms Hair Tie Pack","","Hair accessories > Hair ties","","Various"
"the-social-life-2.myshopify.com","TSL - Combo 1 Hair Tie Pack","","Hair accessories > Hair ties","","Various"
"the-social-life-2.myshopify.com","TSL - XX Hair Tie Pack","","Hair accessories > Hair ties","","Various"
"the-social-life-2.myshopify.com","TSL - USA Stars Hair Tie Pack","","Hair accessories > Hair ties","","Various"
"the-social-life-2.myshopify.com","TSL - Combo 2 Hair Tie Pack","","Hair accessories > Hair ties","","Various"
"the-social-life-2.myshopify.com","Phi Ball Tank","","Shirts > Tank tops","","Various"
"the-social-life-2.myshopify.com","""Donut Worry"" Art Print","","Paper/print goods > Painting prints","","Various"
"the-social-life-2.myshopify.com","Free Hugs Art Print","","Paper/print goods > Painting prints","","Various"
"the-social-life-2.myshopify.com","""World Traveler"" Art Print","","Paper/print goods > Painting prints","","Various"
"the-social-life-2.myshopify.com","""Forever Wild"" Art Print","","Paper/print goods > Painting prints","","Various"
"the-social-life-2.myshopify.com","Disco Phiver Tee","","Shirts > Short sleeve t-shirts","","Various"
"the-social-life-2.myshopify.com","Men's Southern Cali Tee","","Shirts > Short sleeve t-shirts","","Various"
"the-social-life-2.myshopify.com","ZBT Baseball Jersey","","Shirts > Jerseys","","Various"
"the-social-life-2.myshopify.com","Weather Signs (Trunk Show)","","Household items > Wall signs","","Various"
"the-social-life-2.myshopify.com","Anchor Splash 3/4 Sleeves","","Shirts > 3/4 sleeve t-shirts","","Various"
"the-social-life-2.myshopify.com","FTFW V-neck","","Shirts > Short sleeve t-shirts","","Various"
"the-social-life-2.myshopify.com","BoomBoom Flannel","","Shirts > Button-up shirts","","Various"
"the-social-life-2.myshopify.com","Flower Crown - Big","","Hair accessories > Headbands","","Various"
"the-social-life-2.myshopify.com","Flower Crown - Lil","","Hair accessories > Headbands","","Various"
"the-social-life-2.myshopify.com","Big Crown Tank","","Shirts > Tank tops","","Various"
"the-social-life-2.myshopify.com","Little Crown Tank","","Shirts > Tank tops","","Various"
"the-social-life-2.myshopify.com","But First, Coffee Tumbler","","Drinkware > Tumblers","","Various"
"the-social-life-2.myshopify.com","Michigan Fanny Packs","","Bags > Fanny packs","","Various"
"the-social-life-2.myshopify.com","Running Through The Row With My BIG","","Shirts > Short sleeve t-shirts","","Various"
"the-social-life-2.myshopify.com","Running Through The Row With My LITTLE","","Shirts > Short sleeve t-shirts","","Various"
"the-social-life-2.myshopify.com","Fat Talk Free Triblend Tanks","","Shirts > Tank tops","","Various"
"the-social-life-2.myshopify.com","No Scrubs Senior Tank","","Shirts > Tank tops","","Various"
"the-social-life-2.myshopify.com","But First Kappa V Neck","","Shirts > Short sleeve t-shirts","","Various"
"the-social-life-2.myshopify.com","UCLA Spirit Crop","","Shirts > Crop tops","","Various"
"the-social-life-2.myshopify.com","But First, Kappa Tee","","Shirts > Short sleeve t-shirts","","Various"
"the-social-life-2.myshopify.com","Tinder Big Tank","","Shirts > Tank tops","","Various"
"the-social-life-2.myshopify.com","Tinder Little Tank","","Shirts > Tank tops","","Various"
"the-social-life-2.myshopify.com","Tinder Big Little Combo!","","Bundles > Apparel bundles","","Various"
"the-social-life-2.myshopify.com","Woodstock Shirt","","Shirts > Short sleeve t-shirts","","Various"
"the-social-life-2.myshopify.com","Fight On Flannel","","Shirts > Button-up shirts","","Various"
"the-social-life-2.myshopify.com","P LONG SLEEVE","","Shirts > Long sleeve t-shirts","","Various"
"the-social-life-2.myshopify.com","TSL Tie Dye Boxy (Trunk Show)","","Shirts > Short sleeve t-shirts","","Various"
"the-social-life-2.myshopify.com","TSL Perfect Racerback (Trunk Show)","","Shirts > Tank tops","","Various"
"the-social-life-2.myshopify.com","Flannel","","Shirts > Button-up shirts","","Various"
"the-social-life-2.myshopify.com","Snapback (Misc)","","Headwear > Billed hats","","Various"
"the-social-life-2.myshopify.com","Necklace (Space 103)","","Jewelry > Necklaces","","Various"
"the-social-life-2.myshopify.com","Rings","","Jewelry > Rings","","Various"
"the-social-life-2.myshopify.com","Bracelet","","Jewelry > Bracelets","","Various"
"the-social-life-2.myshopify.com","LDR Tank","","Shirts > Tank tops","","Various"
"the-social-life-2.myshopify.com","Misc Small Sign","","Household items > Wall signs","","Various"
"the-social-life-2.myshopify.com","Misc Big Sign","","Household items > Wall signs","","Various"
"the-social-life-2.myshopify.com","Fight On Sign","","Household items > Wall signs","","Various"
"the-social-life-2.myshopify.com","Flower Crown","","Headwear > Fascinators","","Various"
"the-social-life-2.myshopify.com","UW PiPhi Cheer Leotard","","Apparel > Leotards","","Various"
"the-social-life-2.myshopify.com","UW PiPhi Cheer Jersey","","Shirts > Jerseys","","Various"
"the-social-life-2.myshopify.com","MILA Perfect Racerback Tank","","Shirts > Tank tops","","Various"
"the-social-life-2.myshopify.com","TSL Classic Boyfriend Crewneck","","Sweatshirts > Crewneck sweatshirts","","Various"
"the-social-life-2.myshopify.com","Tie Dye Palms Boxy Muscle Tank","","Shirts > Tank tops","","Various"
"the-social-life-2.myshopify.com","The Classic Greek Sporty Top","","Shirts > Short sleeve t-shirts","","Various"
"the-social-life-2.myshopify.com","TSL LA Boyfriend Flannel","","Shirts > Button-up shirts","","Various"
"the-social-life-2.myshopify.com","I Love Bat Witches","","Shirts > Short sleeve t-shirts","","Various"
"the-social-life-2.myshopify.com","Boulder Kappaccino","","Coffee Mugs > Ceramic coffee mugs","","Various"
"the-social-life-2.myshopify.com","USC Weekender Zip Up","","Sweatshirts > Zip-up sweatshirts","","Various"
"the-social-life-2.myshopify.com","USC Crop","","Shirts > Crop tops","","Various"
"the-social-life-2.myshopify.com","Men's Football Tee","","Shirts > Short sleeve t-shirts","","Various"
"the-social-life-2.myshopify.com","XO Decade Guys","","Shirts > Short sleeve t-shirts","","Various"
"the-social-life-2.myshopify.com","Alpha Squad Tees","","Shirts > Short sleeve t-shirts","","Various"
"the-social-life-2.myshopify.com","Stanford House Divided Big Game Shirt","","Shirts > Short sleeve t-shirts","","Various"
"the-social-life-2.myshopify.com","Tailgate Harder Pocket Tee","","Shirts > Short sleeve t-shirts","","Various"
"the-social-life-2.myshopify.com","Helmet Design Tee","","Shirts > Short sleeve t-shirts","","Various"
"the-social-life-2.myshopify.com","Obey Inspired Pullover","","Sweatshirts > Crewneck sweatshirts","","Various"
"the-social-life-2.myshopify.com","Homecoming Men's Tee","","Shirts > Short sleeve t-shirts","","Various"
"the-social-life-2.myshopify.com","Homecoming Women's Flowy Tank","","Shirts > Tank tops","","Various"
"the-social-life-2.myshopify.com","USC Weekender Pullover","","Sweatshirts > Crewneck sweatshirts","","Various"
"the-social-life-2.myshopify.com","Men's Helmet Tee","","Shirts > Short sleeve t-shirts","","Various"
"the-social-life-2.myshopify.com","Obey Inspired Crewneck","","Sweatshirts > Crewneck sweatshirts","","Various"
"the-social-life-2.myshopify.com","Sigma Pi Dice","","Promotional > Dice","","Various"
"the-social-life-2.myshopify.com","LXA Watermelon Tank","","Shirts > Tank tops","","Various"
"the-social-life-2.myshopify.com","MSU Alpha O Boyfriend Flannel","","Shirts > Button-up shirts","","Various"
"the-social-life-2.myshopify.com","Tailgate With Pandas Tank","","Shirts > Tank tops","","Various"
"the-social-life-2.myshopify.com","Kappa Boulder Flannel","","Shirts > Button-up shirts","","Various"
"the-social-life-2.myshopify.com","TEAM USA Tank","","Shirts > Tank tops","","Various"
"the-social-life-2.myshopify.com","LXA Watermelon Girls 2","","Shirts > Short sleeve t-shirts","","Various"
"the-social-life-2.myshopify.com","LXA Watermelon Guys 2","","Shirts > Short sleeve t-shirts","","Various"
"the-social-life-2.myshopify.com","Weekender Baseball Tee","","Shirts > 3/4 sleeve t-shirts","","Various"
"the-social-life-2.myshopify.com","Michigan AED Crewneck","","Sweatshirts > Crewneck sweatshirts","","Various"
"the-social-life-2.myshopify.com","Nap Queen Crewneck Sweatshirt","","Sweatshirts > Crewneck sweatshirts","","Various"
"the-social-life-2.myshopify.com","Buy Me Letters for Christmas Nightgown","","Pajamas > Nightgowns","","Various"
"the-social-life-2.myshopify.com","Men's Wolf White Long Sleeve","","Shirts > Long sleeve t-shirts","","Various"
"the-social-life-2.myshopify.com","Women's Wolf White Long Sleeve","","Shirts > Long sleeve t-shirts","","Various"
"the-social-life-2.myshopify.com","TSL & Chill Ringer Tee","","Shirts > Short sleeve t-shirts","","Various"
"the-social-life-2.myshopify.com","Nap All Day Vintage Sign","","Household items > Wall signs","","Various"
"the-social-life-2.myshopify.com","Namaste Vintage Sign","","Household items > Wall signs","","Various"
"the-social-life-2.myshopify.com","Be Rad Vintage Sign","","Household items > Wall signs","","Various"
"the-social-life-2.myshopify.com","Good Vibes Vintage Sign","","Household items > Wall signs","","Various"
"the-social-life-2.myshopify.com","No Bad Days Vintage Sign","","Household items > Wall signs","","Various"
"the-social-life-2.myshopify.com","Cheers Vintage Sign","","Household items > Wall signs","","Various"
"the-social-life-2.myshopify.com","Killin' It Vintage Sign","","Household items > Wall signs","","Various"
"the-social-life-2.myshopify.com","Weekend Warrior Vintage Sign","","Household items > Wall signs","","Various"
"the-social-life-2.myshopify.com","Keep Dreamin Vintage Sign","","Household items > Wall signs","","Various"
"the-social-life-2.myshopify.com","West Coast Vintage Sign","","Household items > Wall signs","","Various"
"the-social-life-2.myshopify.com","East Coast Vintage Sign","","Household items > Wall signs","","Various"
"the-social-life-2.myshopify.com","Mistletoe Vintage Sign","","Household items > Wall signs","","Various"
"the-social-life-2.myshopify.com","Santa Baby Vintage Sign","","Household items > Wall signs","","Various"
"the-social-life-2.myshopify.com","1 - Rummage","","Bundles > Non-apparel bundles","","Various"
"the-social-life-2.myshopify.com","2 - Rummage","","Bundles > Non-apparel bundles","","Various"
"the-social-life-2.myshopify.com","3 - Rummage","","Bundles > Non-apparel bundles","","Various"
"the-social-life-2.myshopify.com","Life is Better Long Sleeve","","Shirts > Long sleeve t-shirts","","Various"
"the-social-life-2.myshopify.com","Ok, But First Tank","","Shirts > Tank tops","","Various"
"the-social-life-2.myshopify.com","Big House Raglan","","Shirts > 3/4 sleeve t-shirts","","Various"
"the-social-life-2.myshopify.com","Tie Dye Leggings","","Pants > Leggings","","Various"
"the-social-life-2.myshopify.com","Princeton Wide Neck Sweatshirt","","Sweatshirts > Crewneck sweatshirts","","Various"
"the-social-life-2.myshopify.com","Golden Keys & Fleur De Lis T-Shirt","","Shirts > Short sleeve t-shirts","","Various"
"the-social-life-2.myshopify.com","HuskyThon Tie-Dye Tank","","Shirts > Tank tops","","Various"
"the-social-life-2.myshopify.com","Athletic Leggings","","Pants > Leggings","","Various"
"the-social-life-2.myshopify.com","Sigma Pi Omega Stateline","","Shirts > Short sleeve t-shirts","","Various"
"the-social-life-2.myshopify.com","Sigmas ""Old English"" Jersey","","Shirts > Jerseys","","Various"
"the-social-life-2.myshopify.com","Sigma Phi Omega Leotard","","Apparel > Leotards","","Various"
"the-social-life-2.myshopify.com","Sigma Phi Omega Flowy Hoodie","","Sweatshirts > Hooded sweatshirts","","Various"
"the-social-life-2.myshopify.com","Sigma Phi Omega Boyfriend Flannel","","Shirts > Button-up shirts","","Various"
"the-social-life-2.myshopify.com","Sigma Pi Omega Crest Quarter Zip","","Sweatshirts > 1/4 zip sweatshirts","","Various"
"the-social-life-2.myshopify.com","Sigmas MCMXLIX Raglan Crop Top","","Shirts > Crop tops","","Various"
"the-social-life-2.myshopify.com","Sigma Phi Omega Spirit Jersey","","Shirts > Jerseys","","Various"
"the-social-life-2.myshopify.com","Good Times Tee","","Shirts > Short sleeve t-shirts","","Various"
"the-social-life-2.myshopify.com","Irvine KatWalk Tee","","Shirts > Short sleeve t-shirts","","Various"
"the-social-life-2.myshopify.com","Babe Cave Vintage Sign","","Household items > Wall signs","","Various"
"the-social-life-2.myshopify.com","Kappa Athletics Tee","","Shirts > Short sleeve t-shirts","","Various"
"the-social-life-2.myshopify.com","Vintage Kappa Crewneck","","Sweatshirts > Crewneck sweatshirts","","Various"
"the-social-life-2.myshopify.com","Delta Idol Raglan","","Shirts > 3/4 sleeve t-shirts","","Various"
"the-social-life-2.myshopify.com","Delta Idol Raglan 2","","Shirts > 3/4 sleeve t-shirts","","Various"
"the-social-life-2.myshopify.com","Delta Idol Fanny Pack","","Bags > Fanny packs","","Various"
"the-social-life-2.myshopify.com","Sigma Pi Palms Long Sleeve","","Shirts > Long sleeve t-shirts","","Various"
"the-social-life-2.myshopify.com","ONLY Sigma Pi","","Promotional > Stickers","","Various"
"the-social-life-2.myshopify.com","State Pocket L/S","","Shirts > Long sleeve t-shirts","","Various"
"the-social-life-2.myshopify.com","Kappa Ringer Tee","","Shirts > Short sleeve t-shirts","","Various"
"the-social-life-2.myshopify.com","Kappa Tie Dye Tank","","Shirts > Tank tops","","Various"
"the-social-life-2.myshopify.com","Bachelor Be Mine Tee","","Shirts > Short sleeve t-shirts","","Various"
"the-social-life-2.myshopify.com","Together Forever W/ Pizza Wide Neck Tee","","Shirts > Short sleeve t-shirts","","Various"
"the-social-life-2.myshopify.com","Oregon XO Henley","","Shirts > Short sleeve t-shirts","","Various"
"the-social-life-2.myshopify.com","SDSU APHICHELLA Tanks","","Shirts > Tank tops","","Various"
"the-social-life-2.myshopify.com","SDSU Athletic Crewneck","","Sweatshirts > Crewneck sweatshirts","","Various"
"the-social-life-2.myshopify.com","BOLD TEST - 1","","Shirts > Short sleeve t-shirts","","Various"
"the-social-life-2.myshopify.com","BOLD TEST - 2","","Shirts > Short sleeve t-shirts","","Various"
"the-social-life-2.myshopify.com","BOLD TEST - 3","","Shirts > Short sleeve t-shirts","","Various"
"the-social-life-2.myshopify.com","BOLD TEST - 4","","Shirts > Short sleeve t-shirts","","Various"
"the-social-life-2.myshopify.com","We Never Lost a Party Fanny Pack","","Bags > Fanny packs","","Various"
"the-social-life-2.myshopify.com","SLO LXA Pops & Chops","","Shirts > Short sleeve t-shirts","","Various"
"the-social-life-2.myshopify.com","FSU Dance Marathon Cabobandz","","Sports > Wristbands","","Various"
"the-social-life-2.myshopify.com","FSU Dance Marathon Cabobandz - Aqua","","Sports > Wristbands","","Various"
"the-social-life-2.myshopify.com","Dad's Weekend Pocket Tee","","Shirts > Short sleeve t-shirts","","Various"
"the-social-life-2.myshopify.com","Mom's Weekend Tee","","Shirts > Short sleeve t-shirts","","Various"
"the-social-life-2.myshopify.com","Dad's Weekend Travel Mug","","Drinkware > Travel mugs","","Various"
"the-social-life-2.myshopify.com","Mom's Weekend Travel Mug","","Drinkware > Travel mugs","","Various"
"the-social-life-2.myshopify.com","Doin' Good Ringer Tee","","Shirts > Short sleeve t-shirts","","Various"
"the-social-life-2.myshopify.com","Doin' Good Raglan Tee","","Shirts > 3/4 sleeve t-shirts","","Various"
"the-social-life-2.myshopify.com","Classic Stripped Crewneck","","Sweatshirts > Crewneck sweatshirts","","Various"
"the-social-life-2.myshopify.com","Kiss Me Scoop Neck Tee","","Shirts > Short sleeve t-shirts","","Various"
"the-social-life-2.myshopify.com","Southern California Denim Hat","","Headwear > Billed hats","","Various"
"the-social-life-2.myshopify.com","Atlanta Zoo Tee","","Shirts > Short sleeve t-shirts","","Various"
"the-social-life-2.myshopify.com","Atlanta Zoo Zip Up","","Sweatshirts > Zip-up sweatshirts","","Various"
"the-social-life-2.myshopify.com","Shady Storage Fanny Packs","","Bags > Fanny packs","","Various"
"the-social-life-2.myshopify.com","UCI KatWalk Tank","","Shirts > Tank tops","","Various"
"the-social-life-2.myshopify.com","Mr. Heartthrob Block Letters Tank","","Shirts > Tank tops","","Various"
"the-social-life-2.myshopify.com","Mr. Heartthrob Cursive Tank","","Shirts > Tank tops","","Various"
"the-social-life-2.myshopify.com","UCSC Tour De Franzia","","Shirts > Short sleeve t-shirts","","Various"
"the-social-life-2.myshopify.com","Alpha Phifa V-Neck","","Shirts > Short sleeve t-shirts","","Various"
"the-social-life-2.myshopify.com","Alpha Phifa Tank","","Shirts > Tank tops","","Various"
"the-social-life-2.myshopify.com","Take A Pitcher St. Patty's T-Shirt","","Shirts > Short sleeve t-shirts","","Various"
"the-social-life-2.myshopify.com","Delta Gama Fanny Pack","","Bags > Fanny packs","","Various"
"the-social-life-2.myshopify.com","SDSU DU Tanks","","Shirts > Tank tops","","Various"
"the-social-life-2.myshopify.com","Spring Break Unisex Tank","","Shirts > Tank tops","","Various"
"the-social-life-2.myshopify.com","Bass Lake Spring Break Tee","","Shirts > Short sleeve t-shirts","","Various"
"the-social-life-2.myshopify.com","Boulder Spring Break Tank","","Shirts > Tank tops","","Various"
"the-social-life-2.myshopify.com","Seek The Heights Tank","","Shirts > Tank tops","","Various"
"the-social-life-2.myshopify.com","University of Hawaii Relay for Life Tank","","Shirts > Tank tops","","Various"
"the-social-life-2.myshopify.com","MSU XO Joggers","","Pants > Sweatpants","","Various"
"the-social-life-2.myshopify.com","'Kiss Me' Cropped Baseball Tee","","Shirts > 3/4 sleeve t-shirts","","Various"
"the-social-life-2.myshopify.com","Sigma Pi Metro Boomin'","","Shirts > Short sleeve t-shirts","","Various"
"the-social-life-2.myshopify.com","Green Team Fraternity Football","","Sports balls > Footballs","","Various"
"the-social-life-2.myshopify.com","Red Team Fraternity Football","","Sports balls > Footballs","","Various"
"the-social-life-2.myshopify.com","White Team Fraternity Football","","Sports balls > Footballs","","Various"
"the-social-life-2.myshopify.com","Black Team Fraternity Football","","Sports balls > Footballs","","Various"
"the-social-life-2.myshopify.com","Purple Team Fraternity Football","","Sports balls > Footballs","","Various"
"the-social-life-2.myshopify.com","Pink Team Fraternity Football","","Sports balls > Footballs","","Various"
"the-social-life-2.myshopify.com","Yellow Team Fraternity Football","","Sports balls > Footballs","","Various"
"the-social-life-2.myshopify.com","Orange Team Fraternity Football","","Sports balls > Footballs","","Various"
"the-social-life-2.myshopify.com","Blue Team Fraternity Football","","Sports balls > Footballs","","Various"
"the-social-life-2.myshopify.com","TCU PiPhi Cabobandz","","Hair accessories > Headbands","","Various"
"the-social-life-2.myshopify.com","Zim Zam Tee","","Shirts > Short sleeve t-shirts","","Various"
"the-social-life-2.myshopify.com","Men's Anchor Bowl Tee","","Shirts > Short sleeve t-shirts","","Various"
"the-social-life-2.myshopify.com","Boulder Greek Week Tee","","Shirts > Short sleeve t-shirts","","Various"
"the-social-life-2.myshopify.com","Jr. Panhellenic Long Sleeve Pocket Tee","","Shirts > Long sleeve t-shirts","","Various"
"the-social-life-2.myshopify.com","Jr. Panhellenic Short Sleeve Pocket Tee","","Shirts > Short sleeve t-shirts","","Various"
"the-social-life-2.myshopify.com","America Spirit Jersey","","Shirts > Jerseys","","Various"
"the-social-life-2.myshopify.com","Running Shorts","","Apparel > Shorts","","Various"
"the-social-life-2.myshopify.com","Please Return - Little's Tank","","Shirts > Tank tops","","Various"
"the-social-life-2.myshopify.com","Please Return - Big's Tank","","Shirts > Tank tops","","Various"
"the-social-life-2.myshopify.com","Bold Test Product","","Shirts > Short sleeve t-shirts","","Various"
"the-social-life-2.myshopify.com","Wolves of 12th St Tanks","","Shirts > Tank tops","","Various"
"the-social-life-2.myshopify.com","Seek Heights Tee","","Shirts > Short sleeve t-shirts","","Various"
"the-social-life-2.myshopify.com","SLO Puppy Parade","","Shirts > Short sleeve t-shirts","","Various"
"the-social-life-2.myshopify.com","SW Benefit Tee","","Shirts > Short sleeve t-shirts","","Various"
"the-social-life-2.myshopify.com","The Social Life Cabobandz™","","Sports > Wristbands","","Various"
"the-social-life-2.myshopify.com","Team Phi UW","","Shirts > Short sleeve t-shirts","","Various"
"the-social-life-2.myshopify.com","Dream Girl Package","","Bundles > Apparel bundles","","Various"
"the-social-life-2.myshopify.com","Just Do it For CASA Jersey","","Shirts > Jerseys","","Various"
"the-social-life-2.myshopify.com","SLO Puppy Parade Girls","","Shirts > Short sleeve t-shirts","","Various"
"the-social-life-2.myshopify.com","Golden Ticket Tank","","Shirts > Tank tops","","Various"
"the-social-life-2.myshopify.com","Wonka Wonderland Tank","","Shirts > Tank tops","","Various"
"the-social-life-2.myshopify.com","The Koozie (3-pack)","","Coozies > Coozie sets","","Various"
"the-social-life-2.myshopify.com","The Long Sleeve","","Shirts > Long sleeve t-shirts","","Various"
"the-social-life-2.myshopify.com","The Frocket Tank","","Shirts > Tank tops","","Various"
"the-social-life-2.myshopify.com","The Cap","","Headwear > Billed hats","","Various"
"the-social-life-2.myshopify.com","Comfort Colors Ohio Tee","","Shirts > Short sleeve t-shirts","","Various"
"the-social-life-2.myshopify.com","USC Surf Tank","","Shirts > Tank tops","","Various"
"the-social-life-2.myshopify.com","Alphas Athletic Flowy Boxy Tee","","Shirts > Short sleeve t-shirts","","Various"
"the-social-life-2.myshopify.com","Headbangers Muscle Tank","","Shirts > Tank tops","","Various"
"the-social-life-2.myshopify.com","UCI TriDelta Dodgeball","","Shirts > Short sleeve t-shirts","","Various"
"the-social-life-2.myshopify.com","Alpha Philosophi Tank (UofA)","","Shirts > Tank tops","","Various"
"the-social-life-2.myshopify.com","UO XO Muscle Tank","","Shirts > Tank tops","","Various"
"the-social-life-2.myshopify.com","Daughter's Tee - Moms Weekend","","Shirts > Short sleeve t-shirts","","Various"
"the-social-life-2.myshopify.com","Mom's Tee - Moms Weekend","","Shirts > Short sleeve t-shirts","","Various"
"the-social-life-2.myshopify.com","XO USA Tank","","Shirts > Tank tops","","Various"
"the-social-life-2.myshopify.com","Skull Muscle Tank","","Shirts > Tank tops","","Various"
"the-social-life-2.myshopify.com","Lips Crewneck Sweatshirt","","Sweatshirts > Crewneck sweatshirts","","Various"
"the-social-life-2.myshopify.com","UW TauderPuff Tank","","Shirts > Tank tops","","Various"
"the-social-life-2.myshopify.com","UW TauderPuff Jersey Tank","","Shirts > Tank tops","","Various"
"the-social-life-2.myshopify.com","UMiami Bar Crawl Tank","","Shirts > Tank tops","","Various"
"the-social-life-2.myshopify.com","UW XO High Neck","","Shirts > Tank tops","","Various"
"the-social-life-2.myshopify.com","UW PiPhi Arrow Games","","Promotional > Board games","","Various"
"the-social-life-2.myshopify.com","UMiami Bar Crawl Tank","","Shirts > Tank tops","","Various"
"the-social-life-2.myshopify.com","SDSU DU Athletic Tee","","Shirts > Short sleeve t-shirts","","Various"
"the-social-life-2.myshopify.com","Seniors 2016 Tank (CSUS)","","Shirts > Tank tops","","Various"
"the-social-life-2.myshopify.com","Booze Squad Shirt (Iowa)","","Shirts > Short sleeve t-shirts","","Various"
"the-social-life-2.myshopify.com","Always Anchored Tee","","Shirts > Short sleeve t-shirts","","Various"
"the-social-life-2.myshopify.com","Festival Besties Festie Top","","Shirts > Short sleeve t-shirts","","Various"
"the-social-life-2.myshopify.com","Festival Besties Bestie Top","","Shirts > Short sleeve t-shirts","","Various"
"the-social-life-2.myshopify.com","U of A Gamma PhiLand Tank","","Shirts > Tank tops","","Various"
"the-social-life-2.myshopify.com","Cabo San Luis Tank","","Shirts > Tank tops","","Various"
"the-social-life-2.myshopify.com","UCSC OBall Tank","","Shirts > Tank tops","","Various"
"the-social-life-2.myshopify.com","Cal Poly Classic Crop Tee","","Shirts > Crop tops","","Various"
"the-social-life-2.myshopify.com","Cal Poly Classic Vintage Cap","","Headwear > Billed hats","","Various"
"the-social-life-2.myshopify.com","Cal Poly Standard Raglan","","Shirts > Short sleeve t-shirts","","Various"
"the-social-life-2.myshopify.com","Penn St. Black Bar Crawl Tank Top","","Shirts > Tank tops","","Various"
"the-social-life-2.myshopify.com","Cal Poly Mustang Tank","","Shirts > Tank tops","","Various"
"the-social-life-2.myshopify.com","Cal Poly Mustang Tank (Alumni)","","Shirts > Tank tops","","Various"
"the-social-life-2.myshopify.com","Cal Poly Boyfriend Flannel","","Shirts > Button-up shirts","","Various"
"the-social-life-2.myshopify.com","Cal Poly Classic Baseball Jersey","","Shirts > Jerseys","","Various"
"the-social-life-2.myshopify.com","Miami Ohio PiPhi Wings Tank","","Shirts > Tank tops","","Various"
"the-social-life-2.myshopify.com","""Big"" Dad Hat","","Headwear > Billed hats","","Various"
"the-social-life-2.myshopify.com","""Lil"" Dad Hat","","Headwear > Billed hats","","Various"
"the-social-life-2.myshopify.com","Cal Poly Alumni Classic Vintage Cap","","Headwear > Billed hats","","Various"
"the-social-life-2.myshopify.com","Washington 4548 Leotard","","Apparel > Leotards","","Various"
"the-social-life-2.myshopify.com","Washington PiPhi Tube Top","","Shirts > Tube tops","","Various"
"the-social-life-2.myshopify.com","Washington PiPhi Skirt","","Skirts and Skorts > Skirts","","Various"
"the-social-life-2.myshopify.com","Fight On Off the Shoulder Crop","","Shirts > Crop tops","","Various"
"the-social-life-2.myshopify.com","SC Gameday Fitted Crop Tank","","Shirts > Crop tops","","Various"
"the-social-life-2.myshopify.com","Fight On Gameday Leotard","","Apparel > Leotards","","Various"
"the-social-life-2.myshopify.com","Southern California Bandeau","","Undergarments > Bandeaus","","Various"
"the-social-life-2.myshopify.com","Strength To Survive Fundraiser","","Professional services > Fundraising","","Various"
"the-social-life-2.myshopify.com","Trojan Leotard","","Apparel > Leotards","","Various"
"the-social-life-2.myshopify.com","The Social Life White Marble Cosmetic Bag","","Bags > Cosmetic bags","","Various"
"the-social-life-2.myshopify.com","The Social Life Tropical Leaf Cosmetic Bag","","Bags > Cosmetic bags","","Various"
"the-social-life-2.myshopify.com","Stone's FTFO Bodysuit","","Apparel > Bodysuits","","Various"
"the-social-life-2.myshopify.com","""Big"" Athletic Top","","Shirts > Short sleeve t-shirts","","Various"
"the-social-life-2.myshopify.com","""Little"" Athletic Top","","Shirts > Short sleeve t-shirts","","Various"
"the-social-life-2.myshopify.com","""G-Big"" Athletic Top","","Shirts > Short sleeve t-shirts","","Various"
"the-social-life-2.myshopify.com","Team USA Tank","","Shirts > Tank tops","","Various"
"the-social-life-2.myshopify.com","Tailgate Touchdown Tank","","Shirts > Tank tops","","Various"
"the-social-life-2.myshopify.com","Touchdown Dancing Socks","","Apparel > Socks","","Various"
"the-social-life-2.myshopify.com","Sigma Pi Champ Pocket Tee","","Shirts > Short sleeve t-shirts","","Various"
"the-social-life-2.myshopify.com","Halt! Here Comes Wash Kappa!","","Shirts > Short sleeve t-shirts","","Various"
"the-social-life-2.myshopify.com","Big Moon Dad Hat","","Headwear > Billed hats","","Various"
"the-social-life-2.myshopify.com","Little Moon Dad Hat","","Headwear > Billed hats","","Various"
"the-social-life-2.myshopify.com","The Notorious Biggie Tee","","Shirts > Short sleeve t-shirts","","Various"
"the-social-life-2.myshopify.com","The Notorious Smalls Tee","","Shirts > Short sleeve t-shirts","","Various"
"the-social-life-2.myshopify.com","Halt! Tri and Run","","Shirts > Short sleeve t-shirts","","Various"
"the-social-life-2.myshopify.com","Tri Deezy Tees","","Shirts > Short sleeve t-shirts","","Various"
"the-social-life-2.myshopify.com","Tri-lata Vintage Caps","","Headwear > Billed hats","","Various"
"the-social-life-2.myshopify.com","Bucky Long Sleeve","","Shirts > Long sleeve t-shirts","","Various"
"the-social-life-2.myshopify.com","Tailgate Wisconsin Tee","","Shirts > Short sleeve t-shirts","","Various"
"the-social-life-2.myshopify.com","Pablo T-Shirt","","Shirts > Short sleeve t-shirts","","Various"
"the-social-life-2.myshopify.com","Pablo Long Sleeve","","Shirts > Long sleeve t-shirts","","Various"
"the-social-life-2.myshopify.com","LA Pablo T-Shirt","","Shirts > Short sleeve t-shirts","","Various"
"the-social-life-2.myshopify.com","The Social Life White Marble Tote Bag","","Bags > Tote bags","","Various"
"the-social-life-2.myshopify.com","Big/Lil Heart Peel-n-Stick Badge","","Apparel > Sticker patches","","Various"
"the-social-life-2.myshopify.com","SC Weekender Cropped Sweatshirt","","Sweatshirts > Crewneck sweatshirts","","Various"
"the-social-life-2.myshopify.com","SC Burn Trees Bodysuit","","Apparel > Bodysuits","","Various"
"the-social-life-2.myshopify.com","Kent State University Homecoming Long Sleeve","","Shirts > Long sleeve t-shirts","","Various"
"the-social-life-2.myshopify.com","SC Fingers Leotard","","Apparel > Leotards","","Various"
"the-social-life-2.myshopify.com","GA Tech Alpha Phifa Tank","","Shirts > Tank tops","","Various"
"the-social-life-2.myshopify.com","Big & Lil Heart Pins","","Jewelry > Pins","","Various"
"the-social-life-2.myshopify.com","Arizona State Sigma Pi Champ Shirt","","Shirts > Short sleeve t-shirts","","Various"
"the-social-life-2.myshopify.com","BFF Leather Wrap Necklace","","Jewelry > Necklaces","","Various"
"the-social-life-2.myshopify.com","Hawaii Alpha Gam Shaka Tee","","Shirts > Short sleeve t-shirts","","Various"
"the-social-life-2.myshopify.com","Bowling Green XO Relay for Life Tees","","Shirts > Short sleeve t-shirts","","Various"
"the-social-life-2.myshopify.com","BU For The Girls Tees","","Shirts > Short sleeve t-shirts","","Various"
"the-social-life-2.myshopify.com","Kats & Bats Philanthropy Long Sleeve","","Shirts > Long sleeve t-shirts","","Various"
"the-social-life-2.myshopify.com","Tulane PiPhi Zip Up Sweatshirt","","Sweatshirts > Zip-up sweatshirts","","Various"
"the-social-life-2.myshopify.com","SDSU Delta Upsilon Girls Rush Tee","","Shirts > Short sleeve t-shirts","","Various"
"the-social-life-2.myshopify.com","Big Sis Yin Yang Relaxed Ringer Tee","","Shirts > Short sleeve t-shirts","","Various"
"the-social-life-2.myshopify.com","Lil Sis Yin Yang Relaxed Ringer Tee","","Shirts > Short sleeve t-shirts","","Various"
"the-social-life-2.myshopify.com","Coastal Carolina Phi Sigma Pi Flannels","","Shirts > Button-up shirts","","Various"
"the-social-life-2.myshopify.com","UCSC Sigma Pi Dad's Hat","","Headwear > Billed hats","","Various"
"the-social-life-2.myshopify.com","Alabama Glitter Eye Black","","Sports > Eye black stickers","","Various"
"the-social-life-2.myshopify.com","Alabama Classic Eye Black","","Sports > Eye black stickers","","Various"
"the-social-life-2.myshopify.com","Arizona Glitter Eye Black","","Sports > Eye black stickers","","Various"
"the-social-life-2.myshopify.com","Arizona Classic Eye Black","","Sports > Eye black stickers","","Various"
"the-social-life-2.myshopify.com","Arizona State Glitter Eye Black","","Sports > Eye black stickers","","Various"
"the-social-life-2.myshopify.com","Arizona State Classic Eye Black","","Sports > Eye black stickers","","Various"
"the-social-life-2.myshopify.com","Florida Glitter Eye Black","","Sports > Eye black stickers","","Various"
"the-social-life-2.myshopify.com","Florida Classic Eye Black","","Sports > Eye black stickers","","Various"
"the-social-life-2.myshopify.com","Florida State Glitter Eye Black","","Sports > Eye black stickers","","Various"
"the-social-life-2.myshopify.com","Florida State Classic Eye Black","","Sports > Eye black stickers","","Various"
"the-social-life-2.myshopify.com","Miami Glitter Eye Black","","Sports > Eye black stickers","","Various"
"the-social-life-2.myshopify.com","Miami Classic Eye Black","","Sports > Eye black stickers","","Various"
"the-social-life-2.myshopify.com","Oregon Glitter Eye Black","","Sports > Eye black stickers","","Various"
"the-social-life-2.myshopify.com","Oregon Classic Eye Black","","Sports > Eye black stickers","","Various"
"the-social-life-2.myshopify.com","Penn State Glitter Eye Black","","Sports > Eye black stickers","","Various"
"the-social-life-2.myshopify.com","Penn State Classic Eye Black","","Sports > Eye black stickers","","Various"
"the-social-life-2.myshopify.com","South Carolina Glitter Eye Black","","Sports > Eye black stickers","","Various"
"the-social-life-2.myshopify.com","South Carolina Classic Eye Black","","Sports > Eye black stickers","","Various"
"the-social-life-2.myshopify.com","Virginia Tech Glitter Eye Black","","Sports > Eye black stickers","","Various"
"the-social-life-2.myshopify.com","Virginia Tech Classic Eye Black","","Sports > Eye black stickers","","Various"
"the-social-life-2.myshopify.com","Michigan State Glitter Eye Black","","Sports > Eye black stickers","","Various"
"the-social-life-2.myshopify.com","Michigan State Scholarship Cap","","Headwear > Billed hats","","Various"
"the-social-life-2.myshopify.com","Michigan State Summertime Cap","","Headwear > Billed hats","","Various"
"the-social-life-2.myshopify.com","Michigan State Landmark Cap","","Headwear > Billed hats","","Various"
"the-social-life-2.myshopify.com","Oregon Scholarship Cap (Duck W/ Scarf)","","Headwear > Billed hats","","Various"
"the-social-life-2.myshopify.com","Oregon Scholarship Cap (Duck Head)","","Headwear > Billed hats","","Various"
"the-social-life-2.myshopify.com","Oregon Summer Cap","","Headwear > Billed hats","","Various"
"the-social-life-2.myshopify.com","Oregon Landmark Cap","","Headwear > Billed hats","","Various"
"the-social-life-2.myshopify.com","Miami Scholarship Cap","","Headwear > Billed hats","","Various"
"the-social-life-2.myshopify.com","Miami Summertime Cap","","Headwear > Billed hats","","Various"
"the-social-life-2.myshopify.com","Miami Landmark Cap","","Headwear > Billed hats","","Various"
"the-social-life-2.myshopify.com","Arizona State Scholarship Cap","","Headwear > Billed hats","","Various"
"the-social-life-2.myshopify.com","Arizona State Summertime Cap","","Headwear > Billed hats","","Various"
"the-social-life-2.myshopify.com","Arizona State Landmark Cap","","Headwear > Billed hats","","Various"
"the-social-life-2.myshopify.com","Arizona Scholarship Cap","","Headwear > Billed hats","","Various"
"the-social-life-2.myshopify.com","Arizona  Summertime Cap","","Headwear > Billed hats","","Various"
"the-social-life-2.myshopify.com","Alabama Scholarship Cap","","Headwear > Billed hats","","Various"
"the-social-life-2.myshopify.com","Alabama Summertime Cap","","Headwear > Billed hats","","Various"
"the-social-life-2.myshopify.com","Alabama Landmark Cap","","Headwear > Billed hats","","Various"
"the-social-life-2.myshopify.com","Florida State Scholarship Cap","","Headwear > Billed hats","","Various"
"the-social-life-2.myshopify.com","Florida State Summertime Cap","","Headwear > Billed hats","","Various"
"the-social-life-2.myshopify.com","Florida State Landmark Cap","","Headwear > Billed hats","","Various"
"the-social-life-2.myshopify.com","Virginia Tech Centerpiece Cap","","Headwear > Billed hats","","Various"
"the-social-life-2.myshopify.com","South Carolina Scholarship Cap","","Headwear > Billed hats","","Various"
"the-social-life-2.myshopify.com","South Carolina Summertime Cap","","Headwear > Billed hats","","Various"
"the-social-life-2.myshopify.com","South Carolina Riptide Cap","","Headwear > Billed hats","","Various"
"the-social-life-2.myshopify.com","Penn State Scholarship Cap","","Headwear > Billed hats","","Various"
"the-social-life-2.myshopify.com","Alabama Team Crop Tee","","Shirts > Crop tops","","Various"
"the-social-life-2.myshopify.com","Alabama Gameday Jersey Tee","","Shirts > Jerseys","","Various"
"the-social-life-2.myshopify.com","Alabama Team Tank","","Shirts > Tank tops","","Various"
"the-social-life-2.myshopify.com","Alabama Gameday Leggings","","Pants > Leggings","","Various"
"the-social-life-2.myshopify.com","Arizona Team Crop Tee","","Shirts > Crop tops","","Various"
"the-social-life-2.myshopify.com","Arizona Gameday Jersey Tee","","Shirts > Jerseys","","Various"
"the-social-life-2.myshopify.com","Arizona Team Tank","","Shirts > Tank tops","","Various"
"the-social-life-2.myshopify.com","Arizona Gameday Leggings","","Pants > Leggings","","Various"
"the-social-life-2.myshopify.com","Arizona State Team Crop Tee","","Shirts > Crop tops","","Various"
"the-social-life-2.myshopify.com","Arizona State Gameday Jersey Tee","","Shirts > Jerseys","","Various"
"the-social-life-2.myshopify.com","Arizona State Team Tank","","Shirts > Tank tops","","Various"
"the-social-life-2.myshopify.com","Arizona State Gameday Leggings","","Pants > Leggings","","Various"
"the-social-life-2.myshopify.com","Cal Poly San Luis Obispo Team Crop Tee","","Shirts > Crop tops","","Various"
"the-social-life-2.myshopify.com","Cal Poly San Luis Obispo Gameday Jersey Tee","","Shirts > Jerseys","","Various"
"the-social-life-2.myshopify.com","Cal Poly San Luis Obispo Team Tank","","Shirts > Tank tops","","Various"
"the-social-life-2.myshopify.com","Cal Poly San Luis Obispo Gameday Leggings","","Pants > Leggings","","Various"
"the-social-life-2.myshopify.com","Florida Team Crop Tee","","Shirts > Crop tops","","Various"
"the-social-life-2.myshopify.com","Florida Gameday Jersey Tee","","Shirts > Jerseys","","Various"
"the-social-life-2.myshopify.com","Florida Team Tank","","Shirts > Tank tops","","Various"
"the-social-life-2.myshopify.com","Florida Gameday Leggings","","Pants > Leggings","","Various"
"the-social-life-2.myshopify.com","Florida State Team Crop Tee","","Shirts > Crop tops","","Various"
"the-social-life-2.myshopify.com","Florida State Gameday Jersey Tee","","Shirts > Jerseys","","Various"
"the-social-life-2.myshopify.com","Florida State Team Tank","","Shirts > Tank tops","","Various"
"the-social-life-2.myshopify.com","Florida State Gameday Leggings","","Pants > Leggings","","Various"
"the-social-life-2.myshopify.com","Fresno State Team Crop Tee","","Shirts > Crop tops","","Various"
"the-social-life-2.myshopify.com","Fresno State Gameday Jersey Tee","","Shirts > Jerseys","","Various"
"the-social-life-2.myshopify.com","Fresno State Team Tank","","Shirts > Tank tops","","Various"
"the-social-life-2.myshopify.com","Fresno State Gameday Leggings","","Pants > Leggings","","Various"
"the-social-life-2.myshopify.com","Miami Team Crop Tee","","Shirts > Crop tops","","Various"
"the-social-life-2.myshopify.com","Miami Gameday Jersey Tee","","Shirts > Jerseys","","Various"
"the-social-life-2.myshopify.com","Miami Team Tank","","Shirts > Tank tops","","Various"
"the-social-life-2.myshopify.com","Miami Gameday Leggings","","Pants > Leggings","","Various"
"the-social-life-2.myshopify.com","Michigan State Team Crop Tee","","Shirts > Crop tops","","Various"
"the-social-life-2.myshopify.com","Michigan State Gameday Jersey Tee","","Shirts > Jerseys","","Various"
"the-social-life-2.myshopify.com","Michigan State Team Tank","","Shirts > Tank tops","","Various"
"the-social-life-2.myshopify.com","Michigan State Gameday Leggings","","Pants > Leggings","","Various"
"the-social-life-2.myshopify.com","Oregon Team Crop Tee","","Shirts > Crop tops","","Various"
"the-social-life-2.myshopify.com","Oregon Gameday Jersey Tee","","Shirts > Jerseys","","Various"
"the-social-life-2.myshopify.com","Oregon Team Tank","","Shirts > Tank tops","","Various"
"the-social-life-2.myshopify.com","Oregon Gameday Leggings","","Pants > Leggings","","Various"
"the-social-life-2.myshopify.com","Penn State Team Crop Tee","","Shirts > Crop tops","","Various"
"the-social-life-2.myshopify.com","Penn State Gameday Jersey Tee","","Shirts > Jerseys","","Various"
"the-social-life-2.myshopify.com","Penn State Team Tank","","Shirts > Tank tops","","Various"
"the-social-life-2.myshopify.com","Penn State Gameday Leggings","","Pants > Leggings","","Various"
"the-social-life-2.myshopify.com","SDSU Team Crop Tee","","Shirts > Crop tops","","Various"
"the-social-life-2.myshopify.com","SDSU Gameday Jersey Tee","","Shirts > Jerseys","","Various"
"the-social-life-2.myshopify.com","SDSU Team Tank","","Shirts > Tank tops","","Various"
"the-social-life-2.myshopify.com","SDSU Gameday Leggings","","Pants > Leggings","","Various"
"the-social-life-2.myshopify.com","South Carolina Team Crop Tee","","Shirts > Crop tops","","Various"
"the-social-life-2.myshopify.com","South Carolina Gameday Jersey Tee","","Shirts > Jerseys","","Various"
"the-social-life-2.myshopify.com","South Carolina Team Tank","","Shirts > Tank tops","","Various"
"the-social-life-2.myshopify.com","South Carolina Gameday Leggings","","Pants > Leggings","","Various"
"the-social-life-2.myshopify.com","UCSB Team Crop Tee","","Shirts > Crop tops","","Various"
"the-social-life-2.myshopify.com","UCSB Gameday Jersey Tee","","Shirts > Jerseys","","Various"
"the-social-life-2.myshopify.com","UCSB Team Tank","","Shirts > Tank tops","","Various"
"the-social-life-2.myshopify.com","UCSB Gameday Leggings","","Pants > Leggings","","Various"
"the-social-life-2.myshopify.com","Virginia Tech Team Crop Tee","","Shirts > Crop tops","","Various"
"the-social-life-2.myshopify.com","Virginia Tech Gameday Jersey Tee","","Shirts > Jerseys","","Various"
"the-social-life-2.myshopify.com","Virginia Tech Team Tank","","Shirts > Tank tops","","Various"
"the-social-life-2.myshopify.com","Virginia Tech Gameday Leggings","","Pants > Leggings","","Various"
"the-social-life-2.myshopify.com","Alabama Classic Boy Tee","","Shirts > Short sleeve t-shirts","","Various"
"the-social-life-2.myshopify.com","Arizona Classic Boy Tee","","Shirts > Short sleeve t-shirts","","Various"
"the-social-life-2.myshopify.com","Arizona State Classic Boy Tee","","Shirts > Short sleeve t-shirts","","Various"
"the-social-life-2.myshopify.com","Cal Poly San Luis Obispo Classic Boy Tee","","Shirts > Short sleeve t-shirts","","Various"
"the-social-life-2.myshopify.com","Florida Classic Boy Tee","","Shirts > Short sleeve t-shirts","","Various"
"the-social-life-2.myshopify.com","Florida State Classic Boy Tee","","Shirts > Short sleeve t-shirts","","Various"
"the-social-life-2.myshopify.com","Fresno State Classic Boy Tee","","Shirts > Short sleeve t-shirts","","Various"
"the-social-life-2.myshopify.com","Miami Classic Boy Tee","","Shirts > Short sleeve t-shirts","","Various"
"the-social-life-2.myshopify.com","Michigan State Classic Boy Tee","","Shirts > Short sleeve t-shirts","","Various"
"the-social-life-2.myshopify.com","Oregon Classic Boy Tee","","Shirts > Short sleeve t-shirts","","Various"
"the-social-life-2.myshopify.com","Penn State Classic Boy Tee","","Shirts > Short sleeve t-shirts","","Various"
"the-social-life-2.myshopify.com","SDSU Classic Boy Tee","","Shirts > Short sleeve t-shirts","","Various"
"the-social-life-2.myshopify.com","South Carolina Classic Boy Tee","","Shirts > Short sleeve t-shirts","","Various"
"the-social-life-2.myshopify.com","UCSB Classic Boy Tee","","Shirts > Short sleeve t-shirts","","Various"
"the-social-life-2.myshopify.com","Virginia Tech Classic Boy Tee","","Shirts > Short sleeve t-shirts","","Various"
"the-social-life-2.myshopify.com","It's Lit - Jack O' Lantern Tank","","Shirts > Tank tops","","Various"
"the-social-life-2.myshopify.com","Like Little Tee","","Shirts > Short sleeve t-shirts","","Various"
"the-social-life-2.myshopify.com","Like Big Tee","","Shirts > Short sleeve t-shirts","","Various"
"the-social-life-2.myshopify.com","UCLA Kite & Key Tees","","Shirts > Short sleeve t-shirts","","Various"
"the-social-life-2.myshopify.com","Michigan State Classic Eye Black","","Sports > Eye black stickers","","Various"
"the-social-life-2.myshopify.com","Michigan Dad's Weekend Navy Crewneck","","Sweatshirts > Crewneck sweatshirts","","Various"
"the-social-life-2.myshopify.com","UW 4548 Shield Crop","","Shirts > Crop tops","","Various"
"the-social-life-2.myshopify.com","Kent State Anchor Games T-Shirt","","Shirts > Short sleeve t-shirts","","Various"
"the-social-life-2.myshopify.com","Hattiesburg Tennis Long Sleeves","","Shirts > Long sleeve t-shirts","","Various"
"the-social-life-2.myshopify.com","The Social Life Palms Silky Robe","","Loungewear > Bath robes","","Various"
"the-social-life-2.myshopify.com","Vintage Letters Sign","","Household items > Wall signs","","Various"
"the-social-life-2.myshopify.com","The Social Life Galaxy Velvet Plush Blanket","","Household items > Blankets","","Various"
"the-social-life-2.myshopify.com","SDSU Delta Upsilon Collection","","Bundles > Gift sets","","Various"
"the-social-life-2.myshopify.com","AXΩ Fullerton Flannels","","Shirts > Button-up shirts","","Various"
"the-social-life-2.myshopify.com","Black Friday $20 Gift Card","","Technology > Digital cards","","Various"
"the-social-life-2.myshopify.com","Black Friday $20 Gift Card","","Technology > Digital cards","","Various"
"the-social-life-2.myshopify.com","Q Break Test","","Bundles > Non-apparel bundles","","Various"
"the-social-life-2.myshopify.com","Kristy Pocket Tees","","Shirts > Short sleeve t-shirts","","Various"
"the-social-life-2.myshopify.com","SUNY Oneonta Alpha Kappa Phi Space Jam Long Sleeve","","Shirts > Long sleeve t-shirts","","Various"
"the-social-life-2.myshopify.com","The Social Life Marble Crest Velvet Plush Blanket","","Household items > Blankets","","Various"
"the-social-life-2.myshopify.com","XO Rainbow Patch (2 Pack)","","Apparel > Patches","","Various"
"the-social-life-2.myshopify.com","XO Vintage Velvet Crewneck","","Sweatshirts > Crewneck sweatshirts","","Various"
"the-social-life-2.myshopify.com","XO Frosted Long Sleeve","","Shirts > Long sleeve t-shirts","","Various"
"the-social-life-2.myshopify.com","XO Vintage Boy Tee","","Shirts > Short sleeve t-shirts","","Various"
"the-social-life-2.myshopify.com","XO Block Muscle Tank","","Shirts > Tank tops","","Various"
"the-social-life-2.myshopify.com","Tampa Greek Week Tees","","Shirts > Short sleeve t-shirts","","Various"
"the-social-life-2.myshopify.com","Duck TV Pocket Tee","","Shirts > Short sleeve t-shirts","","Various"
"the-social-life-2.myshopify.com","Duck TV Long Sleeve","","Shirts > Long sleeve t-shirts","","Various"
"the-social-life-2.myshopify.com","Duck TV Muscle Tank","","Shirts > Tank tops","","Various"
"the-social-life-2.myshopify.com","Duck TV Racer Back Tank","","Shirts > Tank tops","","Various"
"the-social-life-2.myshopify.com","Duck TV V-Neck","","Shirts > Short sleeve t-shirts","","Various"
"the-social-life-2.myshopify.com","Virginia Tech Relaxed Ringer Tee","","Shirts > Short sleeve t-shirts","","Various"
"the-social-life-2.myshopify.com","UCSB Relaxed Ringer Tee","","Shirts > Short sleeve t-shirts","","Various"
"the-social-life-2.myshopify.com","South Carolina Relaxed Ringer Tee","","Shirts > Short sleeve t-shirts","","Various"
"the-social-life-2.myshopify.com","SDSU Relaxed Ringer Tee","","Shirts > Short sleeve t-shirts","","Various"
"the-social-life-2.myshopify.com","Penn State Relaxed Ringer Tee","","Shirts > Short sleeve t-shirts","","Various"
"the-social-life-2.myshopify.com","Oregon Relaxed Ringer Tee","","Shirts > Short sleeve t-shirts","","Various"
"the-social-life-2.myshopify.com","Michigan State Relaxed Ringer Tee","","Shirts > Short sleeve t-shirts","","Various"
"the-social-life-2.myshopify.com","Miami Relaxed Ringer Tee","","Shirts > Short sleeve t-shirts","","Various"
"the-social-life-2.myshopify.com","Fresno State Relaxed Ringer Tee","","Shirts > Short sleeve t-shirts","","Various"
"the-social-life-2.myshopify.com","Florida State Relaxed Ringer Tee","","Shirts > Short sleeve t-shirts","","Various"
"the-social-life-2.myshopify.com","Florida Relaxed Ringer Tee","","Shirts > Short sleeve t-shirts","","Various"
"the-social-life-2.myshopify.com","Cal Poly San Luis Obispo Relaxed Ringer Tee","","Shirts > Short sleeve t-shirts","","Various"
"the-social-life-2.myshopify.com","Arizona State Relaxed Ringer Tee","","Shirts > Short sleeve t-shirts","","Various"
"the-social-life-2.myshopify.com","Arizona Relaxed Ringer Tee","","Shirts > Short sleeve t-shirts","","Various"
"the-social-life-2.myshopify.com","Alabama Relaxed Ringer Tee","","Shirts > Short sleeve t-shirts","","Various"
"the-social-life-2.myshopify.com","UC Santa Barbara Father's Day Palm Tree Long Sleeves","","Shirts > Long sleeve t-shirts","","Various"
"the-social-life-2.myshopify.com","FSU Dance Marathon Cabobandz","","Sports > Wristbands","","Various"
"the-social-life-2.myshopify.com","FSU Do More Cabobandz","","Hair accessories > Headbands","","Various"
"the-social-life-2.myshopify.com","UCSB PiPhi Men's Long Sleeve","","Shirts > Long sleeve t-shirts","","Various"
"the-social-life-2.myshopify.com","UCSB PiPhi Arrows Quarter Zip","","Sweatshirts > 1/4 zip sweatshirts","","Various"
"the-social-life-2.myshopify.com","UCSB PiPhi Puff Caps","","Headwear > Billed hats","","Various"
"the-social-life-2.myshopify.com","UCSB PiPhi Vintage Velvet Crew","","Sweatshirts > Crewneck sweatshirts","","Various"
"the-social-life-2.myshopify.com","UCSD PiPhi Beau & Arrow Long Sleeves","","Shirts > Long sleeve t-shirts","","Various"
"the-social-life-2.myshopify.com","University of Idaho Triad","","Shirts > Short sleeve t-shirts","","Various"
"the-social-life-2.myshopify.com","Green Glitter St. Patrick's Shirt","","Shirts > Short sleeve t-shirts","","Various"
"the-social-life-2.myshopify.com","Alpha Kappa Phi Kitty Pocket Tee","","Shirts > Short sleeve t-shirts","","Various"
"the-social-life-2.myshopify.com","UW PiPhi Formal Long Sleeves","","Shirts > Long sleeve t-shirts","","Various"
"the-social-life-2.myshopify.com","University of Washington Cabobandz","","Sports > Wristbands","","Various"
"the-social-life-2.myshopify.com","Pig Roast Shirt","","Shirts > Short sleeve t-shirts","","Various"
"the-social-life-2.myshopify.com","NAU PiPhi Cactus Long Sleeve","","Shirts > Long sleeve t-shirts","","Various"
"the-social-life-2.myshopify.com","Green Foil Clover Tee","","Shirts > Short sleeve t-shirts","","Various"
"the-social-life-2.myshopify.com","Vintage Green Striped Tee","","Shirts > Short sleeve t-shirts","","Various"
"the-social-life-2.myshopify.com","Persistence Red Hats","","Headwear > Billed hats","","Various"
"the-social-life-2.myshopify.com","Minimal Light Pink Embroidered Ball Cap","","Headwear > Billed hats","","Various"
"the-social-life-2.myshopify.com","SigKap Tour Tee","","Shirts > Short sleeve t-shirts","","Various"
"the-social-life-2.myshopify.com","Texas A&M Shamrock Mixer","","Shirts > Short sleeve t-shirts","","Various"
"the-social-life-2.myshopify.com","Ahh! Greek Week Tank","","Shirts > Tank tops","","Various"
"the-social-life-2.myshopify.com","Boston Marathon Runners Shirt","","Shirts > Short sleeve t-shirts","","Various"
"the-social-life-2.myshopify.com","Northern Arizona Sigma Tau Gamma Sweatshirts","","Sweatshirts > Crewneck sweatshirts","","Various"
"the-social-life-2.myshopify.com","Big Blue Nation Shirts","","Shirts > Short sleeve t-shirts","","Various"
"the-social-life-2.myshopify.com","Alpha Kappa Phi Shamrock Tee","","Shirts > Short sleeve t-shirts","","Various"
"the-social-life-2.myshopify.com","Feeding America Food Festival - Brothers T-Shirt","","Shirts > Short sleeve t-shirts","","Various"
"the-social-life-2.myshopify.com","Feeding America Food Festival - T-Shirt & Ticket Bundle","","Bundles > Apparel bundles","","Various"
"the-social-life-2.myshopify.com","ISU Trend Tees","","Shirts > Short sleeve t-shirts","","Various"
"the-social-life-2.myshopify.com","ISU Trend Stickers","","Promotional > Stickers","","Various"
"the-social-life-2.myshopify.com","Denim Hat with Pink Unicorn Embroidery","","Headwear > Billed hats","","Various"
"the-social-life-2.myshopify.com","Baker University Greek Week","","Bundles > Apparel bundles","","Various"
"the-social-life-2.myshopify.com","East Carolina Sigma Tri Tour Tees","","Shirts > Short sleeve t-shirts","","Various"
"the-social-life-2.myshopify.com","TEKE Shirt","","Shirts > Short sleeve t-shirts","","Various"
"the-social-life-2.myshopify.com","Idaho PiPhi Quarter Zip","","Sweatshirts > 1/4 zip sweatshirts","","Various"
"the-social-life-2.myshopify.com","Ohio XO Hil Tee","","Shirts > Short sleeve t-shirts","","Various"
"the-social-life-2.myshopify.com","NAU DSP Arrow Shirts","","Shirts > Short sleeve t-shirts","","Various"
"the-social-life-2.myshopify.com","FSU DM Cabobandz","","Sports > Wristbands","","Various"
"the-social-life-2.myshopify.com","JMU OT Henley","","Shirts > Short sleeve t-shirts","","Various"
"the-social-life-2.myshopify.com","NAU PiPhi Layups For Literacy Tanks","","Shirts > Tank tops","","Various"
"the-social-life-2.myshopify.com","JMU OT Hat","","Headwear > Billed hats","","Various"
"the-social-life-2.myshopify.com","NAU PiPhi Founders Day Tees","","Shirts > Short sleeve t-shirts","","Various"
"the-social-life-2.myshopify.com","KSU Seniors Bar Crawl Tee","","Shirts > Short sleeve t-shirts","","Various"
"the-social-life-2.myshopify.com","CHE Bar Crawl Pocket Tee","","Shirts > Short sleeve t-shirts","","Various"
"the-social-life-2.myshopify.com","UCSB PiPhi Moms Day Tees","","Shirts > Short sleeve t-shirts","","Various"
"the-social-life-2.myshopify.com","NAU DSP Cactus Shirts","","Shirts > Short sleeve t-shirts","","Various"
"the-social-life-2.myshopify.com","Ducks Crop Top","","Shirts > Crop tops","","Various"
"the-social-life-2.myshopify.com","Ducks Sweatshirt","","Sweatshirts > Crewneck sweatshirts","","Various"
"the-social-life-2.myshopify.com","Ducks Tank","","Shirts > Tank tops","","Various"
"the-social-life-2.myshopify.com","Friends & Family","","Professional services > Fundraising","","Various"
"the-social-life-2.myshopify.com","Virginia Tech Senior Bar Crawl","","Professional services > Fundraising","","Various"
"the-social-life-2.myshopify.com","UCSB PiPhi Cinco De Mayo Shirts","","Shirts > Short sleeve t-shirts","","Various"
"the-social-life-2.myshopify.com","SDSU DU Floral Tanks","","Shirts > Tank tops","","Various"
"the-social-life-2.myshopify.com","SDSU DU Royalty Tees","","Shirts > Short sleeve t-shirts","","Various"
"the-social-life-2.myshopify.com","UCSB PiPhi Festival","","Professional services > Fundraising","","Various"
"the-social-life-2.myshopify.com","UW PiPhi Jerseys","","Shirts > Jerseys","","Various"
"the-social-life-2.myshopify.com","Brooke's Bachelorette","","Shirts > Short sleeve t-shirts","","Various"
"the-social-life-2.myshopify.com","Spring Retreat CaboBandz","","Sports > Wristbands","","Various"
"the-social-life-2.myshopify.com","Shasta 2017 CaboBandz","","Sports > Wristbands","","Various"
"the-social-life-2.myshopify.com","Senior Bar Crawl Unisex Tee","","Shirts > Short sleeve t-shirts","","Various"
"the-social-life-2.myshopify.com","Senior Bar Crawl Flowy Racerback","","Shirts > Tank tops","","Various"
"the-social-life-2.myshopify.com","Senior Bar Crawl Tank","","Shirts > Tank tops","","Various"
"the-social-life-2.myshopify.com","NAU DSP Cactus Shirts","","Shirts > Short sleeve t-shirts","","Various"
"the-social-life-2.myshopify.com","UCSB Blue House Tees","","Shirts > Short sleeve t-shirts","","Various"
"the-social-life-2.myshopify.com","Alpha Kappa Phi Sharky Tank","","Shirts > Tank tops","","Various"
"the-social-life-2.myshopify.com","SUNYO Go AKPhi Tee","","Shirts > Short sleeve t-shirts","","Various"
"the-social-life-2.myshopify.com","UCLA Stamp Tee","","Shirts > Short sleeve t-shirts","","Various"
"the-social-life-2.myshopify.com","SUNYO Alpha Kappa Phi University Halter","","Shirts > Halter tops","","Various"
"the-social-life-2.myshopify.com","Fresno Go Greek Tees","","Shirts > Short sleeve t-shirts","","Various"
"the-social-life-2.myshopify.com","Hattiesburg Men's Tees","","Shirts > Short sleeve t-shirts","","Various"
"the-social-life-2.myshopify.com","Hattiesburg Women's Shirts","","Shirts > Short sleeve t-shirts","","Various"
"the-social-life-2.myshopify.com","Hattiesburg Sweatpants","","Pants > Sweatpants","","Various"
"the-social-life-2.myshopify.com","So. California Tube Top","","Shirts > Tube tops","","Various"
"the-social-life-2.myshopify.com","So. California Sparkle Cami","","Shirts > Tank tops","","Various"
"the-social-life-2.myshopify.com","SC Bandeau Top (White)","","Undergarments > Bandeaus","","Various"
"the-social-life-2.myshopify.com","Ol' SC Bandeau Top (Yellow)","","Undergarments > Bandeaus","","Various"
"the-social-life-2.myshopify.com","We Are SC Cami Crop Top","","Shirts > Tank tops","","Various"
"the-social-life-2.myshopify.com","Socal Onepiece Swimsuit","","Swimwear > One-piece swimsuits","","Various"
"the-social-life-2.myshopify.com","Kite On Fight On Muscle Tank","","Shirts > Tank tops","","Various"
"the-social-life-2.myshopify.com","Tommy Tube Top","","Shirts > Tube tops","","Various"
"the-social-life-2.myshopify.com","We Are 'SC Crop Tee","","Shirts > Crop tops","","Various"
"the-social-life-2.myshopify.com","SO CAL Onepiece Swimsuit","","Swimwear > One-piece swimsuits","","Various"
"the-social-life-2.myshopify.com","TSL Galaxy Man TEE","","Shirts > Short sleeve t-shirts","","Various"
"the-social-life-2.myshopify.com","Ambassador Welcome Pack","","Bundles > Gift sets","","Various"
"the-social-life-2.myshopify.com","Kappa Loves Gameday Tee","","Shirts > Short sleeve t-shirts","","Various"
"the-social-life-2.myshopify.com","FTFO It's Gameday Crop Tee","","Shirts > Crop tops","","Various"
"the-social-life-2.myshopify.com","FTFO One Piece","","Swimwear > One-piece swimsuits","","Various"
"the-social-life-2.myshopify.com","Southern California One Piece","","Swimwear > One-piece swimsuits","","Various"
"the-social-life-2.myshopify.com","Kappa Trojan Tee","","Shirts > Short sleeve t-shirts","","Various"
"the-social-life-2.myshopify.com","Kappa So Cal Crewneck Sweatshirt","","Sweatshirts > Crewneck sweatshirts","","Various"
"the-social-life-2.myshopify.com","Southern California Cropped Hoodie","","Sweatshirts > Hooded sweatshirts","","Various"
"the-social-life-2.myshopify.com","SLO Phi Psi Rush Shirt","","Shirts > Short sleeve t-shirts","","Various"
"the-social-life-2.myshopify.com","Kite On Fight On Muscle Tank - II","","Shirts > Tank tops","","Various"
"the-social-life-2.myshopify.com","SO CAL Onepiece Swimsuit - II","","Swimwear > One-piece swimsuits","","Various"
"the-social-life-2.myshopify.com","Tommy Tube Top - II","","Shirts > Tube tops","","Various"
"the-social-life-2.myshopify.com","We Are 'SC Crop Tee - II","","Shirts > Crop tops","","Various"
"the-social-life-2.myshopify.com","UCSB PiPhi Oranges Tee","","Shirts > Short sleeve t-shirts","","Various"
"the-social-life-2.myshopify.com","UCSB PiPhi Classic Tee","","Shirts > Short sleeve t-shirts","","Various"
"the-social-life-2.myshopify.com","UCSB PiPhi Flames Tee","","Shirts > Short sleeve t-shirts","","Various"
"the-social-life-2.myshopify.com","UCSB PiPhi Baseball Raglan","","Shirts > 3/4 sleeve t-shirts","","Various"
"the-social-life-2.myshopify.com","World's Greatest Big Mug","","Coffee Mugs > Ceramic coffee mugs","","Various"
"the-social-life-2.myshopify.com","World's Greatest Little Mug","","Coffee Mugs > Ceramic coffee mugs","","Various"
"the-social-life-2.myshopify.com","Big Twinkle Tote Bag","","Bags > Tote bags","","Various"
"the-social-life-2.myshopify.com","Little Twinkle Tote Bag","","Bags > Tote bags","","Various"
"the-social-life-2.myshopify.com","Boy tee","","Shirts > Short sleeve t-shirts","","Various"
"the-social-life-2.myshopify.com","prism scoop - s","","Shirts > Short sleeve t-shirts","","Various"
"the-social-life-2.myshopify.com","Prism scoop medium","","Shirts > Short sleeve t-shirts","","Various"
"the-social-life-2.myshopify.com","Big Pastel Colorblock Scoop Tee","","Shirts > Short sleeve t-shirts","","Various"
"the-social-life-2.myshopify.com","Little Pastel Colorblock Scoop Tee","","Shirts > Short sleeve t-shirts","","Various"
"the-social-life-2.myshopify.com","Big Rainbow Sherbet Tee","","Shirts > Short sleeve t-shirts","","Various"
"the-social-life-2.myshopify.com","Little Rainbow Sherbet Tee","","Shirts > Short sleeve t-shirts","","Various"
"the-social-life-2.myshopify.com","Ol' SC Bandeau Top (Yellow) II","","Undergarments > Bandeaus","","Various"
"the-social-life-2.myshopify.com","So. California Tube Top II","","Shirts > Tube tops","","Various"
"the-social-life-2.myshopify.com","UK Bring It On Tees","","Shirts > Short sleeve t-shirts","","Various"
"the-social-life-2.myshopify.com","UW PiPhi Bow Down Halter Crop","","Shirts > Halter tops","","Various"
"the-social-life-2.myshopify.com","UW PiPhi Dubs Up Game Day Crop Tee","","Shirts > Crop tops","","Various"
"the-social-life-2.myshopify.com","We Are SC Cami Crop Top II","","Shirts > Crop tops","","Various"
"the-social-life-2.myshopify.com","Rose ""BIG SIS"" Cropped Hoodie","","Sweatshirts > Hooded sweatshirts","","Various"
"the-social-life-2.myshopify.com","Rose ""LIL SIS"" Cropped Hoodie","","Sweatshirts > Hooded sweatshirts","","Various"
"the-social-life-2.myshopify.com","Headline ""Big"" Cropped Hoodie","","Sweatshirts > Hooded sweatshirts","","Various"
"the-social-life-2.myshopify.com","Headline ""Little"" Cropped Hoodie","","Sweatshirts > Hooded sweatshirts","","Various"
"the-social-life-2.myshopify.com","Big Rose Shoulder Scoop Tee","","Shirts > Short sleeve t-shirts","","Various"
"the-social-life-2.myshopify.com","Little Rose Shoulder Scoop Tee","","Shirts > Short sleeve t-shirts","","Various"
"the-social-life-2.myshopify.com","University of Arizona Body Suit","","Apparel > Bodysuits","","Various"
"the-social-life-2.myshopify.com","UW PiPhi Cheer Skirt","","Skirts and Skorts > Skirts","","Various"
"the-social-life-2.myshopify.com","UW PiPhi Tube Tops","","Shirts > Tube tops","","Various"
"the-social-life-2.myshopify.com","University Of Central Florida ZBT Tank","","Shirts > Tank tops","","Various"
"the-social-life-2.myshopify.com","UW PiPhi Sports Bras","","Undergarments > Sports Bras","","Various"
"the-social-life-2.myshopify.com","NAU DSP Under Armour Tees","","Shirts > Short sleeve t-shirts","","Various"
"the-social-life-2.myshopify.com","2017 Sammy Soaked Tee (UT Austin)","","Shirts > Short sleeve t-shirts","","Various"
"the-social-life-2.myshopify.com","NAU DSP Baseball Tees","","Shirts > 3/4 sleeve t-shirts","","Various"
"the-social-life-2.myshopify.com","2017 Sammy ""Soaked"" Tee (UT Austin)","","Shirts > Short sleeve t-shirts","","Various"
"the-social-life-2.myshopify.com","Fresno OM Flames Tees","","Shirts > Short sleeve t-shirts","","Various"
"the-social-life-2.myshopify.com","JMU Think Pink Shirt","","Shirts > Short sleeve t-shirts","","Various"
"the-social-life-2.myshopify.com","NAU PiPhi Family Weekend Tees","","Shirts > Short sleeve t-shirts","","Various"
"the-social-life-2.myshopify.com","UW PiPhi Tailgate Tees","","Shirts > Short sleeve t-shirts","","Various"
"the-social-life-2.myshopify.com","Syracuse SUA Long Sleeves","","Shirts > Long sleeve t-shirts","","Various"
"the-social-life-2.myshopify.com","JMU OT Fall Retreat","","Professional services > Fundraising","","Various"
"the-social-life-2.myshopify.com","Texas Sammy Game Day Polo (UT Austin)","","Shirts > Short sleeve polo shirts","","Various"
"the-social-life-2.myshopify.com","SDSU DU Tie Dye Tees","","Shirts > Short sleeve t-shirts","","Various"
"the-social-life-2.myshopify.com","Kent State Xi Man Shirts","","Shirts > Short sleeve t-shirts","","Various"
"the-social-life-2.myshopify.com","NAU PiPhi Homecoming Shirts","","Shirts > Short sleeve t-shirts","","Various"
"the-social-life-2.myshopify.com","Nebraska Game Day One Piece","","Apparel > Bodysuits","","Various"
"the-social-life-2.myshopify.com","SDSU ADM Crewnecks","","Sweatshirts > Crewneck sweatshirts","","Various"
"the-social-life-2.myshopify.com","SDSU ADM Saturday Shirts","","Shirts > Short sleeve t-shirts","","Various"
"the-social-life-2.myshopify.com","SDSU ADM FTK","","Shirts > Short sleeve t-shirts","","Various"
"the-social-life-2.myshopify.com","Grand Big Rainbow Sherbet Tee","","Shirts > Short sleeve t-shirts","","Various"
"the-social-life-2.myshopify.com","Great Grand Big Rainbow Sherbet Tee","","Shirts > Short sleeve t-shirts","","Various"
"the-social-life-2.myshopify.com","Grand Big Pastel Colorblock Scoop Tee","","Shirts > Short sleeve t-shirts","","Various"
"the-social-life-2.myshopify.com","Great Grand Big Pastel Colorblock Scoop Tee","","Shirts > Short sleeve t-shirts","","Various"
"the-social-life-2.myshopify.com","Tequila Sunrise Tees","","Shirts > Short sleeve t-shirts","","Various"
"the-social-life-2.myshopify.com","ASU Homecoming ""May The Fork Be With You"" Tee","","Shirts > Short sleeve t-shirts","","Various"
"the-social-life-2.myshopify.com","NAU DSP Hang Loose Shirts","","Shirts > Short sleeve t-shirts","","Various"
"the-social-life-2.myshopify.com","NAU DSP Jansport Backpacks","","Bags > Backpacks","","Various"
"the-social-life-2.myshopify.com","Syracuse SUA Shirts","","Shirts > Short sleeve t-shirts","","Various"
"the-social-life-2.myshopify.com","Deegee Blue Denim Dad Hat","","Headwear > Billed hats","","Various"
"the-social-life-2.myshopify.com","Do Good Grey Denim Dad Hat","","Headwear > Billed hats","","Various"
"the-social-life-2.myshopify.com","UCSB Arrowjam Tees","","Shirts > Short sleeve t-shirts","","Various"
"the-social-life-2.myshopify.com","UCSB Tube Tops","","Shirts > Tube tops","","Various"
"the-social-life-2.myshopify.com","FSU Alpha Gam Long Sleeve","","Shirts > Long sleeve t-shirts","","Various"
"the-social-life-2.myshopify.com","NAU DSP Holiday Sweaters","","Apparel > Sweaters","","Various"
"the-social-life-2.myshopify.com","Ohio Acacia Nite on the Nile","","Shirts > Short sleeve t-shirts","","Various"
"the-social-life-2.myshopify.com","Oklahoma PiKap Big / Lil Shirt","","Shirts > Short sleeve t-shirts","","Various"
"the-social-life-2.myshopify.com","SDSU DU Dynasty Tees","","Shirts > Short sleeve t-shirts","","Various"
"the-social-life-2.myshopify.com","Big Silky Robe","","Loungewear > Bath robes","","Various"
"the-social-life-2.myshopify.com","Little Silky Robe","","Loungewear > Bath robes","","Various"
"the-social-life-2.myshopify.com","Little Foil Silky Robe","","Loungewear > Bath robes","","Various"
"the-social-life-2.myshopify.com","Big Foil Silky Robe","","Loungewear > Bath robes","","Various"
"the-social-life-2.myshopify.com","Big Palms Silky Robe","","Loungewear > Bath robes","","Various"
"the-social-life-2.myshopify.com","Little Palms Silky Robe","","Loungewear > Bath robes","","Various"
"the-social-life-2.myshopify.com","Fellner Pocket Tee","","Shirts > Short sleeve t-shirts","","Various"
"the-social-life-2.myshopify.com","NAU PiPhi Mountains","","Shirts > Short sleeve t-shirts","","Various"
"the-social-life-2.myshopify.com","Virginia Tech Anchorslam Tee - Fraternity Edition","","Shirts > Short sleeve t-shirts","","Various"
"the-social-life-2.myshopify.com","Paint Your Colors Tee","","Shirts > Short sleeve t-shirts","","Various"
"the-social-life-2.myshopify.com","Right To Thrive Tee","","Shirts > Short sleeve t-shirts","","Various"
"the-social-life-2.myshopify.com","Alpha Kappa Phi Crewneck","","Sweatshirts > Crewneck sweatshirts","","Various"
"the-social-life-2.myshopify.com","Ohio State DSPi Fall Order","","Shirts > Short sleeve t-shirts","","Various"
"the-social-life-2.myshopify.com","LMU DSP Holiday Long Sleeves","","Shirts > Long sleeve t-shirts","","Various"
"the-social-life-2.myshopify.com","BTB Spaghetti Strap Tank","","Shirts > Tank tops","","Various"
"the-social-life-2.myshopify.com","Fucla Raw Edge Cropped Tee","","Shirts > Short sleeve t-shirts","","Various"
"the-social-life-2.myshopify.com","FTFO Sweatshirt","","Sweatshirts > Crewneck sweatshirts","","Various"
"the-social-life-2.myshopify.com","Kent State Alpha Xi Vogue Tee","","Shirts > Short sleeve t-shirts","","Various"
"the-social-life-2.myshopify.com","Alpha Kappa Phi Stranger Things Tee","","Shirts > Short sleeve t-shirts","","Various"
"the-social-life-2.myshopify.com","Princeton Business Today Club Apparel","","Shirts > Short sleeve t-shirts","","Various"
"the-social-life-2.myshopify.com","GMU Pi Kap Formal Shirt","","Shirts > Button-up shirts","","Various"
"the-social-life-2.myshopify.com","UCSD PiPhi Quarter Zips","","Sweatshirts > 1/4 zip sweatshirts","","Various"
"the-social-life-2.myshopify.com","Palmers Society Alumni Long Sleeve Tee","","Shirts > Long sleeve t-shirts","","Various"
"the-social-life-2.myshopify.com","UCSB Dance Tees","","Shirts > Short sleeve t-shirts","","Various"
"the-social-life-2.myshopify.com","UCSB Gauchos Tube Tops","","Shirts > Tube tops","","Various"
"the-social-life-2.myshopify.com","Cap and Gown Bracelet","","Jewelry > Bracelets","","Various"
"the-social-life-2.myshopify.com","Cap and Gown Club Crewneck","","Sweatshirts > Crewneck sweatshirts","","Various"
"the-social-life-2.myshopify.com","Cap and Gown Baseball Shirt","","Shirts > 3/4 sleeve t-shirts","","Various"
"the-social-life-2.myshopify.com","Cap and Gown Fanny Pack","","Bags > Fanny packs","","Various"
"the-social-life-2.myshopify.com","Cap and Gown Flannel","","Shirts > Button-up shirts","","Various"
"the-social-life-2.myshopify.com","Cap and Gown Henley","","Shirts > Long sleeve t-shirts","","Various"
"the-social-life-2.myshopify.com","Cap and Gown Joggers","","Pants > Sweatpants","","Various"
"the-social-life-2.myshopify.com","Cap and Gown Muscle Tank","","Shirts > Tank tops","","Various"
"the-social-life-2.myshopify.com","Cap and Gown Socks","","Apparel > Socks","","Various"
"the-social-life-2.myshopify.com","Cap and Gown Club Spirit Jersey","","Shirts > Jerseys","","Various"
"the-social-life-2.myshopify.com","Cap and Gown White Tee","","Shirts > Short sleeve t-shirts","","Various"
"the-social-life-2.myshopify.com","Cap and Gown Sweatshirt","","Sweatshirts > Crewneck sweatshirts","","Various"
"the-social-life-2.myshopify.com","Cap and Gown Retro Tee","","Shirts > Short sleeve t-shirts","","Various"
"the-social-life-2.myshopify.com","Cap and Gown Hat","","Headwear > Graduation caps","","Various"
"the-social-life-2.myshopify.com","Alpha Kappa Phi Rock Crewneck Undo","","Sweatshirts > Crewneck sweatshirts","","Various"
"the-social-life-2.myshopify.com","UCSB PiPhi Henley","","Shirts > Long sleeve t-shirts","","Various"
"the-social-life-2.myshopify.com","UCSB PiPhi Joggers","","Pants > Sweatpants","","Various"
"the-social-life-2.myshopify.com","UCSB PiPhi Cow Skull Tees","","Shirts > Short sleeve t-shirts","","Various"
"the-social-life-2.myshopify.com","UC Boulder AChiO Jacket","","Outerwear > Jackets","","Various"
"the-social-life-2.myshopify.com","UCSB PiPhi Embroidered Crewneck","","Sweatshirts > Crewneck sweatshirts","","Various"
"the-social-life-2.myshopify.com","OSU DOK Marathon Tanks","","Shirts > Tank tops","","Various"
"the-social-life-2.myshopify.com","OSU Residence Team Marathon Shirt","","Shirts > Short sleeve t-shirts","","Various"
"the-social-life-2.myshopify.com","UI Spring Block Jersey","","Shirts > Jerseys","","Various"
"the-social-life-2.myshopify.com","UI Spring Block Crewneck","","Sweatshirts > Crewneck sweatshirts","","Various"
"the-social-life-2.myshopify.com","UI Spring Block Henley","","Shirts > Short sleeve t-shirts","","Various"
"the-social-life-2.myshopify.com","UMN Greek Week Bee Tee","","Shirts > Short sleeve t-shirts","","Various"
"the-social-life-2.myshopify.com","UNM Greek Week Star Tee","","Shirts > Short sleeve t-shirts","","Various"
"the-social-life-2.myshopify.com","UI Spring Block Flannel","","Shirts > Button-up shirts","","Various"
"the-social-life-2.myshopify.com","UNM Greek Week Ringer","","Shirts > Short sleeve t-shirts","","Various"
"the-social-life-2.myshopify.com","UI PSK Spring Block Jersey","","Shirts > Jerseys","","Various"
"the-social-life-2.myshopify.com","UI PSK Spring Block Tee","","Shirts > Short sleeve t-shirts","","Various"
"the-social-life-2.myshopify.com","Ball State Pi Kap Marathon Tank","","Shirts > Tank tops","","Various"
"the-social-life-2.myshopify.com","University of Washington Alpha Phear Factor Shirts","","Shirts > Short sleeve t-shirts","","Various"
"the-social-life-2.myshopify.com","CC Sample Pack","","Bundles > Apparel bundles","","Various"
"the-social-life-2.myshopify.com","Kent State ST Pattys Hoodie","","Sweatshirts > Hooded sweatshirts","","Various"
"the-social-life-2.myshopify.com","Carnation Bowl Pocket Tee","","Shirts > Short sleeve t-shirts","","Various"
"the-social-life-2.myshopify.com","Hawaii Shark Pocket Tee","","Shirts > Short sleeve t-shirts","","Various"
"the-social-life-2.myshopify.com","UF Draft a Date Tees","","Shirts > Short sleeve t-shirts","","Various"
"the-social-life-2.myshopify.com","OSU Dance Connection Shirt","","Shirts > Short sleeve t-shirts","","Various"
"the-social-life-2.myshopify.com","Villanova Voices Poodle Fleece Crew","","Sweatshirts > Crewneck sweatshirts","","Various"
"the-social-life-2.myshopify.com","Texas Tech Kapp Delta Shirt","","Shirts > Short sleeve t-shirts","","Various"
"the-social-life-2.myshopify.com","Texas Tech Kay Dee Shirt","","Shirts > Short sleeve t-shirts","","Various"
"the-social-life-2.myshopify.com","Stanford Kappa Hats","","Headwear > Billed hats","","Various"
"the-social-life-2.myshopify.com","Kentucky Stomp-A-Palooza Tees","","Shirts > Short sleeve t-shirts","","Various"
"the-social-life-2.myshopify.com","NAU PiPhi Founders Day Tee","","Shirts > Short sleeve t-shirts","","Various"
"the-social-life-2.myshopify.com","NAU DSP Fanny Pack (Bulk Shipping)","","Bags > Fanny packs","","Various"
"the-social-life-2.myshopify.com","NAU DSP Sticker (Bulk Shipping)","","Promotional > Stickers","","Various"
"the-social-life-2.myshopify.com","NAU DSP Hat (Bulk Shipping)","","Headwear > Billed hats","","Various"
"the-social-life-2.myshopify.com","NAU DSP HAT (Individual Shipping)","","Headwear > Billed hats","","Various"
"the-social-life-2.myshopify.com","NAU DSP Spring Tee (Bulk Shipping)","","Shirts > Short sleeve t-shirts","","Various"
"the-social-life-2.myshopify.com","NAU DSP Fanny (Individual shipping)","","Bags > Fanny packs","","Various"
"the-social-life-2.myshopify.com","NAU DSP Sticker (individual shipping)","","Promotional > Stickers","","Various"
"the-social-life-2.myshopify.com","NAU DSP Spring Tee (Individual shipping)","","Shirts > Short sleeve t-shirts","","Various"
"the-social-life-2.myshopify.com","Indiana University Southeast Panhellenic Tee","","Shirts > Short sleeve t-shirts","","Various"
"the-social-life-2.myshopify.com","University of Minnesota EX Derby Days","","Shirts > Short sleeve t-shirts","","Various"
"the-social-life-2.myshopify.com","St. Patrick's Day Lucky Tee","","Shirts > Short sleeve t-shirts","","Various"
"the-social-life-2.myshopify.com","UDel Alpha Zeta Crewneck","","Sweatshirts > Crewneck sweatshirts","","Various"
"the-social-life-2.myshopify.com","TSL All-Star Tank","","Shirts > Tank tops","","Various"
"the-social-life-2.myshopify.com","TSL All-Star Tee","","Shirts > Short sleeve t-shirts","","Various"
"the-social-life-2.myshopify.com","TSL All-Star Crewneck Sweatshirt","","Sweatshirts > Crewneck sweatshirts","","Various"
"the-social-life-2.myshopify.com","UF Girl Power Tees","","Shirts > Short sleeve t-shirts","","Various"
"the-social-life-2.myshopify.com","One 2 Seven TShirt","","Shirts > Short sleeve t-shirts","","Various"
"the-social-life-2.myshopify.com","Washington Kappa Prism Scoop Tee","","Shirts > Short sleeve t-shirts","","Various"
"the-social-life-2.myshopify.com","SDSU DU WolfPack Shirts","","Shirts > Short sleeve t-shirts","","Various"
"the-social-life-2.myshopify.com","WVU Red Dress Gala","","Shirts > Short sleeve t-shirts","","Various"
"the-social-life-2.myshopify.com","VT Senior Crawl","","Shirts > Short sleeve t-shirts","","Various"
"the-social-life-2.myshopify.com","USC XDC | Quarter Zip Sweatshirt","","Sweatshirts > 1/4 zip sweatshirts","","Various"
"the-social-life-2.myshopify.com","test","","Shirts > Short sleeve t-shirts","","Various"
"the-social-life-2.myshopify.com","Sammy Sandlot Tanks","","Shirts > Tank tops","","Various"
"the-social-life-2.myshopify.com","OSU PiKap Formal Shirts","","Shirts > Short sleeve t-shirts","","Various"
"the-social-life-2.myshopify.com","Charlie's Bachelor Party Tanks","","Shirts > Tank tops","","Various"
"the-social-life-2.myshopify.com","Saved By Alpha Kappa Phi Tie-Dye Tee","","Shirts > Short sleeve t-shirts","","Various"
"the-social-life-2.myshopify.com","SDSU DU Circle Tees","","Shirts > Short sleeve t-shirts","","Various"
"the-social-life-2.myshopify.com","Stetson Bar Crawl Teees","","Shirts > Short sleeve t-shirts","","Various"
"the-social-life-2.myshopify.com","Kappa Derby Days","","Professional services > Fundraising","","Various"
"the-social-life-2.myshopify.com","DPhi Derby Days","","Professional services > Fundraising","","Various"
"the-social-life-2.myshopify.com","AChiO Derby Days","","Professional services > Fundraising","","Various"
"the-social-life-2.myshopify.com","PhiSig Derby Days","","Professional services > Fundraising","","Various"
"the-social-life-2.myshopify.com","Family & Friends Derby Days","","Professional services > Fundraising","","Various"
"the-social-life-2.myshopify.com","GPhiB Derby Days","","Professional services > Fundraising","","Various"
"the-social-life-2.myshopify.com","Oklahoma Dry-Fit Tee","","Shirts > Short sleeve t-shirts","","Various"
"the-social-life-2.myshopify.com","NAU PiPhi Philo Night Tee","","Shirts > Short sleeve t-shirts","","Various"
"the-social-life-2.myshopify.com","NAU Orange Tee","","Shirts > Short sleeve t-shirts","","Various"
"the-social-life-2.myshopify.com","NAU PiPhi AZ Foil Tee","","Shirts > Short sleeve t-shirts","","Various"
"the-social-life-2.myshopify.com","NAU PiPhi Jansport Backpack","","Bags > Backpacks","","Various"
"the-social-life-2.myshopify.com","ONE 2 SEVEN Flamingo","","Shirts > Short sleeve t-shirts","","Various"
"the-social-life-2.myshopify.com","Eugene Bar Crawl Tee","","Shirts > Short sleeve t-shirts","","Various"
"the-social-life-2.myshopify.com","Sheffler Strong Tee","","Shirts > Short sleeve t-shirts","","Various"
"the-social-life-2.myshopify.com","Paint Your Colors Long Sleeves","","Shirts > Long sleeve t-shirts","","Various"
"the-social-life-2.myshopify.com","Fresno Panhellenic Tanks","","Shirts > Tank tops","","Various"
"the-social-life-2.myshopify.com","Texas Christian Zeta Bid Day 2018 Ringer","","Shirts > Short sleeve t-shirts","","Various"
"the-social-life-2.myshopify.com","Denver DSPI Fall Tee","","Shirts > Short sleeve t-shirts","","Various"
"the-social-life-2.myshopify.com","NAU PiPhi Flower Tank","","Shirts > Tank tops","","Various"
"the-social-life-2.myshopify.com","DJ STU TANK","","Shirts > Tank tops","","Various"
"the-social-life-2.myshopify.com","Big's Scorpion Tee","","Shirts > Short sleeve t-shirts","","Various"
"the-social-life-2.myshopify.com","Little's Scorpion Tee","","Shirts > Short sleeve t-shirts","","Various"
"the-social-life-2.myshopify.com","G Big's Scorpion Tee","","Shirts > Short sleeve t-shirts","","Various"
"the-social-life-2.myshopify.com","Big's Salty Tee","","Shirts > Short sleeve t-shirts","","Various"
"the-social-life-2.myshopify.com","Little's Salty Tee","","Shirts > Short sleeve t-shirts","","Various"
"the-social-life-2.myshopify.com","G Big's Salty Tee","","Shirts > Short sleeve t-shirts","","Various"
"the-social-life-2.myshopify.com","Little's Rock n Roll Tee","","Shirts > Short sleeve t-shirts","","Various"
"the-social-life-2.myshopify.com","Big's Rock n Roll Tee","","Shirts > Short sleeve t-shirts","","Various"
"the-social-life-2.myshopify.com","G Big's Rock n Roll Tee","","Shirts > Short sleeve t-shirts","","Various"
"the-social-life-2.myshopify.com","Little's OG Tee","","Shirts > Short sleeve t-shirts","","Various"
"the-social-life-2.myshopify.com","Big's OG Tee","","Shirts > Short sleeve t-shirts","","Various"
"the-social-life-2.myshopify.com","G Big's OG Tee","","Shirts > Short sleeve t-shirts","","Various"
"the-social-life-2.myshopify.com","Little's Cursive Tee","","Shirts > Short sleeve t-shirts","","Various"
"the-social-life-2.myshopify.com","Big's Cursive Tee","","Shirts > Short sleeve t-shirts","","Various"
"the-social-life-2.myshopify.com","G Big's Cursive Tee","","Shirts > Short sleeve t-shirts","","Various"
"the-social-life-2.myshopify.com","Little's Rainbow Tee","","Shirts > Short sleeve t-shirts","","Various"
"the-social-life-2.myshopify.com","Big's Rainbow Tee","","Shirts > Short sleeve t-shirts","","Various"
"the-social-life-2.myshopify.com","G Big's Rainbow Tee","","Shirts > Short sleeve t-shirts","","Various"
"the-social-life-2.myshopify.com","Little's Wild Cherry Tee","","Shirts > Short sleeve t-shirts","","Various"
"the-social-life-2.myshopify.com","Big's Wild Cherry Tee","","Shirts > Short sleeve t-shirts","","Various"
"the-social-life-2.myshopify.com","G Big's Wild Cherry Tee","","Shirts > Short sleeve t-shirts","","Various"
"the-social-life-2.myshopify.com","Game Day Bandana - Maroon / Gold","","Headwear > Bandanas","","Various"
"the-social-life-2.myshopify.com","Game Day Bandana - Navy / Red","","Headwear > Bandanas","","Various"
"the-social-life-2.myshopify.com","Game Day Bandana - Green / White","","Headwear > Bandanas","","Various"
"the-social-life-2.myshopify.com","Game Day Bandana - Green / Yellow","","Headwear > Bandanas","","Various"
"the-social-life-2.myshopify.com","Game Day Bandana - Blue / Yellow","","Headwear > Bandanas","","Various"
"the-social-life-2.myshopify.com","Game Day Bandana - Orange / Blue","","Headwear > Bandanas","","Various"
"the-social-life-2.myshopify.com","Game Day Bandana - Orange / Green","","Headwear > Bandanas","","Various"
"the-social-life-2.myshopify.com","Game Day Bandana - Gold / Cardinal","","Headwear > Bandanas","","Various"
"the-social-life-2.myshopify.com","Game Day Bandana - Orange / Maroon","","Headwear > Bandanas","","Various"
"the-social-life-2.myshopify.com","Game Day Bandana - White / Purple","","Headwear > Bandanas","","Various"
"the-social-life-2.myshopify.com","Game Day Bandana - White / Red","","Headwear > Bandanas","","Various"
"the-social-life-2.myshopify.com","Game Day Retro Shorts - Blue","","Apparel > Shorts","","Various"
"the-social-life-2.myshopify.com","Game Day Retro Shorts - Maroon","","Apparel > Shorts","","Various"
"the-social-life-2.myshopify.com","Game Day Retro Shorts - Orange","","Apparel > Shorts","","Various"
"the-social-life-2.myshopify.com","Game Day Retro Shorts - Dark Green","","Apparel > Shorts","","Various"
"the-social-life-2.myshopify.com","Game Day Retro Shorts - Yellow","","Apparel > Shorts","","Various"
"the-social-life-2.myshopify.com","Game Day Retro Shorts - Red","","Apparel > Shorts","","Various"
"the-social-life-2.myshopify.com","Game Day Retro Shorts - Baby Blue","","Apparel > Shorts","","Various"
"the-social-life-2.myshopify.com","Game Day Retro Shorts - Purple","","Apparel > Shorts","","Various"
"the-social-life-2.myshopify.com","Game Day Striped Retro Shorts - Maroon / Gold","","Apparel > Shorts","","Various"
"the-social-life-2.myshopify.com","Game Day Striped Retro Shorts - Blue / Orange","","Apparel > Shorts","","Various"
"the-social-life-2.myshopify.com","Game Day Striped Retro Shorts - Orange / Green","","Apparel > Shorts","","Various"
"the-social-life-2.myshopify.com","Game Day Striped Retro Shorts - Green / White","","Apparel > Shorts","","Various"
"the-social-life-2.myshopify.com","Game Day Striped Retro Shorts - Green / Yellow","","Apparel > Shorts","","Various"
"the-social-life-2.myshopify.com","Game Day Striped Retro Shorts - Blue / Yellow","","Apparel > Shorts","","Various"
"the-social-life-2.myshopify.com","Game Day Striped Retro Shorts - Red / Navy","","Apparel > Shorts","","Various"
"the-social-life-2.myshopify.com","Game Day Striped Retro Shorts - Cardinal / Gold","","Apparel > Shorts","","Various"
"the-social-life-2.myshopify.com","Game Day Striped Retro Shorts - Orange / Maroon","","Apparel > Shorts","","Various"
"the-social-life-2.myshopify.com","Game Day Striped Retro Shorts - Purple / White","","Apparel > Shorts","","Various"
"the-social-life-2.myshopify.com","Game Day Striped Retro Shorts - Red / White","","Apparel > Shorts","","Various"
"the-social-life-2.myshopify.com","Game Day Bodysuit - Blue","","Apparel > Bodysuits","","Various"
"the-social-life-2.myshopify.com","Game Day Bodysuit - Maroon","","Apparel > Bodysuits","","Various"
"the-social-life-2.myshopify.com","Game Day Bodysuit - Orange","","Apparel > Bodysuits","","Various"
"the-social-life-2.myshopify.com","Game Day Bodysuit - Dark Green","","Apparel > Bodysuits","","Various"
"the-social-life-2.myshopify.com","Game Day Bodysuit - Green","","Apparel > Bodysuits","","Various"
"the-social-life-2.myshopify.com","Game Day Bodysuit - Red","","Apparel > Bodysuits","","Various"
"the-social-life-2.myshopify.com","Game Day Bodysuit - Baby Blue","","Apparel > Bodysuits","","Various"
"the-social-life-2.myshopify.com","Game Day Bodysuit - Purple","","Apparel > Bodysuits","","Various"
"the-social-life-2.myshopify.com","Game Day Striped Bodysuit - Maroon / Gold","","Apparel > Bodysuits","","Various"
"the-social-life-2.myshopify.com","Game Day Striped Bodysuit - Blue / Orange","","Apparel > Bodysuits","","Various"
"the-social-life-2.myshopify.com","Game Day Striped Bodysuit - Orange / Green","","Apparel > Bodysuits","","Various"
"the-social-life-2.myshopify.com","Game Day Striped Bodysuit - Green / White","","Apparel > Bodysuits","","Various"
"the-social-life-2.myshopify.com","Game Day Striped Bodysuit - Green / Yellow","","Apparel > Bodysuits","","Various"
"the-social-life-2.myshopify.com","Game Day Striped Bodysuit - Blue / Yellow","","Apparel > Bodysuits","","Various"
"the-social-life-2.myshopify.com","Game Day Striped Bodysuit - Red / Navy","","Apparel > Bodysuits","","Various"
"the-social-life-2.myshopify.com","Game Day Striped Bodysuit - Cardinal / Gold","","Apparel > Bodysuits","","Various"
"the-social-life-2.myshopify.com","Game Day Striped Bodysuit - Orange / Maroon","","Apparel > Bodysuits","","Various"
"the-social-life-2.myshopify.com","Game Day Striped Bodysuit - Purple / White","","Apparel > Bodysuits","","Various"
"the-social-life-2.myshopify.com","Game Day Striped Bodysuit - Red / White","","Apparel > Bodysuits","","Various"
"the-social-life-2.myshopify.com","Game Day Tube Top (Reversible) - Black / Maroon / Gold","","Shirts > Tube tops","","Various"
"the-social-life-2.myshopify.com","Game Day Tube Top (Reversible) - White / Blue / Orange","","Shirts > Tube tops","","Various"
"the-social-life-2.myshopify.com","Game Day Tube Top (Reversible) - White / Orange / Green","","Shirts > Tube tops","","Various"
"the-social-life-2.myshopify.com","Game Day Tube Top (Reversible) - Green / White","","Shirts > Tube tops","","Various"
"the-social-life-2.myshopify.com","Game Day Tube Top (Reversible) - White / Green / Yellow","","Shirts > Tube tops","","Various"
"the-social-life-2.myshopify.com","Game Day Tube Top (Reversible) - White / Blue / Yellow","","Shirts > Tube tops","","Various"
"the-social-life-2.myshopify.com","Game Day Tube Top (Reversible) - White / Red / Navy","","Shirts > Tube tops","","Various"
"the-social-life-2.myshopify.com","Game Day Tube Top (Reversible) - White / Cardinal / Gold","","Shirts > Tube tops","","Various"
"the-social-life-2.myshopify.com","Game Day Tube Top (Reversible) - White / Orange / Maroon","","Shirts > Tube tops","","Various"
"the-social-life-2.myshopify.com","Game Day Tube Top (Reversible) - Purple / White","","Shirts > Tube tops","","Various"
"the-social-life-2.myshopify.com","Game Day Tube Top (Reversible) - Red / White","","Shirts > Tube tops","","Various"
"the-social-life-2.myshopify.com","Sigma Del Sol Shirts","","Shirts > Short sleeve t-shirts","","Various"
"the-social-life-2.myshopify.com","Big's Zoom Tee","","Shirts > Short sleeve t-shirts","","Various"
"the-social-life-2.myshopify.com","Little's Zoom Tee","","Shirts > Short sleeve t-shirts","","Various"
"the-social-life-2.myshopify.com","G Big's Zoom Tee","","Shirts > Short sleeve t-shirts","","Various"
"the-social-life-2.myshopify.com","Big's Smiley Flower Ringer Tee","","Shirts > Short sleeve t-shirts","","Various"
"the-social-life-2.myshopify.com","Little's Smiley Flower Ringer Tee","","Shirts > Short sleeve t-shirts","","Various"
"the-social-life-2.myshopify.com","G Big's Smiley Flower Ringer Tee","","Shirts > Short sleeve t-shirts","","Various"
"the-social-life-2.myshopify.com","Big's Primary Scoop Tee","","Shirts > Short sleeve t-shirts","","Various"
"the-social-life-2.myshopify.com","G Big's Primary Scoop Tee","","Shirts > Short sleeve t-shirts","","Various"
"the-social-life-2.myshopify.com","Little's Primary Scoop Tee","","Shirts > Short sleeve t-shirts","","Various"
"the-social-life-2.myshopify.com","Big's Checkered Raglan Crewneck","","Sweatshirts > Crewneck sweatshirts","","Various"
"the-social-life-2.myshopify.com","G Big's Checkered Raglan Crewneck","","Sweatshirts > Crewneck sweatshirts","","Various"
"the-social-life-2.myshopify.com","Little's Checkered Raglan Crewneck","","Sweatshirts > Crewneck sweatshirts","","Various"
"the-social-life-2.myshopify.com","Big's Colorblast Tee","","Shirts > Short sleeve t-shirts","","Various"
"the-social-life-2.myshopify.com","G Big's Colorblast Tee","","Shirts > Short sleeve t-shirts","","Various"
"the-social-life-2.myshopify.com","Little's Colorblast Tee","","Shirts > Short sleeve t-shirts","","Various"
"the-social-life-2.myshopify.com","Big's ABC Tee","","Shirts > Short sleeve t-shirts","","Various"
"the-social-life-2.myshopify.com","G Big's ABC Tee","","Shirts > Short sleeve t-shirts","","Various"
"the-social-life-2.myshopify.com","Little's ABC Tee","","Shirts > Short sleeve t-shirts","","Various"
"the-social-life-2.myshopify.com","KSU Tube Tops","","Shirts > Tube tops","","Various"
"the-social-life-2.myshopify.com","test","","Promotional > Stickers","","Various"
"the-social-life-2.myshopify.com","Boulder Alumni Tailgate Shirts","","Shirts > Short sleeve t-shirts","","Various"
"the-social-life-2.myshopify.com","Interact Area 6 T-Shirt","","Shirts > Short sleeve t-shirts","","Various"
"the-social-life-2.myshopify.com","Little's Holographic Tee","","Shirts > Short sleeve t-shirts","","Various"
"the-social-life-2.myshopify.com","G Big's Holographic Tee","","Shirts > Short sleeve t-shirts","","Various"
"the-social-life-2.myshopify.com","Big's Holographic Tee","","Shirts > Short sleeve t-shirts","","Various"
"the-social-life-2.myshopify.com","Interact Area 1 Long Sleeve T-Shirt","","Shirts > Long sleeve t-shirts","","Various"
"the-social-life-2.myshopify.com","Interact Area 1 T-Shirt","","Shirts > Short sleeve t-shirts","","Various"
"the-social-life-2.myshopify.com","Interact Area 1 T-Shirt","","Shirts > Short sleeve t-shirts","","Various"
"the-social-life-2.myshopify.com","Interact Area 3 T-Shirt","","Shirts > Short sleeve t-shirts","","Various"
"the-social-life-2.myshopify.com","Ol' SC - Tube Top","","Shirts > Tube tops","","Various"
"the-social-life-2.myshopify.com","We Are - Cami Crop Top - Black","","Shirts > Crop tops","","Various"
"the-social-life-2.myshopify.com","We Are - Cami - White","","Shirts > Tank tops","","Various"
"the-social-life-2.myshopify.com","Interact Area 13 Short sleeve","","Shirts > Short sleeve t-shirts","","Various"
"the-social-life-2.myshopify.com","Interact Area 13 Long Sleeve","","Shirts > Long sleeve t-shirts","","Various"
"the-social-life-2.myshopify.com","Interact Area 4 T-Shirt","","Shirts > Short sleeve t-shirts","","Various"
"the-social-life-2.myshopify.com","Interact Area 4 Long Sleeve","","Shirts > Long sleeve t-shirts","","Various"
"the-social-life-2.myshopify.com","Interact Area 5 T-Shirt","","Shirts > Short sleeve t-shirts","","Various"
"the-social-life-2.myshopify.com","Interact Area 7 T-Shirt","","Shirts > Short sleeve t-shirts","","Various"
"the-social-life-2.myshopify.com","Interact Area 8 T-Shirt","","Shirts > Short sleeve t-shirts","","Various"
"the-social-life-2.myshopify.com","Interact Area 9 T-Shirt","","Shirts > Short sleeve t-shirts","","Various"
"the-social-life-2.myshopify.com","Interact Area 9 Long Sleeve","","Shirts > Long sleeve t-shirts","","Various"
"the-social-life-2.myshopify.com","Interact Area 10 T-Shirt","","Shirts > Short sleeve t-shirts","","Various"
"the-social-life-2.myshopify.com","Interact Area 11 T-Shirt","","Shirts > Short sleeve t-shirts","","Various"
"the-social-life-2.myshopify.com","Interact Area 11 Long Sleeve","","Shirts > Long sleeve t-shirts","","Various"
"the-social-life-2.myshopify.com","Interact Area 12 T-Shirt","","Shirts > Short sleeve t-shirts","","Various"
"the-social-life-2.myshopify.com","Interact Area 2 T-Shirt","","Shirts > Short sleeve t-shirts","","Various"
"the-social-life-2.myshopify.com","Big's Turnt Tee","","Shirts > Short sleeve t-shirts","","Various"
"the-social-life-2.myshopify.com","G Big's Turnt Tee","","Shirts > Short sleeve t-shirts","","Various"
"the-social-life-2.myshopify.com","Little's Turnt Tee","","Shirts > Short sleeve t-shirts","","Various"
"the-social-life-2.myshopify.com","Big's Darling Boyfriend Tee","","Shirts > Short sleeve t-shirts","","Various"
"the-social-life-2.myshopify.com","Little's Darling Boyfriend Tee","","Shirts > Short sleeve t-shirts","","Various"
"the-social-life-2.myshopify.com","Ken Test","","Shirts > Short sleeve t-shirts","","Various"
"the-social-life-2.myshopify.com","Big's Friends Tee","","Shirts > Short sleeve t-shirts","","Various"
"the-social-life-2.myshopify.com","Little's Friends Tee","","Shirts > Short sleeve t-shirts","","Various"
"the-social-life-2.myshopify.com","Big's Barbie Tee","","Shirts > Short sleeve t-shirts","","Various"
"the-social-life-2.myshopify.com","Little's Barbie Tee","","Shirts > Short sleeve t-shirts","","Various"
"the-social-life-2.myshopify.com","G Big's Barbie Tee","","Shirts > Short sleeve t-shirts","","Various"
"the-social-life-2.myshopify.com","Big's Houston Tee","","Shirts > Short sleeve t-shirts","","Various"
"the-social-life-2.myshopify.com","Little's Houston Tee","","Shirts > Short sleeve t-shirts","","Various"
"the-social-life-2.myshopify.com","G Big's Houston Tee","","Shirts > Short sleeve t-shirts","","Various"
"the-social-life-2.myshopify.com","Little's Talladega Tee","","Shirts > Short sleeve t-shirts","","Various"
"the-social-life-2.myshopify.com","Big's Talladega Tee","","Shirts > Short sleeve t-shirts","","Various"
"the-social-life-2.myshopify.com","G Big's Talladega Tee","","Shirts > Short sleeve t-shirts","","Various"
"the-social-life-2.myshopify.com","Big's Old English Tee","","Shirts > Short sleeve t-shirts","","Various"
"the-social-life-2.myshopify.com","Little's Old English Tee","","Shirts > Short sleeve t-shirts","","Various"
"the-social-life-2.myshopify.com","Go Cats Tanks and Tees","","Bundles > Apparel bundles","","Various"
"the-social-life-2.myshopify.com","Dad's Day Shirt","","Shirts > Short sleeve t-shirts","","Various"
"the-social-life-2.myshopify.com","Delta Strong Tank","","Shirts > Tank tops","","Various"
"the-social-life-2.myshopify.com","White Crewneck","","Sweatshirts > Crewneck sweatshirts","","Various"
"the-social-life-2.myshopify.com","OSU DC Beanie","","Headwear > Beanies","","Various"
"the-social-life-2.myshopify.com","Alpha Xi Red Hot Crew","","Sweatshirts > Crewneck sweatshirts","","Various"
"the-social-life-2.myshopify.com","SPEDC Tank","","Shirts > Tank tops","","Various"
"the-social-life-2.myshopify.com","SPEDC Crop","","Shirts > Crop tops","","Various"
"the-social-life-2.myshopify.com","Big's Jazzy Tee","","Shirts > Short sleeve t-shirts","","Various"
"the-social-life-2.myshopify.com","G Big's Jazzy Tee","","Shirts > Short sleeve t-shirts","","Various"
"the-social-life-2.myshopify.com","Little's Jazzy Tee","","Shirts > Short sleeve t-shirts","","Various"
"the-social-life-2.myshopify.com","Big's RetroSpeck Tee","","Shirts > Short sleeve t-shirts","","Various"
"the-social-life-2.myshopify.com","G Big's RetroSpeck Tee","","Shirts > Short sleeve t-shirts","","Various"
"the-social-life-2.myshopify.com","Little's RetroSpeck Tee","","Shirts > Short sleeve t-shirts","","Various"
"the-social-life-2.myshopify.com","Big's Elle Scoop Tee","","Shirts > Short sleeve t-shirts","","Various"
"the-social-life-2.myshopify.com","G Big's Elle Scoop Tee","","Shirts > Short sleeve t-shirts","","Various"
"the-social-life-2.myshopify.com","Little's Elle Scoop Tee","","Shirts > Short sleeve t-shirts","","Various"
"the-social-life-2.myshopify.com","Big's Marble Tank","","Shirts > Tank tops","","Various"
"the-social-life-2.myshopify.com","G Big's Marble Tank","","Shirts > Tank tops","","Various"
"the-social-life-2.myshopify.com","Little's Marble Tank","","Shirts > Tank tops","","Various"
"the-social-life-2.myshopify.com","Big's Cosmic Boyfriend Tee","","Shirts > Short sleeve t-shirts","","Various"
"the-social-life-2.myshopify.com","G Big's Cosmic Boyfriend Tee","","Shirts > Short sleeve t-shirts","","Various"
"the-social-life-2.myshopify.com","Little's Cosmic Boyfriend Tee","","Shirts > Short sleeve t-shirts","","Various"
"the-social-life-2.myshopify.com","North Carolina Homecoming Tees","","Shirts > Short sleeve t-shirts","","Various"
"the-social-life-2.myshopify.com","Get Spooky Tee","","Shirts > Short sleeve t-shirts","","Various"
"the-social-life-2.myshopify.com","Syracuse Alpha Gam Roses Crew","","Sweatshirts > Crewneck sweatshirts","","Various"
"the-social-life-2.myshopify.com","Boulder Homecoming Tee","","Shirts > Short sleeve t-shirts","","Various"
"the-social-life-2.myshopify.com","NAU ASPhi Puppy Bowl Shirt","","Shirts > Short sleeve t-shirts","","Various"
"the-social-life-2.myshopify.com","Oregon Kappa Dad's Day Apparel","","Shirts > Short sleeve t-shirts","","Various"
"the-social-life-2.myshopify.com","Kent State Chi Factor 2018 Shirts","","Shirts > Short sleeve t-shirts","","Various"
"the-social-life-2.myshopify.com","ASU - The Greatest Show Tees","","Shirts > Short sleeve t-shirts","","Various"
"the-social-life-2.myshopify.com","ADPI & Pike Exchange Tees","","Shirts > Short sleeve t-shirts","","Various"
"the-social-life-2.myshopify.com","UCLA PiPhi Overalls","","Apparel > Overalls","","Various"
"the-social-life-2.myshopify.com","Rounding Up The Phinest Tees","","Shirts > Short sleeve t-shirts","","Various"
"the-social-life-2.myshopify.com","Chapman DSP Tees","","Shirts > Short sleeve t-shirts","","Various"
"the-social-life-2.myshopify.com","SDSU Phi Delt Pref Tees","","Shirts > Short sleeve t-shirts","","Various"
"the-social-life-2.myshopify.com","Kentucky DSig Skeleton Tees","","Shirts > Short sleeve t-shirts","","Various"
"the-social-life-2.myshopify.com","UK KS Halloween Tees","","Shirts > Short sleeve t-shirts","","Various"
"the-social-life-2.myshopify.com","UNA Zeta Dad's Day Pocket Tees","","Shirts > Short sleeve t-shirts","","Various"
"the-social-life-2.myshopify.com","Long Beach Gameday Tops","","Shirts > Short sleeve t-shirts","","Various"
"the-social-life-2.myshopify.com","Chapman Alpha Gam Tank","","Shirts > Tank tops","","Various"
"the-social-life-2.myshopify.com","Chapman Alpha Gam Ringer","","Shirts > Short sleeve t-shirts","","Various"
"the-social-life-2.myshopify.com","UK DSP Champion Crewneck","","Sweatshirts > Crewneck sweatshirts","","Various"
"the-social-life-2.myshopify.com","Bad Santa Long Sleeves","","Shirts > Long sleeve t-shirts","","Various"
"the-social-life-2.myshopify.com","NAU ASPhi Formal Shirt","","Shirts > Short sleeve t-shirts","","Various"
"the-social-life-2.myshopify.com","UWisc PiPhi General Merch Crewneck","","Sweatshirts > Crewneck sweatshirts","","Various"
"the-social-life-2.myshopify.com","Bar Crawl Long Sleeve","","Shirts > Long sleeve t-shirts","","Various"
"the-social-life-2.myshopify.com","Holiday Date Party Crew Sweatshirts","","Sweatshirts > Crewneck sweatshirts","","Various"
"the-social-life-2.myshopify.com","OSU Buckeython Shirt","","Shirts > Short sleeve t-shirts","","Various"
"the-social-life-2.myshopify.com","Alpha Kappa Phi PR Sweatshirts","","Sweatshirts > Crewneck sweatshirts","","Various"
"the-social-life-2.myshopify.com","Chi Psi Rush Pocket Tee","","Shirts > Short sleeve t-shirts","","Various"
"the-social-life-2.myshopify.com","*Silky Robes","","Loungewear > Bath robes","","Various"
"the-social-life-2.myshopify.com","*Denim Jackets","","Outerwear > Jackets","","Various"
"the-social-life-2.myshopify.com","Big's Rosie Tee","","Shirts > Short sleeve t-shirts","","Various"
"the-social-life-2.myshopify.com","Little's Rosie Tee","","Shirts > Short sleeve t-shirts","","Various"
"the-social-life-2.myshopify.com","G Big's Rosie Tee","","Shirts > Short sleeve t-shirts","","Various"
"the-social-life-2.myshopify.com","Love is Love Cosmetic Bag","","Bags > Cosmetic bags","","Various"
"the-social-life-2.myshopify.com","Big's Melting Tee","","Shirts > Short sleeve t-shirts","","Various"
"the-social-life-2.myshopify.com","G Big's Melting Tee","","Shirts > Short sleeve t-shirts","","Various"
"the-social-life-2.myshopify.com","Little's Melting Tee","","Shirts > Short sleeve t-shirts","","Various"
"the-social-life-2.myshopify.com","Big's Splash Tee","","Shirts > Short sleeve t-shirts","","Various"
"the-social-life-2.myshopify.com","Little's Splash Tee","","Shirts > Short sleeve t-shirts","","Various"
"the-social-life-2.myshopify.com","G Big's Splash Tee","","Shirts > Short sleeve t-shirts","","Various"
"the-social-life-2.myshopify.com","Big's Vinyl Tee","","Shirts > Short sleeve t-shirts","","Various"
"the-social-life-2.myshopify.com","G Big's Vinyl Tee","","Shirts > Short sleeve t-shirts","","Various"
"the-social-life-2.myshopify.com","Little's Vinyl Tee","","Shirts > Short sleeve t-shirts","","Various"
"the-social-life-2.myshopify.com","Little's Euphoria Tee","","Shirts > Short sleeve t-shirts","","Various"
"the-social-life-2.myshopify.com","Big's Euphoria Tee","","Shirts > Short sleeve t-shirts","","Various"
"the-social-life-2.myshopify.com","G Big's Euphoria Tee","","Shirts > Short sleeve t-shirts","","Various"
"the-social-life-2.myshopify.com","Big's Red Hot Tee","","Shirts > Short sleeve t-shirts","","Various"
"the-social-life-2.myshopify.com","G Big's Red Hot Tee","","Shirts > Short sleeve t-shirts","","Various"
"the-social-life-2.myshopify.com","Little's Red Hot Tee","","Shirts > Short sleeve t-shirts","","Various"
"the-social-life-2.myshopify.com","Big's ""My Lil Hood"" Tee","","Shirts > Short sleeve t-shirts","","Various"
"the-social-life-2.myshopify.com","Little's ""My Big Bad"" Tee","","Shirts > Short sleeve t-shirts","","Various"
"the-social-life-2.myshopify.com","Big's Retrograde Tee","","Shirts > Short sleeve t-shirts","","Various"
"the-social-life-2.myshopify.com","G Big's Retrograde Tee","","Shirts > Short sleeve t-shirts","","Various"
"the-social-life-2.myshopify.com","Little's Retrograde Tee","","Shirts > Short sleeve t-shirts","","Various"
"the-social-life-2.myshopify.com","Big's Martian Long Sleeve","","Shirts > Long sleeve t-shirts","","Various"
"the-social-life-2.myshopify.com","G Big's Martian Long Sleeve","","Shirts > Long sleeve t-shirts","","Various"
"the-social-life-2.myshopify.com","Little's Martian Long Sleeve","","Shirts > Long sleeve t-shirts","","Various"
"the-social-life-2.myshopify.com","Big's Yin Yang Ringer Tee","","Shirts > Short sleeve t-shirts","","Various"
"the-social-life-2.myshopify.com","G Big's Yin Yang Ringer Tee","","Shirts > Short sleeve t-shirts","","Various"
"the-social-life-2.myshopify.com","Little's Yin Yang Ringer Tee","","Shirts > Short sleeve t-shirts","","Various"
"the-social-life-2.myshopify.com","Big's Area 51 Tee","","Shirts > Short sleeve t-shirts","","Various"
"the-social-life-2.myshopify.com","G Big's Area 51 Tee","","Shirts > Short sleeve t-shirts","","Various"
"the-social-life-2.myshopify.com","Little's Area 51 Tee","","Shirts > Short sleeve t-shirts","","Various"
"the-social-life-2.myshopify.com","Big's Baby Script Tee","","Shirts > Short sleeve t-shirts","","Various"
"the-social-life-2.myshopify.com","Gbig's Baby Script Tee","","Shirts > Short sleeve t-shirts","","Various"
"the-social-life-2.myshopify.com","Little's Baby Script Tee","","Shirts > Short sleeve t-shirts","","Various"
"the-social-life-2.myshopify.com","Big's Star Raglan Crewneck","","Sweatshirts > Crewneck sweatshirts","","Various"
"the-social-life-2.myshopify.com","G Big's Star Raglan Crewneck","","Sweatshirts > Crewneck sweatshirts","","Various"
"the-social-life-2.myshopify.com","Little's Star Raglan Crewneck","","Sweatshirts > Crewneck sweatshirts","","Various"
"the-social-life-2.myshopify.com","Big's Euro Tee","","Shirts > Short sleeve t-shirts","","Various"
"the-social-life-2.myshopify.com","G Big's Euro Tee","","Shirts > Short sleeve t-shirts","","Various"
"the-social-life-2.myshopify.com","Little's Euro Tee","","Shirts > Short sleeve t-shirts","","Various"
"the-social-life-2.myshopify.com","Big's Vogue Crewneck","","Sweatshirts > Crewneck sweatshirts","","Various"
"the-social-life-2.myshopify.com","G Big's Vogue Crewneck","","Sweatshirts > Crewneck sweatshirts","","Various"
"the-social-life-2.myshopify.com","Little's Vogue Crewneck","","Sweatshirts > Crewneck sweatshirts","","Various"
"the-social-life-2.myshopify.com","*Tie Dye Corded Crewneck","","Sweatshirts > Crewneck sweatshirts","","Various"
"the-social-life-2.myshopify.com","Big's Famous Tee","","Shirts > Short sleeve t-shirts","","Various"
"the-social-life-2.myshopify.com","G Big's Famous Tee","","Shirts > Short sleeve t-shirts","","Various"
"the-social-life-2.myshopify.com","Little's Famous Tee","","Shirts > Short sleeve t-shirts","","Various"
"the-social-life-2.myshopify.com","G Big's Stamp Long Sleeve","","Shirts > Long sleeve t-shirts","","Various"
"the-social-life-2.myshopify.com","Little's Stamp Long Sleeve","","Shirts > Long sleeve t-shirts","","Various"
"the-social-life-2.myshopify.com","Big's Stamp Long Sleeve","","Shirts > Long sleeve t-shirts","","Various"
"the-social-life-2.myshopify.com","Big's Leopard Tee","","Shirts > Short sleeve t-shirts","","Various"
"the-social-life-2.myshopify.com","G Big's Leopard Tee","","Shirts > Short sleeve t-shirts","","Various"
"the-social-life-2.myshopify.com","Little's Leopard Tee","","Shirts > Short sleeve t-shirts","","Various"
"the-social-life-2.myshopify.com","Big's Python Tee","","Shirts > Short sleeve t-shirts","","Various"
"the-social-life-2.myshopify.com","Little's Python Tee","","Shirts > Short sleeve t-shirts","","Various"
"the-social-life-2.myshopify.com","Big's Cherub Tee","","Shirts > Short sleeve t-shirts","","Various"
"the-social-life-2.myshopify.com","G Big's Cherub Tee","","Shirts > Short sleeve t-shirts","","Various"
"the-social-life-2.myshopify.com","Little's Cherub Tee","","Shirts > Short sleeve t-shirts","","Various"
"the-social-life-2.myshopify.com","Big's Blocked Crewneck","","Sweatshirts > Crewneck sweatshirts","","Various"
"the-social-life-2.myshopify.com","G Big's Blocked Crewneck","","Sweatshirts > Crewneck sweatshirts","","Various"
"the-social-life-2.myshopify.com","Little's Blocked Crewneck","","Sweatshirts > Crewneck sweatshirts","","Various"
"the-social-life-2.myshopify.com","Big's Lovely Tee","","Shirts > Short sleeve t-shirts","","Various"
"the-social-life-2.myshopify.com","G Big's Lovely Tee","","Shirts > Short sleeve t-shirts","","Various"
"the-social-life-2.myshopify.com","Little's Lovely Tee","","Shirts > Short sleeve t-shirts","","Various"
"the-social-life-2.myshopify.com","Big's Cherry Crewneck","","Sweatshirts > Crewneck sweatshirts","","Various"
"the-social-life-2.myshopify.com","G Big's Cherry Crewneck","","Sweatshirts > Crewneck sweatshirts","","Various"
"the-social-life-2.myshopify.com","Little's Cherry Crewneck","","Sweatshirts > Crewneck sweatshirts","","Various"
"the-social-life-2.myshopify.com","Big's Script Sherbet Scoop Tee","","Shirts > Short sleeve t-shirts","","Various"
"the-social-life-2.myshopify.com","G Big's Script Sherbet Scoop Tee","","Shirts > Short sleeve t-shirts","","Various"
"the-social-life-2.myshopify.com","Little's Script Sherbet Scoop Tee","","Shirts > Short sleeve t-shirts","","Various"
"the-social-life-2.myshopify.com","Big's Happy Tee","","Shirts > Short sleeve t-shirts","","Various"
"the-social-life-2.myshopify.com","G Big's Happy Tee","","Shirts > Short sleeve t-shirts","","Various"
"the-social-life-2.myshopify.com","Little's Happy Tee","","Shirts > Short sleeve t-shirts","","Various"
"the-social-life-2.myshopify.com","Big's Wavy Tee","","Shirts > Short sleeve t-shirts","","Various"
"the-social-life-2.myshopify.com","G Big's Wavy Tee","","Shirts > Short sleeve t-shirts","","Various"
"the-social-life-2.myshopify.com","Little's Wavy Tee","","Shirts > Short sleeve t-shirts","","Various"
"the-social-life-2.myshopify.com","*Tie Dye Pullover Hoodie","","Sweatshirts > Hooded sweatshirts","","Various"
"the-social-life-2.myshopify.com","Face Mask (Anti-Microbial)","","Apparel > Face masks","","Various"
"the-social-life-2.myshopify.com","Tie Dye Spiral Face Mask (Anti-Microbial)","","Apparel > Face masks","","Various"
"the-social-life-2.myshopify.com","Tie Dye Purple Face Mask (Anti-Microbial)","","Apparel > Face masks","","Various"
"the-social-life-2.myshopify.com","Tie Dye Pink Face Mask (Anti-Microbial)","","Apparel > Face masks","","Various"
"the-social-life-2.myshopify.com","Tie Dye Candy Face Mask (Anti-Microbial)","","Apparel > Face masks","","Various"
"the-social-life-2.myshopify.com","Tie Dye Blue Face Mask (Anti-Microbial)","","Apparel > Face masks","","Various"
"the-social-life-2.myshopify.com","Splatter White Face Mask (Anti-Microbial)","","Apparel > Face masks","","Various"
"the-social-life-2.myshopify.com","Splatter Mint Face Mask (Anti-Microbial)","","Apparel > Face masks","","Various"
"the-social-life-2.myshopify.com","Radical Face Mask (Anti-Microbial)","","Apparel > Face masks","","Various"
"the-social-life-2.myshopify.com","Palms Face Mask (Anti-Microbial)","","Apparel > Face masks","","Various"
"the-social-life-2.myshopify.com","Marble Face Mask (Anti-Microbial)","","Apparel > Face masks","","Various"
"the-social-life-2.myshopify.com","Leopard Face Mask (Anti-Microbial)","","Apparel > Face masks","","Various"
"the-social-life-2.myshopify.com","Holo Face Mask (Anti-Microbial)","","Apparel > Face masks","","Various"
"the-social-life-2.myshopify.com","Hibiscus Face Mask (Anti-Microbial)","","Apparel > Face masks","","Various"
"the-social-life-2.myshopify.com","Happy Face Mask (Anti-Microbial)","","Apparel > Face masks","","Various"
"the-social-life-2.myshopify.com","Checkered Rainbow Face Mask (Anti-Microbial)","","Apparel > Face masks","","Various"
"the-social-life-2.myshopify.com","Checkered Face Mask (Anti-Microbial)","","Apparel > Face masks","","Various"
"the-social-life-2.myshopify.com","Camo White Face Mask (Anti-Microbial)","","Apparel > Face masks","","Various"
"the-social-life-2.myshopify.com","Camo Grey Face Mask (Anti-Microbial)","","Apparel > Face masks","","Various"
"the-social-life-2.myshopify.com","Camo Black Face Mask (Anti-Microbial)","","Apparel > Face masks","","Various"
"the-social-life-2.myshopify.com","Camo Face Mask (Anti-Microbial)","","Apparel > Face masks","","Various"
"the-social-life-2.myshopify.com","Lightning Face Mask (Anti-Microbial)","","Apparel > Face masks","","Various"
"the-social-life-2.myshopify.com","Socks","","Apparel > Socks","","Various"
"the-social-life-2.myshopify.com","Strength In Sisters Tee","","Shirts > Short sleeve t-shirts","","Various"
"the-social-life-2.myshopify.com","heysummerland Sunshine Tee","","Shirts > Short sleeve t-shirts","","Various"
"the-social-life-2.myshopify.com","Wellspace Pineapple Tee","","Shirts > Short sleeve t-shirts","","Various"
"the-social-life-2.myshopify.com","Immunity Co Tee","","Shirts > Short sleeve t-shirts","","Various"
"the-social-life-2.myshopify.com","Community Member Tee","","Shirts > Short sleeve t-shirts","","Various"
"the-social-life-2.myshopify.com","Ethr Sacred Geo Tee","","Shirts > Short sleeve t-shirts","","Various"
"the-social-life-2.myshopify.com","Black Lives Matter Tee","","Shirts > Short sleeve t-shirts","","Various"
"the-social-life-2.myshopify.com","BLM Girl Squad Tee","","Shirts > Short sleeve t-shirts","","Various"
"the-social-life-2.myshopify.com","BLM Stacked Tee","","Shirts > Short sleeve t-shirts","","Various"
"the-social-life-2.myshopify.com","BLM Script Tee","","Shirts > Short sleeve t-shirts","","Various"
"the-social-life-2.myshopify.com","BLM Sticker Pack","","Promotional > Stickers","","Various"
"the-social-life-2.myshopify.com","Cosmic Clear Pouch","","Bags > Utility pouches","","Various"
"the-social-life-2.myshopify.com","Little's Holographic Velvet Tee","","Shirts > Short sleeve t-shirts","","Various"
"the-social-life-2.myshopify.com","G Big's Holographic Velvet Tee","","Shirts > Short sleeve t-shirts","","Various"
"the-social-life-2.myshopify.com","Big's Holographic Velvet Tee","","Shirts > Short sleeve t-shirts","","Various"
"the-social-life-2.myshopify.com","Big's Cattle Tee","","Shirts > Short sleeve t-shirts","","Various"
"the-social-life-2.myshopify.com","G Big's Cattle Tee","","Shirts > Short sleeve t-shirts","","Various"
"the-social-life-2.myshopify.com","Little's Cattle Tee","","Shirts > Short sleeve t-shirts","","Various"
"the-social-life-2.myshopify.com","Big's Diva Tee","","Shirts > Short sleeve t-shirts","","Various"
"the-social-life-2.myshopify.com","G Big's Diva Tee","","Shirts > Short sleeve t-shirts","","Various"
"the-social-life-2.myshopify.com","Little's Diva Tee","","Shirts > Short sleeve t-shirts","","Various"
"the-social-life-2.myshopify.com","Big's Super Sister Tee","","Shirts > Short sleeve t-shirts","","Various"
"the-social-life-2.myshopify.com","G Big's Super Sister Tee","","Shirts > Short sleeve t-shirts","","Various"
"the-social-life-2.myshopify.com","Little's Super Sister Tee","","Shirts > Short sleeve t-shirts","","Various"
"the-social-life-2.myshopify.com","Big's Shooting Star Tee","","Shirts > Short sleeve t-shirts","","Various"
"the-social-life-2.myshopify.com","G Big's Shooting Star Tee","","Shirts > Short sleeve t-shirts","","Various"
"the-social-life-2.myshopify.com","Little's Shooting Star Tee","","Shirts > Short sleeve t-shirts","","Various"
"the-social-life-2.myshopify.com","Big's Angel Tee","","Shirts > Short sleeve t-shirts","","Various"
"the-social-life-2.myshopify.com","G Big's Angel Tee","","Shirts > Short sleeve t-shirts","","Various"
"the-social-life-2.myshopify.com","Little's Angel Tee","","Shirts > Short sleeve t-shirts","","Various"
"the-social-life-2.myshopify.com","Big's Spin Tee","","Shirts > Short sleeve t-shirts","","Various"
"the-social-life-2.myshopify.com","G Big's Spin Tee","","Shirts > Short sleeve t-shirts","","Various"
"the-social-life-2.myshopify.com","Little's Spin Tee","","Shirts > Short sleeve t-shirts","","Various"
"the-social-life-2.myshopify.com","Big's Flipped Tee","","Shirts > Short sleeve t-shirts","","Various"
"the-social-life-2.myshopify.com","G Big's Flipped Tee","","Shirts > Short sleeve t-shirts","","Various"
"the-social-life-2.myshopify.com","Little's Flipped Tee","","Shirts > Short sleeve t-shirts","","Various"
"the-social-life-2.myshopify.com","Big's Pastel Tee","","Shirts > Short sleeve t-shirts","","Various"
"the-social-life-2.myshopify.com","G Big's Pastel Tee","","Shirts > Short sleeve t-shirts","","Various"
"the-social-life-2.myshopify.com","Little's Pastel Tee","","Shirts > Short sleeve t-shirts","","Various"
"the-social-life-2.myshopify.com","TAPL-PurpleWashButterflyAEPhi-NA","","Shirts > Short sleeve t-shirts","","Various"
"the-social-life-2.myshopify.com","TAPL-PurpleWashButterflyAGD-NA","","Shirts > Short sleeve t-shirts","","Various"
"the-social-life-2.myshopify.com","TAPL-PurpleWashButterflyAOII-NA","","Shirts > Short sleeve t-shirts","","Various"
"the-social-life-2.myshopify.com","TAPL-PurpleWashButterflyAPHI-NA","","Shirts > Short sleeve t-shirts","","Various"
"the-social-life-2.myshopify.com","TAPL-PurpleWashButterflyAXiD-NA","","Shirts > Short sleeve t-shirts","","Various"
"the-social-life-2.myshopify.com","TAPL-PurpleWashButterflyAXO-NA","","Shirts > Short sleeve t-shirts","","Various"
"the-social-life-2.myshopify.com","TAPL-PurpleWashButterflyCHIO-NA","","Shirts > Short sleeve t-shirts","","Various"
"the-social-life-2.myshopify.com","TAPL-PurpleWashButterflyDDD-NA","","Shirts > Short sleeve t-shirts","","Various"
"the-social-life-2.myshopify.com","TAPL-PurpleWashButterflyDG-NA","","Shirts > Short sleeve t-shirts","","Various"
"the-social-life-2.myshopify.com","TAPL-PurpleWashButterflyDZ-NA","","Shirts > Short sleeve t-shirts","","Various"
"the-social-life-2.myshopify.com","TAPL-PurpleWashButterflyGPHI-NA","","Household items > Tapestries","","Various"
"the-social-life-2.myshopify.com","TAPL-PurpleWashButterflyKAO-NA","","Household items > Tapestries","","Various"
"the-social-life-2.myshopify.com","TAPL-PurpleWashButterflyKD-NA","","Household items > Tapestries","","Various"
"the-social-life-2.myshopify.com","TAPL-PurpleWashButterflyKKG-NA","","Household items > Tapestries","","Various"
"the-social-life-2.myshopify.com","TAPL-PurpleWashButterflyPM-NA","","Household items > Tapestries","","Various"
"the-social-life-2.myshopify.com","TAPL-PurpleWashButterflyPIPHI-NA","","Household items > Tapestries","","Various"
"the-social-life-2.myshopify.com","TAPL-PurpleWashButterflySDT-NA","","Household items > Tapestries","","Various"
"the-social-life-2.myshopify.com","TAPL-PurpleWashButterflySK-NA","","Household items > Tapestries","","Various"
"the-social-life-2.myshopify.com","TAPL-PurpleWashButterflyZTA-NA","","Household items > Tapestries","","Various"
"the-social-life-2.myshopify.com","Butterfly Legacy Joggers","","Pants > Sweatpants","","Various"
"the-social-life-2.myshopify.com","No Worries Tee","","Shirts > Short sleeve t-shirts","","Various"
"the-social-life-2.myshopify.com","Big Accessories Dad Cap","","Headwear > Billed hats","","Various"
"the-social-life-2.myshopify.com","Gildan Crewneck Sweatshirt","","Sweatshirts > Crewneck sweatshirts","","Various"
"the-social-life-2.myshopify.com","Happy Test Fuel","","Shirts > Short sleeve t-shirts","","Various"
"the-social-life-2.myshopify.com","Yupoong Dad Cap","","Headwear > Billed hats","","Various"
"the-social-life-2.myshopify.com","Yupoong Dad Cap - World Tour","","Headwear > Billed hats","","Various"
"the-social-life-2.myshopify.com","Yupoong Dad Cap","","Headwear > Billed hats","","Various"
"the-social-life-2.myshopify.com","Big's Bolt Tee","","Shirts > Short sleeve t-shirts","","Various"
"the-social-life-2.myshopify.com","G Big's Vibes Tee","","Shirts > Short sleeve t-shirts","","Various"
"the-social-life-2.myshopify.com","Little's Vibes Tee","","Shirts > Short sleeve t-shirts","","Various"
"the-social-life-2.myshopify.com","Big's Vibes Tee","","Shirts > Short sleeve t-shirts","","Various"
"the-social-life-2.myshopify.com","G Big's Rock Tour Tee","","Shirts > Short sleeve t-shirts","","Various"
"the-social-life-2.myshopify.com","Little's Rock Tour Tee","","Shirts > Short sleeve t-shirts","","Various"
"the-social-life-2.myshopify.com","Big's Rock Tour Tee","","Shirts > Short sleeve t-shirts","","Various"
"the-social-life-2.myshopify.com","G Big's Bolt Tee","","Shirts > Short sleeve t-shirts","","Various"
"the-social-life-2.myshopify.com","Little's Bolt Tee","","Shirts > Short sleeve t-shirts","","Various"
"the-social-life-2.myshopify.com","Big's Hippie Tee","","Shirts > Short sleeve t-shirts","","Various"
"the-social-life-2.myshopify.com","G Big's Hippie Tee","","Shirts > Short sleeve t-shirts","","Various"
"the-social-life-2.myshopify.com","Little's Hippie Tee","","Shirts > Short sleeve t-shirts","","Various"
"the-social-life-2.myshopify.com","Big's Athletic Tee","","Shirts > Short sleeve t-shirts","","Various"
"the-social-life-2.myshopify.com","G Big's Athletic Tee","","Shirts > Short sleeve t-shirts","","Various"
"the-social-life-2.myshopify.com","Little's Athletic Tee","","Shirts > Short sleeve t-shirts","","Various"
"the-social-life-2.myshopify.com","G Big's Rodeo Tee","","Shirts > Short sleeve t-shirts","","Various"
"the-social-life-2.myshopify.com","Big's Stay Wild Tee","","Shirts > Short sleeve t-shirts","","Various"
"the-social-life-2.myshopify.com","Little's Stay Wild Tee","","Shirts > Short sleeve t-shirts","","Various"
"the-social-life-2.myshopify.com","G Big's Stay Wild Tee","","Shirts > Short sleeve t-shirts","","Various"
"the-social-life-2.myshopify.com","G Big's Pizza Slice Tee","","Shirts > Short sleeve t-shirts","","Various"
"the-social-life-2.myshopify.com","Big's Cowgirl Tee","","Shirts > Short sleeve t-shirts","","Various"
"the-social-life-2.myshopify.com","Little's Cowgirl Tee","","Shirts > Short sleeve t-shirts","","Various"
"the-social-life-2.myshopify.com","G Big's Cowgirl Tee","","Shirts > Short sleeve t-shirts","","Various"
"the-social-life-2.myshopify.com","Big's Illusion Tee","","Shirts > Short sleeve t-shirts","","Various"
"the-social-life-2.myshopify.com","Little's Illusion Tee","","Shirts > Short sleeve t-shirts","","Various"
"the-social-life-2.myshopify.com","G Big's Illusion Tee","","Shirts > Short sleeve t-shirts","","Various"
"the-social-life-2.myshopify.com","Big's Rodeo Tee","","Shirts > Short sleeve t-shirts","","Various"
"the-social-life-2.myshopify.com","Little's Rodeo Tee","","Shirts > Short sleeve t-shirts","","Various"
"the-social-life-2.myshopify.com","Big's Twin Flame Tee","","Shirts > Short sleeve t-shirts","","Various"
"the-social-life-2.myshopify.com","Little's Twin Flame Tee","","Shirts > Short sleeve t-shirts","","Various"
"the-social-life-2.myshopify.com","G Big's Twin Flame Tee","","Shirts > Short sleeve t-shirts","","Various"
"the-social-life-2.myshopify.com","Big's XOXO Tee","","Shirts > Short sleeve t-shirts","","Various"
"the-social-life-2.myshopify.com","Little's XOXO Tee","","Shirts > Short sleeve t-shirts","","Various"
"the-social-life-2.myshopify.com","G Big's XOXO Tee","","Shirts > Short sleeve t-shirts","","Various"
"the-social-life-2.myshopify.com","Big's Pizza Slice Tee","","Shirts > Short sleeve t-shirts","","Various"
"the-social-life-2.myshopify.com","Little's Pizza Slice Tee","","Shirts > Short sleeve t-shirts","","Various"
"the-social-life-2.myshopify.com","Big's Angelic Tee","","Shirts > Short sleeve t-shirts","","Various"
"the-social-life-2.myshopify.com","G Big's Angelic Tee","","Shirts > Short sleeve t-shirts","","Various"
"the-social-life-2.myshopify.com","Little's Angelic Tee","","Shirts > Short sleeve t-shirts","","Various"
"the-social-life-2.myshopify.com","TSL Beanie","","Headwear > Beanies","","Various"
"the-social-life-2.myshopify.com","TSL Beanie","","Headwear > Beanies","","Various"
"the-social-life-2.myshopify.com","TSL 2 Beanie","","Headwear > Beanies","","Various"
"the-social-life-2.myshopify.com","Sunburst Canvas Promo Tote - SAMPLE","","Bags > Tote bags","","Various"
"the-social-life-2.myshopify.com","Vogue Tote - SAMPLE","","Bags > Tote bags","","Various"
"the-social-life-2.myshopify.com","The Social Life Tote","","Bags > Tote bags","","Various"
"the-social-life-2.myshopify.com","Letters Beanie","","Headwear > Beanies","","Various"
"the-social-life-2.myshopify.com","Rowing Letters SAMPLE Hoodie","","Sweatshirts > Hooded sweatshirts","","Various"
"the-social-life-2.myshopify.com","Carolina Lines Crewneck Sweatshirt","","Sweatshirts > Crewneck sweatshirts","","Various"
"the-social-life-2.myshopify.com","Bubbly Crewneck Sweatshirt","","Sweatshirts > Crewneck sweatshirts","","Various"
"the-social-life-2.myshopify.com","Established Dad Hat","","Headwear > Billed hats","","Various"
"the-social-life-2.myshopify.com","Rowing Teee","","Shirts > Short sleeve t-shirts","","Various"
"the-social-life-2.myshopify.com","Period Dad Hat","","Headwear > Billed hats","","Various"
"the-social-life-2.myshopify.com","Divine Crewneck Sweatshirt","","Sweatshirts > Crewneck sweatshirts","","Various"
"the-social-life-2.myshopify.com","Wavy Beanie","","Headwear > Beanies","","Various"
"the-social-life-2.myshopify.com","Period Hoodie","","Sweatshirts > Hooded sweatshirts","","Various"
"the-social-life-2.myshopify.com","Skrappa Neon Rowing Hoodie","","Sweatshirts > Hooded sweatshirts","","Various"
"the-social-life-2.myshopify.com","Greek Club Dad Hat","","Headwear > Billed hats","","Various"
"the-social-life-2.myshopify.com","Checker Smile Tee","","Shirts > Short sleeve t-shirts","","Various"
"the-social-life-2.myshopify.com","Greek Club Crewneck","","Sweatshirts > Crewneck sweatshirts","","Various"
"the-social-life-2.myshopify.com","The Social Life Gift Card","","Paper/print goods > Plastic cards","","Various"
